login,status,country,classifier_score,pre_commits,post_commits,timestamp
kishoryd,scored,IN,0.0292,31,7,2026-04-02T01:35:52.241651
danula-rathnayaka,skipped,LK,,0,26,2026-04-02T01:36:03.644812
lutfiandri,scored,ID,0.0459,63,19,2026-04-02T01:36:11.856405
SpotlightKid,skipped,DE,,0,0,2026-04-02T01:36:14.924063
R1D1CUL0US,error,BE,,,,2026-04-02T01:36:15.792032
Horus031,skipped,VN,,0,30,2026-04-02T01:36:27.574460
ahmedmostafa8701,skipped,EG,,10,0,2026-04-02T01:36:38.931906
MichaelSalata,skipped,US,,0,0,2026-04-02T01:36:46.696296
kiamatt,skipped,US,,0,0,2026-04-02T01:36:58.013194
SrSeptimo,skipped,ES,,0,9,2026-04-02T01:37:01.170867
dcollie2,skipped,US,,0,0,2026-04-02T01:37:02.202505
the0therguy,skipped,BD,,5,0,2026-04-02T01:37:11.690820
GNoverHir,skipped,BR,,0,77,2026-04-02T01:37:23.377535
ThinhPhoenix,scored,VN,0.0465,61,39,2026-04-02T01:37:31.395386
notastay,skipped,ES,,0,24,2026-04-02T01:37:40.613844
wms2537,skipped,MY,,0,0,2026-04-02T01:37:45.862691
Benson-Kim,skipped,KE,,0,0,2026-04-02T01:37:58.040367
jittarao,skipped,IN,,0,0,2026-04-02T01:38:01.020918
codecalm,skipped,PL,,0,0,2026-04-02T01:38:12.316317
yoratoni,scored,FR,0.0443,68,7,2026-04-02T01:38:18.044532
ghall89,skipped,US,,0,0,2026-04-02T01:38:30.088963
mcucchi9,skipped,IT,,6,0,2026-04-02T01:38:33.372869
RobinMalfait,skipped,BE,,0,0,2026-04-02T01:38:41.768651
programmer-zheng,scored,CN,0.038,90,10,2026-04-02T01:38:45.235988
siddhantphy,skipped,NL,,59,1,2026-04-02T01:38:54.500091
galderz,skipped,CH,,0,0,2026-04-02T01:39:05.608961
nrsegovia,skipped,KR,,3,8,2026-04-02T01:39:12.958422
WINODH-PRASANNA,skipped,LK,,0,100,2026-04-02T01:39:17.200235
Shuai-Xin,skipped,TW,,0,0,2026-04-02T01:39:28.584317
VenusGirl,skipped,KR,,0,0,2026-04-02T01:39:29.877062
robolyst,scored,GB,0.0378,17,32,2026-04-02T01:39:41.506864
dup2,skipped,CH,,0,0,2026-04-02T01:39:42.523945
ImperiAmic,skipped,ES,,0,38,2026-04-02T01:39:53.820351
NeonTowel,skipped,FI,,0,0,2026-04-02T01:40:04.642102
wesleywmg2609,error,MY,,,,2026-04-02T01:40:05.522964
QweRezOn,skipped,RU,,0,0,2026-04-02T01:40:06.576950
HatimMaterwala,skipped,CA,,0,23,2026-04-02T01:40:17.929124
jesus2099,skipped,FR,,0,100,2026-04-02T01:40:23.097798
Alaleh,skipped,US,,0,62,2026-04-02T01:40:33.004491
jbw9964,skipped,KR,,79,1,2026-04-02T01:40:44.785145
manas-techie,skipped,IN,,0,73,2026-04-02T01:40:57.286070
salvadordf,skipped,ES,,0,100,2026-04-02T01:41:01.523732
Jaime-alv,skipped,ES,,4,1,2026-04-02T01:41:12.466753
honsontran,skipped,US,,0,0,2026-04-02T01:41:23.847571
ivanwilliammd,skipped,ID,,0,0,2026-04-02T01:41:35.350347
villivald,skipped,FI,,0,0,2026-04-02T01:41:47.911788
dondaha,skipped,CN,,21,0,2026-04-02T01:41:57.383473
KUMARANKIT3012,skipped,IN,,0,100,2026-04-02T01:42:08.834694
TimKnight-DWP,skipped,GB,,0,0,2026-04-02T01:42:09.865038
Adprivat,skipped,DE,,0,74,2026-04-02T01:42:22.117859
arturdamiao,skipped,BR,,0,36,2026-04-02T01:42:33.477352
Jipolie01,skipped,NL,,0,0,2026-04-02T01:42:42.528796
kayinsg,skipped,CA,,0,100,2026-04-02T01:42:48.268887
gcohler,skipped,US,,0,0,2026-04-02T01:42:54.221762
Gokulprakash2005,skipped,IN,,0,18,2026-04-02T01:43:05.120985
tomodwyer,skipped,GB,,0,0,2026-04-02T01:43:15.864051
ChipzCiptadi,skipped,ID,,0,0,2026-04-02T01:43:27.231234
kevmoo,skipped,US,,0,0,2026-04-02T01:43:35.121955
vjloable,skipped,PH,,0,0,2026-04-02T01:43:40.906891
austinorth,scored,US,0.2121,17,35,2026-04-02T01:43:51.376813
HamdiHarahap,skipped,ID,,0,100,2026-04-02T01:44:01.215272
jmacdotorg,skipped,US,,0,0,2026-04-02T01:44:02.278468
braddialpad,error,CA,,,,2026-04-02T01:44:03.143303
AnusreeRoy,skipped,BD,,37,0,2026-04-02T01:44:13.259961
Adib227,skipped,BD,,0,18,2026-04-02T01:44:24.227428
mikoto2000,skipped,JP,,0,0,2026-04-02T01:44:33.476092
noxbondy,skipped,SE,,0,20,2026-04-02T01:44:44.649281
wangshunnn,scored,CN,0.0655,20,80,2026-04-02T01:44:51.143752
astaykov,skipped,DE,,0,0,2026-04-02T01:44:58.135913
VincentGranville,skipped,US,,99,1,2026-04-02T01:45:04.285247
farhanhubble,skipped,AU,,0,0,2026-04-02T01:45:11.262492
ITBeesPL,skipped,PL,,0,0,2026-04-02T01:45:22.131811
cassirambd,skipped,AR,,23,2,2026-04-02T01:45:27.596741
brainiac,skipped,US,,0,0,2026-04-02T01:45:31.191010
pubkey,skipped,DE,,2,3,2026-04-02T01:45:41.275583
AxelSorensen,skipped,DK,,30,0,2026-04-02T01:45:52.684002
sun-yuliang,skipped,CN,,5,0,2026-04-02T01:46:02.036999
2mightyMt,skipped,KR,,0,76,2026-04-02T01:46:15.377188
System-Glitch,skipped,FR,,0,0,2026-04-02T01:46:25.453560
vinaySankar2004,skipped,CA,,2,15,2026-04-02T01:46:35.087675
jainankit,skipped,US,,0,0,2026-04-02T01:46:38.116476
YusufOzmen01,skipped,TR,,46,3,2026-04-02T01:46:50.059635
EhrmannS,skipped,DE,,0,0,2026-04-02T01:46:56.814344
debug-bot,skipped,NL,,0,0,2026-04-02T01:47:08.448129
sho11decade,skipped,JP,,4,85,2026-04-02T01:47:19.928079
nassimlnd,skipped,FR,,14,0,2026-04-02T01:47:27.622717
CleanerC,scored,US,0.0416,48,17,2026-04-02T01:47:37.154584
alikhere,scored,IN,0.0546,5,13,2026-04-02T01:47:48.507021
Ehijieokoh,skipped,NG,,0,10,2026-04-02T01:47:59.372745
ptheywood,scored,GB,0.0388,10,25,2026-04-02T01:48:05.176223
Sadique-The-Alchemist,skipped,IN,,0,0,2026-04-02T01:48:16.276856
FedericoMartucci,skipped,AR,,49,2,2026-04-02T01:48:28.497784
Austin-Ackermann,scored,ZA,0.043,7,5,2026-04-02T01:48:38.409011
dong99u,skipped,KR,,32,0,2026-04-02T01:48:50.158643
codingAlphay,skipped,AT,,0,10,2026-04-02T01:48:53.078009
dsRepo-cmd,skipped,UA,,0,100,2026-04-02T01:48:57.344675
Rafi5734,skipped,US,,0,0,2026-04-02T01:49:09.025351
TengHuo,skipped,SG,,0,0,2026-04-02T01:49:19.731246
MViscardi-UCSC,skipped,US,,0,0,2026-04-02T01:49:27.475676
git-rahul15,skipped,IN,,0,32,2026-04-02T01:49:34.827245
rishigandhi612,skipped,IN,,5,0,2026-04-02T01:49:45.511388
zohaibhammad,skipped,AU,,8,0,2026-04-02T01:49:56.437614
mattvot,error,GB,,,,2026-04-02T01:49:57.303831
gauravchafe,skipped,IN,,1,99,2026-04-02T01:50:07.242269
Geobellz22,skipped,NG,,100,0,2026-04-02T01:50:18.977436
revgen,skipped,US,,0,100,2026-04-02T01:50:22.768075
sneko,skipped,FR,,0,0,2026-04-02T01:50:25.702009
wslyvh,skipped,NL,,0,0,2026-04-02T01:50:34.500823
abhiGithub302,skipped,IN,,8,0,2026-04-02T01:50:45.357147
Samusn,skipped,CH,,0,100,2026-04-02T01:50:53.090965
jpinedaf,skipped,DE,,0,0,2026-04-02T01:51:00.991506
jmgirard,scored,US,0.0358,12,36,2026-04-02T01:51:13.187485
hocine-dev,skipped,FR,,4,13,2026-04-02T01:51:24.329797
mikkeloscar,skipped,DE,,0,0,2026-04-02T01:51:33.974655
farmatholin,scored,RU,0.0488,7,5,2026-04-02T01:51:44.224100
akitikkx,skipped,NL,,0,0,2026-04-02T01:51:55.122564
excoffierleonard,skipped,CA,,0,100,2026-04-02T01:52:00.161753
ingvagabund,skipped,CZ,,0,0,2026-04-02T01:52:11.293692
DevCielo,skipped,AU,,0,36,2026-04-02T01:52:22.803995
JasimUllah,skipped,PK,,0,20,2026-04-02T01:52:34.686388
schtibe,skipped,CH,,0,0,2026-04-02T01:52:41.478092
mertyildiran,skipped,TR,,0,1,2026-04-02T01:52:51.269930
RicGR98,skipped,BE,,0,4,2026-04-02T01:52:54.252174
lildgman,skipped,KR,,0,34,2026-04-02T01:53:05.921998
Calebbii,skipped,KE,,0,0,2026-04-02T01:53:18.103613
RashmikaRamkumar,scored,IN,0.0286,5,7,2026-04-02T01:53:29.170617
StylesTrip,skipped,US,,0,0,2026-04-02T01:53:41.195641
HamzaAburaneh,skipped,CA,,6,0,2026-04-02T01:53:51.020469
Anoop1420,skipped,IN,,0,5,2026-04-02T01:53:54.082751
salva-dev,skipped,ES,,0,0,2026-04-02T01:53:55.179160
Prajna1999,skipped,IN,,14,0,2026-04-02T01:54:06.572257
jcleal,scored,AU,0.0316,9,12,2026-04-02T01:54:09.625308
PasinduPaboda,skipped,LK,,0,49,2026-04-02T01:54:21.698890
tvernum,skipped,AU,,0,1,2026-04-02T01:54:24.914588
NexovaIT,skipped,LK,,0,94,2026-04-02T01:54:36.778413
MIUNO,skipped,RU,,3,1,2026-04-02T01:54:42.616684
RasmanTuta,skipped,NO,,0,0,2026-04-02T01:54:54.027872
WictorNisa,skipped,SE,,0,0,2026-04-02T01:55:04.969583
sys010611,scored,KR,0.0458,7,43,2026-04-02T01:55:16.814738
TravisSwift,skipped,US,,46,0,2026-04-02T01:55:28.326125
discodyer,scored,CN,0.0291,12,9,2026-04-02T01:55:37.885856
kankenny,scored,US,0.0377,85,15,2026-04-02T01:55:47.980110
DuviniN,skipped,LK,,0,84,2026-04-02T01:56:00.474399
arturo-melero,skipped,ES,,0,16,2026-04-02T01:56:11.711539
viniciusNoleto,scored,BR,0.0313,88,8,2026-04-02T01:56:24.154833
datengraben,skipped,DE,,23,0,2026-04-02T01:56:27.383319
zairahira,skipped,PK,,13,0,2026-04-02T01:56:36.930056
mbakhtawar2007,skipped,PK,,1,17,2026-04-02T01:56:47.659594
malliina,skipped,FI,,0,0,2026-04-02T01:56:51.112209
shivanshtalwar0,skipped,IN,,0,0,2026-04-02T01:57:00.793811
rfuzzo,skipped,AT,,0,0,2026-04-02T01:57:12.236087
Fiteropp,skipped,FI,,0,100,2026-04-02T01:57:18.843372
Fahien,skipped,IT,,0,0,2026-04-02T01:57:30.116456
uaday,skipped,BD,,0,0,2026-04-02T01:57:41.000511
ramabondanp,skipped,ID,,0,0,2026-04-02T01:57:46.336138
Krishukr12,skipped,IN,,40,0,2026-04-02T01:57:51.842086
Marusyk,skipped,UA,,0,0,2026-04-02T01:57:57.459438
Varsius,skipped,DE,,4,4,2026-04-02T01:58:00.842320
adrian-vargas,skipped,MX,,0,0,2026-04-02T01:58:07.712289
theluckyprogrammer,skipped,PL,,3,12,2026-04-02T01:58:13.199023
ulisesgomez120,skipped,US,,0,0,2026-04-02T01:58:23.763482
gyeongminn,scored,KR,0.0462,25,75,2026-04-02T01:58:33.546347
jvlazar,scored,IE,0.1084,48,32,2026-04-02T01:58:45.550468
infoyouth,skipped,IN,,0,0,2026-04-02T01:58:46.609895
DavidFrings,skipped,DE,,3,31,2026-04-02T01:58:58.808281
c-shinkle,skipped,US,,0,0,2026-04-02T01:59:09.653691
Batirro,skipped,PL,,0,79,2026-04-02T01:59:22.237746
kkrgzz,skipped,DE,,2,0,2026-04-02T01:59:31.389097
l1b0k,skipped,CN,,3,0,2026-04-02T01:59:40.943895
DGuang21,skipped,CN,,8,4,2026-04-02T01:59:50.073631
teemuja,scored,FI,0.0547,19,81,2026-04-02T01:59:56.258465
shawna-tuli-silicon-valley,skipped,US,,8,3,2026-04-02T02:00:02.151766
emresmrlp,skipped,TR,,2,61,2026-04-02T02:00:14.515575
mythilytm,skipped,CA,,0,20,2026-04-02T02:00:17.609784
EvgenCore,skipped,ES,,0,56,2026-04-02T02:00:29.203426
alejandropallares,skipped,MX,,0,51,2026-04-02T02:00:40.774165
shivakayan,scored,IN,0.1126,5,68,2026-04-02T02:00:50.585517
iMilchshake,skipped,DE,,0,0,2026-04-02T02:01:00.296882
alexandraBara,error,US,,,,2026-04-02T02:01:01.168036
biru-codeastromer,skipped,IN,,0,10,2026-04-02T02:01:08.333130
Laib00,skipped,PK,,0,1,2026-04-02T02:01:11.471551
MFlisar,skipped,AT,,0,0,2026-04-02T02:01:22.198371
uniqueumesh,skipped,IN,,0,0,2026-04-02T02:01:23.295848
BobsIsHere,skipped,BE,,11,2,2026-04-02T02:01:34.795205
t7y,skipped,US,,0,0,2026-04-02T02:01:37.749189
djtms,skipped,PL,,0,0,2026-04-02T02:01:45.412613
bernedom,skipped,CH,,0,0,2026-04-02T02:01:49.114440
alexgromero,skipped,US,,1,4,2026-04-02T02:01:54.433593
vixorien,scored,US,0.0311,34,42,2026-04-02T02:02:07.941327
pentaoa,skipped,CN,,0,51,2026-04-02T02:02:17.601847
kardanov,scored,DE,0.0406,44,33,2026-04-02T02:02:21.133392
Andrewnopoulos,skipped,AU,,0,0,2026-04-02T02:02:30.554684
Kanyorok,skipped,KE,,11,0,2026-04-02T02:02:41.621694
PGijsbers,skipped,NL,,2,0,2026-04-02T02:02:52.416481
lukecarr,skipped,GB,,0,0,2026-04-02T02:03:05.170129
L1m3Kun,scored,KR,0.0301,41,9,2026-04-02T02:03:17.043409
liixing,scored,CN,0.038,7,11,2026-04-02T02:03:29.365746
jameswylie,skipped,GB,,0,6,2026-04-02T02:03:36.971718
PietropaoloFrisoni,skipped,DE,,95,0,2026-04-02T02:03:47.707835
sauravpanda,scored,US,0.0315,13,5,2026-04-02T02:03:53.143392
lucas89901,skipped,TW,,99,1,2026-04-02T02:04:03.323686
reserban,skipped,RO,,0,3,2026-04-02T02:04:06.286494
Sandeep4512,skipped,IN,,6,0,2026-04-02T02:04:17.147726
ValeryRabchenyuk,skipped,RU,,0,39,2026-04-02T02:04:22.672852
BagasDhitya,skipped,ID,,98,0,2026-04-02T02:04:33.238628
jessebrumley,skipped,US,,0,100,2026-04-02T02:04:36.800430
asirota,skipped,CA,,0,31,2026-04-02T02:04:44.356724
oxyblade,skipped,US,,53,0,2026-04-02T02:04:48.027391
pedro-pereira-dev,skipped,PT,,0,37,2026-04-02T02:04:58.526858
FrederickKlyk,skipped,DE,,14,2,2026-04-02T02:05:07.979274
pront,skipped,US,,0,0,2026-04-02T02:05:11.035371
niallmerrigan,skipped,NO,,0,0,2026-04-02T02:05:12.116726
christian-chavez,skipped,CA,,31,0,2026-04-02T02:05:24.177280
MinhQuan805,skipped,VN,,0,100,2026-04-02T02:05:32.648927
joycexjiang,skipped,US,,7,0,2026-04-02T02:05:39.887990
mbyrskog,skipped,SE,,0,14,2026-04-02T02:05:49.827713
aitorortega03,skipped,ES,,7,0,2026-04-02T02:06:01.103131
werebus,skipped,US,,3,4,2026-04-02T02:06:06.623333
RafaelGermano05,skipped,BR,,1,41,2026-04-02T02:06:18.111162
aric-hamburg,skipped,DE,,0,100,2026-04-02T02:06:22.214233
Aparna1Gopal,scored,AU,0.0365,18,11,2026-04-02T02:06:31.671456
Nexarian,skipped,US,,0,0,2026-04-02T02:06:34.652739
tomaslieffering,skipped,GB,,3,20,2026-04-02T02:06:45.926756
mazbox,skipped,GB,,0,0,2026-04-02T02:06:55.479016
realtomkwok,skipped,AU,,4,0,2026-04-02T02:07:05.469239
bpedersen2,skipped,DE,,0,0,2026-04-02T02:07:06.596176
Norrox,skipped,SE,,0,0,2026-04-02T02:07:13.750700
rithik-b,skipped,CA,,39,0,2026-04-02T02:07:22.607353
ewuerger,skipped,DE,,7,1,2026-04-02T02:07:31.534210
sergiocima,scored,IT,0.0426,6,12,2026-04-02T02:07:35.124918
maukoese,skipped,KE,,0,0,2026-04-02T02:07:42.587938
tristanwagner,skipped,JP,,0,0,2026-04-02T02:07:43.663573
bararchy,skipped,IL,,0,0,2026-04-02T02:07:53.138820
TechMainul-dev,skipped,BD,,0,0,2026-04-02T02:08:04.400959
rmadhuram,skipped,US,,0,0,2026-04-02T02:08:11.905088
grosgood,skipped,US,,1,0,2026-04-02T02:08:15.078175
tasbehanawaz,skipped,PK,,28,2,2026-04-02T02:08:22.668262
magarich228,skipped,RU,,97,3,2026-04-02T02:08:26.707090
odiak0,skipped,PL,,0,100,2026-04-02T02:08:30.298576
pault-tech,scored,US,0.0322,36,9,2026-04-02T02:08:39.858589
Atovange,skipped,BE,,0,0,2026-04-02T02:08:48.690143
malevitzch,scored,PL,0.2184,8,92,2026-04-02T02:08:58.698060
DEUTSCH4KbALL,skipped,UA,,0,11,2026-04-02T02:09:08.269766
cwmeijer,skipped,NL,,0,0,2026-04-02T02:09:11.314592
keongmini,skipped,KR,,3,1,2026-04-02T02:09:22.775426
remarq,skipped,US,,0,0,2026-04-02T02:09:25.537596
artbakulev,skipped,RU,,0,0,2026-04-02T02:09:36.374108
max-power,skipped,DE,,0,0,2026-04-02T02:09:42.322938
mlumeca,skipped,ES,,0,19,2026-04-02T02:09:53.675965
AJenbo,skipped,DK,,0,0,2026-04-02T02:10:02.875182
nhtruong,skipped,US,,0,0,2026-04-02T02:10:11.599239
t-beigbeder,scored,FR,0.0244,33,24,2026-04-02T02:10:24.648834
antoinegelloz,skipped,FR,,0,0,2026-04-02T02:10:34.599336
dimakatso88,skipped,ZA,,0,8,2026-04-02T02:10:37.617897
stewkk,skipped,RU,,0,0,2026-04-02T02:10:48.970951
GuruPrasad403,skipped,IN,,17,0,2026-04-02T02:11:00.195680
Danil42Russia,skipped,AE,,0,0,2026-04-02T02:11:09.373991
twister716,skipped,JP,,0,0,2026-04-02T02:11:10.424104
lorenjohnson,skipped,DE,,0,0,2026-04-02T02:11:21.262731
will-j-wright,skipped,US,,0,0,2026-04-02T02:11:32.015839
gushogg-blake,skipped,GB,,0,0,2026-04-02T02:11:39.609053
alce65,skipped,ES,,0,0,2026-04-02T02:11:51.411026
araipar,skipped,ID,,8,1,2026-04-02T02:12:02.445410
rwintgen,skipped,FR,,0,39,2026-04-02T02:12:14.556603
TURPINJonathan,skipped,FR,,3,9,2026-04-02T02:12:24.078795
moncapitaine,skipped,DE,,50,0,2026-04-02T02:12:29.347493
jogboms,skipped,NL,,0,0,2026-04-02T02:12:38.171685
bprusinowski,scored,CH,0.2409,85,15,2026-04-02T02:12:42.230355
fortunate-ouyanghui,skipped,CN,,0,100,2026-04-02T02:12:48.152965
stordd13,skipped,FR,,81,0,2026-04-02T02:12:58.400099
ramanujamgond,skipped,IN,,0,0,2026-04-02T02:13:06.085797
enterstudio,skipped,BD,,0,0,2026-04-02T02:13:07.467072
Manyara20,skipped,KE,,17,0,2026-04-02T02:13:18.886653
Wills-dev,skipped,NG,,1,0,2026-04-02T02:13:25.789395
schogges,skipped,DE,,0,0,2026-04-02T02:13:26.798687
guptamadhur,skipped,IN,,0,0,2026-04-02T02:13:37.623035
rich30020,skipped,IT,,0,100,2026-04-02T02:13:47.082570
tusharpatekar,scored,IN,0.0537,13,82,2026-04-02T02:13:58.759414
faaany,skipped,CN,,1,0,2026-04-02T02:14:07.660718
SuNnY54569,skipped,TH,,0,100,2026-04-02T02:14:18.389406
ovcharovcoder,skipped,UA,,0,100,2026-04-02T02:14:22.428280
Anik-36,skipped,BD,,0,0,2026-04-02T02:14:33.208486
JTnadrooi,skipped,NL,,0,100,2026-04-02T02:14:36.765005
theotime2005,skipped,FR,,44,1,2026-04-02T02:14:44.414895
WongYC-66,skipped,MY,,0,0,2026-04-02T02:14:51.564914
chxry,skipped,GB,,0,8,2026-04-02T02:15:03.419542
igaozp,skipped,CN,,0,3,2026-04-02T02:15:11.231676
JoaoKodama,skipped,BR,,0,20,2026-04-02T02:15:20.580933
Jason-Chen-2017,skipped,CN,,0,0,2026-04-02T02:15:24.102277
MorelliniMatteo,skipped,IT,,0,0,2026-04-02T02:15:30.921688
Pranith1Kumar,skipped,IN,,25,0,2026-04-02T02:15:42.334460
iserlatam,skipped,CO,,30,1,2026-04-02T02:15:53.594266
Breanzy,scored,AU,0.0346,19,27,2026-04-02T02:16:03.207704
benoitkugler,skipped,FR,,0,0,2026-04-02T02:16:06.791273
IAmMajo,scored,DE,0.0339,7,32,2026-04-02T02:16:19.186535
SridharVadla45,skipped,IN,,2,9,2026-04-02T02:16:22.384362
esgiraldop,skipped,CO,,26,0,2026-04-02T02:16:32.918910
scheuerseb,scored,DE,0.0449,13,87,2026-04-02T02:16:38.838636
mateo-velez,skipped,MX,,0,100,2026-04-02T02:16:51.250710
tim-schilling,skipped,US,,0,0,2026-04-02T02:16:58.280715
d4akon,skipped,PL,,0,18,2026-04-02T02:17:05.992716
bevalentin,skipped,BE,,0,0,2026-04-02T02:17:07.029089
ALx8023,skipped,CN,,0,0,2026-04-02T02:17:10.020737
bluebottlewize,scored,IN,0.052,32,20,2026-04-02T02:17:21.710739
piaskowyk,skipped,PL,,0,0,2026-04-02T02:17:32.942439
AsifAbbasi11996,skipped,IN,,0,62,2026-04-02T02:17:44.553950
giovanimf,skipped,BR,,0,26,2026-04-02T02:17:55.641062
eduardodsr,scored,BR,0.0314,17,14,2026-04-02T02:18:01.290354
CodeNKoffee,skipped,EG,,37,3,2026-04-02T02:18:12.968905
dvoituron,skipped,BE,,0,0,2026-04-02T02:18:23.979895
Omkar-Ghodake,skipped,IN,,35,0,2026-04-02T02:18:35.222819
ericonr,skipped,BR,,0,0,2026-04-02T02:18:42.627843
sitrismart,skipped,VN,,0,50,2026-04-02T02:18:54.310279
mdcutone,skipped,CA,,1,0,2026-04-02T02:18:59.917583
michaelbrusegard,scored,NO,0.1275,61,24,2026-04-02T02:19:08.601673
aperelgritz,skipped,FR,,0,0,2026-04-02T02:19:20.294301
victorboleac,skipped,GB,,0,5,2026-04-02T02:19:31.796908
dkolsen-pgi,skipped,US,,4,0,2026-04-02T02:19:34.881288
CoderJackZhu,skipped,CN,,0,100,2026-04-02T02:19:38.810254
Xandll,scored,AT,0.0801,17,60,2026-04-02T02:19:50.679887
Maurici0M,scored,BR,0.0351,32,68,2026-04-02T02:20:03.074355
rbottura,skipped,FR,,84,4,2026-04-02T02:20:15.248879
econdojo,scored,US,0.0354,33,51,2026-04-02T02:20:25.370727
steven-lolong,skipped,DE,,1,6,2026-04-02T02:20:30.735380
celinelouaintier,skipped,FR,,1,0,2026-04-02T02:20:33.889528
MichaelHatherly,skipped,GB,,0,0,2026-04-02T02:20:38.397462
Nanji-Huaji,skipped,CN,,0,29,2026-04-02T02:20:43.827929
mai2402,skipped,EG,,0,17,2026-04-02T02:20:55.017447
sandromello,skipped,BR,,0,0,2026-04-02T02:21:04.080491
Hyeonjunnn,skipped,KR,,0,67,2026-04-02T02:21:15.961661
vfernandez24,skipped,ES,,0,24,2026-04-02T02:21:27.601744
MaratShch,skipped,IL,,0,100,2026-04-02T02:21:31.299541
H-Kab77,error,JP,,,,2026-04-02T02:21:32.175879
BLCNYY,skipped,TR,,0,71,2026-04-02T02:21:40.287057
levaitamas,skipped,HU,,1,0,2026-04-02T02:21:43.764807
ptiurin,skipped,GB,,0,0,2026-04-02T02:21:47.067571
opaaax,skipped,PL,,0,34,2026-04-02T02:21:58.665933
kewitz,skipped,ES,,0,0,2026-04-02T02:22:01.975326
denizzzka,scored,TR,0.11,36,64,2026-04-02T02:22:07.214817
fymmot,skipped,SE,,16,1,2026-04-02T02:22:16.310793
sibuser,skipped,SE,,0,0,2026-04-02T02:22:24.371428
beomsuk-seo,skipped,US,,0,58,2026-04-02T02:22:36.196293
sergev,skipped,US,,0,2,2026-04-02T02:22:44.504302
laichuangwen,scored,CN,0.0576,16,84,2026-04-02T02:22:55.212794
kmahorker,skipped,US,,0,0,2026-04-02T02:23:05.339955
diegomrno,skipped,FR,,0,57,2026-04-02T02:23:15.034116
mhier,skipped,DE,,1,1,2026-04-02T02:23:22.545095
Saiful109710,skipped,BD,,5,0,2026-04-02T02:23:33.931488
bagusnl,skipped,ID,,0,0,2026-04-02T02:23:40.910972
MLYengineering,skipped,DE,,0,12,2026-04-02T02:23:45.958458
taga3s,scored,JP,0.0643,69,31,2026-04-02T02:23:52.346825
smallkaa,skipped,FI,,0,100,2026-04-02T02:24:03.472363
nkitamuraQC,skipped,JP,,0,0,2026-04-02T02:24:04.530598
gtromano,skipped,GB,,5,2,2026-04-02T02:24:17.017703
AidanMarroyo,scored,CA,0.1058,16,21,2026-04-02T02:24:29.502194
imankitkalirawana,skipped,IN,,29,2,2026-04-02T02:24:40.958270
Th3At0nic,skipped,BD,,0,0,2026-04-02T02:24:52.260807
Zenitiia,skipped,CN,,0,1,2026-04-02T02:25:01.096780
mb132,scored,DE,0.0373,7,5,2026-04-02T02:25:08.145126
bea-cardoso,skipped,BR,,0,15,2026-04-02T02:25:11.187791
gunli,skipped,CN,,0,0,2026-04-02T02:25:12.222069
Proteusiq,skipped,DK,,2,0,2026-04-02T02:25:20.956848
chgo-odoo,error,BE,,,,2026-04-02T02:25:21.818869
dkchandel,skipped,IN,,0,29,2026-04-02T11:36:40.928232
eberkund,skipped,CA,,0,5,2026-04-02T11:36:46.978070
smelamud,skipped,IL,,0,0,2026-04-02T11:36:50.155550
Sushanto171,skipped,BD,,0,0,2026-04-02T11:37:01.215238
eejx0,skipped,KR,,2,98,2026-04-02T11:37:13.360429
MuhammadSulemanKhan,skipped,PK,,0,9,2026-04-02T11:37:24.497161
Git1ski,error,NO,,,,2026-04-02T11:37:25.362731
PiotrLenarczyk,skipped,PL,,0,0,2026-04-02T11:37:28.984501
rakazakben,skipped,FR,,0,100,2026-04-02T11:37:37.175882
hein-obox,skipped,ZA,,8,0,2026-04-02T11:37:42.361758
gustavosr8,skipped,BR,,0,0,2026-04-02T11:37:49.204525
RJ-git8585,skipped,IN,,15,0,2026-04-02T11:38:01.056770
florian-hoenicke,skipped,DE,,0,0,2026-04-02T11:38:02.112352
MadeByIToncek,scored,CZ,0.0537,7,52,2026-04-02T11:38:08.725576
jhg,skipped,ES,,0,0,2026-04-02T11:38:20.330477
OtiliaNicola,skipped,ES,,0,18,2026-04-02T11:38:31.835043
BonoGiorgio02,skipped,FR,,0,53,2026-04-02T11:38:44.328453
antony-rodrigues,skipped,BR,,0,25,2026-04-02T11:38:53.640363
hua0512,skipped,ES,,4,12,2026-04-02T11:38:58.949427
JoePfeiffer,skipped,US,,3,0,2026-04-02T11:39:01.960359
ebrelsford,skipped,US,,0,0,2026-04-02T11:39:05.304535
Kevil-Karnage,skipped,RU,,96,0,2026-04-02T11:39:17.990151
usalu,skipped,DE,,0,99,2026-04-02T11:39:30.696872
calebhansard,skipped,US,,0,0,2026-04-02T11:39:33.642047
izrin96,skipped,MY,,7,0,2026-04-02T11:39:45.399196
legnoh,skipped,JP,,0,99,2026-04-02T11:39:57.956513
AriooGN,scored,CA,0.244,65,35,2026-04-02T11:40:10.599553
aldhyx,skipped,ID,,0,0,2026-04-02T11:40:22.141969
gaetschwartz,skipped,CH,,78,1,2026-04-02T11:40:30.152078
carolinepedasil,skipped,BR,,17,0,2026-04-02T11:40:38.352652
HaoyanZheng,skipped,CA,,26,2,2026-04-02T11:40:49.995082
mujtabacodes,skipped,PK,,0,17,2026-04-02T11:41:01.377214
meRiqbal,skipped,IN,,1,1,2026-04-02T11:41:12.376565
thomasms,skipped,BE,,0,0,2026-04-02T11:41:24.634594
Diapolo10,skipped,FI,,0,0,2026-04-02T11:41:31.882637
kvnxiao,skipped,US,,0,0,2026-04-02T11:41:39.157364
lourot,skipped,DE,,0,0,2026-04-02T11:41:44.855431
itsankitbhusal,skipped,NP,,5,0,2026-04-02T11:41:56.402372
DebajyotiTalukder2001,scored,IN,0.029,77,23,2026-04-02T11:42:02.365544
nafishahmeddev,scored,IN,0.065,68,31,2026-04-02T11:42:13.484603
FreddyWordingham,skipped,GB,,0,0,2026-04-02T11:42:16.902538
LMINediva,skipped,CN,,49,2,2026-04-02T11:42:28.697363
amandesai01,skipped,IN,,0,0,2026-04-02T11:42:38.094478
vitorwmoutinho,skipped,BR,,0,100,2026-04-02T11:42:41.590680
jmoro1,skipped,AR,,0,0,2026-04-02T11:42:52.886099
SaiAshish9,skipped,IN,,0,0,2026-04-02T11:42:58.155632
panyero-mobile,skipped,PH,,0,6,2026-04-02T11:43:08.136770
paraskun,skipped,RU,,0,100,2026-04-02T11:43:12.104796
Gowtham-Arumugam,skipped,IN,,0,65,2026-04-02T11:43:17.703592
davayd,skipped,PL,,6,0,2026-04-02T11:43:25.352148
oising,skipped,CA,,0,1,2026-04-02T11:43:35.331254
AlejoCzombos,skipped,AR,,93,0,2026-04-02T11:43:49.888725
sohan-me,scored,BD,0.0243,21,14,2026-04-02T11:44:01.648975
gregdotca,skipped,CA,,0,0,2026-04-02T11:44:02.770234
smtdfc,skipped,VN,,0,100,2026-04-02T11:44:06.749074
Isotr0py,skipped,CN,,28,0,2026-04-02T11:44:14.166474
andrewheard,skipped,CA,,0,5,2026-04-02T11:44:17.431084
terry623,skipped,TW,,0,0,2026-04-02T11:44:29.413491
rummansaaqeb,skipped,BD,,0,12,2026-04-02T11:44:40.371339
Nik-gurulov528,skipped,UA,,0,35,2026-04-02T11:44:52.503421
Alexposh,skipped,PT,,1,0,2026-04-02T11:45:03.481861
q66,skipped,CZ,,0,0,2026-04-02T11:45:04.682441
tariq1890,skipped,US,,0,0,2026-04-02T11:45:05.780000
samussiah,skipped,US,,0,1,2026-04-02T11:45:11.443762
mark-jeffrey,skipped,GB,,22,0,2026-04-02T11:45:23.098572
OleksandrKukotin,skipped,UA,,3,13,2026-04-02T11:45:35.028578
rasmunk,skipped,DK,,0,0,2026-04-02T11:45:44.514552
Gonzo578,skipped,DE,,0,0,2026-04-02T11:45:52.209838
parkilwoo,skipped,KR,,10,0,2026-04-02T11:46:04.536886
naufan17,scored,ID,0.0456,5,10,2026-04-02T11:46:16.231223
aboutphilippe,skipped,US,,0,0,2026-04-02T11:46:22.051817
hsirenko,skipped,DE,,18,0,2026-04-02T11:46:31.623155
YuvalRozner,skipped,IL,,97,3,2026-04-02T11:46:42.380744
krewast,skipped,DE,,0,0,2026-04-02T11:46:47.747718
timonv,skipped,NL,,0,0,2026-04-02T11:46:53.462374
svenbeisiegel,skipped,DE,,0,10,2026-04-02T11:46:58.492241
FedericoGarcia,skipped,AR,,0,100,2026-04-02T11:47:06.634045
saltynexus,skipped,US,,0,44,2026-04-02T11:47:16.584007
sohaibahsan007,skipped,GB,,0,0,2026-04-02T11:47:26.111283
josephmasson26,scored,US,0.0494,28,13,2026-04-02T11:47:34.479565
xleddyl,skipped,IT,,30,0,2026-04-02T11:47:46.297997
Kojik99,skipped,JP,,0,100,2026-04-02T11:47:52.311903
gilbmporto,skipped,BR,,16,0,2026-04-02T11:48:03.876947
HasibulHasan-Shanto,skipped,BD,,0,5,2026-04-02T11:48:15.048885
sebastianVis,skipped,CO,,0,4,2026-04-02T11:48:26.063035
StasonJatham,skipped,DE,,0,100,2026-04-02T11:48:29.737615
amitlals,skipped,US,,0,0,2026-04-02T11:48:34.616817
alexey-bataev,skipped,US,,0,0,2026-04-02T11:48:37.754217
jcompagner,skipped,NL,,0,0,2026-04-02T11:48:42.979596
altankorayy,scored,TR,0.0707,94,6,2026-04-02T11:48:55.461464
akshayraj-1,skipped,IN,,1,99,2026-04-02T11:49:03.510658
infinity-a11y,skipped,DE,,0,100,2026-04-02T11:49:08.232401
shensquared,skipped,US,,0,0,2026-04-02T11:49:13.417031
jondy,skipped,CN,,0,0,2026-04-02T11:49:20.693238
nixrajput,skipped,IN,,0,0,2026-04-02T11:49:32.860329
daniallegue,skipped,NL,,81,0,2026-04-02T11:49:38.545211
paulhuggett,skipped,FR,,0,100,2026-04-02T11:49:43.236418
AndrewChubatiuk,skipped,UA,,0,0,2026-04-02T11:49:52.367647
PmaFynn,skipped,DE,,0,100,2026-04-02T11:49:55.967790
vsdeeper,skipped,CN,,0,0,2026-04-02T11:50:07.091059
namrqthakaipa,skipped,IN,,0,74,2026-04-02T11:50:19.347518
julien-robert-info,scored,FR,0.1085,53,42,2026-04-02T11:50:29.425389
hardiv,scored,GB,0.0251,18,15,2026-04-02T11:50:38.144962
ziginfo,scored,FR,0.0467,81,19,2026-04-02T11:50:44.540661
TalysonSoares,skipped,BR,,37,0,2026-04-02T11:50:56.381863
unixbhaskar,skipped,IN,,0,0,2026-04-02T11:51:01.689094
gokhanercan,skipped,TR,,0,0,2026-04-02T11:51:06.817483
1313,skipped,SE,,0,0,2026-04-02T11:51:19.055282
Natix1,scored,PL,0.0514,12,88,2026-04-02T11:51:25.328045
EducatedSuddenBucket,skipped,IN,,0,100,2026-04-02T11:51:33.647324
VincyZed,skipped,CA,,0,100,2026-04-02T11:51:39.860864
dakra,skipped,DE,,0,0,2026-04-02T11:51:43.014154
fredokun,skipped,FR,,1,2,2026-04-02T11:51:52.365010
fiskus,skipped,ES,,0,0,2026-04-02T11:51:57.938371
FacuAlanzi,skipped,AR,,0,1,2026-04-02T11:52:00.953753
zachhuff386,skipped,US,,0,0,2026-04-02T11:52:10.361472
ThisisGame,skipped,CN,,0,0,2026-04-02T11:52:21.722387
hipass7,skipped,KR,,1,0,2026-04-02T11:52:33.245088
allan0,skipped,AE,,0,100,2026-04-02T11:52:39.517630
NiklasLa46,error,DE,,,,2026-04-02T11:52:40.390234
rafalmasiarek,scored,PL,0.0744,24,50,2026-04-02T11:52:54.592636
halajohn,skipped,TW,,0,0,2026-04-02T11:53:05.670331
chonyy,skipped,US,,0,0,2026-04-02T11:53:11.402055
joshnicholas,skipped,AU,,0,0,2026-04-02T11:53:23.258494
kakkokari-gtyih,skipped,JP,,0,0,2026-04-02T11:53:26.385230
2YH02,skipped,KR,,37,0,2026-04-02T11:53:38.037429
aGuyLearning,skipped,DE,,0,22,2026-04-02T11:53:43.647051
richard015ar,skipped,CA,,0,3,2026-04-02T11:53:46.626857
argunsah,skipped,CH,,10,0,2026-04-02T11:53:54.425466
awachat,skipped,IN,,0,0,2026-04-02T11:53:57.556939
julien-c,skipped,US,,0,31,2026-04-02T11:54:06.200811
Weiko,error,FR,,,,2026-04-02T11:54:07.087964
devfloww,skipped,NG,,0,56,2026-04-02T11:54:15.004032
JimChengLin,skipped,CN,,0,0,2026-04-02T11:54:18.328504
sauntimo,skipped,GB,,18,0,2026-04-02T11:54:30.240308
Shadosky,skipped,FR,,0,0,2026-04-02T11:54:33.249733
ishaulov,skipped,RU,,0,14,2026-04-02T11:54:42.948166
Nandakumar-M,skipped,IN,,0,0,2026-04-02T11:54:43.857887
marzanoo,skipped,ID,,0,94,2026-04-02T11:54:56.112672
sablesoft,skipped,BR,,0,0,2026-04-02T11:55:07.665158
Shuobin-P,skipped,CN,,1,76,2026-04-02T11:55:13.816466
SantyOrsi,skipped,AR,,0,73,2026-04-02T11:55:21.883102
viniciusbelchior0,scored,BR,0.0406,48,52,2026-04-02T11:55:28.057872
Kehrlann,skipped,FR,,0,0,2026-04-02T11:55:31.554819
WillsterJohnson,scored,GB,0.0417,43,7,2026-04-02T11:55:43.376626
Geetym,skipped,NG,,0,4,2026-04-02T11:55:54.256837
LeonEdlund,skipped,SE,,0,100,2026-04-02T11:56:00.806323
vbasky,skipped,AU,,0,0,2026-04-02T11:56:09.777094
warrenphilly,skipped,CA,,0,0,2026-04-02T11:56:21.310172
Sjj1024,skipped,CN,,0,26,2026-04-02T11:56:32.639194
kjelloh,skipped,SE,,0,67,2026-04-02T11:56:40.583901
dan-garvey,skipped,US,,0,1,2026-04-02T11:56:46.433488
Ketanrd26,skipped,IN,,4,0,2026-04-02T11:56:57.542678
kacperlukawski,skipped,PL,,0,0,2026-04-02T11:57:03.167287
wipen,skipped,CN,,0,0,2026-04-02T11:57:04.212498
mattclay,skipped,US,,0,0,2026-04-02T11:57:14.631648
chrystian9,skipped,BR,,0,0,2026-04-02T11:57:24.885187
fberger-xyz,skipped,FR,,0,0,2026-04-02T11:57:32.109797
Nukesor,skipped,DE,,6,4,2026-04-02T11:57:38.851754
pushkar-15,scored,IN,0.0598,9,81,2026-04-02T11:57:48.891143
hankszeto,skipped,AU,,0,0,2026-04-02T11:57:49.928504
aabdurrouf,skipped,US,,0,0,2026-04-02T11:58:01.486031
MABeeskow,skipped,DE,,0,100,2026-04-02T11:58:05.049767
Harbinder04,scored,IN,0.0407,11,8,2026-04-02T11:58:10.621078
tonywu71,skipped,FR,,1,0,2026-04-02T11:58:22.887846
AiShawonBD,skipped,BD,,0,92,2026-04-02T11:58:34.840259
m-schaubert,skipped,DE,,0,0,2026-04-02T11:58:35.778523
villoro,skipped,ES,,0,0,2026-04-02T11:58:41.286527
JohenIn,skipped,KR,,0,100,2026-04-02T11:58:52.778052
tranhtuan9,skipped,VN,,0,11,2026-04-02T11:59:04.266797
Ivorforce,skipped,DE,,1,1,2026-04-02T11:59:08.343679
devopser-pooja,skipped,IN,,0,91,2026-04-02T11:59:26.765117
Aqsagull99,skipped,PK,,0,15,2026-04-02T11:59:38.760285
nkhristinin,skipped,NL,,0,0,2026-04-02T11:59:48.466202
anonymousknight07,skipped,IN,,37,3,2026-04-02T12:00:00.313523
einrone,skipped,NO,,0,0,2026-04-02T12:00:12.214701
Tohap08,skipped,ID,,0,2,2026-04-02T12:00:19.269498
AimanUbaid,skipped,PK,,0,17,2026-04-02T12:00:28.856023
rosignol08,skipped,FR,,0,82,2026-04-02T12:00:41.919750
djmoth,scored,DK,0.063,46,33,2026-04-02T12:00:48.365624
DavidLGoldberg,skipped,US,,0,0,2026-04-02T12:00:53.913555
geekk0,skipped,RU,,50,0,2026-04-02T12:01:03.515597
michaelwood,skipped,GB,,3,19,2026-04-02T12:01:15.001345
arealmaas,skipped,NO,,0,0,2026-04-02T12:01:24.426537
ds-mbappe,skipped,FR,,0,100,2026-04-02T12:01:28.852324
COLDTURNIP,skipped,TW,,0,0,2026-04-02T12:01:36.132916
hassnatahmad,error,DE,,,,2026-04-02T12:01:36.994506
MansoorButt,skipped,PK,,6,0,2026-04-02T12:01:48.774209
praveen-ilangovan,skipped,GB,,0,1,2026-04-02T12:02:00.111784
BloodLetters,scored,ID,0.0668,16,65,2026-04-02T12:02:13.276837
econstar,skipped,IN,,0,18,2026-04-02T12:02:18.962907
thedatadudech,skipped,CH,,0,0,2026-04-02T12:02:22.091128
asterite,skipped,AR,,0,0,2026-04-02T12:02:31.633409
sottenad,skipped,US,,0,0,2026-04-02T12:02:44.079468
flozabel,skipped,CH,,0,32,2026-04-02T12:02:49.721572
OmarMohsenGit,skipped,FR,,0,43,2026-04-02T12:02:53.113164
Andresargote,skipped,ES,,0,0,2026-04-02T12:03:05.026772
megian,scored,CH,0.0513,42,24,2026-04-02T12:03:09.569969
MandyTrl,scored,FR,0.0418,83,17,2026-04-02T12:03:19.897919
JaneZ-uint,skipped,CN,,0,86,2026-04-02T12:03:31.063087
d1solis,skipped,US,,51,0,2026-04-02T12:03:34.668662
greenmg2003,scored,VN,0.1206,15,74,2026-04-02T12:03:44.371463
yuys13,skipped,JP,,0,97,2026-04-02T12:03:51.120638
EzraEllette,skipped,US,,0,0,2026-04-02T12:04:03.345939
fbezagu,skipped,FR,,0,0,2026-04-02T12:04:10.443487
daxdelvira,skipped,US,,0,41,2026-04-02T12:04:16.168073
rarelyseen402,skipped,KE,,0,56,2026-04-02T12:04:26.482415
nyalldawson,skipped,AU,,0,0,2026-04-02T12:04:31.954482
urian121,skipped,CO,,1,33,2026-04-02T12:04:46.971072
JacobGrisham,scored,US,0.2015,10,14,2026-04-02T12:04:51.135332
swannman,skipped,US,,0,1,2026-04-02T12:05:02.916562
juntyr,scored,FI,0.2505,90,10,2026-04-02T12:05:07.708651
1337LutZ,skipped,NL,,0,0,2026-04-02T12:05:08.782108
davidmun910,skipped,US,,0,0,2026-04-02T12:05:17.702165
AKameni1,skipped,CA,,0,12,2026-04-02T12:05:29.368854
Darinochka,skipped,RU,,0,0,2026-04-02T12:05:42.288791
Debraj-D,skipped,IN,,0,42,2026-04-02T12:05:50.328621
shutstart,skipped,DE,,0,0,2026-04-02T12:06:06.181004
tordar,skipped,NO,,0,0,2026-04-02T12:06:16.398194
jfr2102,skipped,DE,,2,2,2026-04-02T12:06:26.708145
JonathanLydall,skipped,ZA,,2,1,2026-04-02T12:06:39.124153
Burnert,skipped,PL,,0,0,2026-04-02T12:06:49.301619
FrovaHappy,skipped,AR,,70,0,2026-04-02T12:06:59.475191
cesantaniello,skipped,ES,,1,0,2026-04-02T12:07:12.014173
originalix,skipped,CN,,0,0,2026-04-02T12:07:21.005209
artkhyzha,skipped,GB,,0,0,2026-04-02T12:07:21.932885
hosseinalibeiki,skipped,IT,,0,42,2026-04-02T12:07:32.328339
ryuapp,skipped,JP,,48,0,2026-04-02T12:07:45.348862
rsousare,skipped,PT,,0,16,2026-04-02T12:07:57.293977
strandlie,skipped,NO,,0,0,2026-04-02T12:08:08.973378
JSlusark,skipped,DE,,97,3,2026-04-02T12:08:23.476178
flitscha,skipped,IT,,0,67,2026-04-02T12:08:51.801054
thamenato,scored,US,0.1549,6,94,2026-04-02T12:09:03.724520
hopkins511,scored,US,0.0293,40,27,2026-04-02T12:09:07.955412
yeasinrafee,skipped,BD,,13,0,2026-04-02T12:09:29.364676
InMatrix,skipped,US,,0,0,2026-04-02T12:10:45.437287
abarisani,skipped,IT,,0,22,2026-04-02T12:12:24.729092
Rocks-n-Code,skipped,US,,0,0,2026-04-02T12:16:53.137757
pshegde123,skipped,US,,0,0,2026-04-02T12:19:28.328880
Sharathhk122,skipped,IN,,0,68,2026-04-02T12:24:06.257579
saee-tech,skipped,IN,,0,53,2026-04-02T12:27:07.926402
maleadt,skipped,BE,,0,0,2026-04-02T12:27:12.013745
sellmair,skipped,DE,,0,0,2026-04-02T12:27:40.590984
TejaswiniPatil02,skipped,IN,,0,100,2026-04-02T12:27:53.176084
redsuperbat,skipped,SE,,0,0,2026-04-02T12:27:57.255601
tales96323,skipped,PT,,0,14,2026-04-02T12:28:14.599925
JunedAbbasi,skipped,IN,,0,4,2026-04-02T12:28:19.612985
claudemartin,skipped,CH,,0,1,2026-04-02T12:28:31.666310
hasandelibas,skipped,TR,,0,0,2026-04-02T12:28:41.328610
monk07-01,skipped,CA,,0,2,2026-04-02T12:28:47.451825
leotsarev,skipped,RU,,0,8,2026-04-02T12:28:56.440823
ThadHouse,skipped,US,,0,0,2026-04-02T12:29:06.455941
immortality00,skipped,AE,,0,0,2026-04-02T12:29:18.072501
IvanMonichev,skipped,RU,,84,0,2026-04-02T12:29:28.839834
SHAJON-404,skipped,AE,,0,100,2026-04-02T12:29:33.032382
vix993,skipped,BR,,0,0,2026-04-02T12:29:46.662999
SimonCarlsen,error,DK,,,,2026-04-02T12:29:47.539576
vasicek58,skipped,NO,,0,0,2026-04-02T12:29:55.479655
JustinKurland,skipped,US,,0,3,2026-04-02T12:29:58.852229
hugolgst,skipped,NO,,0,0,2026-04-02T12:30:09.842581
andreihrs,skipped,RO,,0,0,2026-04-02T12:30:19.525897
lazytyper,skipped,DE,,0,0,2026-04-02T12:30:24.985442
lincreis,skipped,US,,0,50,2026-04-02T12:30:30.412764
ninthwalker,skipped,US,,0,3,2026-04-02T12:30:34.185160
RiverRuby,skipped,US,,1,0,2026-04-02T12:30:44.175540
maxirosson,skipped,AR,,2,0,2026-04-02T12:30:50.502823
tiago1820,skipped,AR,,97,3,2026-04-02T12:31:01.361432
kgodlewski,skipped,PL,,0,0,2026-04-02T12:31:02.301475
orangeBeens,skipped,JP,,0,53,2026-04-02T12:31:15.245678
patrickrios,skipped,BR,,0,0,2026-04-02T12:31:20.875823
nurmohammadpro,skipped,BD,,0,7,2026-04-02T12:31:34.467415
wh1tto,skipped,GB,,0,4,2026-04-02T12:31:38.509612
vishalG-addweb,skipped,IN,,0,7,2026-04-02T12:31:44.850481
fahimshahriyer,skipped,DE,,1,0,2026-04-02T12:31:54.370039
HuguesDelorme,skipped,FR,,0,0,2026-04-02T12:31:55.459812
Me-in-U,skipped,KR,,0,100,2026-04-02T12:31:59.000113
ariargenta,skipped,MX,,0,49,2026-04-02T12:32:07.059535
rverst,skipped,DE,,0,0,2026-04-02T12:32:10.436813
n-gao,skipped,DE,,1,0,2026-04-02T12:32:14.547805
ldlms,scored,FR,0.0415,10,45,2026-04-02T12:32:27.312191
fberrez,skipped,FR,,0,23,2026-04-02T12:32:42.726399
LalonSander,skipped,DE,,25,0,2026-04-02T12:32:48.430966
Mara-Li,skipped,FR,,0,0,2026-04-02T12:32:54.798812
9201314,skipped,CN,,32,4,2026-04-02T12:33:10.751525
CaelusKen,skipped,VN,,0,46,2026-04-02T12:33:25.280098
noam-avitan,error,IL,,,,2026-04-02T12:33:26.151489
andreasdr,skipped,DE,,0,4,2026-04-02T12:33:40.105261
sky-big,skipped,CN,,0,0,2026-04-02T12:33:43.628615
evanhearne,skipped,IE,,0,0,2026-04-02T12:33:56.861642
DinilKrishna,skipped,IN,,7,0,2026-04-02T12:34:09.332376
danmihaila,skipped,RO,,0,0,2026-04-02T12:34:10.371887
cyb3r-luckysant,skipped,IN,,0,100,2026-04-02T12:34:21.587957
dhkam1102,skipped,US,,0,54,2026-04-02T12:34:33.857617
NeuroCorgi,skipped,NL,,0,0,2026-04-02T12:34:47.634851
VitoIanhis,scored,BR,0.0413,31,56,2026-04-02T12:35:01.078015
yunho-c,skipped,US,,0,0,2026-04-02T12:35:08.477464
snoyberg,skipped,IL,,0,4,2026-04-02T12:35:21.919637
furiousteabag,skipped,GB,,0,0,2026-04-02T12:35:35.364657
uggoprince,skipped,NG,,0,2,2026-04-02T12:35:53.274292
Metameg,skipped,US,,25,0,2026-04-02T12:36:05.637687
jpechane,skipped,CZ,,0,0,2026-04-02T12:36:06.699391
stwiname,skipped,NZ,,0,0,2026-04-02T12:36:15.986208
tahmidrahman-dsi,skipped,BD,,0,0,2026-04-02T12:36:19.589024
minev-dev,skipped,US,,26,0,2026-04-02T12:36:22.970332
admin1-saurabh,skipped,IN,,0,7,2026-04-02T12:36:28.245817
null-qwerty,scored,CN,0.1036,32,57,2026-04-02T12:36:36.905497
emmaliefmann,skipped,FR,,0,0,2026-04-02T12:36:47.633823
mautini,skipped,FR,,5,0,2026-04-02T12:36:56.891314
MiguelCompany,skipped,ES,,22,0,2026-04-02T12:37:00.758058
Axot017,skipped,PL,,59,0,2026-04-02T12:37:07.782742
ycisir,skipped,IN,,0,89,2026-04-02T12:37:20.880405
eDeveloper132,skipped,PK,,7,1,2026-04-02T12:37:32.425688
benediktibk,skipped,AT,,3,0,2026-04-02T12:37:35.830732
minhphuong4203-bot,skipped,VN,,39,0,2026-04-02T12:37:48.523227
mikey242,skipped,NL,,0,0,2026-04-02T12:37:51.650703
gcobb321,scored,US,0.0497,22,72,2026-04-02T12:37:55.676672
casimir,skipped,FR,,0,0,2026-04-02T12:37:59.331761
jonypilatti,skipped,AR,,0,0,2026-04-02T12:38:00.427723
Kanasjnr,skipped,NG,,17,0,2026-04-02T12:38:11.702199
sekar3s,skipped,US,,0,100,2026-04-02T12:38:18.080325
shivamdhumal77,scored,IN,0.0971,5,20,2026-04-02T12:38:30.780436
ShailinXia,skipped,CN,,0,8,2026-04-02T12:38:34.920903
bulhoesgabriel,skipped,BR,,15,0,2026-04-02T12:38:49.885729
Sanrvallejo,skipped,CO,,0,42,2026-04-02T12:39:02.170918
SimonaSoloduha,skipped,RU,,0,0,2026-04-02T12:39:14.506744
AntonLED,scored,RU,0.1078,19,11,2026-04-02T12:39:25.007284
AlexanderIbrahim1,skipped,CA,,0,0,2026-04-02T12:39:34.860803
trungdoanhong,skipped,VN,,0,0,2026-04-02T12:39:48.927604
jpatton638,skipped,GB,,0,0,2026-04-02T12:39:59.483005
Kanchan20-Mandal,skipped,IN,,0,28,2026-04-02T12:40:13.549238
pgm-woutvande22,skipped,BE,,0,4,2026-04-02T12:40:16.782063
jo-inge-arnes,skipped,NO,,2,0,2026-04-02T12:40:22.651860
perry-mitchell,skipped,FI,,0,0,2026-04-02T12:40:34.449716
n2b8,skipped,US,,2,0,2026-04-02T12:40:43.956475
codingbysaikat,skipped,BD,,25,0,2026-04-02T12:40:55.699342
amirmrad,skipped,GB,,0,0,2026-04-02T12:41:07.838896
OFiDCrypt,skipped,CA,,0,100,2026-04-02T12:41:14.979749
ethicalhub,skipped,IN,,0,66,2026-04-02T12:41:22.594287
xadupre,skipped,FR,,0,0,2026-04-02T12:41:31.341632
younglim,skipped,SG,,0,0,2026-04-02T12:41:34.791784
13dpmotorsport,skipped,US,,0,100,2026-04-02T12:41:38.528106
redcontroller,skipped,KR,,0,0,2026-04-02T12:41:41.567051
dannymeijer,skipped,DE,,0,1,2026-04-02T12:41:49.123117
jimboid,skipped,GB,,0,80,2026-04-02T12:41:58.716751
syusui-s,skipped,JP,,11,2,2026-04-02T12:42:02.411790
zhangyu528,skipped,CN,,0,100,2026-04-02T12:42:08.090703
labib-islam,skipped,BD,,8,0,2026-04-02T12:42:19.562439
nasir19noor,skipped,ID,,0,0,2026-04-02T12:42:31.316299
woju,skipped,PL,,0,0,2026-04-02T12:42:34.440019
EmonHira135923,skipped,BD,,0,100,2026-04-02T12:42:38.209459
stuckie,skipped,GB,,0,0,2026-04-02T12:42:47.628771
ktm-m,skipped,TH,,11,0,2026-04-02T12:42:58.687860
ST10067544-Thato,skipped,ZA,,0,18,2026-04-02T12:43:08.568103
detlefarend,skipped,DE,,0,6,2026-04-02T12:43:13.703453
Gio-Mex,skipped,IT,,37,1,2026-04-02T12:43:25.276240
jeffkl,scored,US,0.1694,17,20,2026-04-02T12:43:33.159082
RKuttruff,skipped,US,,98,0,2026-04-02T12:43:41.516826
meteorqz6,skipped,KR,,0,100,2026-04-02T12:43:45.071899
rolandkakonyi,skipped,AT,,0,0,2026-04-02T12:43:50.156310
hanmilo,skipped,SG,,0,61,2026-04-02T12:44:01.994169
KiranGanji,skipped,IN,,0,0,2026-04-02T12:44:11.178995
dearluana,skipped,BR,,0,100,2026-04-02T12:44:15.347377
Abbondanzo,skipped,US,,0,0,2026-04-02T12:44:19.427178
AkashAdarsh,skipped,US,,1,0,2026-04-02T12:44:29.047202
juanfran,skipped,ES,,0,0,2026-04-02T12:44:41.239758
rakeshmalik91,skipped,IN,,0,9,2026-04-02T12:44:53.963764
nakamurakko,scored,JP,0.0788,16,81,2026-04-02T12:45:00.407014
farfun,skipped,CN,,0,0,2026-04-02T12:45:11.746948
luisfun,skipped,JP,,4,96,2026-04-02T12:45:20.623991
samchung95,skipped,SG,,25,3,2026-04-02T12:45:31.954336
swnakamura,skipped,JP,,0,100,2026-04-02T12:45:37.808156
schatto1,skipped,US,,0,0,2026-04-02T12:45:43.444344
kala-techies,skipped,IN,,0,9,2026-04-02T12:45:52.379712
adolfopa,scored,ES,0.0842,6,15,2026-04-02T12:45:59.983192
0x-jerry,skipped,CN,,0,0,2026-04-02T12:46:10.240001
mimowo,skipped,PL,,0,0,2026-04-02T12:46:13.698562
nasccped,skipped,BR,,0,100,2026-04-02T12:46:17.185723
JunyeolYu,skipped,KR,,42,0,2026-04-02T12:46:20.587524
akokoshn,skipped,RU,,0,0,2026-04-02T12:46:23.626678
worldart,skipped,GB,,0,12,2026-04-02T12:46:26.931814
surbyxan,skipped,SE,,0,100,2026-04-02T12:46:39.262890
AhmedShaabanAl-Saidi,skipped,EG,,0,4,2026-04-02T12:46:50.462921
elisa-lok,skipped,NZ,,4,21,2026-04-02T12:47:02.108092
YaronMiro,skipped,IL,,0,0,2026-04-02T12:47:13.824046
mak0551,skipped,IN,,11,0,2026-04-02T12:47:25.524282
chanondb,skipped,TH,,0,39,2026-04-02T12:47:32.885598
dexcompiler,skipped,NL,,0,0,2026-04-02T12:47:35.870888
thesongmartins,scored,NG,0.0637,5,41,2026-04-02T12:47:48.511877
mrebiai,scored,FR,0.044,32,13,2026-04-02T12:47:58.032240
torkelo,skipped,SE,,0,0,2026-04-02T12:47:59.034811
missionmike,skipped,US,,0,2,2026-04-02T12:48:12.575674
aniruddha-adhikary,skipped,SG,,0,0,2026-04-02T12:48:19.937639
David-coding-lab,skipped,NG,,0,48,2026-04-02T12:48:29.704034
CGR-X,skipped,AR,,0,39,2026-04-02T12:48:35.114118
PenHsuanWang,scored,TW,0.0699,6,81,2026-04-02T12:48:43.044940
mergwyn,skipped,GB,,0,100,2026-04-02T12:48:47.611732
richardpawson,skipped,GB,,0,0,2026-04-02T12:48:52.490739
jpvt-data,skipped,FR,,0,100,2026-04-02T12:48:56.728056
Pi3-l22,skipped,CN,,3,97,2026-04-02T12:49:02.378341
NeoCoderMatrix86,skipped,DE,,0,100,2026-04-02T12:49:06.977480
amanraj98523,skipped,IN,,0,5,2026-04-02T12:49:19.050313
zantvoort,skipped,NL,,0,0,2026-04-02T12:49:23.975464
itspooya,skipped,NL,,0,0,2026-04-02T12:49:32.969194
thomhurst,scored,GB,0.1963,18,30,2026-04-02T12:49:42.751440
gurux01,skipped,FI,,0,0,2026-04-02T12:49:43.676955
polok-dev98,skipped,BD,,48,4,2026-04-02T12:49:55.660044
SharifMinhazul,skipped,BD,,0,0,2026-04-02T12:50:01.041542
vRezn0v,skipped,IN,,0,0,2026-04-02T12:50:10.326911
chohner,skipped,DE,,2,0,2026-04-02T12:50:21.934467
Yuno0205,skipped,VN,,100,0,2026-04-02T12:50:31.628606
seonseo,skipped,KR,,0,0,2026-04-02T12:50:34.765382
benjaboyy,skipped,NL,,0,0,2026-04-02T12:50:46.080675
fido-node,skipped,IL,,0,7,2026-04-02T12:50:57.432871
LaQuay,skipped,ES,,0,0,2026-04-02T12:51:07.482897
mewim,skipped,CA,,0,0,2026-04-02T12:51:19.178123
laurenesco,scored,US,0.0392,36,8,2026-04-02T12:51:29.058538
franzluya,skipped,PH,,0,48,2026-04-02T12:51:38.834515
rudolfix,skipped,DE,,0,0,2026-04-02T12:51:45.765815
zyanham,skipped,JP,,0,100,2026-04-02T12:51:49.431011
onigoetz,scored,CH,0.0386,30,25,2026-04-02T12:51:54.076890
MuhammadJamee,skipped,PK,,0,0,2026-04-02T12:52:01.114870
DiverOfDark,skipped,DE,,14,0,2026-04-02T12:52:10.250636
tonycnsniper,skipped,CN,,0,0,2026-04-02T12:52:20.119362
boonebgorges,skipped,US,,0,60,2026-04-02T12:52:32.879902
scossar,skipped,CA,,0,0,2026-04-02T12:52:45.192657
YashAgrawal9265,skipped,US,,0,0,2026-04-02T12:52:51.019518
Sankalpjadhav,skipped,IN,,8,0,2026-04-02T12:53:02.101321
adrianM27,skipped,PL,,0,0,2026-04-02T12:53:03.137122
BelalHashem007,skipped,EG,,0,20,2026-04-02T12:53:10.430778
YanisLalou,skipped,FR,,3,0,2026-04-02T12:53:14.635215
Enk0rt,skipped,UA,,7,4,2026-04-02T12:53:26.795602
woolimi,skipped,KR,,0,4,2026-04-02T12:53:38.575311
AnaZonia,skipped,CA,,3,96,2026-04-02T12:53:48.719571
mads256h,skipped,DK,,0,14,2026-04-02T12:54:00.999820
FirehawkV21,skipped,GR,,5,2,2026-04-02T12:54:11.620340
SomethingNew71,skipped,US,,0,0,2026-04-02T12:54:17.460005
NeelanshaAgarwal,skipped,IN,,0,100,2026-04-02T12:54:23.795763
aditipaitandy,skipped,IN,,0,25,2026-04-02T12:54:35.465525
bsweeney,skipped,US,,0,0,2026-04-02T12:54:36.470935
srour77,skipped,EG,,18,0,2026-04-02T12:54:48.559446
Neluxx,scored,CH,0.1488,10,50,2026-04-02T12:54:55.114137
pavelglac,skipped,CZ,,2,0,2026-04-02T12:55:04.392298
gorenganhunter,skipped,ID,,0,0,2026-04-02T12:55:05.835452
keshxvdayal,skipped,IN,,0,0,2026-04-02T12:55:17.093098
emreOytun,skipped,TR,,29,0,2026-04-02T12:55:29.043249
prisle123,scored,CN,0.0316,62,38,2026-04-02T12:55:36.348957
MuriloHMoreira,skipped,BR,,0,63,2026-04-02T12:55:42.226223
ryanwelan,error,GB,,,,2026-04-02T12:55:43.115255
faeiiz,skipped,IN,,0,34,2026-04-02T12:55:54.749025
dwjclark11,skipped,CA,,83,4,2026-04-02T12:56:04.649513
pat-alt,skipped,NL,,7,2,2026-04-02T12:56:14.540264
DanielCChen,skipped,CA,,0,0,2026-04-02T12:56:15.505748
praveenkumarreddy18,skipped,IN,,0,33,2026-04-02T12:56:25.544093
Yusef-Ahmed,scored,EG,0.0406,29,24,2026-04-02T12:56:35.835970
lbthomsen,skipped,MY,,0,0,2026-04-02T12:56:41.111347
michalkleiner,skipped,NZ,,0,0,2026-04-02T12:56:42.168600
nkuehnel,skipped,DE,,0,0,2026-04-02T12:56:43.307386
HarshadDGhorpade-eaton,skipped,IN,,0,0,2026-04-02T12:56:44.291196
AntonRassanov,skipped,SE,,0,27,2026-04-02T12:56:56.198479
kmdalton,skipped,US,,0,0,2026-04-02T12:57:05.908774
GHOST117s,skipped,IN,,1,0,2026-04-02T12:57:15.435230
derknorton,skipped,US,,60,0,2026-04-02T12:57:22.990377
horta,skipped,GB,,0,0,2026-04-02T12:57:26.358417
TrystVar,skipped,SE,,19,0,2026-04-02T12:57:35.764803
vovac12,skipped,TW,,0,0,2026-04-02T12:57:45.769170
Sabin-Gurung,skipped,ES,,0,0,2026-04-02T12:57:59.356778
sh0n1n,scored,UA,0.1119,52,7,2026-04-02T12:58:11.802681
Yogesh07050,skipped,IN,,0,22,2026-04-02T12:58:21.701091
mibrahim05,skipped,IN,,13,0,2026-04-02T12:58:31.360065
MargaritaPekutovska,skipped,DE,,0,97,2026-04-02T12:58:38.105304
jahcr1,skipped,AR,,0,100,2026-04-02T12:58:50.129486
chase-kimball,skipped,US,,1,0,2026-04-02T12:59:00.172355
koizu-mkII,error,JP,,,,2026-04-02T12:59:01.040291
valentina2209,skipped,UA,,0,68,2026-04-02T12:59:12.986847
aadarshb123,skipped,US,,2,37,2026-04-02T12:59:22.884813
agusherrera99,skipped,AR,,0,100,2026-04-02T12:59:30.837483
zsniko,scored,FR,0.0395,32,28,2026-04-02T12:59:43.272706
ferilab,skipped,CA,,0,0,2026-04-02T12:59:54.409115
Tr00d,skipped,FR,,30,0,2026-04-02T13:00:02.944579
Quae03,scored,ZA,0.1706,18,25,2026-04-02T13:00:15.737238
thorwhalen,skipped,US,,0,0,2026-04-02T13:00:23.098617
Ali-Jakhar,skipped,PK,,0,1,2026-04-02T13:00:32.573459
sekiguchi-nagisa,skipped,JP,,0,0,2026-04-02T13:00:39.631854
StarSein,scored,KR,0.0828,10,90,2026-04-02T13:00:45.625961
henrij22,scored,DE,0.0636,6,11,2026-04-02T13:00:51.289451
gscafo78,skipped,IT,,0,39,2026-04-02T13:01:04.410069
alexy-ok,scored,US,0.041,17,60,2026-04-02T13:01:16.880727
jgainerdewar,skipped,US,,0,0,2026-04-02T13:01:20.166657
olubisifolarin,skipped,GB,,26,0,2026-04-02T13:01:32.193444
Ranjan2104,skipped,IN,,0,0,2026-04-02T13:01:35.779626
DanOlner,skipped,GB,,0,2,2026-04-02T13:01:47.069821
skailasa,skipped,GB,,6,2,2026-04-02T13:01:50.637572
juliomurta,skipped,BR,,0,0,2026-04-02T13:01:51.739843
ahsen7,skipped,PK,,0,14,2026-04-02T13:02:03.262759
mdmhrz,skipped,BD,,0,10,2026-04-02T13:02:14.349593
Strift,skipped,TW,,0,0,2026-04-02T13:02:22.634311
mmazanec22,skipped,US,,0,0,2026-04-02T13:02:26.399480
DataBoyTX,skipped,US,,0,0,2026-04-02T13:02:27.483868
gasparnagy,skipped,HU,,0,0,2026-04-02T13:02:30.557650
PhialsBasement,skipped,AU,,0,13,2026-04-02T13:02:42.254122
viceice,skipped,DE,,13,3,2026-04-02T13:02:50.703497
niazwazir,skipped,PK,,4,0,2026-04-02T13:02:56.629894
bertschneider,skipped,DE,,0,0,2026-04-02T13:03:07.378144
iremrakicii,skipped,TR,,0,12,2026-04-02T13:03:18.778383
Hitheshaum,skipped,US,,0,0,2026-04-02T13:03:29.887737
shaag7967,skipped,DE,,0,0,2026-04-02T13:03:30.957002
Changi-Im,skipped,KR,,22,0,2026-04-02T13:03:42.765032
eMarkoozUK,skipped,IE,,0,67,2026-04-02T13:03:55.000662
zhugecaomao,skipped,SG,,0,0,2026-04-02T13:04:00.060133
tapishr,skipped,IN,,0,0,2026-04-02T13:04:11.396805
prisis,scored,DE,0.0603,24,18,2026-04-02T13:04:22.405410
DavidsonGomes,skipped,BR,,0,0,2026-04-02T13:04:29.808828
Yashgupta9330,skipped,IN,,11,0,2026-04-02T13:04:41.375598
newoatsoca,skipped,US,,0,17,2026-04-02T13:04:51.336511
Huzaifa206,skipped,PK,,0,21,2026-04-02T13:05:03.055383
RMV-Coder,scored,PH,0.0264,52,7,2026-04-02T13:05:15.111970
TangLinJie,skipped,CN,,3,6,2026-04-02T13:05:24.650010
jgaNet,skipped,FR,,0,0,2026-04-02T13:05:36.221630
nmcguinness,skipped,IE,,6,0,2026-04-02T13:05:49.348237
Sag3Advic3,skipped,CA,,0,10,2026-04-02T13:06:00.745708
Corso19,scored,RO,0.0811,35,10,2026-04-02T13:06:12.760797
hugopeek,skipped,PH,,0,0,2026-04-02T13:06:15.874526
dantecatalfamo,skipped,CA,,0,0,2026-04-02T13:06:25.692183
nylanisya,skipped,ID,,2,11,2026-04-02T13:06:30.962096
anviar,skipped,RU,,0,0,2026-04-02T13:06:42.451448
hugowetterberg,skipped,SE,,0,0,2026-04-02T13:06:54.423581
hello-chloe-seoyeong,skipped,CA,,0,38,2026-04-02T13:07:06.270284
tejas-contentstack,scored,IN,0.0396,11,21,2026-04-02T13:07:12.109027
Duma107,skipped,ZA,,0,16,2026-04-02T13:07:19.085944
yrahul3910,skipped,US,,0,0,2026-04-02T13:07:30.978584
seanparkross,skipped,PT,,0,20,2026-04-02T13:07:38.302718
ounospanas,skipped,GR,,0,0,2026-04-02T13:07:49.710002
SalalSaleem,skipped,PK,,0,23,2026-04-02T13:08:01.057621
ShitalAdhikari,skipped,US,,0,0,2026-04-02T13:08:04.316526
itsmerajit,skipped,IN,,0,0,2026-04-02T13:08:10.080698
MaisClement,scored,FR,0.0296,45,30,2026-04-02T13:08:23.575519
MullerUA,skipped,UA,,4,0,2026-04-02T13:08:26.722940
gamblevore,skipped,GB,,2,0,2026-04-02T13:08:30.236151
gravesti,skipped,CH,,19,0,2026-04-02T13:08:33.423639
Beshr22,skipped,NL,,20,0,2026-04-02T13:08:45.380959
tashrique,scored,US,0.0368,88,12,2026-04-02T13:09:02.010615
miseminger,skipped,CA,,0,0,2026-04-02T13:09:13.516354
roylaurie,skipped,US,,0,10,2026-04-02T13:09:19.756754
redmo53,skipped,FR,,3,12,2026-04-02T13:09:25.089825
fv-c,scored,IT,0.0366,16,28,2026-04-02T13:09:37.656290
bee1an,skipped,CN,,0,100,2026-04-02T13:09:43.542462
MySelly,skipped,TR,,0,18,2026-04-02T13:10:19.915677
luap42,skipped,DE,,0,0,2026-04-02T13:10:28.932444
syntaxdesigner01,scored,NG,0.1544,84,16,2026-04-02T13:10:40.492770
Hinton,skipped,SE,,0,0,2026-04-02T13:10:52.174556
Keerthana2802,skipped,IN,,0,18,2026-04-02T13:11:03.881286
knopp,skipped,CZ,,5,0,2026-04-02T13:11:14.034247
anoxle,skipped,US,,0,100,2026-04-02T13:11:17.855474
SumeetP96,skipped,IN,,0,100,2026-04-02T13:11:23.654049
ArchAngelDavi,skipped,NG,,0,36,2026-04-02T13:11:36.261288
geffzhang,skipped,CN,,0,0,2026-04-02T13:11:39.300756
metalmatze,skipped,DE,,0,0,2026-04-02T13:11:47.412747
arjun-ramaswamy,scored,GB,0.0476,7,10,2026-04-02T13:11:54.681063
Prasanth595,scored,IN,0.0315,12,7,2026-04-02T13:12:07.055538
juanpabloinformatica,scored,FR,0.1061,10,9,2026-04-02T13:12:18.768820
kai-niemi,scored,SE,0.0246,73,27,2026-04-02T13:12:22.307049
jscouller09,skipped,NZ,,0,0,2026-04-02T13:12:32.460925
digitalghost-dev,scored,US,0.0351,84,16,2026-04-02T13:12:41.423318
saikumar1752,skipped,IN,,0,42,2026-04-02T13:12:53.432418
tushar-corbic,skipped,US,,0,0,2026-04-02T13:13:05.089698
g-whittington,scored,US,0.1161,11,33,2026-04-02T13:13:12.830512
banana6boom,skipped,RU,,0,0,2026-04-02T13:13:20.428119
SuperGoldenZ,skipped,JP,,0,0,2026-04-02T13:13:28.366289
SecretDeveloper,skipped,IE,,0,0,2026-04-02T13:13:34.036178
MonicaDuToit,skipped,AU,,0,0,2026-04-02T13:13:34.978419
tinnytoon8,scored,ID,0.0317,8,31,2026-04-02T13:13:47.617451
travisbrown,skipped,DE,,0,0,2026-04-02T13:13:55.696279
gvenzl,skipped,US,,6,3,2026-04-02T13:14:07.990467
ErebusAres,skipped,US,,92,0,2026-04-02T13:14:15.753777
rifqanzalbina,skipped,ID,,2,98,2026-04-02T13:14:20.312242
thisguymartin,skipped,US,,0,0,2026-04-02T13:14:31.606417
makowskid,skipped,SG,,4,1,2026-04-02T13:14:37.587637
taketheking,skipped,KR,,0,50,2026-04-02T13:14:47.506761
TheVeryDarkness,skipped,CN,,0,0,2026-04-02T13:14:51.000042
adityjoshi,scored,IN,0.0234,47,38,2026-04-02T13:14:57.248125
Shchepotin,skipped,UA,,0,0,2026-04-02T13:15:07.417600
Caesarovich,skipped,FR,,0,0,2026-04-02T13:15:19.812144
pacmancoder,skipped,UA,,0,0,2026-04-02T13:15:29.244912
HarHarLinks,skipped,DE,,0,0,2026-04-02T13:15:36.689769
mostafa-saeed,skipped,EG,,0,0,2026-04-02T13:15:46.055344
osb403,error,DE,,,,2026-04-02T13:15:46.942885
MiaAltieri,skipped,DE,,0,0,2026-04-02T13:15:54.272025
mmamei,scored,IT,0.0675,24,19,2026-04-02T13:16:06.007871
Loqor,skipped,US,,5,0,2026-04-02T13:16:17.606332
Dkingofcode,skipped,NG,,5,0,2026-04-02T13:16:29.508694
KaregiFionaa,skipped,KE,,0,0,2026-04-02T13:16:30.613058
pianist-in-tech,skipped,US,,24,0,2026-04-02T13:16:43.339668
gvbsxmoon,scored,IT,0.0709,19,49,2026-04-02T13:16:55.798803
survived,skipped,FR,,0,0,2026-04-02T13:16:58.796175
robert-werner,skipped,RU,,0,0,2026-04-02T13:17:06.168966
Artematrr,skipped,RU,,97,3,2026-04-02T13:17:12.179909
MagicTeaMC,skipped,TW,,29,0,2026-04-02T13:17:25.055028
cyriacjohn,skipped,IN,,0,100,2026-04-02T13:17:35.557637
hbenaissa,skipped,FR,,9,0,2026-04-02T13:17:41.022938
mwiewior,skipped,PL,,0,0,2026-04-02T13:17:48.188194
nick225599,skipped,CN,,100,0,2026-04-02T13:17:56.110977
name-mun,skipped,KR,,0,15,2026-04-02T13:18:07.388494
safee31,error,PK,,,,2026-04-02T13:18:08.280052
chapter911,skipped,ID,,13,0,2026-04-02T13:18:17.382623
athisayathasanthomars,skipped,LK,,6,0,2026-04-02T13:18:28.530035
AnesGoutel,skipped,DE,,0,22,2026-04-02T13:18:38.371124
DavideDiCaprio,scored,IT,0.033,88,12,2026-04-02T13:18:51.494361
amorynan,skipped,CN,,0,0,2026-04-02T13:19:00.606094
SchlittDataSci,scored,US,0.0851,7,35,2026-04-02T13:19:11.445994
tomfaria26,skipped,BR,,0,100,2026-04-02T13:19:15.103539
MollyJeanB,skipped,US,,0,0,2026-04-02T13:19:24.431663
riceric22,skipped,US,,0,0,2026-04-02T13:19:31.758715
Chiqui1234ok,skipped,AR,,0,0,2026-04-02T13:19:41.182115
LinusBongen,skipped,DE,,0,83,2026-04-02T13:19:46.989519
ovchingus,skipped,RU,,0,0,2026-04-02T13:19:59.043168
C-NikhilKarthik,skipped,IN,,2,3,2026-04-02T13:20:02.280599
oderahub,skipped,NG,,1,1,2026-04-02T13:20:09.479822
tjb-altf4,skipped,AU,,0,37,2026-04-02T13:20:17.941857
xiezhq-hermann,skipped,US,,0,0,2026-04-02T13:20:28.139911
luisgcode,skipped,CA,,0,0,2026-04-02T13:20:39.535746
sapayth,skipped,BD,,0,0,2026-04-02T13:20:50.812994
thesoumisamanta,skipped,IN,,0,18,2026-04-02T13:21:03.154552
pvfarooq,skipped,IN,,13,0,2026-04-02T13:21:08.961066
andresilva,skipped,PT,,0,0,2026-04-02T13:21:14.200119
sequencemedialimited,skipped,GB,,0,0,2026-04-02T13:21:26.079797
alex-toy,skipped,FR,,0,0,2026-04-02T13:21:38.204324
altota90,skipped,GB,,0,6,2026-04-02T13:21:47.653520
tpcollins,skipped,US,,0,0,2026-04-02T13:21:58.817124
Yus127,skipped,MX,,0,0,2026-04-02T13:22:11.964752
baywet,skipped,CA,,1,0,2026-04-02T13:22:24.062554
Labani4321,skipped,IN,,0,100,2026-04-02T13:22:34.330887
drojaslopez,skipped,CL,,0,39,2026-04-02T13:22:46.886875
cubernetes,skipped,DE,,22,0,2026-04-02T13:22:57.058767
dotubutis,skipped,CA,,34,1,2026-04-02T13:23:06.761651
andreyvelich,skipped,GB,,0,0,2026-04-02T13:23:07.943814
Yifei-Xiong,skipped,US,,0,0,2026-04-02T13:23:16.047789
Ayries18,skipped,ID,,0,10,2026-04-02T13:23:26.648613
yongliang-wu,scored,CN,0.0596,6,94,2026-04-02T13:23:34.791317
geoffbrucepayne,skipped,CA,,0,0,2026-04-02T13:23:38.234309
Kentangz,skipped,ID,,0,100,2026-04-02T13:23:50.978471
ketutardika,scored,ID,0.167,19,81,2026-04-02T13:24:04.722354
ColinMelendez,skipped,US,,2,92,2026-04-02T13:24:15.550549
audiocomp,scored,GB,0.0404,18,37,2026-04-02T13:24:24.779930
bobcoenradi,skipped,AU,,0,23,2026-04-02T13:24:32.129261
maxgreive,skipped,DE,,8,1,2026-04-02T13:24:45.642355
madhavrjha,skipped,IN,,0,0,2026-04-02T13:24:54.766522
kaushalkhatiwada,skipped,NP,,0,100,2026-04-02T13:25:04.525152
lisadebona,skipped,US,,0,0,2026-04-02T13:25:09.981239
PaulMacNichol,skipped,US,,1,4,2026-04-02T13:25:19.554500
mathieurobert1,skipped,FR,,0,100,2026-04-02T13:25:23.685644
TobiasWallner,skipped,AT,,97,2,2026-04-02T13:25:29.353612
alex-meseldzija-sonarsource,skipped,CH,,0,83,2026-04-02T13:25:34.888717
shine-jung,skipped,KR,,10,3,2026-04-02T13:25:44.374676
Mahdi90s,skipped,GB,,0,100,2026-04-02T13:25:48.130655
timosarkar,skipped,CH,,0,100,2026-04-02T13:25:54.122756
vstinner,skipped,FR,,0,0,2026-04-02T13:26:00.994841
kasnerz,scored,CZ,0.0366,42,50,2026-04-02T13:26:07.396026
Luap99,skipped,DE,,0,0,2026-04-02T13:26:08.470122
Basilisk2061,skipped,NP,,0,21,2026-04-02T13:26:20.178168
InsightfulParasite,skipped,US,,0,0,2026-04-02T13:26:21.249917
MyungWanPark,skipped,KR,,0,0,2026-04-02T13:26:29.239595
felipealu,skipped,BR,,0,67,2026-04-02T13:26:41.168925
Tiriel,skipped,FR,,0,0,2026-04-02T13:26:46.565145
hasib9-99,skipped,BD,,0,0,2026-04-02T13:26:57.665184
mudit-postman,skipped,IN,,7,3,2026-04-02T13:27:06.058864
TylerJDev,skipped,US,,0,0,2026-04-02T13:27:17.070134
ronithussain,skipped,BD,,0,15,2026-04-02T13:27:28.284043
artifactz,skipped,DE,,0,0,2026-04-02T13:27:35.936524
andreasgerstmayr,skipped,AT,,0,0,2026-04-02T13:27:39.086553
jsilll,skipped,IE,,57,0,2026-04-02T13:27:47.625185
Mdaiki0730,skipped,JP,,1,0,2026-04-02T13:27:59.176764
wjrforcyber,skipped,CN,,4,3,2026-04-02T13:28:09.501494
emnlc,skipped,US,,3,42,2026-04-02T13:28:19.297882
Brandon-T,skipped,CA,,0,0,2026-04-02T13:28:30.513968
huneeJung,scored,KR,0.0741,10,90,2026-04-02T13:28:36.306159
carterm,skipped,US,,0,100,2026-04-02T13:28:40.440009
fabianmurariu,skipped,GB,,0,0,2026-04-02T13:28:45.667380
tigorlazuardi,skipped,ID,,0,0,2026-04-02T13:28:57.693195
hiiamhip,skipped,VN,,0,27,2026-04-02T13:29:09.239274
s1kle,error,RU,,,,2026-04-02T13:29:10.110386
BconstantMMK,skipped,FR,,0,0,2026-04-02T13:29:15.583090
hasenbanck,skipped,DE,,0,0,2026-04-02T13:29:23.427576
wangyan,skipped,CN,,0,0,2026-04-02T13:29:34.325074
caballeto,skipped,UA,,0,0,2026-04-02T13:29:40.108599
jocile,skipped,BR,,0,0,2026-04-02T13:29:52.234372
larsewi,scored,NO,0.0298,38,39,2026-04-02T13:30:00.630173
saineshnakra,skipped,US,,1,0,2026-04-02T13:30:07.948154
sagecodes,skipped,US,,0,0,2026-04-02T13:30:19.836751
jozfre,skipped,MY,,20,0,2026-04-02T13:30:31.500264
CameronHN,skipped,ZA,,0,13,2026-04-02T13:30:43.291692
SQuevedoRojo,skipped,ES,,0,7,2026-04-02T13:30:54.769568
dzuelke,skipped,DE,,0,0,2026-04-02T13:30:55.869185
jihyeon-kimy,skipped,KR,,8,0,2026-04-02T13:30:59.269581
satweek-gohel,skipped,IN,,5,1,2026-04-02T13:31:11.100834
alexsigaras,skipped,US,,1,0,2026-04-02T13:31:19.424666
vaclavbohac,skipped,ES,,0,0,2026-04-02T13:31:29.063991
Pavan-gr07,skipped,IN,,19,0,2026-04-02T13:31:40.498354
vishweshwaraiah,skipped,IN,,0,0,2026-04-02T13:31:50.312452
lucabeisel,skipped,DE,,0,0,2026-04-02T13:31:51.371035
heyder,skipped,CH,,0,0,2026-04-02T13:31:58.824415
rasmussvala,scored,SE,0.0621,28,72,2026-04-02T13:32:02.614239
thingineeer,scored,KR,0.1153,94,6,2026-04-02T13:32:10.922772
PiotrWieczorek98,error,PL,,,,2026-04-02T13:32:11.794636
electrikbox,skipped,FR,,100,0,2026-04-02T13:32:23.432791
pkj7323,scored,KR,0.0697,27,73,2026-04-02T13:32:31.708367
trungntm,skipped,VN,,0,0,2026-04-02T13:32:34.745011
Yinsight,skipped,US,,0,0,2026-04-02T13:32:42.404268
Goul4sh,skipped,PL,,0,70,2026-04-02T13:32:54.599551
Rankoll,scored,IT,0.1074,44,9,2026-04-02T13:33:00.802564
eszpee,scored,HU,0.0759,36,14,2026-04-02T13:33:07.374269
msporny,skipped,US,,0,0,2026-04-02T13:33:16.742782
StoryXUK,skipped,GB,,0,0,2026-04-02T13:33:27.696061
mannubhai1,skipped,IN,,5,0,2026-04-02T13:33:36.798754
karnelll,skipped,KR,,0,100,2026-04-02T13:33:40.339829
Ravishyamsingh,skipped,IN,,0,100,2026-04-02T13:33:44.084896
idling-mind,skipped,SE,,0,0,2026-04-02T13:33:47.582059
emoya-up,skipped,DE,,0,1,2026-04-02T13:33:52.718395
sovereigntlabs,skipped,IN,,0,20,2026-04-02T13:34:05.299348
seoyoung7623,skipped,KR,,0,100,2026-04-02T13:34:08.768399
psypherion,skipped,IN,,0,0,2026-04-02T13:34:19.949750
QuentinTessier,skipped,FR,,0,0,2026-04-02T13:34:30.100548
jacquev6,skipped,FR,,0,0,2026-04-02T13:34:33.656638
RuntaoZhuge,skipped,AU,,18,3,2026-04-02T13:34:45.474000
sritchie,skipped,US,,0,0,2026-04-02T13:34:54.296199
Vitriol1744,skipped,PL,,0,100,2026-04-02T13:34:58.033701
ayorich,skipped,NG,,0,0,2026-04-02T13:35:03.694897
mlguerrero12,skipped,NL,,0,0,2026-04-02T13:35:04.717199
jgiannuzzi,skipped,GB,,0,0,2026-04-02T13:35:05.785410
f-fathurrahman,skipped,ID,,5,0,2026-04-02T13:35:09.270641
namor5772,skipped,AU,,11,2,2026-04-02T13:35:15.815751
voncloft,skipped,US,,0,69,2026-04-02T13:35:21.650320
mertbogus,skipped,TR,,0,0,2026-04-02T13:35:33.539512
Maikuolan,skipped,AU,,9,4,2026-04-02T13:35:39.223733
dhaselhan,skipped,CA,,0,0,2026-04-02T13:35:45.304842
Portavion,skipped,GB,,0,59,2026-04-02T13:35:57.444828
AlexSzefezuk,scored,BR,0.0471,30,70,2026-04-02T13:36:10.372873
DaiZhiyuan,skipped,CN,,0,0,2026-04-02T13:36:11.519580
iamshubhp,skipped,CA,,0,56,2026-04-02T13:36:23.561369
leafbird,scored,KR,0.096,10,76,2026-04-02T13:36:30.309352
trydofor,skipped,CN,,1,0,2026-04-02T13:36:37.556368
KateSkomorokhova,skipped,RU,,0,4,2026-04-02T13:36:40.622567
RIJAN-GH,skipped,NP,,0,77,2026-04-02T13:36:53.840976
IvanLeffalle,scored,AR,0.0562,71,29,2026-04-02T13:37:04.376100
Yashparmar1125,skipped,IN,,0,100,2026-04-02T13:37:14.313307
IsaiasFernandes,skipped,BR,,0,0,2026-04-02T13:37:27.879647
thefatdeveloper,skipped,IN,,3,16,2026-04-02T13:37:37.874643
xlionjuan,scored,TW,0.147,6,61,2026-04-02T13:37:44.541170
NabihA-FullStackDev,skipped,FR,,0,0,2026-04-02T13:37:56.546441
PatsFerrer,skipped,BR,,78,0,2026-04-02T13:38:08.521778
MatiFiordelli,skipped,AR,,38,0,2026-04-02T13:38:21.486201
elliotwutingfeng,skipped,SG,,0,0,2026-04-02T13:38:27.166963
Ashex,skipped,DE,,28,0,2026-04-02T13:38:30.839404
mustafazeydani,skipped,TR,,37,0,2026-04-02T13:38:42.791396
Skordio,scored,US,0.0973,81,19,2026-04-02T13:38:50.719870
MahbubHS,skipped,BD,,0,74,2026-04-02T13:39:04.026046
devgugga,skipped,BR,,3,31,2026-04-02T13:39:16.355601
8ARTEZZIO,skipped,GB,,0,100,2026-04-02T13:39:24.898480
BoYanZh,skipped,US,,0,0,2026-04-02T13:39:35.399155
unsiteavous,skipped,FR,,0,19,2026-04-02T13:39:47.368503
erikcovarru,error,ES,,,,2026-04-02T13:39:48.231501
alalvarez29,skipped,CO,,0,0,2026-04-02T13:39:55.489993
jbaikge,skipped,US,,0,0,2026-04-02T13:40:06.877941
Devjibs,skipped,GB,,0,0,2026-04-02T13:40:18.826076
mihailtudos,skipped,GB,,0,0,2026-04-02T13:40:32.262676
HamadaFMahdi,skipped,GB,,0,0,2026-04-02T13:40:41.315140
R-Sandor,skipped,US,,0,0,2026-04-02T13:40:52.331456
estebanm30,skipped,CO,,5,0,2026-04-02T13:41:01.594469
19taurus79,skipped,UA,,39,0,2026-04-02T13:41:08.991062
DataBells,skipped,FR,,0,95,2026-04-02T13:41:21.600420
starreeze,scored,CN,0.036,14,5,2026-04-02T13:41:33.047343
Aglargil,scored,CN,0.0337,7,7,2026-04-02T13:41:40.289398
Pajju54,scored,IN,0.0408,9,24,2026-04-02T13:41:51.771038
perfect7613,skipped,IN,,20,4,2026-04-02T13:42:01.185247
NickBwalley,skipped,US,,0,0,2026-04-02T13:42:12.730164
j3m7,skipped,US,,4,0,2026-04-02T13:42:18.050887
rogigs,skipped,BR,,0,0,2026-04-02T13:42:29.580227
richard-robotics,skipped,US,,0,0,2026-04-02T13:42:30.661300
Nordup,skipped,VN,,0,0,2026-04-02T13:42:38.503252
kdcokenny,skipped,US,,12,0,2026-04-02T13:42:45.837484
serezha-goncharov,skipped,RU,,0,8,2026-04-02T13:42:51.353640
Gaurav-banwal,skipped,IN,,0,77,2026-04-02T13:43:03.707468
rgkjhshi,skipped,CN,,1,0,2026-04-02T13:43:11.134852
bedla,skipped,CZ,,0,0,2026-04-02T13:43:14.546304
wvogel00,skipped,JP,,0,0,2026-04-02T13:43:20.200804
yrunhaar,skipped,NL,,0,28,2026-04-02T13:43:28.317596
gcko,scored,TW,0.3635,19,62,2026-04-02T13:43:32.594136
cyrilschreiber3,skipped,CH,,86,0,2026-04-02T13:43:43.163202
daniharmade,scored,ID,0.044,21,77,2026-04-02T13:43:55.903281
FAITH-ORAN,scored,FR,0.0544,17,7,2026-04-02T13:44:07.438588
cdaguerre,skipped,FR,,0,0,2026-04-02T13:44:14.430736
gabrielfernando01,scored,MX,0.0285,42,58,2026-04-02T13:44:22.560790
audaciouscode,skipped,US,,0,0,2026-04-02T13:44:34.305078
jvictordev1,scored,BR,0.0263,32,6,2026-04-02T13:44:45.832712
lukaz-alves,skipped,BR,,0,80,2026-04-02T13:44:57.233402
GarvitSingh05,skipped,IN,,18,1,2026-04-02T13:45:08.354633
zzstoatzz,skipped,US,,0,0,2026-04-02T13:45:20.343132
ansjcy,skipped,US,,0,0,2026-04-02T13:45:28.042654
1abdelhalim,skipped,EG,,18,0,2026-04-02T13:45:39.668810
leemthompo,skipped,FR,,5,0,2026-04-02T13:45:43.944727
klatschenderaffe,skipped,DE,,0,56,2026-04-02T13:45:53.774437
ryanyogan,skipped,US,,0,0,2026-04-02T13:46:01.545385
gwynethguo,scored,SG,0.0325,31,5,2026-04-02T13:46:09.209435
Maiki2002,skipped,MX,,55,1,2026-04-02T13:46:21.660034
Zanko-WRM,skipped,US,,0,72,2026-04-02T13:46:27.597476
j-nary,skipped,KR,,0,100,2026-04-02T13:46:30.939288
apurvabhide17,skipped,IN,,0,1,2026-04-02T13:46:34.001959
aakanksha555,skipped,US,,0,0,2026-04-02T13:46:34.920472
govind2006,skipped,IN,,0,0,2026-04-02T13:46:47.604518
skzaffarekbal,skipped,IN,,0,0,2026-04-02T13:46:56.551819
bmw,skipped,US,,0,0,2026-04-02T13:46:59.902178
sagarshirtode,skipped,IN,,2,0,2026-04-02T13:47:11.053081
josh-justjosh,skipped,GB,,0,0,2026-04-02T13:47:20.702418
Gabrola,skipped,AE,,0,0,2026-04-02T13:47:25.691943
willianpauli,error,BR,,,,2026-04-02T13:47:26.567738
zlyfunction,skipped,US,,0,0,2026-04-02T13:47:29.962542
lolitoooo,scored,FR,0.0948,48,48,2026-04-02T13:47:43.544041
Snowiiii,scored,DE,0.0404,76,18,2026-04-02T13:47:56.001353
SolAndriani,skipped,AR,,0,70,2026-04-02T13:48:07.647945
leekelleher,skipped,GB,,0,0,2026-04-02T13:48:19.264105
sudhanv09,skipped,TW,,23,0,2026-04-02T13:48:29.240375
edoardottt,skipped,IT,,27,2,2026-04-02T13:48:37.521671
iamRajatSharma,scored,IN,0.0335,38,25,2026-04-02T13:48:47.519944
Athira2907,skipped,IN,,3,13,2026-04-02T13:48:58.944148
AdrianOrtiga,skipped,ES,,0,0,2026-04-02T13:49:06.262469
eldaroid,skipped,RU,,0,0,2026-04-02T13:49:18.691180
FAXES,skipped,AU,,2,0,2026-04-02T13:49:31.541953
crisjf,skipped,US,,0,0,2026-04-02T13:49:39.166401
VoidKeishi,scored,VN,0.0249,78,22,2026-04-02T13:49:52.043283
Reyganstorm,skipped,RU,,2,0,2026-04-02T13:50:03.557063
ramya487,scored,IN,0.1205,10,90,2026-04-02T13:50:11.633577
MBDomingues,skipped,BR,,0,77,2026-04-02T13:50:23.904007
milewskibogumil,skipped,PL,,4,96,2026-04-02T13:50:33.913634
rayhanfay,skipped,ID,,0,14,2026-04-02T13:50:43.342746
ShlKan,skipped,DE,,0,2,2026-04-02T13:50:48.870634
davidero1,skipped,NG,,0,100,2026-04-02T13:50:56.463602
mihye0924,skipped,KR,,99,1,2026-04-02T13:51:00.037166
khoroshevskyi,skipped,US,,20,0,2026-04-02T13:51:12.274315
bdbmax,skipped,CA,,0,0,2026-04-02T13:51:13.565996
tmds,skipped,BE,,2,0,2026-04-02T13:51:24.032647
vantage-ola,skipped,NG,,1,0,2026-04-02T13:51:33.697782
Cgolling,skipped,CH,,0,61,2026-04-02T13:51:41.830465
keanugithub,skipped,PH,,0,100,2026-04-02T13:51:45.669609
dev-nirob1,scored,BD,0.0415,13,15,2026-04-02T13:51:57.338466
volnamax,skipped,RU,,47,1,2026-04-02T13:52:08.822582
DarkAutumn,skipped,US,,0,100,2026-04-02T13:52:13.641813
kuanmol,skipped,IN,,0,79,2026-04-02T13:52:21.379716
danelkhen,skipped,NL,,0,0,2026-04-02T13:52:29.171659
Nilssoni,skipped,FI,,0,95,2026-04-02T13:52:40.087347
tcl3,skipped,GB,,100,0,2026-04-02T13:52:43.535384
jermainedilao,skipped,NL,,0,0,2026-04-02T13:52:49.077053
87Meng,skipped,TW,,0,32,2026-04-02T13:52:58.523813
agricolamz,skipped,RU,,0,0,2026-04-02T13:53:08.340074
jabedomorbappi,skipped,BD,,0,0,2026-04-02T13:53:15.355204
shashi29,skipped,IN,,0,0,2026-04-02T13:53:26.974087
holymaloney,skipped,NO,,0,0,2026-04-02T13:53:36.017050
Reex11,skipped,SA,,0,0,2026-04-02T13:53:37.123745
hudrucan,skipped,VN,,0,0,2026-04-02T13:53:40.384805
SMARIFUL1,scored,DE,0.2505,18,13,2026-04-02T13:53:52.364395
LouisCAD,skipped,FR,,0,0,2026-04-02T13:53:57.772126
bugadani,skipped,HU,,0,0,2026-04-02T13:54:03.521381
momahboobian,scored,GB,0.0829,72,28,2026-04-02T13:54:07.857986
ChiDuck,skipped,VN,,0,100,2026-04-02T13:54:19.960970
flashdesignory,skipped,US,,53,0,2026-04-02T13:54:24.099948
BlueZeeKing,skipped,US,,9,3,2026-04-02T13:54:36.797686
Li732375,skipped,TW,,4,0,2026-04-02T13:54:41.876590
katjahafi,skipped,DE,,0,0,2026-04-02T13:54:46.996166
ameer-nassar,skipped,US,,0,13,2026-04-02T13:54:58.325378
Jaikushalbysani,skipped,IN,,0,0,2026-04-02T13:55:09.402943
shileen,skipped,IN,,0,0,2026-04-02T13:55:19.176612
willydouhard,skipped,US,,0,0,2026-04-02T13:55:30.533873
joydeb1729,skipped,BD,,0,19,2026-04-02T13:55:42.613099
fleschutz,skipped,DE,,0,100,2026-04-02T13:55:46.391804
alegrey91,skipped,IT,,0,0,2026-04-02T13:55:54.644600
AnushaDhaundiyal,skipped,IN,,0,25,2026-04-02T13:56:07.001839
magnusmanske,skipped,DE,,1,0,2026-04-02T13:56:12.375045
msooseth,skipped,DE,,27,0,2026-04-02T13:56:16.001685
xvanausloos,skipped,FR,,0,0,2026-04-02T13:56:19.032406
JonahSussman,skipped,US,,10,0,2026-04-02T13:56:31.161852
SaadUrfSadi,skipped,PK,,0,0,2026-04-02T13:56:42.491335
Hofer-Julian,skipped,DE,,0,0,2026-04-02T13:56:43.561546
Zapotek,skipped,GR,,0,0,2026-04-02T13:56:53.107392
pr0d1r2,skipped,PL,,0,0,2026-04-02T13:57:02.071435
DomeT99,skipped,IT,,100,0,2026-04-02T13:57:12.688672
Nebyt,skipped,RU,,15,0,2026-04-02T13:57:20.454991
charlag,skipped,DE,,0,0,2026-04-02T13:57:32.528738
lnnrtwttkhn,skipped,DE,,0,0,2026-04-02T13:57:42.893206
PhamMinhVuong21020425,skipped,VN,,61,0,2026-04-02T13:57:53.312382
webuxmotion,skipped,UA,,0,0,2026-04-02T13:58:04.913035
marcmunro,skipped,CA,,0,0,2026-04-02T13:58:10.730992
nathanlesage,skipped,SE,,0,0,2026-04-02T13:58:16.434968
RaymondYoon,skipped,KR,,0,100,2026-04-02T13:58:22.171547
and29,skipped,IT,,0,0,2026-04-02T13:58:25.340701
code-mazin,skipped,AU,,16,0,2026-04-02T13:58:30.634494
shenmintao,skipped,CN,,0,0,2026-04-02T13:58:36.373777
Naghasan,skipped,GB,,0,0,2026-04-02T13:58:37.431153
tobimichael96,skipped,DE,,0,0,2026-04-02T13:58:48.014212
raymon-roos,scored,NL,0.1425,67,33,2026-04-02T13:58:56.241804
revi,skipped,KR,,0,41,2026-04-02T13:59:03.720792
tenzincode,skipped,CA,,0,0,2026-04-02T13:59:07.622215
c121914yu,skipped,CN,,0,0,2026-04-02T13:59:18.907615
yoonminsoo97,skipped,KR,,0,43,2026-04-02T13:59:30.965125
MarkClinton,skipped,IE,,0,1,2026-04-02T13:59:36.406435
darkushhhh,skipped,RU,,0,100,2026-04-02T13:59:49.007008
jamesmockett,skipped,GB,,1,0,2026-04-02T13:59:56.187057
Theolin-Nadasen,skipped,ZA,,0,0,2026-04-02T14:00:08.071493
wongchito,skipped,GB,,0,0,2026-04-02T14:00:11.731996
theblockstalk,skipped,NL,,1,3,2026-04-02T14:00:23.639140
rafalangoni,skipped,CA,,14,2,2026-04-02T14:00:35.368226
Deezzir,skipped,CA,,11,0,2026-04-02T14:00:44.035723
edw7777,skipped,US,,28,1,2026-04-02T14:00:51.609765
b-jesch,skipped,DE,,3,7,2026-04-02T14:00:57.652683
Munyua123,skipped,KE,,5,0,2026-04-02T14:01:04.912955
jessabean,skipped,US,,0,0,2026-04-02T14:01:12.143154
rdck,skipped,GB,,0,1,2026-04-02T14:01:15.264745
kitagry,skipped,JP,,0,0,2026-04-02T14:01:20.708527
sehabur,skipped,BD,,59,0,2026-04-02T14:01:32.230901
qinqon,skipped,ES,,0,0,2026-04-02T14:01:35.259482
Aplaoi,skipped,CN,,0,26,2026-04-02T14:01:42.822736
MartinButlerAAA,skipped,GB,,0,49,2026-04-02T14:01:55.027605
AipNooBest,skipped,RU,,10,1,2026-04-02T14:02:08.587532
Calvin-L,skipped,US,,3,3,2026-04-02T14:02:16.818820
fadymonier,skipped,EG,,0,36,2026-04-02T14:02:29.034974
lumixraku,skipped,JP,,0,0,2026-04-02T14:02:32.453194
sjaffry,skipped,US,,0,0,2026-04-02T14:02:41.834467
reverb6821,scored,IT,0.0436,17,29,2026-04-02T14:02:48.331790
gayanSandamal,skipped,LK,,28,0,2026-04-02T14:03:00.873181
HevCuesta,skipped,ES,,2,60,2026-04-02T14:03:12.993022
yanikkumar,skipped,IN,,0,0,2026-04-02T14:03:20.286093
CamiloSR,skipped,CA,,0,0,2026-04-02T14:03:27.657724
dylanb55,skipped,CL,,0,36,2026-04-02T14:03:35.670312
shivacharan6121,skipped,IN,,12,1,2026-04-02T14:03:47.167956
kacper-sx,scored,PL,0.0379,35,21,2026-04-02T14:04:00.184104
andrewdebenham,skipped,AU,,0,83,2026-04-02T14:04:12.276211
LluisFB,scored,AR,0.1144,6,6,2026-04-02T14:04:19.595542
amltms,skipped,GB,,0,0,2026-04-02T14:04:31.676046
gillesdemey,skipped,BE,,0,0,2026-04-02T14:04:41.498845
orgads,skipped,IL,,0,0,2026-04-02T14:04:44.585807
Haru-LCY,skipped,CN,,0,9,2026-04-02T14:04:49.976189
Dexaroz,skipped,ES,,0,51,2026-04-02T14:05:02.028978
hazz01,scored,ID,0.0446,16,8,2026-04-02T14:05:13.846142
jxgx072037,skipped,CN,,4,20,2026-04-02T14:05:25.494973
jjaychen1e,skipped,CN,,1,0,2026-04-02T14:05:39.148466
sharedferret,skipped,US,,0,0,2026-04-02T14:05:43.582713
jens-thomae,scored,DE,0.0407,12,43,2026-04-02T14:05:49.116251
Grabsky,skipped,PL,,0,100,2026-04-02T14:05:53.050010
timj,skipped,US,,0,1,2026-04-02T14:05:56.692218
HenriqueRBomfim,skipped,BR,,52,0,2026-04-02T14:06:06.467882
Noragoto,skipped,RU,,0,0,2026-04-02T14:06:09.276847
usmcamgrimm,skipped,US,,0,0,2026-04-02T14:06:16.236353
builtbylane,skipped,US,,0,0,2026-04-02T14:06:17.301764
elsvjato,skipped,PL,,0,13,2026-04-02T14:06:26.730672
WafeeRahman,scored,CA,0.1265,56,44,2026-04-02T14:06:37.156162
DoThanhDuB2111834,skipped,VN,,0,76,2026-04-02T14:06:49.133233
Royweru,skipped,KE,,21,0,2026-04-02T14:07:00.394545
Howllo,skipped,US,,67,0,2026-04-02T14:07:12.700533
jpolitz,scored,US,0.0644,6,51,2026-04-02T14:07:20.808593
ngnmsn,skipped,JP,,46,0,2026-04-02T14:07:33.416376
AnujChhikara,skipped,IN,,29,4,2026-04-02T14:07:45.052662
ligaoqi2,scored,CN,0.043,13,42,2026-04-02T14:07:51.055388
XdoctorwhoZ,skipped,FR,,20,2,2026-04-02T14:08:03.678650
chansigit,skipped,US,,0,1,2026-04-02T14:08:12.939806
entelecheia,scored,KR,0.1726,25,75,2026-04-02T14:08:17.276515
MGAMZ,scored,CN,0.0344,95,5,2026-04-02T14:08:23.441621
kcpeppe,skipped,CA,,0,0,2026-04-02T14:08:30.592735
jcapona,skipped,CL,,0,0,2026-04-02T14:08:40.244351
Calmcat1,skipped,KE,,18,1,2026-04-02T14:08:52.205864
Sevenflanks,skipped,TW,,0,0,2026-04-02T14:09:04.079804
ainan-ahmed,skipped,DE,,0,0,2026-04-02T14:09:16.103855
satyajeetch1991,skipped,IN,,0,81,2026-04-02T14:09:27.861622
shakyasimha,skipped,NP,,9,0,2026-04-02T14:09:39.037593
BianorAraujo,skipped,IE,,0,0,2026-04-02T14:09:51.102128
pomodorozhong,skipped,TW,,0,0,2026-04-02T14:10:00.727085
KanmaChizea,skipped,NG,,24,0,2026-04-02T14:10:12.375646
kevinLdias,skipped,BR,,0,13,2026-04-02T14:10:23.849529
Yan-vuoksi,skipped,FI,,0,37,2026-04-02T14:10:31.642065
arsemagebremichael,skipped,KE,,0,4,2026-04-02T14:10:43.004233
tgtje,skipped,NL,,0,0,2026-04-02T14:10:48.296614
CristiCanizales,skipped,AR,,0,0,2026-04-02T14:10:49.357807
YounTaekSeon,skipped,KR,,30,0,2026-04-02T14:10:56.931208
njimse,skipped,US,,0,100,2026-04-02T14:11:01.352625
gorjachevajelly,skipped,GB,,0,100,2026-04-02T14:11:05.605815
amit154154,skipped,IL,,2,0,2026-04-02T14:11:16.984553
markdinglasa,skipped,PH,,11,0,2026-04-02T14:11:28.566844
nisarganc,scored,DE,0.0835,6,94,2026-04-02T14:11:34.437514
psmagin,skipped,UA,,0,0,2026-04-02T14:11:35.575651
KhoaTeHD,skipped,VN,,64,1,2026-04-02T14:11:47.586804
mossnisse,scored,SE,0.0456,9,53,2026-04-02T14:12:00.449970
dr-pandit-69,scored,IN,0.1617,7,48,2026-04-02T14:12:12.623554
marvinjude,skipped,NG,,0,0,2026-04-02T14:12:13.744343
acumberlander,skipped,US,,0,0,2026-04-02T14:12:26.070219
morisil,skipped,DE,,0,0,2026-04-02T14:12:35.896810
kavos113,scored,JP,0.1173,5,57,2026-04-02T14:12:48.158485
M0R6,scored,ID,0.046,6,77,2026-04-02T14:13:00.620974
afaq-ahmed07,skipped,PK,,7,3,2026-04-02T14:13:12.694560
unytics,skipped,FR,,0,100,2026-04-02T14:13:17.181382
Kushalsg62,skipped,IN,,0,29,2026-04-02T14:13:28.810573
vitaliihonta,skipped,CZ,,3,0,2026-04-02T14:13:35.704033
kaismic,scored,AU,0.0448,42,58,2026-04-02T14:13:41.730159
orkhan-baghirli,skipped,DE,,0,46,2026-04-02T14:13:47.546752
dezi,skipped,DE,,0,0,2026-04-02T14:13:52.911626
MatheusArnou,scored,BR,0.0671,10,11,2026-04-02T14:14:04.087068
Jingham2510,skipped,GB,,20,4,2026-04-02T14:14:13.775467
noellabo,skipped,JP,,0,0,2026-04-02T14:14:19.503578
usaif1,skipped,IN,,0,0,2026-04-02T14:14:31.382968
imsk17,skipped,IN,,18,0,2026-04-02T14:14:41.270216
sairon,scored,CZ,0.0528,17,38,2026-04-02T14:14:47.911113
DiamondD7,skipped,NZ,,100,0,2026-04-02T14:14:59.871962
CodeCultureRepo,skipped,ZA,,0,17,2026-04-02T14:15:11.618186
ThesanyaW,skipped,LK,,0,39,2026-04-02T14:15:21.193724
hxrshxz,skipped,IN,,0,30,2026-04-02T14:15:30.933381
cavis,skipped,US,,0,0,2026-04-02T14:15:40.777949
andreabellome,scored,IT,0.0511,29,71,2026-04-02T14:15:47.704806
sureshgehlot100,skipped,IN,,0,26,2026-04-02T14:15:59.147821
eunsukimme,skipped,KR,,0,0,2026-04-02T14:16:11.728736
nilgil,skipped,KR,,0,0,2026-04-02T14:16:12.844668
wojta,skipped,CZ,,0,0,2026-04-02T14:16:20.231794
y-arjun-y,scored,GB,0.0243,26,7,2026-04-02T14:16:25.965783
Dharish-Kumar,skipped,IN,,0,17,2026-04-02T14:16:37.194452
bim240,skipped,IN,,0,0,2026-04-02T14:16:48.211124
MellerinCharly,skipped,FR,,0,31,2026-04-02T14:17:00.441090
nallison,skipped,NZ,,0,0,2026-04-02T14:17:07.861696
dave-hudson,skipped,AE,,0,0,2026-04-02T14:17:19.015898
kjarisk,skipped,NO,,0,0,2026-04-02T14:17:28.307494
NicoPicotto,skipped,AR,,6,0,2026-04-02T14:17:36.897281
rajeshwaribaniya,skipped,NP,,0,94,2026-04-02T14:17:45.308902
TharHtet236401,skipped,TH,,0,0,2026-04-02T14:17:56.415340
moti-malka,skipped,IL,,0,0,2026-04-02T14:18:06.176438
r2d2butbetter,skipped,IN,,0,13,2026-04-02T14:18:13.488782
faisalmemon1991,skipped,IN,,0,0,2026-04-02T14:18:24.904210
ddssff,skipped,US,,0,0,2026-04-02T14:18:30.530913
ArturNiederfahrenhorst,skipped,DE,,3,0,2026-04-02T14:18:33.527586
nathanboktae,skipped,US,,0,0,2026-04-02T14:18:41.076723
nabezokodaikon,scored,JP,0.2114,75,25,2026-04-02T14:18:45.034139
lmath56,skipped,NL,,0,0,2026-04-02T14:18:45.983576
jmp75,skipped,AU,,0,0,2026-04-02T14:18:55.092549
chanakaeshan,skipped,LK,,2,98,2026-04-02T14:19:03.031037
michael1011,skipped,AT,,0,0,2026-04-02T14:19:08.884949
waynevanson,skipped,AU,,3,30,2026-04-02T14:19:22.002559
wang95483,skipped,CN,,0,62,2026-04-02T14:19:34.105047
aurelwidyanti,skipped,ID,,20,1,2026-04-02T14:19:45.590404
velitahaboyar,skipped,TR,,0,0,2026-04-02T14:19:46.694414
TamVdb,skipped,BE,,0,26,2026-04-02T14:19:58.720625
MichaelKreil,skipped,DE,,0,0,2026-04-02T14:20:02.444218
gvincenzi,skipped,FR,,1,0,2026-04-02T14:20:14.114457
Tolerable,scored,US,0.0323,20,10,2026-04-02T14:20:23.800802
RazaMuhammad5758,skipped,PK,,17,2,2026-04-02T14:20:33.404621
t3lesph0re,skipped,US,,0,7,2026-04-02T14:20:36.692192
santinoncs,skipped,ES,,0,0,2026-04-02T14:20:41.955952
dorianbayart,scored,FR,0.0415,42,9,2026-04-02T14:20:48.120178
joldjunge,error,DE,,,,2026-04-02T14:20:49.006496
minahil12345,skipped,MY,,0,29,2026-04-02T14:21:00.759789
yoon6763,skipped,KR,,1,0,2026-04-02T14:21:10.259663
reirun,skipped,FR,,0,50,2026-04-02T14:21:13.594034
petternikolai,skipped,NO,,10,3,2026-04-02T14:21:21.618997
Verdone,scored,CA,0.0243,88,12,2026-04-02T14:21:34.163991
johnhwhite,skipped,US,,12,0,2026-04-02T14:21:41.675972
KyleMacPherson,skipped,GB,,0,0,2026-04-02T14:21:49.338717
miatrinity,skipped,ES,,0,0,2026-04-02T14:22:01.688531
JohnCremona,skipped,GB,,9,3,2026-04-02T14:22:05.662408
tang-jiaxi,skipped,US,,0,0,2026-04-02T14:22:17.987750
nul800sebastiaan,skipped,DK,,0,0,2026-04-02T14:22:30.505152
Andrew-Keenlyside,skipped,GB,,0,18,2026-04-02T14:22:36.048521
gtechsltn,skipped,VN,,0,0,2026-04-02T14:22:39.790923
nicholasyoder,skipped,US,,4,96,2026-04-02T14:22:48.654205
rohitdhumal-24,skipped,IN,,0,42,2026-04-02T14:23:00.970609
vanlooverenkoen,skipped,BE,,0,0,2026-04-02T14:23:12.973727
sonia13marker,skipped,RU,,71,3,2026-04-02T14:23:20.971677
BaronAdam,skipped,PL,,0,0,2026-04-02T14:23:33.139018
stasfilippov,error,RU,,,,2026-04-02T14:23:34.037080
jasongrlicky,skipped,US,,0,0,2026-04-02T14:23:35.097502
liyinsg,skipped,SG,,6,2,2026-04-02T14:23:42.851306
jejukyj,skipped,KR,,0,6,2026-04-02T14:23:46.133364
anttonalberdi,skipped,DK,,0,0,2026-04-02T14:23:50.015669
czagiacomo,skipped,BR,,2,24,2026-04-02T14:24:01.546939
DavePearce,skipped,NZ,,0,0,2026-04-02T14:24:05.546833
Not-Secret-Dev,skipped,PK,,0,8,2026-04-02T14:24:17.276117
anfelo,skipped,DE,,0,0,2026-04-02T14:24:29.025101
NZAaronA,skipped,AU,,0,14,2026-04-02T14:24:34.252608
Davi9915,skipped,IT,,0,4,2026-04-02T14:24:37.721068
nltesown,skipped,FR,,5,3,2026-04-02T14:24:43.305753
immanuel-lab,skipped,IN,,16,0,2026-04-02T14:24:54.872464
solssak,skipped,KR,,70,0,2026-04-02T14:25:06.653777
estepper,skipped,DE,,0,0,2026-04-02T14:25:07.732815
breck7,skipped,US,,0,0,2026-04-02T14:25:13.762353
Rudrakshyadav1,skipped,IN,,0,74,2026-04-02T14:25:25.723261
Pangssu,skipped,KR,,0,0,2026-04-02T14:25:26.861183
amir-elahi,skipped,CH,,0,24,2026-04-02T14:25:30.756599
SergiuszR,scored,PL,0.0363,28,7,2026-04-02T14:25:43.231942
liquidpie,skipped,IN,,0,0,2026-04-02T14:25:50.513771
AKmahim,skipped,BD,,3,0,2026-04-02T14:25:53.959042
facumenzella,skipped,ES,,0,0,2026-04-02T14:26:01.466867
allandvieira,skipped,BR,,0,0,2026-04-02T14:26:12.756287
naufalix,skipped,ID,,0,0,2026-04-02T14:26:24.523779
rama56,skipped,IN,,1,0,2026-04-02T14:26:32.705465
Marceloalves6,skipped,PT,,0,0,2026-04-02T14:26:43.980504
elijahgreenstein,skipped,CA,,0,0,2026-04-02T14:26:45.207531
Parikshitt281,skipped,IN,,0,5,2026-04-02T14:26:56.638227
JameelB,skipped,IE,,0,0,2026-04-02T14:26:59.767707
dennismogaka,skipped,KE,,0,100,2026-04-02T14:27:08.468040
330132662,skipped,CN,,4,1,2026-04-02T14:27:20.071742
CarolinaCretu,skipped,IT,,0,100,2026-04-02T14:27:28.520392
Dragorn421,skipped,FR,,0,0,2026-04-02T14:27:40.024457
eun2chd,scored,KR,0.0479,79,12,2026-04-02T14:27:52.700930
ktomm-prakash,skipped,IN,,0,32,2026-04-02T14:28:04.836926
liuy,skipped,CN,,0,0,2026-04-02T14:28:05.933814
angshuman-web,scored,IN,0.1224,8,87,2026-04-02T14:28:18.603307
Crcos,skipped,FR,,0,9,2026-04-02T14:28:26.358991
Abjuri5t,skipped,US,,0,100,2026-04-02T14:28:30.096182
elel-dev,scored,PT,0.0438,42,58,2026-04-02T14:28:43.610221
SabriNajai,skipped,FR,,0,54,2026-04-02T14:28:47.139087
magurh,scored,GB,0.0363,15,32,2026-04-02T14:28:59.124573
ghrdy,scored,FR,0.4575,31,69,2026-04-02T14:29:07.842671
AmadorFiol,skipped,ES,,0,100,2026-04-02T14:29:13.683138
pszczesniak,skipped,PL,,14,1,2026-04-02T14:29:26.053446
ShivanshKumar760,skipped,IN,,40,0,2026-04-02T14:29:37.826621
BjornRo,skipped,SE,,0,0,2026-04-02T14:29:41.318786
vcr11,skipped,US,,23,0,2026-04-02T14:29:53.212121
michaelweylandt,skipped,US,,0,0,2026-04-02T14:30:02.408922
anshul98ks123,skipped,IN,,0,0,2026-04-02T14:30:11.720094
daihao42,skipped,GB,,0,0,2026-04-02T14:30:21.156210
rdp77,skipped,ID,,0,0,2026-04-02T14:30:33.434855
JLMenegotto,scored,BR,0.0622,20,73,2026-04-02T14:30:42.359329
irohit373,skipped,IN,,3,5,2026-04-02T14:30:49.797989
bao00022,skipped,CA,,0,27,2026-04-02T14:31:01.814058
trisyoungs,skipped,GB,,17,4,2026-04-02T14:31:05.703714
usanli,skipped,TR,,0,12,2026-04-02T14:31:11.376522
TapZe,scored,ID,0.032,23,11,2026-04-02T14:31:21.147418
hiwersen,skipped,GB,,42,0,2026-04-02T14:31:33.077021
SpikeViper,skipped,US,,0,0,2026-04-02T14:31:46.063796
rafaeltuelho,skipped,US,,0,0,2026-04-02T14:31:51.611078
hunterdyar,skipped,US,,0,0,2026-04-02T14:31:57.656615
fnattino,skipped,NL,,0,0,2026-04-02T14:31:58.778648
wang-bin,skipped,CN,,0,0,2026-04-02T14:32:02.228640
HONG-EUN-YOUNG,skipped,KR,,0,32,2026-04-02T14:32:05.581350
akkaze,skipped,CN,,0,0,2026-04-02T14:32:15.027235
MMansy19,scored,EG,0.0766,49,19,2026-04-02T14:32:27.543200
YadnyeshSawant,skipped,IN,,100,0,2026-04-02T14:32:37.621260
syed-yaga,skipped,IN,,5,0,2026-04-02T14:32:46.399762
thetutlage,skipped,IN,,0,0,2026-04-02T14:32:53.515865
rsun19,skipped,US,,100,0,2026-04-02T14:32:59.646621
srshaheen,skipped,BD,,0,29,2026-04-02T14:33:09.188200
holgerstolzenberg,skipped,DE,,0,89,2026-04-02T14:33:17.760318
RayelNabie,scored,NL,0.0414,39,11,2026-04-02T14:33:27.843632
stefan-tb,skipped,DE,,0,1,2026-04-02T14:33:31.015147
C3EQUALZz,scored,RU,0.0599,26,74,2026-04-02T14:33:37.978061
sivanantha321,skipped,IN,,0,0,2026-04-02T14:33:39.113054
DavidFyon,skipped,FR,,0,0,2026-04-02T14:33:48.365971
nimbusking,skipped,CN,,0,0,2026-04-02T14:33:49.446090
Ashutosh-Srivastav,skipped,IN,,0,0,2026-04-02T14:34:01.059975
Wojciech-Sz,skipped,PL,,0,24,2026-04-02T14:34:12.621666
n-vent,skipped,DE,,0,16,2026-04-02T14:34:15.876089
ayana0409,scored,VN,0.0328,57,43,2026-04-02T14:34:23.829474
connortbot,skipped,US,,100,0,2026-04-02T14:34:32.173963
kemister85,skipped,AU,,36,4,2026-04-02T14:34:43.776278
u413-284-si,skipped,AT,,14,0,2026-04-02T14:34:55.695332
rebelchris,skipped,ZA,,0,0,2026-04-02T14:34:58.896541
minghuaw,skipped,CA,,0,0,2026-04-02T14:35:08.565976
Pornnalin,skipped,TH,,15,2,2026-04-02T14:35:20.205230
gnimnix,skipped,SG,,0,0,2026-04-02T14:35:21.354663
shashwat1505,skipped,IN,,1,99,2026-04-02T14:35:30.712172
PilarCargo,skipped,FR,,0,4,2026-04-02T14:35:35.904470
rinormaloku,skipped,DE,,0,0,2026-04-02T14:35:47.075721
richardtorres314,skipped,US,,0,100,2026-04-02T14:35:51.245833
mvares,skipped,BR,,7,0,2026-04-02T14:35:56.295889
20101301-Alina-Hasan,scored,BD,0.3863,28,72,2026-04-02T14:36:06.792876
acnaweb,skipped,BR,,0,2,2026-04-02T14:36:16.595767
devika-be,skipped,IN,,0,0,2026-04-02T14:36:28.180917
taitotalo-ict,skipped,FI,,0,99,2026-04-02T14:36:35.698571
istadem2077,skipped,TR,,20,0,2026-04-02T14:36:39.113945
Web-exprt04,skipped,PK,,0,16,2026-04-02T14:36:50.884742
alexcapstick,scored,GB,0.0404,29,63,2026-04-02T14:36:54.946164
mjeanroy,skipped,FR,,0,0,2026-04-02T14:36:58.481528
colorcard,skipped,CN,,0,93,2026-04-02T14:37:08.534291
alexzwanenburg,scored,DE,0.1446,5,94,2026-04-02T14:37:14.894972
BartoszKut,scored,PL,0.2281,31,20,2026-04-02T14:37:20.758594
jhodapp,skipped,US,,0,0,2026-04-02T14:37:31.061436
vindhyawasan,skipped,IN,,0,17,2026-04-02T14:37:42.734407
Fabian-Petersen,skipped,ZA,,4,0,2026-04-02T14:37:54.234777
flotwig,skipped,US,,0,0,2026-04-02T14:38:06.177553
udf,skipped,ZA,,0,0,2026-04-02T14:38:17.707680
elena-kolevska,skipped,PT,,0,0,2026-04-02T14:38:24.928711
dyydeptrai,skipped,VN,,0,26,2026-04-02T14:38:32.270863
takeiteasy,skipped,GB,,7,3,2026-04-02T14:38:38.457169
Julien-res,error,FR,,,,2026-04-02T14:38:39.322836
UmairJR,scored,IN,0.0925,56,44,2026-04-02T14:38:45.269200
balaramas,skipped,IN,,0,0,2026-04-02T14:38:57.645952
tarinagarwal,skipped,IN,,0,18,2026-04-02T14:39:05.277758
Zeeboot00,skipped,FR,,0,0,2026-04-02T14:39:08.100255
mwibert,skipped,US,,0,17,2026-04-02T14:39:19.423206
tomdstanton,skipped,AU,,1,0,2026-04-02T14:39:23.069883
qierkang,skipped,CN,,0,0,2026-04-02T14:39:28.185516
RabbyXQ,skipped,BD,,0,0,2026-04-02T14:39:37.711649
dylanbouchard,skipped,US,,0,0,2026-04-02T14:39:38.766125
kevinstephano,skipped,US,,0,0,2026-04-02T14:39:41.766801
spatulatom,skipped,PL,,32,4,2026-04-02T14:39:53.274618
cortesem,skipped,CA,,0,0,2026-04-02T14:40:06.012839
TomDotBat,skipped,GB,,0,0,2026-04-02T14:40:15.244105
whit3str,skipped,FR,,0,100,2026-04-02T14:40:25.773694
Kogzi,skipped,FR,,0,27,2026-04-02T14:40:29.013960
saeram00,scored,CL,0.1898,56,7,2026-04-02T14:40:38.919666
YabiSkywalker,scored,US,0.0404,20,22,2026-04-02T14:40:50.834369
begiedz,scored,PL,0.0342,70,30,2026-04-02T14:41:00.677092
deepakdugar05,skipped,IN,,0,16,2026-04-02T14:41:12.868184
MeesMoons,skipped,NL,,41,1,2026-04-02T14:41:23.228730
0xEAB,skipped,AT,,0,0,2026-04-02T14:41:28.682675
justinfargnoli,skipped,US,,0,0,2026-04-02T14:41:37.930434
siddhesh-desai,skipped,IN,,18,0,2026-04-02T14:41:46.115362
ccosmin97,skipped,US,,0,0,2026-04-02T14:41:49.273498
Jaedong95,skipped,KR,,41,4,2026-04-02T14:41:55.251877
YourMCGeek,skipped,US,,0,0,2026-04-02T14:42:01.131119
benedekaibas,skipped,US,,0,100,2026-04-02T14:42:11.138106
MrHydroCoder,skipped,IN,,0,100,2026-04-02T14:42:14.943953
jihwooon,skipped,KR,,2,0,2026-04-02T14:42:23.663386
stonith404,skipped,CH,,66,0,2026-04-02T14:42:29.510634
bbohec,skipped,FR,,0,0,2026-04-02T14:42:37.541010
g-mallinson,skipped,AU,,0,26,2026-04-02T14:42:40.656601
PoPo015,skipped,KR,,0,9,2026-04-02T14:42:53.480448
Raj2020Github,skipped,GB,,0,0,2026-04-02T14:42:58.658985
al-sapsan,skipped,RU,,0,87,2026-04-02T14:43:11.513421
S1ro1,skipped,CZ,,0,0,2026-04-02T14:43:23.481259
osiegmar,skipped,DE,,33,0,2026-04-02T14:43:27.531543
josh-clsn,skipped,US,,0,0,2026-04-02T14:43:28.615509
abhijeet32,skipped,IN,,0,39,2026-04-02T14:43:40.118074
timothyfroehlich,skipped,US,,0,0,2026-04-02T14:43:47.199540
jtimm-gicw,skipped,US,,0,100,2026-04-02T14:43:50.597553
ghulammujtaba153,skipped,PK,,11,0,2026-04-02T14:44:01.901510
keerthana11-2002,skipped,IN,,0,40,2026-04-02T14:44:11.544122
gfavre,skipped,CH,,0,0,2026-04-02T14:44:12.661537
alizedebray,skipped,CH,,24,0,2026-04-02T14:44:20.147250
Pranav799,skipped,IN,,0,24,2026-04-02T14:44:25.641069
piotr-m-jurek,skipped,PL,,0,0,2026-04-02T14:44:35.395972
Hamid6426,skipped,PK,,0,71,2026-04-02T14:44:47.467319
minsusun,skipped,KR,,98,2,2026-04-02T14:44:53.038663
Kaffu-Chino,skipped,CN,,3,0,2026-04-02T14:44:58.648933
Inma0711,scored,ES,0.0496,11,19,2026-04-02T14:45:10.086822
DonJayamanne,skipped,AU,,7,0,2026-04-02T14:45:24.009860
nwebpro,skipped,BD,,48,4,2026-04-02T14:45:35.959873
armkeh,skipped,CA,,0,100,2026-04-02T14:45:39.417901
muraoka2016,skipped,BR,,11,0,2026-04-02T14:45:51.249321
elie222,skipped,IL,,0,0,2026-04-02T14:46:00.656569
RononDex,skipped,CH,,0,0,2026-04-02T14:46:12.413069
ericperfect,skipped,CN,,0,0,2026-04-02T14:46:23.929602
T5ive,skipped,TH,,0,0,2026-04-02T14:46:31.936331
khyatikhandelwal,skipped,GB,,0,0,2026-04-02T14:46:43.422613
manaspohane2307,skipped,IN,,0,94,2026-04-02T14:46:55.593944
CynicDog,scored,KR,0.0315,92,8,2026-04-02T14:47:01.475347
claustres,skipped,FR,,0,0,2026-04-02T14:47:13.372523
evamaxfield,skipped,US,,0,0,2026-04-02T14:47:22.522180
kruttko,scored,US,0.0303,23,63,2026-04-02T14:47:33.124610
ojziff,skipped,GB,,0,0,2026-04-02T14:47:41.526991
StefanoWind,skipped,US,,9,0,2026-04-02T14:47:48.840462
OrzMiku,skipped,CN,,0,100,2026-04-02T14:47:53.150172
azurwastaken,skipped,FR,,0,0,2026-04-02T14:48:04.339677
musaubrian,skipped,KE,,75,4,2026-04-02T14:48:15.260639
dudo,skipped,US,,0,0,2026-04-02T14:48:24.762951
mir0s1av,skipped,AT,,0,16,2026-04-02T14:48:35.940031
renbeynolds,skipped,US,,0,0,2026-04-02T14:48:47.125670
ashilkn,skipped,IN,,12,0,2026-04-02T14:48:58.275346
JunkuiZhang,skipped,CN,,0,0,2026-04-02T14:49:03.387453
murilocostazero,scored,BR,0.0619,6,61,2026-04-02T14:49:15.618905
Rajan-Shr,skipped,NP,,0,28,2026-04-02T14:49:27.116238
opeolluwa,scored,NG,0.1182,55,27,2026-04-02T14:49:35.874951
waiyiwong,skipped,GB,,0,100,2026-04-02T14:49:48.083348
Aditya7786,scored,IN,0.0326,12,9,2026-04-02T14:49:59.774300
MuhammadUTK,skipped,PK,,0,86,2026-04-02T14:50:09.251203
Aleksanaa,skipped,SG,,13,0,2026-04-02T14:50:16.819050
ylsung,skipped,US,,0,0,2026-04-02T14:50:29.186943
dustindnguyen,skipped,US,,4,2,2026-04-02T14:50:38.773298
ENNCELADUS,skipped,CN,,0,59,2026-04-02T14:50:49.661968
wingos80,skipped,NL,,1,1,2026-04-02T14:51:00.002208
bdpx,skipped,UA,,0,20,2026-04-02T14:51:05.291725
HSSJW,skipped,KR,,0,100,2026-04-02T14:51:08.846956
maartenba,skipped,BE,,0,0,2026-04-02T14:51:13.560960
bryxosmmm,skipped,RU,,0,33,2026-04-02T14:51:23.026607
ns-rse,skipped,GB,,0,0,2026-04-02T14:51:26.688450
Redbeanw44602,scored,CN,0.0365,9,6,2026-04-02T14:51:32.179437
Mohammad0336,scored,CA,0.0354,73,11,2026-04-02T14:51:44.628038
shudhanshu435,skipped,IN,,4,54,2026-04-02T14:51:56.780611
Arif043,scored,DE,0.1464,56,39,2026-04-02T14:52:09.258689
kukuruzka165,scored,UA,0.0346,20,51,2026-04-02T14:52:17.143528
nbonnotte,error,FR,,,,2026-04-02T14:52:18.032894
wiktorn,skipped,PL,,0,0,2026-04-02T14:52:23.708984
imzajjithvedha,skipped,LK,,0,6,2026-04-02T14:52:30.860202
katadora,skipped,TR,,0,100,2026-04-02T14:52:36.490724
apete,skipped,SE,,0,0,2026-04-02T14:52:37.574042
its-shivam1008,skipped,IN,,3,19,2026-04-02T14:52:49.369115
Marcus-Keil,skipped,GB,,42,4,2026-04-02T14:52:57.543821
Beshlr,skipped,EG,,0,70,2026-04-02T14:53:10.032429
realgetOff,skipped,FR,,0,74,2026-04-02T14:53:22.601185
sdahdah,skipped,CA,,3,8,2026-04-02T14:53:30.659329
samrat,skipped,DE,,0,0,2026-04-02T14:53:37.860530
AidanMonk,skipped,CA,,0,77,2026-04-02T14:53:48.384910
yusukebe,skipped,JP,,0,0,2026-04-02T14:53:57.469033
Buzzec,skipped,US,,0,0,2026-04-02T14:54:08.934175
davidebaraldo,skipped,IT,,0,1,2026-04-02T14:54:11.983803
ahsandevsinn,skipped,PK,,2,0,2026-04-02T14:54:22.909972
kamalq97,skipped,IL,,0,0,2026-04-02T14:54:23.814237
xstelea,skipped,SE,,2,4,2026-04-02T14:54:29.034295
stas-kh,skipped,UA,,0,0,2026-04-02T14:54:40.016476
sergio-fry,skipped,RU,,5,0,2026-04-02T14:54:47.949763
simonpenel,skipped,FR,,0,100,2026-04-02T14:54:51.568373
rlimazzz,skipped,BR,,3,97,2026-04-02T14:54:57.468337
Oussama1928,skipped,FR,,0,8,2026-04-02T14:55:04.564951
ryo-ARAKI,skipped,JP,,0,0,2026-04-02T14:55:15.610603
mohswell,scored,KE,0.0442,9,8,2026-04-02T14:55:27.278040
thezuraiz,skipped,PK,,3,0,2026-04-02T14:55:38.688557
hackesofice,scored,IN,0.037,33,67,2026-04-02T14:55:47.843714
walker84837,scored,IT,0.0442,21,24,2026-04-02T14:55:58.495808
JulinaM,skipped,US,,0,0,2026-04-02T14:56:09.772403
joaodiaslobo,skipped,PT,,99,1,2026-04-02T14:56:20.311745
luni64,skipped,DE,,1,0,2026-04-02T14:56:26.605974
fredlecoach,skipped,FR,,8,3,2026-04-02T14:56:38.888394
brookslybrand,skipped,US,,0,0,2026-04-02T14:56:50.761399
SimonMolinsky,skipped,FI,,2,0,2026-04-02T14:57:01.793740
dblkI,skipped,MX,,5,0,2026-04-02T14:57:07.340243
iltyty,skipped,CN,,0,0,2026-04-02T14:57:17.685196
BenConstable9,skipped,GB,,0,0,2026-04-02T14:57:25.228367
JosephStew-art,skipped,US,,0,100,2026-04-02T14:57:29.057481
jacob-majesty,skipped,BR,,0,73,2026-04-02T14:57:41.312069
Shahriar-Samir,scored,BD,0.2127,22,15,2026-04-02T14:57:53.420871
gabriel-roque,skipped,BR,,0,0,2026-04-02T14:58:03.885880
federicamilinanni,skipped,SE,,1,16,2026-04-02T14:58:09.451158
HenrikStanley,scored,DK,0.0361,12,5,2026-04-02T14:58:19.834010
Angad-Deep,skipped,IN,,0,25,2026-04-02T14:58:27.807777
ZayYarHtun,skipped,TH,,6,0,2026-04-02T14:58:31.020403
letrthong,scored,VN,0.0803,16,25,2026-04-02T14:58:42.773456
Preciousnnebuogor,scored,NG,0.0602,88,12,2026-04-02T14:58:54.989798
iovdin,skipped,NL,,0,0,2026-04-02T14:59:00.582643
Shrikrishna-jadhavar,skipped,IN,,0,100,2026-04-02T14:59:04.683951
Serkan-Ucakcioglu,skipped,TR,,100,0,2026-04-02T14:59:14.676967
facu8990,skipped,AR,,98,0,2026-04-02T14:59:23.450440
Tomfersil,skipped,PT,,0,100,2026-04-02T14:59:29.739265
Aravindh4404,skipped,CA,,2,98,2026-04-02T14:59:38.103399
sandor-battaglini-fischer,scored,ES,0.0573,62,38,2026-04-02T14:59:44.715345
ccpu,skipped,GB,,0,0,2026-04-02T14:59:47.927530
felangel,skipped,US,,0,0,2026-04-02T14:59:59.622832
arviantodwi,skipped,ID,,0,0,2026-04-02T15:00:11.504118
SiddharthVerma2206,skipped,IN,,0,100,2026-04-02T15:00:17.765999
jcastaneda30,scored,CO,0.0245,90,10,2026-04-02T15:00:26.064598
thoun,skipped,FR,,36,0,2026-04-02T15:00:29.944762
Ramykaz,skipped,TR,,0,27,2026-04-02T15:00:42.140398
Ordisoftware,scored,FR,0.1123,65,35,2026-04-02T15:00:47.124971
evvrod,skipped,RU,,0,0,2026-04-02T15:00:48.347805
roshan-77,scored,AU,0.2363,36,5,2026-04-02T15:01:00.861572
sergeyf,skipped,US,,0,0,2026-04-02T15:01:06.195334
jressel01,skipped,DE,,0,0,2026-04-02T15:01:07.304358
HeyeOpenSource,skipped,DE,,0,0,2026-04-02T15:01:08.297230
ehfd,scored,KR,0.2107,8,12,2026-04-02T15:01:11.816863
L-Blondy,skipped,IT,,0,0,2026-04-02T15:01:15.656089
LiRongji1995,skipped,CN,,0,100,2026-04-02T15:01:19.266002
yewonJin,skipped,KR,,100,0,2026-04-02T15:01:28.328085
Nielsvd06,skipped,DE,,0,20,2026-04-02T15:01:34.462419
doksuri761,skipped,KR,,0,0,2026-04-02T15:01:43.651491
tesscln,skipped,FR,,0,62,2026-04-02T15:01:51.856946
haban3ra,skipped,PH,,0,0,2026-04-02T15:02:02.950351
ViolentUJJWAL,skipped,IN,,14,0,2026-04-02T15:02:14.651920
deivid-rodriguez,skipped,ES,,0,0,2026-04-02T15:02:19.203386
denismurphy,scored,IE,0.1,39,27,2026-04-02T15:02:31.610843
Cightmap,skipped,US,,0,0,2026-04-02T15:02:43.197139
Ramilo-Edric03,skipped,PH,,0,35,2026-04-02T15:02:48.964078
YanY-Henry,scored,US,0.0403,22,30,2026-04-02T15:02:57.355405
ReisAglemar,scored,BR,0.067,19,41,2026-04-02T15:03:09.620283
26thavenue,skipped,NG,,100,0,2026-04-02T15:03:15.399951
yurilozorio,skipped,BR,,0,0,2026-04-02T15:03:26.752139
Runo-saduwa,skipped,NG,,0,0,2026-04-02T15:03:35.845775
KaitlynParsons,skipped,AU,,2,0,2026-04-02T15:03:48.787345
PunitTak2005,skipped,IN,,0,100,2026-04-02T15:03:52.813022
soham247,scored,IN,0.0793,5,74,2026-04-02T15:04:05.555588
SzK14,skipped,CA,,0,35,2026-04-02T15:04:15.478302
GarF1eldGo,skipped,US,,0,0,2026-04-02T15:04:18.827894
jeanmfdias,skipped,BR,,0,0,2026-04-02T15:04:28.474930
ed-asriyan,skipped,US,,0,0,2026-04-02T15:04:34.033642
shivang-16,scored,IN,0.0378,78,14,2026-04-02T15:04:42.215781
mp2003,skipped,IN,,99,0,2026-04-02T15:04:48.256033
munkeawtoast,skipped,TH,,14,1,2026-04-02T15:04:57.718598
ged-odoo,skipped,BE,,0,0,2026-04-02T15:05:07.022127
69pmb,skipped,FR,,11,3,2026-04-02T15:05:11.278263
ajmedeio,skipped,US,,0,0,2026-04-02T15:05:22.829563
Luodian,skipped,SG,,0,0,2026-04-02T15:05:29.668842
antonypap,scored,GB,0.0507,20,7,2026-04-02T15:05:41.726559
BaljeetK79,error,CA,,,,2026-04-02T15:05:42.621337
saikiran31,skipped,IN,,2,0,2026-04-02T15:05:51.760726
kkzxak47,skipped,CA,,0,0,2026-04-02T15:05:57.121151
rgbguy,skipped,IN,,0,0,2026-04-02T15:06:07.137455
voegelas,skipped,DE,,0,0,2026-04-02T15:06:14.859623
Marijn-Schipper,scored,NL,0.0551,30,53,2026-04-02T15:06:22.897456
gary909,skipped,DE,,0,0,2026-04-02T15:06:31.887454
hetdabhi,skipped,IN,,0,40,2026-04-02T15:06:43.828837
yie1d,scored,CN,0.1122,28,12,2026-04-02T15:06:53.587810
MostakAhmedShahad,skipped,BD,,0,5,2026-04-02T15:07:04.402573
GustavssonMarcus,skipped,SE,,0,51,2026-04-02T15:07:14.104164
chetanpatil13,scored,IN,0.0543,7,27,2026-04-02T15:07:26.005550
bi-brilliant,scored,ID,0.0633,68,32,2026-04-02T15:07:33.666627
RomanGleizer,skipped,RU,,100,0,2026-04-02T15:07:37.987515
Jurymar,skipped,CO,,0,24,2026-04-02T15:07:50.386509
mikalstill,skipped,AU,,0,0,2026-04-02T15:07:56.045759
msn60,skipped,GB,,0,0,2026-04-02T15:07:59.578495
maksimzinchuk,skipped,JP,,0,0,2026-04-02T15:08:00.669090
Ankit1478,scored,IN,0.0243,51,8,2026-04-02T15:08:13.140687
olusegunajibola,skipped,IT,,0,0,2026-04-02T15:08:16.541553
npfedwards,skipped,GB,,0,0,2026-04-02T15:08:26.748802
enceka,skipped,CN,,15,0,2026-04-02T15:08:32.204698
MalhotraAnkit97,skipped,US,,0,5,2026-04-02T15:08:43.914508
rjlopezdev,skipped,ES,,0,0,2026-04-02T15:08:55.576761
nguyenvanduydev001,skipped,VN,,0,27,2026-04-02T15:09:07.431428
rptshri,skipped,IN,,0,0,2026-04-02T15:09:16.557097
liamsto,skipped,CA,,2,98,2026-04-02T15:09:26.513509
kubekj,scored,DK,0.0372,67,31,2026-04-02T15:09:35.030706
Faqih001,skipped,KE,,5,0,2026-04-02T15:09:45.849771
rijuvijayan87,skipped,IN,,0,0,2026-04-02T15:09:51.333661
joshuajevon,skipped,ID,,9,0,2026-04-02T15:10:02.673222
SophieBonneval,skipped,GB,,0,0,2026-04-02T15:10:12.913211
filipbagen,skipped,SE,,0,0,2026-04-02T15:10:24.722096
HuuDuoc156,scored,SG,0.0628,9,10,2026-04-02T15:10:32.300577
medmes,skipped,DE,,0,0,2026-04-02T15:10:39.329349
GrayJack,skipped,BR,,0,0,2026-04-02T15:10:40.419754
emewjin,skipped,KR,,0,0,2026-04-02T15:10:51.980382
a01sa01to,skipped,JP,,4,23,2026-04-02T15:11:04.669948
sheikh-arman,skipped,BD,,0,0,2026-04-02T15:11:15.493952
ankitt994,skipped,IN,,0,14,2026-04-02T15:11:25.331348
spacelama,skipped,AU,,0,0,2026-04-02T15:11:28.365073
ahmad-kaif,scored,IN,0.0485,13,62,2026-04-02T15:11:38.543287
shaarmann,skipped,DE,,0,0,2026-04-02T15:11:39.697226
pomelo925,skipped,TW,,100,0,2026-04-02T15:11:45.777728
Mohiuddin2,skipped,BD,,0,0,2026-04-02T15:11:57.539348
arisbimas,skipped,ID,,0,0,2026-04-02T15:12:07.397773
SinnoLn,skipped,KR,,2,98,2026-04-02T15:12:13.547456
ketakibelekar41,skipped,IN,,0,25,2026-04-02T15:12:25.072373
nirmit27,scored,IN,0.0401,28,72,2026-04-02T15:12:31.271574
kevinxmyr,skipped,PH,,10,0,2026-04-02T15:12:38.670376
raccy,skipped,JP,,0,0,2026-04-02T15:12:44.575605
ksclarke,scored,US,0.0814,17,29,2026-04-02T15:12:50.028731
qhmhyp,skipped,CN,,7,1,2026-04-02T15:12:59.458529
TheoNicod,scored,FR,0.0358,44,10,2026-04-02T15:13:11.789126
7997275647,scored,DE,0.0605,7,34,2026-04-02T15:13:24.048487
kadircet,skipped,DE,,0,0,2026-04-02T15:13:35.527361
YarinHeffes,skipped,US,,0,0,2026-04-02T15:13:36.610789
bangerth,skipped,US,,0,100,2026-04-02T15:13:41.144548
NickSheehy,skipped,GB,,0,100,2026-04-02T15:13:44.903737
toqaezzatly,skipped,EG,,21,0,2026-04-02T15:13:56.429797
PostScriptReal,scored,AU,0.0448,25,67,2026-04-02T15:14:06.823561
fabriziodemaria,skipped,SE,,0,0,2026-04-02T15:14:15.956045
ajdw,skipped,US,,0,0,2026-04-02T15:14:27.038632
abhayKashyap03,skipped,US,,0,0,2026-04-02T15:14:28.324337
phurni,skipped,CH,,0,0,2026-04-02T15:14:31.323935
SSSwetha25,skipped,IN,,0,69,2026-04-02T15:14:43.619050
DodoroGit,skipped,TW,,0,100,2026-04-02T15:14:49.371520
Jh-jaehyuk,scored,KR,0.0958,17,83,2026-04-02T15:14:57.335552
irevoire,skipped,FR,,0,0,2026-04-02T15:15:05.009874
MichaelGeel,skipped,ZA,,0,100,2026-04-02T15:15:08.621185
visr,skipped,NL,,0,0,2026-04-02T15:15:09.763472
bpodwinski,skipped,FR,,0,0,2026-04-02T15:15:20.622088
akarnokd,skipped,HU,,0,0,2026-04-02T15:15:26.120873
samZero-0,skipped,BD,,2,14,2026-04-02T15:15:37.258436
ollydev,skipped,GB,,0,0,2026-04-02T15:15:44.808955
dvush,skipped,UA,,0,0,2026-04-02T15:15:52.096171
alpe,skipped,DE,,0,0,2026-04-02T15:16:01.510727
kaifaust,skipped,US,,0,23,2026-04-02T15:16:09.358776
gabrielzschmitz,scored,BR,0.2332,93,7,2026-04-02T15:16:12.854971
elct9620,skipped,TW,,0,0,2026-04-02T15:16:20.389170
TheRebzu,skipped,FR,,0,3,2026-04-02T15:16:25.576636
AlejandroChing11,skipped,CO,,99,1,2026-04-02T15:16:37.586890
JhanPerez32,skipped,PH,,0,100,2026-04-02T15:16:48.388070
abhinav91690,skipped,US,,0,0,2026-04-02T15:16:53.379659
wendal,skipped,CN,,0,0,2026-04-02T15:16:58.762123
MarkStrendin,scored,CA,0.0673,23,45,2026-04-02T15:17:05.272133
Yanlry,skipped,FR,,0,15,2026-04-02T15:17:16.598764
nelvison-benedetto,skipped,IT,,1,13,2026-04-02T15:17:27.975201
ilyamikhailov16,skipped,RU,,0,39,2026-04-02T15:17:35.663831
TomaTV,scored,FR,0.1705,7,90,2026-04-02T15:17:47.333888
Franguti4k,skipped,ES,,0,100,2026-04-02T15:17:59.349891
OGorgeous,skipped,NG,,0,44,2026-04-02T15:18:09.664234
goldbergyoni,skipped,IL,,43,2,2026-04-02T15:18:14.900892
qiuxan,skipped,AU,,0,0,2026-04-02T15:18:26.731213
HuSoftSolutions,skipped,US,,30,0,2026-04-02T15:18:39.685578
nsmith-,skipped,US,,0,0,2026-04-02T15:18:48.872296
enessariyildiz,scored,TR,0.0313,61,8,2026-04-02T15:19:00.983029
SayliDev,scored,FR,0.046,69,28,2026-04-02T15:19:12.941354
kewensilva,skipped,BR,,5,2,2026-04-02T15:19:25.422913
mrchavaa,skipped,MX,,0,17,2026-04-02T15:19:36.855754
take4iso,scored,JP,0.0408,19,17,2026-04-02T15:19:44.634003
Vegetable-SYC,skipped,CN,,4,57,2026-04-02T15:19:52.300186
rathinadev,skipped,IN,,0,32,2026-04-02T15:20:03.895218
KilonzoJames,skipped,KE,,4,0,2026-04-02T15:20:09.001542
eroullit,skipped,DE,,0,0,2026-04-02T15:20:18.708513
VialFlorian,skipped,FR,,0,37,2026-04-02T15:20:22.168323
komainu8,skipped,JP,,0,0,2026-04-02T15:20:23.259087
jonaleo87,skipped,AR,,0,42,2026-04-02T15:20:35.076556
gvwilson,skipped,CA,,0,100,2026-04-02T15:20:39.374883
stevekane,skipped,US,,0,0,2026-04-02T15:20:44.934423
jagdish-15,skipped,IN,,0,55,2026-04-02T15:20:56.441555
sonalsai,scored,IN,0.1005,11,61,2026-04-02T15:21:08.656851
L05Dhruv,skipped,US,,0,0,2026-04-02T15:21:15.475322
PeterBengtson,scored,SE,0.0401,91,9,2026-04-02T15:21:21.227628
kibotu,skipped,DE,,0,0,2026-04-02T15:21:32.325769
Tofu-Xx,skipped,CN,,0,100,2026-04-02T15:21:38.416899
fairhurst-dev,scored,US,0.0253,47,8,2026-04-02T15:21:46.794426
uchedotphp,scored,NG,0.0355,29,20,2026-04-02T15:21:50.744435
Navenitha,skipped,MY,,0,4,2026-04-02T15:21:58.210944
mahutt,skipped,CA,,2,98,2026-04-02T15:22:08.448896
Kirosoft,skipped,GB,,0,0,2026-04-02T15:22:15.830434
haideralsh,skipped,CA,,0,0,2026-04-02T15:22:21.684882
lszomoru,skipped,CH,,0,0,2026-04-02T15:22:31.686121
ryan0507,skipped,KR,,0,0,2026-04-02T15:22:37.162111
9init,skipped,EG,,0,26,2026-04-02T15:22:48.719699
jackylin516888,skipped,CN,,0,0,2026-04-02T15:22:49.837681
mohmadimran,skipped,IN,,0,16,2026-04-02T15:23:00.846386
kirtanmodi,skipped,IN,,6,0,2026-04-02T15:23:12.094785
John98Zakaria,skipped,DE,,0,0,2026-04-02T15:23:19.483826
HarshTanwar143,skipped,IN,,26,0,2026-04-02T15:23:30.909220
EmilJohns1,skipped,NO,,33,0,2026-04-02T15:23:42.535490
EdSchouten,skipped,NL,,0,0,2026-04-02T15:23:46.238911
Jettmcw,skipped,US,,0,19,2026-04-02T15:23:52.045810
abrantesasf,skipped,BR,,0,0,2026-04-02T15:23:57.820793
HerissonMignion,skipped,CA,,5,0,2026-04-02T15:24:10.143760
tanscorpio7,skipped,IN,,0,0,2026-04-02T15:24:11.185079
elkake,skipped,AR,,75,0,2026-04-02T15:24:23.462712
adham137,skipped,DE,,10,0,2026-04-02T15:24:35.455502
jenzone,skipped,PH,,3,0,2026-04-02T15:24:46.434852
EdMcBane,skipped,IT,,0,0,2026-04-02T15:24:51.781169
robertxing2004,skipped,CA,,35,2,2026-04-02T15:25:02.232577
MiningSC,skipped,US,,0,0,2026-04-02T15:25:05.335825
hmhuan,skipped,VN,,4,0,2026-04-02T15:25:17.776049
Tanishq2903,skipped,IN,,3,12,2026-04-02T15:25:29.504445
proost,skipped,KR,,0,0,2026-04-02T15:25:41.304899
Akashhverma,skipped,IN,,0,35,2026-04-02T15:25:53.524525
dmundra,skipped,US,,0,0,2026-04-02T15:26:00.833200
limska,scored,DE,0.0241,19,15,2026-04-02T15:26:12.967065
kavicastelo,skipped,LK,,0,0,2026-04-02T15:26:23.834584
Leo-Cal,skipped,BR,,0,0,2026-04-02T15:26:35.029883
drouarb,skipped,FR,,0,0,2026-04-02T15:26:38.109008
abernix,skipped,FI,,0,0,2026-04-02T15:26:39.194871
gongahkia,scored,SG,0.0506,21,79,2026-04-02T15:26:43.500190
liuk7071,skipped,IT,,87,2,2026-04-02T15:26:49.560915
dmoxyeze,skipped,NG,,0,3,2026-04-02T15:26:55.137092
SaraSpano98,skipped,IT,,0,51,2026-04-02T15:27:07.547574
josegcpa,skipped,PT,,0,94,2026-04-02T15:27:15.454637
FilipDrzazga,skipped,GB,,7,2,2026-04-02T15:27:22.594708
stumbles,skipped,US,,0,0,2026-04-02T15:27:23.675825
TanvirMain49,skipped,BD,,0,21,2026-04-02T15:27:35.008892
corlard3y,skipped,NG,,0,0,2026-04-02T15:27:42.192609
Fleny113,scored,IT,0.0391,63,16,2026-04-02T15:27:52.034300
CCOSTAN,scored,US,0.1045,17,45,2026-04-02T15:27:58.389846
Beauver,scored,NL,0.2009,30,65,2026-04-02T15:28:11.008877
dhikad19,skipped,ID,,0,0,2026-04-02T15:28:22.986185
Nabeel-Chhipa,skipped,PK,,1,0,2026-04-02T15:28:34.687416
kakduman,skipped,US,,0,0,2026-04-02T15:28:38.135879
whysokara,skipped,IN,,0,0,2026-04-02T15:28:43.567478
billdonner,skipped,US,,0,0,2026-04-02T15:28:47.176433
bibekjodd,scored,NP,0.0437,78,22,2026-04-02T15:28:59.061756
franky47,skipped,FR,,0,0,2026-04-02T15:29:07.866764
malezjaa,skipped,PL,,75,0,2026-04-02T15:29:19.054729
metalalive,scored,TW,0.0302,82,18,2026-04-02T15:29:23.404229
chLemon,scored,CN,0.0308,20,54,2026-04-02T15:29:30.974643
gtoth-umich,skipped,US,,0,0,2026-04-02T15:29:33.909276
wrygiel,skipped,PL,,0,0,2026-04-02T15:29:39.019876
ptnapoleon,skipped,US,,0,0,2026-04-02T15:29:44.225122
mhm13dev,error,PK,,,,2026-04-02T15:29:45.112011
maxisme-paradime,skipped,GB,,1,0,2026-04-02T15:29:48.441036
yneo918,skipped,US,,0,21,2026-04-02T15:29:53.888178
trancethehuman,skipped,CA,,0,0,2026-04-02T15:30:01.176940
sodiboo,skipped,SE,,0,0,2026-04-02T15:30:06.252880
Its-Shojib,skipped,BD,,16,0,2026-04-02T15:30:15.562120
bjoernmayer,skipped,DE,,0,0,2026-04-02T15:30:19.703269
hermet,skipped,KR,,0,0,2026-04-02T15:30:25.243807
M-Shehzam,scored,PK,0.1416,17,18,2026-04-02T15:30:37.239771
debsmita1,skipped,IN,,0,0,2026-04-02T15:30:45.299023
felipegonzalez,skipped,MX,,0,0,2026-04-02T15:30:55.451821
takahh,skipped,JP,,0,0,2026-04-02T15:31:00.503095
thebsdbox,skipped,GB,,0,0,2026-04-02T15:31:11.952996
crissxross,skipped,GB,,1,0,2026-04-02T15:31:21.937364
bismastr,skipped,ID,,0,0,2026-04-02T15:31:29.519685
romulonf,skipped,IE,,0,0,2026-04-02T15:31:35.030342
huerni,skipped,CN,,5,0,2026-04-02T15:31:47.198778
leoldding,skipped,US,,58,0,2026-04-02T15:31:59.265398
RunnersNum40,scored,CA,0.0275,83,9,2026-04-02T15:32:09.531611
Paulo-Douglas,skipped,BR,,0,100,2026-04-02T15:32:16.713385
zs0c131y,skipped,IN,,0,100,2026-04-02T15:32:27.950498
maximfb,skipped,RU,,23,0,2026-04-02T15:32:39.778441
ChrisMcKenzie,skipped,US,,0,0,2026-04-02T15:32:47.700197
ankitk26,skipped,IN,,5,0,2026-04-02T15:32:55.474618
vrabbi,skipped,IL,,0,0,2026-04-02T15:33:02.865973
Yohann30Elias,skipped,CH,,4,38,2026-04-02T15:33:12.861560
aleminu90,error,IT,,,,2026-04-02T15:33:13.748488
Yul1b3th,scored,ES,0.037,22,74,2026-04-02T15:33:24.197730
ItzJessie,skipped,US,,0,100,2026-04-02T15:33:28.028672
Sagnick0907,skipped,IN,,1,0,2026-04-02T15:33:40.034883
nielpaxeko,scored,US,0.0237,44,56,2026-04-02T15:33:48.052684
chenghj87,skipped,CN,,0,0,2026-04-02T15:33:53.218353
gusejr4547,skipped,KR,,11,0,2026-04-02T15:34:02.905298
tmueller,skipped,DE,,0,0,2026-04-02T15:34:14.869523
Jatan-Mathasoliya,skipped,IN,,0,7,2026-04-02T15:34:25.841121
zu0t,skipped,CZ,,1,99,2026-04-02T15:34:29.791503
gogglesgogs,scored,VN,0.1098,12,88,2026-04-02T15:34:41.294555
dalves87,skipped,BR,,0,0,2026-04-02T15:34:53.163678
ThanhHiep25,skipped,VN,,28,0,2026-04-02T15:35:07.028316
ramppdev,skipped,DE,,0,6,2026-04-02T15:35:12.207963
shino,skipped,JP,,0,5,2026-04-02T15:35:22.583034
ZaheerUDin957,skipped,PK,,0,62,2026-04-02T15:35:26.435065
nagapv,skipped,IN,,0,40,2026-04-02T15:35:32.697588
Baesar,skipped,SE,,0,12,2026-04-02T15:35:38.112761
komalgoykar24,skipped,IN,,0,10,2026-04-02T15:35:49.990908
quis,skipped,GB,,0,0,2026-04-02T15:35:55.329775
Sameerkumar8282,skipped,IN,,14,4,2026-04-02T15:36:07.108729
MustafaAsad198,skipped,IN,,0,0,2026-04-02T15:36:18.684908
proux01,skipped,FR,,0,0,2026-04-02T15:36:19.717802
RaheelArfeen,skipped,BD,,0,5,2026-04-02T15:36:31.543366
Alex-Toucan,skipped,US,,0,100,2026-04-02T15:36:36.660966
Fraccs,scored,IT,0.0464,86,8,2026-04-02T15:36:43.524098
reneecrispo,skipped,FR,,0,59,2026-04-02T15:36:53.658508
andreiio,skipped,PT,,0,0,2026-04-02T15:37:05.477462
newspaperreports,skipped,BD,,0,52,2026-04-02T15:37:17.585900
Vignesh-772,skipped,IN,,2,0,2026-04-02T15:37:24.865128
jrvelloso,skipped,BR,,0,4,2026-04-02T15:37:27.843731
mhaidarhanif,skipped,ID,,0,0,2026-04-02T15:37:37.561819
yappy2000d,skipped,TW,,0,0,2026-04-02T15:37:38.620778
sdlyy,skipped,PL,,2,0,2026-04-02T15:37:47.649263
mafh314,skipped,ES,,0,0,2026-04-02T15:37:48.757226
iamanastasiamg,scored,GR,0.0735,10,5,2026-04-02T15:37:58.115617
litingyes,skipped,CN,,0,13,2026-04-02T15:38:05.994282
EthanYuan,skipped,CN,,0,0,2026-04-02T15:38:11.750908
Ben-Voris,skipped,US,,0,100,2026-04-02T15:38:17.802078
ybot1122,skipped,US,,0,1,2026-04-02T15:38:23.358016
accote45,skipped,US,,2,68,2026-04-02T15:38:33.866557
t1m0thyj,skipped,US,,1,3,2026-04-02T15:38:39.544243
MTRNord,skipped,DE,,0,0,2026-04-02T15:38:50.998421
framps,skipped,DE,,0,83,2026-04-02T15:38:56.878190
sunnwydays,skipped,CA,,0,42,2026-04-02T15:39:08.863407
johbry17,scored,US,0.0313,95,5,2026-04-02T15:39:19.550573
kbsonlong,skipped,CN,,0,0,2026-04-02T15:39:30.770364
NouniTheodora,scored,GR,0.0638,24,56,2026-04-02T15:39:43.357719
edenramoneda,skipped,PH,,0,0,2026-04-02T15:39:53.177484
PROMLEE,scored,KR,0.069,93,7,2026-04-02T15:40:01.478330
IamtherealBrian,skipped,US,,0,0,2026-04-02T15:40:02.398711
LorenzoScebba,skipped,IT,,0,0,2026-04-02T15:40:15.439045
NickBG2024,skipped,ZA,,0,100,2026-04-02T15:40:25.925163
Wishrito,scored,FR,0.0253,88,12,2026-04-02T15:40:31.736668
Goga64,skipped,NL,,0,83,2026-04-02T15:40:41.791287
mr8356,skipped,KR,,41,0,2026-04-02T15:40:52.998793
ilhamkhalik05,skipped,ID,,0,100,2026-04-02T15:41:00.935623
ShoGinn,skipped,US,,4,2,2026-04-02T15:41:11.598748
tashrifbillah,skipped,US,,0,0,2026-04-02T15:41:24.380372
nil0x9,skipped,CN,,0,32,2026-04-02T15:41:30.630307
salimfadhley,skipped,GB,,0,0,2026-04-02T15:41:37.917061
duncansanderson,skipped,GB,,40,0,2026-04-02T15:41:49.884832
pavelperc,skipped,RU,,0,0,2026-04-02T15:41:57.515768
Turbovadim,skipped,NL,,45,4,2026-04-02T15:42:08.197359
VedVid,skipped,PL,,3,0,2026-04-02T15:42:12.269631
maeyler,skipped,TR,,2,0,2026-04-02T15:42:20.176415
nikhilsnayak,skipped,IN,,50,0,2026-04-02T15:42:32.196475
DiegoPMz,scored,MX,0.0564,23,77,2026-04-02T15:42:44.578570
apia46,scored,NZ,0.0284,32,68,2026-04-02T15:42:54.698342
sabyasc,skipped,IN,,1,65,2026-04-02T15:43:05.678058
marcushellberg,skipped,US,,0,0,2026-04-02T15:43:14.774862
fpacifici,skipped,US,,0,0,2026-04-02T15:43:20.185186
masnax,skipped,CA,,0,0,2026-04-02T15:43:23.615753
hadouin,skipped,FR,,6,0,2026-04-02T15:43:30.342050
manhoosbilli1,skipped,AE,,0,0,2026-04-02T15:43:42.966210
jcfr,skipped,US,,0,0,2026-04-02T15:43:50.073558
hippothomas,skipped,FR,,14,0,2026-04-02T15:44:03.189484
0megaD,skipped,NL,,0,0,2026-04-02T15:44:04.209883
shawn-frank,scored,AU,0.0439,60,40,2026-04-02T15:44:10.289068
fauzanhilmi,skipped,DE,,0,0,2026-04-02T15:44:13.589661
marioserrano09,skipped,CO,,0,0,2026-04-02T15:44:18.694157
tk0miya,skipped,JP,,0,0,2026-04-02T15:44:26.302704
suhas-r,skipped,US,,0,0,2026-04-02T15:44:31.485339
fastfedora,skipped,DE,,0,0,2026-04-02T15:44:37.074350
alessiovietri,skipped,IT,,0,0,2026-04-02T15:44:43.006211
caglarkucuk,scored,AT,0.0476,7,5,2026-04-02T15:44:53.121052
VishalSingh1806,skipped,IN,,0,10,2026-04-02T15:45:04.971539
badmonster0,skipped,US,,0,0,2026-04-02T15:45:14.363167
Se7enB2st,skipped,US,,0,0,2026-04-02T15:45:23.987250
au-to,skipped,CN,,4,77,2026-04-02T15:45:36.051851
not-in-stock,scored,DE,0.0343,43,45,2026-04-02T15:45:39.556101
heyimcarlos,skipped,CA,,0,0,2026-04-02T15:45:50.514246
AgurtzaneUrtizberea,skipped,ES,,1,0,2026-04-02T15:45:53.772170
SiddharthBhat06,skipped,IN,,0,4,2026-04-02T15:45:59.080234
GbotemiB,skipped,NG,,13,0,2026-04-02T15:46:04.995428
vjpandian,skipped,CA,,0,1,2026-04-02T15:46:12.601026
charlesaraya,skipped,ES,,0,0,2026-04-02T15:46:16.222811
AnkitBaghel00,skipped,IN,,0,52,2026-04-02T15:46:28.037740
gburnett-nvidia,skipped,US,,0,0,2026-04-02T15:46:31.168755
PhonggLuu,scored,VN,0.0711,6,77,2026-04-02T15:46:44.306231
Haimana,skipped,RO,,1,20,2026-04-02T15:46:52.109488
petrenkokate,skipped,IL,,26,0,2026-04-02T15:47:04.345788
luizfelipe0413,skipped,BR,,0,100,2026-04-02T15:47:14.391692
felipenlunkes,skipped,BR,,0,0,2026-04-02T15:47:15.418854
needitem,scored,KR,0.2279,95,5,2026-04-02T15:47:19.406820
pcholakov,skipped,ZA,,0,0,2026-04-02T15:47:24.477485
Kryakena,skipped,RU,,0,28,2026-04-02T15:47:36.482835
ThinkAboutRek,skipped,GB,,0,5,2026-04-02T15:47:47.923143
SatoHiroto526,skipped,JP,,2,2,2026-04-02T15:47:58.971989
yoofa,skipped,CN,,4,5,2026-04-02T15:48:06.547057
InflixOP,skipped,IN,,10,2,2026-04-02T15:48:18.239519
yohannimation,skipped,FR,,0,100,2026-04-02T15:48:26.398417
KumudithaRanasinghe,scored,LK,0.0522,26,33,2026-04-02T15:48:38.655056
Vemrthiss,skipped,SG,,0,0,2026-04-02T15:48:52.900042
Siyasanga,skipped,ZA,,0,0,2026-04-02T15:49:01.886991
janmichek,scored,CZ,0.0696,30,9,2026-04-02T15:49:08.454215
asmaaAaamer,skipped,EG,,4,0,2026-04-02T15:49:20.481497
dagnir,skipped,US,,0,0,2026-04-02T15:49:26.007470
reajno,scored,AU,0.0303,10,90,2026-04-02T15:49:36.091971
antmuraha,skipped,UA,,0,0,2026-04-02T15:49:43.853801
mauriciogtec,skipped,US,,0,0,2026-04-02T15:49:53.378219
balfieri,skipped,US,,0,12,2026-04-02T15:50:01.462370
shreeyajoshi2013,scored,CA,0.0559,47,25,2026-04-02T15:50:13.750758
aixasz,skipped,TH,,0,0,2026-04-02T15:50:19.075241
juanjomontero,skipped,ES,,0,59,2026-04-02T15:50:31.798324
dennysubke,skipped,DE,,0,0,2026-04-02T15:50:32.994981
thefundamentaltheor3m,skipped,US,,12,3,2026-04-02T15:50:38.932834
imMoya,skipped,ES,,29,0,2026-04-02T15:50:48.958156
Ehimmell,skipped,US,,0,100,2026-04-02T15:51:00.957993
noobiecoder1942,skipped,NO,,0,0,2026-04-02T15:51:13.063296
SundaPut,skipped,ID,,0,24,2026-04-02T15:51:24.862483
leandrada08,scored,IT,0.0443,9,24,2026-04-02T15:51:35.225645
jonahkraft,skipped,DE,,0,67,2026-04-02T15:51:45.862445
Vadorequest,skipped,FR,,0,0,2026-04-02T15:51:55.315489
IanSeyler,skipped,CA,,2,0,2026-04-02T15:52:07.892127
pratik-dabhi,skipped,IN,,0,74,2026-04-02T15:52:16.123920
dlubitz,skipped,DE,,0,0,2026-04-02T15:52:17.206854
andres-gimenez,skipped,ES,,0,0,2026-04-02T15:52:22.469293
FishShaw,skipped,US,,0,83,2026-04-02T15:52:34.613400
SalvatoreLaMarca1,skipped,US,,0,63,2026-04-02T15:52:46.783827
kennethlynne,skipped,NO,,0,0,2026-04-02T15:52:56.899224
DashiellVienna,scored,AT,0.03,5,13,2026-04-02T15:53:08.086329
rodrigojg35,skipped,MX,,0,6,2026-04-02T15:53:19.709829
Natali-Yavtushenko,skipped,UA,,0,34,2026-04-02T15:53:29.303629
w3s7y,skipped,GB,,0,0,2026-04-02T15:53:41.172879
teplofizik,skipped,RU,,4,0,2026-04-02T15:53:52.978065
SingleZombie,scored,SG,0.0237,53,47,2026-04-02T15:53:56.594256
HIMANSHU6001,skipped,IN,,12,0,2026-04-02T15:54:08.487777
evertonmissiagia,skipped,BR,,0,94,2026-04-02T15:54:18.830778
sebsto,skipped,FR,,0,0,2026-04-02T15:54:29.323980
udofa18,skipped,NG,,5,0,2026-04-02T15:54:34.810154
riccardocecc,skipped,IT,,0,12,2026-04-02T15:54:46.155359
michaellperry,skipped,US,,0,0,2026-04-02T15:54:55.313588
shinybrar,skipped,CA,,0,0,2026-04-02T15:54:58.553385
AnnaKo1009,skipped,RU,,0,40,2026-04-02T15:55:10.570747
smeijer,scored,NL,0.0565,17,11,2026-04-02T15:55:16.117568
anamatoso,skipped,PT,,0,0,2026-04-02T15:55:27.041740
Mehedi107,skipped,BD,,30,1,2026-04-02T15:55:39.714625
mrRestyling,skipped,RU,,0,0,2026-04-02T15:55:40.854236
niftycode,skipped,DE,,0,0,2026-04-02T15:55:50.724807
bswan0002,skipped,US,,0,0,2026-04-02T15:56:00.748808
ViniMacacari,skipped,BR,,0,100,2026-04-02T15:56:09.634970
CubeDr,skipped,KR,,0,0,2026-04-02T15:56:20.986643
crisnct,skipped,RO,,0,100,2026-04-02T15:56:25.020718
rajs1006,skipped,DE,,0,0,2026-04-02T15:56:36.399972
timonoko,scored,FI,0.1632,8,23,2026-04-02T15:56:48.084458
kierend,skipped,AU,,0,0,2026-04-02T15:56:49.059039
tpmccauley,skipped,GB,,0,0,2026-04-02T15:56:58.617497
manh-nguyen-0028,scored,VN,0.0788,11,30,2026-04-02T15:57:10.929209
ghoshdipanjan,skipped,AU,,0,0,2026-04-02T15:57:13.902987
OlaoluwaM,skipped,US,,0,0,2026-04-02T15:57:22.696521
rodriada000,skipped,US,,0,0,2026-04-02T15:57:31.705088
alexekdahl,skipped,SE,,0,100,2026-04-02T15:57:35.653071
NigelGee,skipped,GB,,0,0,2026-04-02T15:57:46.423561
newminkyung,skipped,KR,,0,0,2026-04-02T15:57:49.539340
ihostage,skipped,RU,,0,0,2026-04-02T15:57:50.617016
k9845,skipped,NP,,0,0,2026-04-02T15:58:02.128248
JWJung-99,skipped,KR,,13,1,2026-04-02T15:58:14.728426
AndyObtiva,scored,CA,0.0567,35,16,2026-04-02T15:58:18.690742
Developer1503,skipped,IN,,2,98,2026-04-02T15:58:27.057696
DavidMeseha,scored,EG,0.043,85,15,2026-04-02T15:58:32.781123
eliot-tron,scored,FR,0.0587,11,66,2026-04-02T15:58:42.946553
rizkythegreat,skipped,ID,,12,0,2026-04-02T15:58:54.107458
RahulYemmewar94,skipped,IN,,0,1,2026-04-02T15:59:05.174826
agaase,skipped,IN,,0,0,2026-04-02T15:59:16.545803
maths22,skipped,US,,0,0,2026-04-02T15:59:25.867400
lauer3912,skipped,CA,,0,0,2026-04-02T15:59:29.001099
Derjai,scored,CO,0.1821,16,34,2026-04-02T15:59:39.424211
remidej,skipped,FR,,0,0,2026-04-02T15:59:47.335467
HoangHuy-23,skipped,VN,,0,88,2026-04-02T15:59:59.740945
poprih,skipped,JP,,0,0,2026-04-02T16:00:10.947266
BrettFraley,skipped,US,,1,78,2026-04-02T16:00:19.131405
deepktp,skipped,IN,,21,0,2026-04-02T16:00:30.667024
fetus-hina,skipped,JP,,0,0,2026-04-02T16:00:42.373081
janmejayniit,skipped,IN,,0,0,2026-04-02T16:00:51.770699
jcrossley3,skipped,US,,0,1,2026-04-02T16:01:01.199755
Jamaludiin,skipped,MY,,7,0,2026-04-02T16:01:12.394119
sahiljaggarwal,skipped,IN,,4,0,2026-04-02T16:01:21.747104
nikhils-hubs,skipped,IN,,0,22,2026-04-02T16:01:32.012295
0xmad,skipped,CA,,0,0,2026-04-02T16:01:43.780384
KaranSapra124,skipped,IN,,3,29,2026-04-02T16:01:55.317763
philips77,skipped,PL,,0,0,2026-04-02T16:01:56.364210
Hwasowl,scored,KR,0.0774,57,43,2026-04-02T16:02:07.443315
EduardoB-Programador,scored,BR,0.0361,29,56,2026-04-02T16:02:19.338467
alexx-kis,skipped,RU,,100,0,2026-04-02T16:02:30.235143
nabinghosh,skipped,IN,,14,2,2026-04-02T16:02:35.734976
tushyagupta81,skipped,IN,,0,1,2026-04-02T16:02:48.769789
glhr,skipped,DK,,0,0,2026-04-02T16:02:52.344413
merrillmckee,skipped,US,,0,1,2026-04-02T16:03:04.034755
xander254,skipped,KE,,26,0,2026-04-02T16:03:12.073782
dmeaux,skipped,FR,,0,0,2026-04-02T16:03:17.380373
manoedinata,scored,ID,0.2727,10,39,2026-04-02T16:03:26.425069
1045917067,skipped,CN,,0,0,2026-04-02T16:03:36.623952
huytofu,skipped,SG,,0,0,2026-04-02T16:03:49.093133
Manishsoni2020,skipped,IN,,0,100,2026-04-02T16:04:02.028158
brandonocasey,skipped,US,,0,0,2026-04-02T16:04:13.505178
xunaiet-faruk,skipped,BD,,7,0,2026-04-02T16:04:25.751210
cactus-tim,skipped,RU,,50,2,2026-04-02T16:04:36.117571
Karan-Salvi,skipped,IN,,0,15,2026-04-02T16:04:47.500599
LexBorisoff,skipped,CA,,0,100,2026-04-02T16:04:51.976673
koentsje,skipped,BE,,0,0,2026-04-02T16:04:53.054125
Victor2266,skipped,CA,,99,1,2026-04-02T16:04:57.175284
zopu,skipped,GB,,0,0,2026-04-02T16:05:05.205520
mayurilahane,skipped,CA,,0,0,2026-04-02T16:05:13.560772
addexdi,skipped,NG,,15,1,2026-04-02T16:05:21.792294
peterbe,skipped,US,,0,0,2026-04-02T16:05:32.918815
alex-d13,skipped,DE,,2,0,2026-04-02T16:05:39.987073
Cyb3r-Jak3,scored,US,0.1151,22,6,2026-04-02T16:05:52.032331
alireza-sheikholmolouki,error,NL,,,,2026-04-02T16:05:52.904111
pyj2025,skipped,CA,,0,0,2026-04-02T16:06:04.080932
AdityaRDX,skipped,IN,,4,18,2026-04-02T16:06:13.874855
hbruch,skipped,DE,,0,0,2026-04-02T16:06:14.969862
jrosdahl,skipped,SE,,16,1,2026-04-02T16:06:19.097016
tzuying-nicoleyu,skipped,CA,,3,10,2026-04-02T16:06:26.719291
Giermann,skipped,DE,,0,0,2026-04-02T16:06:30.047551
Clare72,error,GB,,,,2026-04-02T16:06:30.976867
zwhe99,skipped,CN,,19,0,2026-04-02T16:06:42.248141
wd0517,skipped,CN,,0,0,2026-04-02T16:06:45.433217
amyblais,skipped,FI,,0,0,2026-04-02T16:06:48.401942
Herobrudi112,skipped,DE,,0,100,2026-04-02T16:07:01.466046
pchaigno,skipped,FR,,0,0,2026-04-02T16:07:11.367017
JpegPython,scored,BR,0.1175,13,18,2026-04-02T16:07:23.369411
oschick,skipped,DE,,0,0,2026-04-02T16:07:28.424172
Koppang-Dev,skipped,CA,,0,100,2026-04-02T16:07:36.702307
bms63,skipped,US,,0,100,2026-04-02T16:07:43.981406
martyschaer,skipped,CH,,0,3,2026-04-02T16:07:49.357863
bobbycxy,skipped,SG,,10,0,2026-04-02T16:08:01.114232
Koenkk,skipped,NL,,0,0,2026-04-02T16:08:02.163046
calebjclark,skipped,US,,0,0,2026-04-02T16:08:09.358864
sukvvon,skipped,KR,,19,0,2026-04-02T16:08:18.963177
KR-HS,scored,KR,0.2755,20,16,2026-04-02T16:08:31.223833
tiff,skipped,DE,,0,0,2026-04-02T16:08:40.086306
DanilPI,skipped,RU,,0,11,2026-04-02T16:08:45.437167
IvanGrigorik,scored,US,0.043,81,19,2026-04-02T16:08:49.508734
pmackenz,skipped,US,,0,0,2026-04-02T16:08:50.598580
aob123,scored,SE,0.0575,6,6,2026-04-02T16:09:00.268153
msdx,skipped,CN,,0,0,2026-04-02T16:09:03.721507
mjameswh,skipped,CA,,0,0,2026-04-02T16:09:04.793481
karasz,skipped,RO,,0,0,2026-04-02T16:09:13.975876
bsrikanth24,skipped,IN,,0,1,2026-04-02T16:09:19.022824
dduyg,scored,NL,0.053,21,79,2026-04-02T16:09:23.084163
NavidZamanKhan,skipped,BD,,0,65,2026-04-02T16:09:34.519014
Maltazar,skipped,DK,,0,0,2026-04-02T16:09:37.550530
alistairreay,skipped,GB,,0,0,2026-04-02T16:09:40.707695
Henoker,skipped,KE,,20,0,2026-04-02T16:09:52.306635
juyeongeun,skipped,KR,,0,100,2026-04-02T16:09:58.287652
ayushprakash2207,skipped,IN,,0,100,2026-04-02T16:10:08.342094
leonidsh119,skipped,IL,,0,0,2026-04-02T16:10:11.760358
vadim-kirkach,skipped,RU,,0,100,2026-04-02T16:10:21.253796
nekoscythe,scored,AE,0.0787,30,70,2026-04-02T16:10:27.588515
Amandinh0,scored,US,0.0359,42,34,2026-04-02T16:10:37.905537
duck59uet,skipped,VN,,0,0,2026-04-02T16:10:40.922453
hibaalaani,skipped,DE,,0,0,2026-04-02T16:10:52.940897
jdorn,skipped,US,,0,0,2026-04-02T16:11:01.388035
Hedwyn,skipped,FR,,0,0,2026-04-02T16:11:11.166184
kevin4052,skipped,US,,0,0,2026-04-02T16:11:14.727022
cihat-kose,scored,NO,0.0957,33,67,2026-04-02T16:11:23.357568
saddamarbaa,skipped,CA,,0,0,2026-04-02T16:11:27.342945
stkprog,scored,AT,0.0726,5,95,2026-04-02T16:11:39.592821
JowitaLA,skipped,PL,,0,46,2026-04-02T16:11:51.230419
mrMoxford,scored,JP,0.0976,72,28,2026-04-02T16:11:57.626083
Onyekachukwu-Nweke,skipped,NG,,20,1,2026-04-02T16:12:10.412955
hamdyaea,skipped,CH,,0,0,2026-04-02T16:12:19.945959
esc,skipped,DE,,0,0,2026-04-02T16:12:27.776677
osimuka,skipped,GB,,0,0,2026-04-02T16:12:37.510862
zeekliviu,skipped,RO,,5,0,2026-04-02T16:12:45.492851
piettes,skipped,DE,,0,0,2026-04-02T16:12:50.705983
mailmezorro,skipped,DE,,2,0,2026-04-02T16:12:55.815875
AleynaaCelik,skipped,TR,,0,0,2026-04-02T16:13:06.810550
adelhult,skipped,SE,,0,0,2026-04-02T16:13:14.915325
Nawinkumarj,skipped,IN,,0,12,2026-04-02T16:13:26.470244
tustanivsky,skipped,UA,,0,38,2026-04-02T16:13:29.827367
destucr,scored,ID,0.2388,15,7,2026-04-02T16:13:39.334919
jacobcassidy,scored,US,0.0761,5,95,2026-04-02T16:13:43.037804
bentheperson1,skipped,US,,14,4,2026-04-02T16:13:54.520627
jsnyde0,skipped,DE,,0,0,2026-04-02T16:13:57.542754
SidneyAllen,skipped,US,,0,0,2026-04-02T16:14:06.439219
Marcoscv02,skipped,ES,,0,100,2026-04-02T16:14:12.415412
m-naumann,skipped,DE,,0,0,2026-04-02T16:14:13.549534
sungyongcho,scored,FR,0.1118,28,5,2026-04-02T16:14:22.000838
cope,skipped,DE,,0,0,2026-04-02T16:14:33.986180
MariusTanase,scored,GB,0.0313,51,7,2026-04-02T16:14:46.583259
tomiaa12,scored,CN,0.0698,6,93,2026-04-02T16:14:56.590650
maurice1979,skipped,ES,,0,0,2026-04-02T16:15:00.429124
BPI-SINOVOIP,skipped,CN,,0,0,2026-04-02T16:15:01.550294
slowpuke,error,IT,,,,2026-04-02T16:15:02.455601
digitaldesaster,skipped,DE,,0,0,2026-04-02T16:15:03.597368
nahianhasan161,skipped,BD,,0,0,2026-04-02T16:15:11.399170
NELIT2714,skipped,PL,,0,80,2026-04-02T16:15:23.264150
Slowist-Lee,skipped,CN,,0,19,2026-04-02T16:15:33.504463
courville,skipped,FR,,0,0,2026-04-02T16:15:44.858362
Phumudzo96,skipped,ZA,,25,0,2026-04-02T16:15:56.540724
penkodedev,skipped,ES,,24,1,2026-04-02T16:16:08.389795
d-goryslavets,skipped,UA,,0,5,2026-04-02T16:16:13.735609
joshhunt,skipped,GB,,0,1,2026-04-02T16:16:21.240143
supertom,skipped,US,,0,0,2026-04-02T16:16:24.466629
Mag1cByt3s,skipped,DE,,100,0,2026-04-02T16:16:28.046766
piyushabhadange09,skipped,IN,,0,0,2026-04-02T16:16:39.038812
yf13,skipped,CN,,1,0,2026-04-02T16:16:44.415618
marcwieserdev,skipped,FR,,5,0,2026-04-02T16:16:56.221764
AndriySvyryd,skipped,US,,5,3,2026-04-02T16:16:59.918844
David-Develo,skipped,NG,,0,18,2026-04-02T16:17:11.565781
ststeiger,skipped,CH,,0,0,2026-04-02T16:17:22.713448
dmognaschi,skipped,IT,,0,0,2026-04-02T16:17:23.679018
prashantchanne12,skipped,US,,0,0,2026-04-02T16:17:35.232551
mominuldev,skipped,BD,,0,0,2026-04-02T16:17:40.261104
samirankulkarni,skipped,IN,,7,0,2026-04-02T16:17:51.288746
pabuisson,scored,FR,0.0597,20,42,2026-04-02T16:17:56.859583
hermanussen,skipped,NL,,0,0,2026-04-02T16:18:07.884535
JamesDuncanNz,skipped,US,,7,0,2026-04-02T16:18:15.202216
Lusan-sapkota,skipped,NP,,2,40,2026-04-02T16:18:27.225834
annecremin,skipped,GB,,20,2,2026-04-02T16:18:35.183692
Ryan-cyber588,error,BR,,,,2026-04-02T16:18:36.064691
edwardhouser,skipped,US,,0,9,2026-04-02T16:18:47.508516
a-b-sabbir,skipped,BD,,16,0,2026-04-02T16:18:58.554932
wing-ho,skipped,CN,,2,1,2026-04-02T16:19:08.232795
idanov,skipped,GB,,0,0,2026-04-02T16:19:13.156714
yielding,skipped,KR,,0,100,2026-04-02T16:19:17.014579
SecGus,skipped,GB,,2,0,2026-04-02T16:19:24.673528
oliviodare,skipped,BE,,14,0,2026-04-02T16:19:28.305444
bjornlustic,skipped,US,,0,40,2026-04-02T16:19:39.623898
leabravo,scored,AR,0.0713,11,25,2026-04-02T16:19:50.055526
1a1a11a,skipped,GB,,6,1,2026-04-02T16:20:02.346867
djizus,scored,FR,0.1159,15,59,2026-04-02T16:20:12.071518
cdalar,skipped,NL,,0,0,2026-04-02T16:20:17.277385
donkevlar,skipped,CA,,0,100,2026-04-02T16:20:21.685925
haumacher,skipped,DE,,0,0,2026-04-02T16:20:25.320045
aleshaio,skipped,RU,,0,66,2026-04-02T16:20:30.669787
GuinaCosta,skipped,BR,,0,0,2026-04-02T16:20:41.818086
BrettOJ,skipped,SG,,0,0,2026-04-02T16:20:50.749576
memochou1993,skipped,TW,,22,2,2026-04-02T16:20:57.623650
Obadea,skipped,NG,,28,2,2026-04-02T16:21:09.253449
vai1205,skipped,IN,,0,0,2026-04-02T16:21:22.161031
Mr-McGL,skipped,ES,,17,0,2026-04-02T16:21:30.134449
hannahhoward,skipped,US,,0,0,2026-04-02T16:21:35.712715
abhishekvardhan,skipped,IN,,0,0,2026-04-02T16:21:45.127532
SandySJadhav,skipped,IN,,4,85,2026-04-02T16:21:58.548830
kingdonb,skipped,US,,0,0,2026-04-02T16:21:59.690369
Plarpoon,skipped,SE,,0,6,2026-04-02T16:22:11.490444
tiagov8,skipped,CA,,0,0,2026-04-02T16:22:12.609560
francisrath,skipped,NO,,0,1,2026-04-02T16:22:15.956248
LSapee,skipped,KR,,28,0,2026-04-02T16:22:23.768734
mnieper,skipped,DE,,0,0,2026-04-02T16:22:31.298183
Zollicoff,skipped,US,,100,0,2026-04-02T16:22:34.783139
SKMSRI,skipped,IN,,0,99,2026-04-02T16:22:46.798363
egorsh0,skipped,RU,,0,0,2026-04-02T16:22:52.182035
cirospaciari,skipped,BR,,0,0,2026-04-02T16:22:57.839042
FireMasterK,skipped,GB,,0,0,2026-04-02T16:23:01.053257
sendtoshailesh,skipped,IN,,0,0,2026-04-02T16:23:06.611069
graysonchen,skipped,SG,,0,0,2026-04-02T16:23:16.284814
aminfallahzadeh,skipped,TR,,97,3,2026-04-02T16:23:21.859493
areeb-idenfo,skipped,PK,,0,4,2026-04-02T16:23:24.907719
FernandoTejedorL,skipped,ES,,0,17,2026-04-02T16:23:36.418649
dinhducbkdn2004,skipped,VN,,0,9,2026-04-02T16:23:45.787714
