login,pre_commit_count,pre_mean_message_length,pre_active_weeks,pre_repos_touched,pre_mean_commits_per_active_week,pre_frac_multiline,pre_frac_conventional,pre_frac_mentions_test,pre_frac_has_bullets,pre_mean_inter_commit_hours,pre_frac_burst_commits,pre_sampled_test_cowrite_rate,pre_file_sample_count,pre_mean_pr_body_length,pre_frac_pr_has_body,post_commit_count,post_mean_message_length,post_active_weeks,post_repos_touched,post_mean_commits_per_active_week,post_frac_multiline,post_frac_conventional,post_frac_mentions_test,post_frac_has_bullets,post_mean_inter_commit_hours,post_frac_burst_commits,post_sampled_test_cowrite_rate,post_file_sample_count,post_mean_pr_body_length,post_frac_pr_has_body,delta_commit_count,delta_mean_message_length,delta_active_weeks,delta_repos_touched,delta_mean_commits_per_active_week,delta_frac_multiline,delta_frac_conventional,delta_frac_mentions_test,delta_frac_has_bullets,delta_mean_inter_commit_hours,delta_frac_burst_commits,delta_sampled_test_cowrite_rate,delta_file_sample_count,delta_mean_pr_body_length,delta_frac_pr_has_body
pcmbs,83,35.51,8,1,10.38,0.048,0.0,0.0,0.0,32.83,0.695,0.0,0,0.0,0.0,17,35.53,3,1,5.67,0.353,0.0,0.0,0.0,628.64,0.688,0.0,0,0.0,0.0,-66,0.02,-5,0,-4.71,0.305,0.0,0.0,0.0,595.81,-0.007,0.0,0,0.0,0.0
mattyonder,48,20.98,11,4,4.36,0.021,0.0,0.0,0.0,140.17,0.532,0.0,0,0.0,0.0,14,15.79,6,2,2.33,0.0,0.0,0.0,0.0,895.48,0.615,0.0,0,0.0,0.0,-34,-5.19,-5,-2,-2.03,-0.021,0.0,0.0,0.0,755.31,0.083,0.0,0,0.0,0.0
Larshalvorhansen,13,33.85,7,1,1.86,0.0,0.0,0.0,0.0,582.89,0.333,0.0,0,0.0,0.0,87,10.52,5,2,17.4,0.023,0.0,0.0,0.0,192.83,0.744,0.0,0,0.0,0.0,74,-23.33,-2,1,15.54,0.023,0.0,0.0,0.0,-390.06,0.411,0.0,0,0.0,0.0
Nishchaypat,20,16.6,3,4,6.67,0.0,0.0,0.0,0.0,174.55,0.842,0.0,0,0.0,0.0,64,18.03,12,4,5.33,0.0,0.0,0.016,0.0,140.3,0.714,0.0,0,0.0,0.0,44,1.43,9,0,-1.34,0.0,0.0,0.016,0.0,-34.25,-0.128,0.0,0,0.0,0.0
DragunWF,41,16.0,20,1,2.05,0.0,0.0,0.0,0.0,317.92,0.325,0.0,0,0.0,0.0,59,18.8,19,1,3.11,0.068,0.0,0.034,0.051,285.91,0.5,0.0,0,0.0,0.0,18,2.8,-1,0,1.06,0.068,0.0,0.034,0.051,-32.01,0.175,0.0,0,0.0,0.0
subbusainath,70,34.54,3,1,23.33,0.3,0.0,0.043,0.0,23.9,0.899,0.0,0,0.95,0.0,7,69.43,3,3,2.33,0.143,0.714,0.0,0.0,1191.91,0.667,0.0,0,957.5,1.0,-63,34.89,0,2,-21.0,-0.157,0.714,-0.043,0.0,1168.01,-0.232,0.0,0,956.55,1.0
devejosh,5,20.4,3,2,1.67,0.0,0.0,0.0,0.0,2110.7,0.5,0.0,0,0.0,0.0,11,43.55,2,2,5.5,0.636,0.0,0.0,0.0,595.01,0.7,0.0,0,53.0,1.0,6,23.15,-1,0,3.83,0.636,0.0,0.0,0.0,-1515.69,0.2,0.0,0,53.0,1.0
SananMaarouf,47,51.06,5,2,9.4,0.021,0.0,0.0,0.0,40.71,0.391,0.0,0,0.0,0.0,18,40.89,6,3,3.0,0.0,0.0,0.0,0.0,177.11,0.529,0.0,0,0.0,0.0,-29,-10.17,1,1,-6.4,-0.021,0.0,0.0,0.0,136.4,0.138,0.0,0,0.0,0.0
Liebe3,23,12.83,8,5,2.88,0.043,0.0,0.0,0.0,371.89,0.682,0.0,0,0.0,0.0,22,33.14,9,1,2.44,0.318,0.409,0.0,0.0,444.23,0.619,0.0,0,0.0,0.0,-1,20.31,1,-4,-0.44,0.275,0.409,0.0,0.0,72.34,-0.063,0.0,0,0.0,0.0
Trrrrw,78,21.74,21,3,3.71,0.141,0.0,0.0,0.0,141.48,0.506,0.0,0,0.0,0.0,19,20.84,8,2,2.38,0.053,0.0,0.0,0.0,1008.75,0.556,0.0,0,0.0,0.0,-59,-0.9,-13,-1,-1.33,-0.088,0.0,0.0,0.0,867.27,0.05,0.0,0,0.0,0.0
kylerphillips,11,38.73,3,1,3.67,0.0,0.818,0.0,0.0,62.47,0.6,0.0,0,0.0,0.0,20,187.65,1,1,20.0,0.9,0.0,0.0,0.0,0.12,1.0,0.0,0,0.0,0.0,9,148.92,-2,0,16.33,0.9,-0.818,0.0,0.0,-62.35,0.4,0.0,0,0.0,0.0
abdul-rehman-d,27,23.52,4,2,6.75,0.0,0.0,0.0,0.0,51.7,0.346,0.0,0,0.0,0.0,68,29.74,12,1,5.67,0.059,0.382,0.0,0.015,266.19,0.657,0.0,0,4.0,0.0,41,6.22,8,-1,-1.08,0.059,0.382,0.0,0.015,214.49,0.311,0.0,0,4.0,0.0
simon-lawyer,46,16.8,4,2,11.5,0.022,0.0,0.022,0.0,250.76,0.933,0.0,0,0.0,0.0,34,22.41,15,1,2.27,0.206,0.0,0.088,0.0,441.26,0.545,0.0,0,0.0,0.0,-12,5.61,11,-1,-9.23,0.184,0.0,0.066,0.0,190.5,-0.388,0.0,0,0.0,0.0
mcraiha,44,58.98,4,2,11.0,1.0,0.0,0.273,0.0,78.76,0.791,0.0,0,0.0,0.0,39,49.0,8,2,4.88,1.0,0.0,0.103,0.0,316.92,0.711,0.0,0,0.0,0.0,-5,-9.98,4,0,-6.12,0.0,0.0,-0.17,0.0,238.16,-0.08,0.0,0,0.0,0.0
amcucunuba,60,22.62,14,3,4.29,0.033,0.0,0.0,0.0,79.44,0.339,0.0,0,35.8,0.2,29,11.76,6,2,4.83,0.034,0.0,0.0,0.0,301.89,0.571,0.0,0,15.0,0.0,-31,-10.86,-8,-1,0.54,0.001,0.0,0.0,0.0,222.45,0.232,0.0,0,-20.8,-0.2
Dawgsrlife,6,13.67,2,1,3.0,0.0,0.0,0.167,0.0,60.52,0.8,0.0,0,0.0,0.0,94,46.66,14,5,6.71,0.0,0.0,0.032,0.021,44.16,0.559,0.0,0,0.0,0.0,88,32.99,12,4,3.71,0.0,0.0,-0.135,0.021,-16.36,-0.241,0.0,0,0.0,0.0
LuisMiguel-efe,16,57.19,5,1,3.2,0.625,0.0,0.0,0.0,50.33,0.4,0.0,0,0.0,0.0,24,58.17,6,3,4.0,0.375,0.0,0.0,0.0,459.37,0.522,0.0,0,0.0,0.0,8,0.98,1,2,0.8,-0.25,0.0,0.0,0.0,409.04,0.122,0.0,0,0.0,0.0
thedevtobiii,5,18.6,4,4,1.25,0.0,0.0,0.0,0.0,102.99,0.25,0.0,0,0.0,0.0,5,31.0,5,2,1.0,0.2,0.0,0.0,0.0,3073.86,0.0,0.0,0,0.0,0.0,0,12.4,1,-2,-0.25,0.2,0.0,0.0,0.0,2970.87,-0.25,0.0,0,0.0,0.0
shirosensei,13,15.85,5,4,2.6,0.0,0.0,0.0,0.0,419.11,0.583,0.0,0,0.0,0.0,11,25.64,7,1,1.57,0.091,0.0,0.0,0.0,1110.35,0.1,0.0,0,0.0,0.0,-2,9.79,2,-3,-1.03,0.091,0.0,0.0,0.0,691.24,-0.483,0.0,0,0.0,0.0
MarineCrou,5,56.8,2,2,2.5,0.4,0.0,0.0,0.2,83.1,0.75,0.0,0,0.0,0.0,70,46.74,13,4,5.38,0.0,0.0,0.0,0.071,149.14,0.594,0.0,0,0.0,0.0,65,-10.06,11,2,2.88,-0.4,0.0,0.0,-0.129,66.04,-0.156,0.0,0,0.0,0.0
larsrickert,94,44.09,18,1,5.22,0.064,0.862,0.011,0.021,128.12,0.753,0.0,0,178.0,0.25,6,30.5,3,1,2.0,0.0,1.0,0.0,0.0,490.31,0.2,0.0,0,0.0,0.0,-88,-13.59,-15,0,-3.22,-0.064,0.138,-0.011,-0.021,362.19,-0.553,0.0,0,-178.0,-0.25
Nandhan007,19,17.79,3,3,6.33,0.0,0.0,0.0,0.0,217.06,0.889,0.0,0,0.0,0.0,59,25.9,6,4,9.83,0.068,0.0,0.017,0.0,149.83,0.586,0.0,0,0.0,0.0,40,8.11,3,1,3.5,0.068,0.0,0.017,0.0,-67.23,-0.303,0.0,0,0.0,0.0
toriumi0118,22,17.5,9,1,2.44,0.0,0.955,0.0,0.0,201.24,0.238,0.0,0,0.0,0.0,78,14.14,21,1,3.71,0.0,0.897,0.0,0.0,252.52,0.403,0.0,0,0.0,0.0,56,-3.36,12,0,1.27,0.0,-0.058,0.0,0.0,51.28,0.165,0.0,0,0.0,0.0
lycaoduong,16,21.31,2,4,8.0,0.0,0.0,0.062,0.0,1005.43,0.867,0.0,0,0.0,0.0,14,17.36,8,3,1.75,0.0,0.0,0.0,0.0,447.76,0.231,0.0,0,0.0,0.0,-2,-3.95,6,-1,-6.25,0.0,0.0,-0.062,0.0,-557.67,-0.636,0.0,0,0.0,0.0
Bekhruzakhmadjanov,38,16.24,6,5,6.33,0.0,0.0,0.0,0.0,161.99,0.73,0.0,0,0.0,0.0,9,16.0,3,1,3.0,0.0,0.0,0.0,0.0,1147.68,0.75,0.0,0,0.0,0.0,-29,-0.24,-3,-4,-3.33,0.0,0.0,0.0,0.0,985.69,0.02,0.0,0,0.0,0.0
isabelntho,24,24.71,7,3,3.43,0.042,0.0,0.0,0.0,178.5,0.696,0.0,0,0.0,0.0,5,16.0,2,1,2.5,0.0,0.0,0.0,0.0,2123.37,0.5,0.0,0,0.0,0.0,-19,-8.71,-5,-2,-0.93,-0.042,0.0,0.0,0.0,1944.87,-0.196,0.0,0,0.0,0.0
marslo,83,29.8,16,1,5.19,0.0,0.0,0.0,0.072,140.26,0.549,0.0,0,0.0,0.0,17,85.59,5,1,3.4,0.059,0.059,0.0,0.118,753.68,0.25,0.0,0,0.0,0.0,-66,55.79,-11,0,-1.79,0.059,0.059,0.0,0.046,613.42,-0.299,0.0,0,0.0,0.0
abbasamirza,19,29.63,4,3,4.75,0.0,0.0,0.0,0.0,87.69,0.611,0.0,0,0.0,0.0,36,65.83,5,5,7.2,0.389,0.0,0.0,0.0,435.19,0.629,0.0,0,72.56,0.778,17,36.2,1,2,2.45,0.389,0.0,0.0,0.0,347.5,0.018,0.0,0,72.56,0.778
wandanamaddumage,9,31.11,5,1,1.8,0.0,0.0,0.0,0.0,86.99,0.25,0.0,0,0.0,0.0,47,38.62,10,5,4.7,0.213,0.106,0.0,0.0,147.77,0.435,0.0,0,0.0,0.0,38,7.51,5,4,2.9,0.213,0.106,0.0,0.0,60.78,0.185,0.0,0,0.0,0.0
gureckis,12,18.67,8,1,1.5,0.0,0.0,0.083,0.0,215.71,0.273,0.0,0,0.0,0.0,14,26.29,6,1,2.33,0.0,0.071,0.0,0.0,536.4,0.385,0.0,0,0.0,0.0,2,7.62,-2,0,0.83,0.0,0.071,-0.083,0.0,320.69,0.112,0.0,0,0.0,0.0
krishantt,21,23.05,2,1,10.5,0.0,0.476,0.0,0.0,5.52,0.8,0.0,0,0.0,0.0,15,17.73,4,3,3.75,0.133,0.2,0.0,0.0,34.45,0.643,0.0,0,0.0,0.0,-6,-5.32,2,2,-6.75,0.133,-0.276,0.0,0.0,28.93,-0.157,0.0,0,0.0,0.0
rafael-freitass,10,50.4,2,1,5.0,0.1,0.0,0.0,0.0,23.61,0.556,0.0,0,0.0,0.0,12,22.17,4,4,3.0,0.0,0.0,0.0,0.0,951.2,0.727,0.0,0,0.0,0.0,2,-28.23,2,3,-2.0,-0.1,0.0,0.0,0.0,927.59,0.171,0.0,0,0.0,0.0
L-Sun,40,115.38,11,1,3.64,0.2,0.0,0.125,0.15,248.7,0.41,0.0,0,71.35,0.45,18,197.11,9,1,2.0,0.444,0.056,0.111,0.278,1069.6,0.235,0.0,0,180.67,0.5,-22,81.73,-2,0,-1.64,0.244,0.056,-0.014,0.128,820.9,-0.175,0.0,0,109.32,0.05
scatyf3,20,14.65,6,1,3.33,0.0,0.0,0.0,0.0,109.7,0.526,0.0,0,0.0,0.0,11,14.18,5,1,2.2,0.0,0.0,0.0,0.0,1105.97,0.5,0.0,0,0.0,0.0,-9,-0.47,-1,0,-1.13,0.0,0.0,0.0,0.0,996.27,-0.026,0.0,0,0.0,0.0
slavingia,17,11.71,7,1,2.43,0.0,0.0,0.0,0.0,1040.8,0.562,0.0,0,0.0,0.0,54,21.65,9,1,6.0,0.241,0.0,0.0,0.204,174.34,0.642,0.0,0,0.0,0.0,37,9.94,2,0,3.57,0.241,0.0,0.0,0.204,-866.46,0.08,0.0,0,0.0,0.0
RyuYeoni,24,28.42,6,3,4.0,0.208,0.0,0.042,0.0,286.66,0.696,0.0,0,32.33,0.333,8,15.0,3,4,2.67,0.0,0.0,0.0,0.0,1025.51,0.571,0.0,0,0.0,0.0,-16,-13.42,-3,1,-1.33,-0.208,0.0,-0.042,0.0,738.85,-0.125,0.0,0,-32.33,-0.333
v0rkath,76,22.63,10,2,7.6,0.026,0.0,0.026,0.013,147.23,0.773,0.0,0,0.0,0.0,11,23.91,6,2,1.83,0.0,0.0,0.0,0.0,895.46,0.5,0.0,0,0.0,0.0,-65,1.28,-4,0,-5.77,-0.026,0.0,-0.026,-0.013,748.23,-0.273,0.0,0,0.0,0.0
Soyaib10,70,21.07,14,4,5.0,0.043,0.0,0.0,0.057,143.31,0.667,0.0,0,0.0,0.0,9,17.22,4,2,2.25,0.0,0.0,0.0,0.0,977.48,0.25,0.0,0,0.0,0.0,-61,-3.85,-10,-2,-2.75,-0.043,0.0,0.0,-0.057,834.17,-0.417,0.0,0,0.0,0.0
SCWells72,17,117.59,10,2,1.7,0.176,0.0,0.059,0.118,388.53,0.312,0.0,0,709.5,1.0,14,48.0,8,2,1.75,0.071,0.0,0.0,0.0,1272.29,0.308,0.0,0,28.0,0.0,-3,-69.59,-2,0,0.05,-0.105,0.0,-0.059,-0.118,883.76,-0.004,0.0,0,-681.5,-1.0
upadhyayvaibhav229,9,16.22,2,4,4.5,0.0,0.0,0.0,0.0,12.79,0.5,0.0,0,0.0,0.0,8,10.62,3,3,2.67,0.0,0.0,0.0,0.0,106.82,0.714,0.0,0,0.0,0.0,-1,-5.6,1,-1,-1.83,0.0,0.0,0.0,0.0,94.03,0.214,0.0,0,0.0,0.0
mateuszmarc,45,33.87,5,4,9.0,0.0,0.0,0.0,0.0,17.48,0.75,0.0,0,0.0,0.0,8,40.75,6,4,1.33,0.375,0.0,0.0,0.0,991.01,0.286,0.0,0,0.0,0.0,-37,6.88,1,0,-7.67,0.375,0.0,0.0,0.0,973.53,-0.464,0.0,0,0.0,0.0
PaulAdrPENET,58,18.83,6,4,9.67,0.034,0.0,0.0,0.0,21.9,0.579,0.0,0,0.0,0.0,34,23.44,2,1,17.0,0.0,0.0,0.206,0.029,6.57,0.788,0.0,0,0.0,0.0,-24,4.61,-4,-3,7.33,-0.034,0.0,0.206,0.029,-15.33,0.209,0.0,0,0.0,0.0
Sergtco,6,13.17,2,1,3.0,0.0,0.0,0.0,0.0,64.25,0.6,0.0,0,0.0,0.0,94,12.76,9,1,10.44,0.0,0.0,0.0,0.0,15.72,0.29,0.0,0,0.0,0.0,88,-0.41,7,0,7.44,0.0,0.0,0.0,0.0,-48.53,-0.31,0.0,0,0.0,0.0
lshqqytiger,11,9.45,8,1,1.38,0.0,0.0,0.0,0.0,1347.05,0.3,0.0,0,0.0,0.0,6,8.83,4,1,1.5,0.0,0.0,0.0,0.0,2228.85,0.4,0.0,0,0.0,0.0,-5,-0.62,-4,0,0.12,0.0,0.0,0.0,0.0,881.8,0.1,0.0,0,0.0,0.0
JoYvBa,40,78.55,3,1,13.33,0.325,0.0,0.0,0.0,9.27,0.795,0.0,0,0.0,0.0,60,22.62,4,3,15.0,0.033,0.0,0.0,0.0,29.74,0.864,0.0,0,0.0,0.0,20,-55.93,1,2,1.67,-0.292,0.0,0.0,0.0,20.47,0.069,0.0,0,0.0,0.0
PavelDelhomme,27,69.15,5,3,5.4,0.111,0.0,0.0,0.0,254.98,0.731,0.0,0,0.0,0.0,73,78.42,8,1,9.12,0.055,0.0,0.041,0.0,33.29,0.639,0.0,0,0.0,0.0,46,9.27,3,-2,3.72,-0.056,0.0,0.041,0.0,-221.69,-0.092,0.0,0,0.0,0.0
bastonero,57,96.67,9,1,6.33,0.439,0.158,0.088,0.018,123.74,0.696,0.0,0,33.0,0.167,43,210.19,19,1,2.26,0.698,0.093,0.209,0.047,440.33,0.357,0.0,0,138.26,0.643,-14,113.52,10,0,-4.07,0.259,-0.065,0.121,0.029,316.59,-0.339,0.0,0,105.26,0.476
ankita320,44,17.89,6,4,7.33,0.0,0.0,0.0,0.0,23.1,0.791,0.0,0,0.0,0.0,7,69.57,3,2,2.33,0.714,0.0,0.0,0.0,464.29,0.667,0.0,0,0.0,0.0,-37,51.68,-3,-2,-5.0,0.714,0.0,0.0,0.0,441.19,-0.124,0.0,0,0.0,0.0
syntaqx,17,20.76,4,1,4.25,0.059,0.0,0.0,0.0,584.51,0.75,0.0,0,0.0,0.0,74,23.99,3,1,24.67,0.0,0.0,0.0,0.0,71.96,0.863,0.0,0,0.0,0.0,57,3.23,-1,0,20.42,-0.059,0.0,0.0,0.0,-512.55,0.113,0.0,0,0.0,0.0
romainsacchi,25,6.0,1,1,25.0,0.0,0.0,0.0,0.0,0.16,1.0,0.0,0,0.0,0.0,72,5.64,5,1,14.4,0.0,0.0,0.0,0.0,167.37,0.887,0.0,0,0.0,0.0,47,-0.36,4,0,-10.6,0.0,0.0,0.0,0.0,167.21,-0.113,0.0,0,0.0,0.0
ThoSamSet,12,16.0,2,1,6.0,0.0,0.0,0.0,0.0,324.45,0.909,0.0,0,0.0,0.0,88,23.32,19,2,4.63,0.0,0.011,0.0,0.0,159.99,0.437,0.0,0,0.0,0.0,76,7.32,17,1,-1.37,0.0,0.011,0.0,0.0,-164.46,-0.472,0.0,0,0.0,0.0
sch0426,18,27.28,4,2,4.5,0.167,0.0,0.0,0.0,123.88,0.824,0.0,0,0.0,0.0,82,70.33,11,2,7.45,0.0,0.0,0.024,0.098,156.71,0.395,0.0,0,0.0,0.0,64,43.05,7,0,2.95,-0.167,0.0,0.024,0.098,32.83,-0.429,0.0,0,0.0,0.0
xxLalxx,18,43.17,5,2,3.6,0.0,0.0,0.0,0.0,227.17,0.529,0.0,0,0.0,0.0,12,19.08,2,1,6.0,0.167,0.0,0.0,0.0,18.18,0.636,0.0,0,0.0,0.0,-6,-24.09,-3,-1,2.4,0.167,0.0,0.0,0.0,-208.99,0.107,0.0,0,0.0,0.0
knoepsim,8,42.38,3,2,2.67,0.125,0.0,0.0,0.0,907.2,0.714,0.0,0,0.0,0.0,27,49.41,8,3,3.38,0.111,0.111,0.0,0.111,423.8,0.577,0.0,0,0.0,0.0,19,7.03,5,1,0.71,-0.014,0.111,0.0,0.111,-483.4,-0.137,0.0,0,0.0,0.0
benkietzman,15,12.47,9,3,1.67,0.0,0.0,0.0,0.0,983.48,0.357,0.0,0,0.0,0.0,31,11.58,11,3,2.82,0.0,0.0,0.0,0.0,612.16,0.6,0.0,0,0.0,0.0,16,-0.89,2,0,1.15,0.0,0.0,0.0,0.0,-371.32,0.243,0.0,0,0.0,0.0
Art4,34,28.59,3,1,11.33,0.029,0.0,0.059,0.0,259.86,0.788,0.0,0,0.0,0.0,61,32.43,4,1,15.25,0.082,0.0,0.082,0.0,36.76,0.783,0.0,0,0.0,0.0,27,3.84,1,0,3.92,0.053,0.0,0.023,0.0,-223.1,-0.005,0.0,0,0.0,0.0
Beauver,30,115.17,8,2,3.75,0.633,0.0,0.067,0.1,62.05,0.345,0.0,0,0.0,0.0,67,54.93,10,4,6.7,0.448,0.0,0.03,0.015,298.52,0.591,0.0,0,35.0,0.0,37,-60.24,2,2,2.95,-0.185,0.0,-0.037,-0.085,236.47,0.246,0.0,0,35.0,0.0
feliperfdev,29,16.14,15,1,1.93,0.0,0.0,0.0,0.0,323.95,0.357,0.0,0,0.0,0.0,71,17.24,38,1,1.87,0.014,0.0,0.0,0.0,278.25,0.371,0.0,0,0.0,0.0,42,1.1,23,0,-0.06,0.014,0.0,0.0,0.0,-45.7,0.014,0.0,0,0.0,0.0
EarthMessenger,33,37.88,16,1,2.06,0.273,0.152,0.0,0.03,115.55,0.156,0.0,0,0.0,0.0,67,28.22,34,1,1.97,0.149,0.149,0.0,0.0,287.43,0.227,0.0,0,0.0,0.0,34,-9.66,18,0,-0.09,-0.124,-0.003,0.0,-0.03,171.88,0.071,0.0,0,0.0,0.0
yxhwxn,54,41.09,4,1,13.5,0.111,0.167,0.093,0.0,15.26,0.792,0.0,0,0.0,0.0,46,38.07,9,2,5.11,0.13,0.043,0.0,0.087,97.06,0.667,0.0,0,0.0,0.0,-8,-3.02,5,1,-8.39,0.019,-0.124,-0.093,0.087,81.8,-0.125,0.0,0,0.0,0.0
nmacknight,16,28.81,3,2,5.33,0.0,0.0,0.0,0.438,333.63,0.867,0.0,0,0.0,0.0,74,24.8,12,3,6.17,0.0,0.0,0.0,0.095,111.79,0.781,0.0,0,0.0,0.0,58,-4.01,9,1,0.84,0.0,0.0,0.0,-0.343,-221.84,-0.086,0.0,0,0.0,0.0
mgiannopoulos24,18,15.0,4,2,4.5,0.0,0.0,0.0,0.0,271.89,0.765,0.0,0,0.0,0.0,82,21.62,45,3,1.82,0.012,0.0,0.012,0.183,235.91,0.272,0.0,0,0.0,0.0,64,6.62,41,1,-2.68,0.012,0.0,0.012,0.183,-35.98,-0.493,0.0,0,0.0,0.0
stanrunge,9,23.22,4,2,2.25,0.111,0.0,0.0,0.0,260.79,0.375,0.0,0,0.0,0.0,71,32.3,13,1,5.46,0.014,0.592,0.0,0.0,115.96,0.657,0.0,0,292.0,1.0,62,9.08,9,-1,3.21,-0.097,0.592,0.0,0.0,-144.83,0.282,0.0,0,292.0,1.0
AgusMolinaCode,20,16.95,13,3,1.54,0.0,0.0,0.0,0.0,484.16,0.368,0.0,0,0.0,0.0,16,16.0,8,1,2.0,0.0,0.0,0.0,0.0,1234.6,0.533,0.0,0,0.0,0.0,-4,-0.95,-5,-2,0.46,0.0,0.0,0.0,0.0,750.44,0.165,0.0,0,0.0,0.0
SomethingForNew,78,12.6,15,1,5.2,0.0,0.0,0.038,0.0,71.76,0.506,0.0,0,0.0,0.0,22,7.59,4,1,5.5,0.0,0.0,0.0,0.0,55.0,0.476,0.0,0,0.0,0.0,-56,-5.01,-11,0,0.3,0.0,0.0,-0.038,0.0,-16.76,-0.03,0.0,0,0.0,0.0
ToaHartor,65,47.8,20,1,3.25,0.385,0.0,0.0,0.0,200.84,0.5,0.0,0,0.0,0.0,21,59.43,15,1,1.4,0.857,0.048,0.0,0.048,928.83,0.3,0.0,0,0.0,0.0,-44,11.63,-5,0,-1.85,0.472,0.048,0.0,0.048,727.99,-0.2,0.0,0,0.0,0.0
LincZero,9,14.89,2,1,4.5,0.333,0.0,0.0,0.0,31.12,0.5,0.0,0,0.0,0.0,67,30.61,9,1,7.44,0.045,0.851,0.0,0.0,93.46,0.803,0.0,0,0.0,0.0,58,15.72,7,0,2.94,-0.288,0.851,0.0,0.0,62.34,0.303,0.0,0,0.0,0.0
segzix,27,22.63,7,2,3.86,0.074,0.0,0.074,0.0,62.87,0.577,0.0,0,18.0,0.0,6,9.17,3,3,2.0,0.0,0.0,0.0,0.0,1061.26,0.6,0.0,0,0.0,0.0,-21,-13.46,-4,1,-1.86,-0.074,0.0,-0.074,0.0,998.39,0.023,0.0,0,-18.0,0.0
nazneenprojects,16,8.94,3,1,5.33,0.0,0.0,0.0,0.0,896.91,0.867,0.0,0,0.0,0.0,9,21.56,6,1,1.5,0.222,0.0,0.0,0.0,756.28,0.25,0.0,0,0.0,0.0,-7,12.62,3,0,-3.83,0.222,0.0,0.0,0.0,-140.63,-0.617,0.0,0,0.0,0.0
Cyletix,14,14.21,8,1,1.75,0.0,0.0,0.071,0.0,1245.65,0.462,0.0,0,0.0,0.0,15,21.53,7,2,2.14,0.067,0.0,0.0,0.0,1376.14,0.429,0.0,0,0.0,0.0,1,7.32,-1,1,0.39,0.067,0.0,-0.071,0.0,130.49,-0.033,0.0,0,0.0,0.0
ABHAY-100,9,13.33,4,1,2.25,0.0,0.0,0.0,0.0,201.49,0.625,0.0,0,0.0,0.0,91,20.52,20,3,4.55,0.055,0.0,0.0,0.0,212.82,0.489,0.0,0,0.0,0.0,82,7.19,16,2,2.3,0.055,0.0,0.0,0.0,11.33,-0.136,0.0,0,0.0,0.0
tsawyer,7,44.57,3,1,2.33,0.143,0.0,0.0,0.0,63.63,0.333,0.0,0,0.0,0.0,5,31.0,2,1,2.5,0.2,0.0,0.0,0.0,41.5,0.75,0.0,0,0.0,0.0,-2,-13.57,-1,0,0.17,0.057,0.0,0.0,0.0,-22.13,0.417,0.0,0,0.0,0.0
alexiwalker,39,55.41,7,2,5.57,0.077,0.0,0.051,0.026,332.09,0.684,0.0,0,0.0,0.0,61,41.72,8,4,7.62,0.016,0.0,0.164,0.0,80.37,0.4,0.0,0,0.0,0.0,22,-13.69,1,2,2.05,-0.061,0.0,0.113,-0.026,-251.72,-0.284,0.0,0,0.0,0.0
AriooGN,34,39.44,8,3,4.25,0.059,0.0,0.0,0.765,100.88,0.788,0.0,0,0.0,0.0,66,35.12,4,1,16.5,0.0,0.0,0.0,0.894,213.4,0.923,0.0,0,0.0,0.0,32,-4.32,-4,-2,12.25,-0.059,0.0,0.0,0.129,112.52,0.135,0.0,0,0.0,0.0
ravirajani,6,24.83,2,1,3.0,0.0,0.0,0.0,0.0,55.91,0.8,0.0,0,0.0,0.0,94,22.07,16,2,5.88,0.0,0.0,0.0,0.0,84.7,0.333,0.0,0,0.0,0.0,88,-2.76,14,1,2.88,0.0,0.0,0.0,0.0,28.79,-0.467,0.0,0,0.0,0.0
CodeHyder,6,38.17,1,1,6.0,0.0,0.0,0.0,0.0,6.14,0.2,0.0,0,0.0,0.0,18,30.11,9,2,2.0,0.222,0.0,0.0,0.0,646.66,0.294,0.0,0,0.0,0.0,12,-8.06,8,1,-4.0,0.222,0.0,0.0,0.0,640.52,0.094,0.0,0,0.0,0.0
Klaimmoro,22,19.77,5,1,4.4,0.0,0.0,0.0,0.0,174.2,0.81,0.0,0,0.0,0.0,9,48.33,5,3,1.8,0.333,0.0,0.0,0.0,846.0,0.25,0.0,0,328.0,0.333,-13,28.56,0,2,-2.6,0.333,0.0,0.0,0.0,671.8,-0.56,0.0,0,328.0,0.333
lexiscode,88,20.3,20,4,4.4,0.011,0.091,0.011,0.0,117.85,0.586,0.0,0,0.0,0.0,12,19.92,5,2,2.4,0.0,0.083,0.0,0.0,808.9,0.545,0.0,0,0.0,0.0,-76,-0.38,-15,-2,-2.0,-0.011,-0.008,-0.011,0.0,691.05,-0.041,0.0,0,0.0,0.0
avi-gecko,60,32.05,8,2,7.5,0.0,0.0,0.0,0.0,72.23,0.525,0.0,0,0.0,0.0,23,31.52,4,2,5.75,0.0,0.0,0.043,0.0,218.03,0.5,0.0,0,0.0,0.0,-37,-0.53,-4,0,-1.75,0.0,0.0,0.043,0.0,145.8,-0.025,0.0,0,0.0,0.0
maiow,74,23.45,19,4,3.89,0.014,0.0,0.0,0.014,134.57,0.452,0.0,0,183.0,1.0,26,31.88,12,2,2.17,0.038,0.0,0.0,0.0,424.6,0.28,0.0,0,0.0,0.0,-48,8.43,-7,-2,-1.72,0.024,0.0,0.0,-0.014,290.03,-0.172,0.0,0,-183.0,-1.0
xRookieFight,33,18.18,5,3,6.6,0.03,0.0,0.0,0.0,121.04,0.844,0.0,0,0.0,0.0,24,35.08,11,4,2.18,0.292,0.0,0.0,0.0,429.55,0.522,0.0,0,0.5,0.0,-9,16.9,6,1,-4.42,0.262,0.0,0.0,0.0,308.51,-0.322,0.0,0,0.5,0.0
letelumiere,55,20.09,7,3,7.86,0.0,0.0,0.0,0.0,28.1,0.611,0.0,0,0.0,0.0,9,16.89,3,1,3.0,0.111,0.0,0.0,0.0,950.86,0.375,0.0,0,0.0,0.0,-46,-3.2,-4,-2,-4.86,0.111,0.0,0.0,0.0,922.76,-0.236,0.0,0,0.0,0.0
jseop-lim,51,21.41,10,3,5.1,0.0,0.02,0.02,0.0,88.35,0.44,0.0,0,0.0,0.0,12,53.25,7,3,1.71,0.417,0.417,0.0,0.0,1433.2,0.364,0.0,0,0.0,0.0,-39,31.84,-3,0,-3.39,0.417,0.397,-0.02,0.0,1344.85,-0.076,0.0,0,0.0,0.0
higormetodio,40,31.18,7,2,5.71,0.0,0.0,0.0,0.025,83.74,0.462,0.0,0,0.0,0.0,60,37.38,25,2,2.4,0.0,0.0,0.0,0.083,119.19,0.203,0.0,0,0.0,0.0,20,6.2,18,0,-3.31,0.0,0.0,0.0,0.058,35.45,-0.259,0.0,0,0.0,0.0
NITB1202,21,45.86,8,1,2.62,0.0,0.0,0.048,0.0,75.5,0.2,0.0,0,0.0,0.0,36,34.14,12,4,3.0,0.0,0.0,0.028,0.0,157.83,0.257,0.0,0,0.0,0.0,15,-11.72,4,3,0.38,0.0,0.0,-0.02,0.0,82.33,0.057,0.0,0,0.0,0.0
Foksif,28,15.36,8,5,3.5,0.0,0.0,0.0,0.0,100.6,0.519,0.0,0,0.0,0.0,18,15.89,14,4,1.29,0.0,0.0,0.0,0.0,1018.4,0.176,0.0,0,0.0,0.0,-10,0.53,6,-1,-2.21,0.0,0.0,0.0,0.0,917.8,-0.343,0.0,0,0.0,0.0
wafemi999,31,22.52,13,4,2.38,0.097,0.0,0.0,0.0,409.35,0.433,0.0,0,0.0,0.0,22,20.86,16,5,1.38,0.136,0.0,0.0,0.0,686.31,0.095,0.0,0,27.0,0.0,-9,-1.66,3,1,-1.0,0.039,0.0,0.0,0.0,276.96,-0.338,0.0,0,27.0,0.0
maaaaaaaaaatt,9,30.33,5,1,1.8,0.0,0.0,0.0,0.0,1798.07,0.5,0.0,0,0.0,0.0,47,50.43,21,1,2.24,0.213,0.0,0.021,0.0,425.03,0.435,0.0,0,165.0,1.0,38,20.1,16,0,0.44,0.213,0.0,0.021,0.0,-1373.04,-0.065,0.0,0,165.0,1.0
maIihu,53,15.42,6,2,8.83,0.83,0.0,0.0,0.0,30.43,0.577,0.0,0,0.0,0.0,47,15.15,6,2,7.83,0.106,0.0,0.0,0.0,37.94,0.522,0.0,0,0.0,0.0,-6,-0.27,0,0,-1.0,-0.724,0.0,0.0,0.0,7.51,-0.055,0.0,0,0.0,0.0
victorchgs,43,42.74,4,2,10.75,0.233,0.209,0.0,0.0,86.17,0.643,0.0,0,0.0,0.0,57,57.23,6,1,9.5,0.298,0.351,0.0,0.0,22.87,0.536,0.0,0,14.19,0.062,14,14.49,2,-1,-1.25,0.065,0.142,0.0,0.0,-63.3,-0.107,0.0,0,14.19,0.062
surajskhopkar,8,79.88,2,2,4.0,0.5,0.0,0.0,0.0,22.5,0.857,0.0,0,0.0,0.0,21,25.57,7,3,3.0,0.0,0.0,0.095,0.0,110.09,0.25,0.0,0,0.0,0.0,13,-54.31,5,1,-1.0,-0.5,0.0,0.095,0.0,87.59,-0.607,0.0,0,0.0,0.0
ASTER18K,19,19.05,7,4,2.71,0.053,0.0,0.0,0.0,713.05,0.667,0.0,0,0.0,0.0,17,29.29,6,1,2.83,0.0,0.0,0.0,0.353,386.27,0.625,0.0,0,0.0,0.0,-2,10.24,-1,-3,0.12,-0.053,0.0,0.0,0.353,-326.78,-0.042,0.0,0,0.0,0.0
jacksleight,9,18.67,6,1,1.5,0.0,0.0,0.0,0.0,929.95,0.375,0.0,0,0.0,0.0,9,23.0,3,1,3.0,0.0,0.0,0.0,0.0,1224.54,0.75,0.0,0,0.0,0.0,0,4.33,-3,0,1.5,0.0,0.0,0.0,0.0,294.59,0.375,0.0,0,0.0,0.0
hapfalo-mo,7,16.43,2,3,3.5,0.0,0.0,0.0,0.0,765.31,0.667,0.0,0,0.0,0.0,14,50.0,4,2,3.5,0.0,0.0,0.0,0.786,63.71,0.154,0.0,0,0.0,0.0,7,33.57,2,-1,0.0,0.0,0.0,0.0,0.786,-701.6,-0.513,0.0,0,0.0,0.0
Abdulbarikassim,10,15.6,1,1,10.0,0.0,0.0,0.0,0.0,2.38,0.889,0.0,0,0.0,0.0,78,81.12,8,5,9.75,0.385,0.128,0.0,0.013,74.55,0.779,0.0,0,0.0,0.0,68,65.52,7,4,-0.25,0.385,0.128,0.0,0.013,72.17,-0.11,0.0,0,0.0,0.0
mrkwjck,13,29.15,4,3,3.25,0.0,0.0,0.0,0.0,954.07,0.583,0.0,0,0.0,0.0,10,38.1,5,4,2.0,0.2,0.0,0.0,0.0,946.7,0.333,0.0,0,0.0,0.0,-3,8.95,1,1,-1.25,0.2,0.0,0.0,0.0,-7.37,-0.25,0.0,0,0.0,0.0
FeckNeck,29,20.76,6,4,4.83,0.0,0.103,0.0,0.0,327.6,0.75,0.0,0,0.0,0.0,6,16.0,2,1,3.0,0.0,0.0,0.0,0.0,225.44,0.8,0.0,0,0.0,0.0,-23,-4.76,-4,-3,-1.83,0.0,-0.103,0.0,0.0,-102.16,0.05,0.0,0,0.0,0.0
Allenyou1126,5,25.0,2,1,2.5,0.0,0.0,0.0,0.0,122.19,0.5,0.0,0,0.0,0.0,78,13.26,25,1,3.12,0.013,0.0,0.0,0.0,84.97,0.364,0.0,0,0.0,0.0,73,-11.74,23,0,0.62,0.013,0.0,0.0,0.0,-37.22,-0.136,0.0,0,0.0,0.0
BrenoSB98,45,18.6,7,4,6.43,0.0,0.0,0.0,0.0,224.61,0.75,0.0,0,0.0,0.0,5,16.0,3,1,1.67,0.0,0.0,0.0,0.0,3463.35,0.5,0.0,0,0.0,0.0,-40,-2.6,-4,-3,-4.76,0.0,0.0,0.0,0.0,3238.74,-0.25,0.0,0,0.0,0.0
rasbin111,15,31.53,4,2,3.75,0.0,0.0,0.0,0.0,347.87,0.786,0.0,0,0.0,0.0,21,24.43,9,4,2.33,0.0,0.0,0.0,0.0,674.02,0.25,0.0,0,0.0,0.0,6,-7.1,5,2,-1.42,0.0,0.0,0.0,0.0,326.15,-0.536,0.0,0,0.0,0.0
chetanpatil13,7,18.71,1,1,7.0,0.0,0.0,0.0,0.0,17.71,0.833,0.0,0,0.0,0.0,27,22.41,3,4,9.0,0.0,0.0,0.0,0.0,286.2,0.808,0.0,0,0.0,0.0,20,3.7,2,3,2.0,0.0,0.0,0.0,0.0,268.49,-0.025,0.0,0,0.0,0.0
mitsimi,47,51.7,11,3,4.27,0.34,0.085,0.0,0.021,280.45,0.587,0.0,0,0.0,0.0,53,37.08,9,2,5.89,0.151,0.0,0.019,0.0,199.27,0.731,0.0,0,70.8,0.4,6,-14.62,-2,-1,1.62,-0.189,-0.085,0.019,-0.021,-81.18,0.144,0.0,0,70.8,0.4
Lucak1011,73,37.56,11,1,6.64,0.274,0.0,0.0,0.027,56.34,0.667,0.0,0,20.5,0.111,5,16.4,3,2,1.67,0.0,0.0,0.0,0.0,3437.68,0.25,0.0,0,0.0,0.0,-68,-21.16,-8,1,-4.97,-0.274,0.0,0.0,-0.027,3381.34,-0.417,0.0,0,-20.5,-0.111
Ice-Citron,33,91.3,4,2,8.25,0.03,0.0,0.0,0.152,140.51,0.375,0.0,0,105.0,1.0,27,22.48,12,1,2.25,0.074,0.0,0.0,0.0,458.0,0.577,0.0,0,0.0,0.0,-6,-68.82,8,-1,-6.0,0.044,0.0,0.0,-0.152,317.49,0.202,0.0,0,-105.0,-1.0
jgieseler,18,22.06,14,2,1.29,0.0,0.0,0.0,0.0,831.19,0.235,0.0,0,124.6,0.2,11,28.55,7,2,1.57,0.0,0.0,0.0,0.0,1809.55,0.3,0.0,0,167.67,0.667,-7,6.49,-7,0,0.28,0.0,0.0,0.0,0.0,978.36,0.065,0.0,0,43.07,0.467
orebenson,29,28.38,4,3,7.25,0.0,0.0,0.0,0.103,175.13,0.679,0.0,0,0.0,0.0,71,19.24,10,5,7.1,0.0,0.0,0.085,0.028,160.82,0.643,0.0,0,0.0,0.0,42,-9.14,6,2,-0.15,0.0,0.0,0.085,-0.075,-14.31,-0.036,0.0,0,0.0,0.0
aritra042003,33,19.64,3,2,11.0,0.0,0.0,0.0,0.0,50.86,0.688,0.0,0,0.0,0.0,9,37.78,4,3,2.25,0.444,0.0,0.0,0.0,184.76,0.25,0.0,0,0.0,0.0,-24,18.14,1,1,-8.75,0.444,0.0,0.0,0.0,133.9,-0.438,0.0,0,0.0,0.0
darmuh,13,19.77,5,2,2.6,0.462,0.0,0.077,0.0,60.02,0.417,0.0,0,0.0,0.0,87,20.67,34,2,2.56,0.069,0.0,0.0,0.0,228.78,0.163,0.0,0,0.0,0.0,74,0.9,29,0,-0.04,-0.393,0.0,-0.077,0.0,168.76,-0.254,0.0,0,0.0,0.0
jyjyjy25,61,23.56,9,3,6.78,0.0,0.0,0.0,0.0,44.52,0.55,0.0,0,0.0,0.0,39,68.79,3,1,13.0,0.0,0.0,0.0,0.026,10.52,0.711,0.0,0,0.0,0.0,-22,45.23,-6,-2,6.22,0.0,0.0,0.0,0.026,-34.0,0.161,0.0,0,0.0,0.0
hazz01,16,18.94,5,3,3.2,0.0,0.0,0.0,0.125,184.18,0.667,0.0,0,0.0,0.0,8,25.88,4,1,2.0,0.0,0.0,0.0,0.0,2075.46,0.571,0.0,0,0.0,0.0,-8,6.94,-1,-2,-1.2,0.0,0.0,0.0,-0.125,1891.28,-0.096,0.0,0,0.0,0.0
fisayo-dev,24,17.88,6,3,4.0,0.0,0.0,0.0,0.0,252.45,0.565,0.0,0,0.0,0.0,18,18.5,3,2,6.0,0.0,0.0,0.0,0.0,146.61,0.471,0.0,0,0.0,0.0,-6,0.62,-3,-1,2.0,0.0,0.0,0.0,0.0,-105.84,-0.094,0.0,0,0.0,0.0
chaitanya1330,16,17.38,3,2,5.33,0.0,0.0,0.0,0.0,124.27,0.4,0.0,0,0.0,0.0,22,36.91,3,1,7.33,0.0,0.0,0.0,0.0,129.22,0.667,0.0,0,0.0,0.0,6,19.53,0,-1,2.0,0.0,0.0,0.0,0.0,4.95,0.267,0.0,0,0.0,0.0
princewill016,24,20.21,2,4,12.0,0.0,0.0,0.0,0.0,13.86,0.478,0.0,0,0.0,0.0,24,17.17,1,1,24.0,0.0,0.0,0.0,0.0,3.59,0.739,0.0,0,0.0,0.0,0,-3.04,-1,-3,12.0,0.0,0.0,0.0,0.0,-10.27,0.261,0.0,0,0.0,0.0
johnnyvasconcelos,50,16.44,5,4,10.0,0.0,0.0,0.0,0.0,32.76,0.633,0.0,0,0.0,0.0,24,14.58,5,2,4.8,0.042,0.0,0.0,0.0,367.77,0.478,0.0,0,0.0,0.0,-26,-1.86,0,-2,-5.2,0.042,0.0,0.0,0.0,335.01,-0.155,0.0,0,0.0,0.0
K3rhos,83,16.2,9,1,9.22,0.0,0.0,0.0,0.0,130.76,0.89,0.0,0,0.0,0.0,17,16.24,8,1,2.12,0.0,0.0,0.0,0.0,1091.47,0.5,0.0,0,0.0,0.0,-66,0.04,-1,0,-7.1,0.0,0.0,0.0,0.0,960.71,-0.39,0.0,0,0.0,0.0
magicmagnus,39,22.05,4,1,9.75,0.0,0.0,0.0,0.0,25.25,0.553,0.0,0,0.0,0.0,61,48.69,17,2,3.59,0.033,0.082,0.016,0.033,317.9,0.533,0.0,0,0.0,0.0,22,26.64,13,1,-6.16,0.033,0.082,0.016,0.033,292.65,-0.02,0.0,0,0.0,0.0
RaghavSingh1212,34,19.79,2,1,17.0,0.0,0.0,0.0,0.0,65.49,0.939,0.0,0,0.0,0.0,24,21.04,4,4,6.0,0.0,0.0,0.042,0.0,295.07,0.87,0.0,0,0.0,0.0,-10,1.25,2,3,-11.0,0.0,0.0,0.042,0.0,229.58,-0.069,0.0,0,0.0,0.0
mateusadada,93,54.56,9,1,10.33,0.882,0.0,0.0,0.108,60.13,0.717,0.0,0,0.0,0.0,7,18.0,3,1,2.33,0.143,0.0,0.0,0.0,95.51,0.167,0.0,0,0.0,0.0,-86,-36.56,-6,0,-8.0,-0.739,0.0,0.0,-0.108,35.38,-0.55,0.0,0,0.0,0.0
LucasGervasoni,37,14.49,9,1,4.11,0.0,0.0,0.0,0.0,149.25,0.528,0.0,0,0.0,0.0,36,20.69,17,5,2.12,0.0,0.194,0.028,0.0,391.52,0.314,0.0,0,0.0,0.0,-1,6.2,8,4,-1.99,0.0,0.194,0.028,0.0,242.27,-0.214,0.0,0,0.0,0.0
ihateblueb,46,32.24,8,3,5.75,0.022,0.0,0.0,0.0,48.78,0.533,0.0,0,4.83,0.0,54,53.2,15,3,3.6,0.611,0.0,0.0,0.0,339.61,0.528,0.0,0,0.0,0.0,8,20.96,7,0,-2.15,0.589,0.0,0.0,0.0,290.83,-0.005,0.0,0,-4.83,0.0
liebharc,14,71.64,3,1,4.67,0.071,0.0,0.071,0.0,426.37,0.615,0.0,0,0.0,0.0,22,32.05,1,1,22.0,0.045,0.0,0.182,0.0,0.83,0.905,0.0,0,0.0,0.0,8,-39.59,-2,0,17.33,-0.026,0.0,0.111,0.0,-425.54,0.29,0.0,0,0.0,0.0
MarmikPatil07,30,104.47,3,3,10.0,0.567,0.0,0.033,0.4,272.43,0.724,0.0,0,20.0,0.0,5,15.8,2,1,2.5,0.0,0.0,0.0,0.0,237.39,0.5,0.0,0,0.0,0.0,-25,-88.67,-1,-2,-7.5,-0.567,0.0,-0.033,-0.4,-35.04,-0.224,0.0,0,-20.0,0.0
DanielSeemaier,21,20.57,6,2,3.5,0.0,0.0,0.0,0.0,234.25,0.7,0.0,0,0.0,0.0,33,46.67,10,1,3.3,0.0,0.818,0.0,0.0,122.74,0.5,0.0,0,0.0,0.0,12,26.1,4,-1,-0.2,0.0,0.818,0.0,0.0,-111.51,-0.2,0.0,0,0.0,0.0
sahinkaraoglu,20,18.1,3,4,6.67,0.0,0.0,0.0,0.0,626.81,0.895,0.0,0,0.0,0.0,57,14.93,8,4,7.12,0.018,0.0,0.0,0.0,355.77,0.714,0.0,0,0.0,0.0,37,-3.17,5,0,0.45,0.018,0.0,0.0,0.0,-271.04,-0.181,0.0,0,0.0,0.0
TheoNicod,44,24.32,8,3,5.5,0.091,0.0,0.0,0.0,223.24,0.651,0.0,0,0.0,0.0,10,6.9,4,2,2.5,0.0,0.0,0.0,0.0,253.82,0.667,0.0,0,0.0,0.0,-34,-17.42,-4,-1,-3.0,-0.091,0.0,0.0,0.0,30.58,0.016,0.0,0,0.0,0.0
Praz-Nerd,72,43.49,10,5,7.2,0.319,0.0,0.0,0.0,144.03,0.634,0.0,0,2.45,0.0,28,68.18,2,1,14.0,0.75,0.0,0.0,0.0,6.06,0.741,0.0,0,2.5,0.0,-44,24.69,-8,-4,6.8,0.431,0.0,0.0,0.0,-137.97,0.107,0.0,0,0.05,0.0
MateuszSzczukiewicz,67,21.1,10,5,6.7,0.03,0.0,0.015,0.0,26.52,0.273,0.0,0,0.0,0.0,16,34.88,3,2,5.33,0.25,0.0,0.0,0.0,288.29,0.533,0.0,0,0.0,0.0,-51,13.78,-7,-3,-1.37,0.22,0.0,-0.015,0.0,261.77,0.26,0.0,0,0.0,0.0
Adiksuu,95,21.54,19,2,5.0,0.0,0.0,0.0,0.137,152.76,0.532,0.0,0,26.0,0.0,5,19.8,4,2,1.25,0.0,0.0,0.0,0.0,4657.13,0.0,0.0,0,0.0,0.0,-90,-1.74,-15,0,-3.75,0.0,0.0,0.0,-0.137,4504.37,-0.532,0.0,0,-26.0,0.0
Mohid-Master,12,32.33,2,2,6.0,0.5,0.0,0.0,0.0,562.52,0.364,0.0,0,0.0,0.0,22,22.82,9,3,2.44,0.0,0.0,0.0,0.0,427.67,0.238,0.0,0,0.0,0.0,10,-9.51,7,1,-3.56,-0.5,0.0,0.0,0.0,-134.85,-0.126,0.0,0,0.0,0.0
Aisuko,54,71.39,8,1,6.75,0.87,0.0,0.0,0.0,60.14,0.264,0.0,0,0.0,0.0,46,52.11,14,2,3.29,0.087,0.0,0.0,0.022,265.02,0.356,0.0,0,6.75,0.0,-8,-19.28,6,1,-3.46,-0.783,0.0,0.0,0.022,204.88,0.092,0.0,0,6.75,0.0
KarlaNunes,38,23.97,12,5,3.17,0.026,0.0,0.0,0.0,221.19,0.432,0.0,0,0.0,0.0,9,37.44,4,1,2.25,0.222,0.0,0.0,0.0,1398.93,0.375,0.0,0,0.0,0.0,-29,13.47,-8,-4,-0.92,0.196,0.0,0.0,0.0,1177.74,-0.057,0.0,0,0.0,0.0
fatihunlu,5,16.0,5,1,1.0,0.0,0.0,0.0,0.0,3492.9,0.0,0.0,0,0.0,0.0,12,19.83,8,2,1.5,0.0,0.0,0.0,0.0,1475.34,0.273,0.0,0,0.0,0.0,7,3.83,3,1,0.5,0.0,0.0,0.0,0.0,-2017.56,0.273,0.0,0,0.0,0.0
BrookJeynes,35,16.0,18,1,1.94,0.0,0.0,0.0,0.0,500.15,0.441,0.0,0,0.0,0.0,6,17.5,5,1,1.2,0.0,0.167,0.0,0.0,3911.76,0.0,0.0,0,0.0,0.0,-29,1.5,-13,0,-0.74,0.0,0.167,0.0,0.0,3411.61,-0.441,0.0,0,0.0,0.0
FabioGreenwood,8,28.38,5,2,1.6,0.0,0.0,0.0,0.0,1278.13,0.286,0.0,0,0.0,0.0,92,63.28,14,3,6.57,0.022,0.0,0.043,0.0,117.86,0.538,0.0,0,0.0,0.0,84,34.9,9,1,4.97,0.022,0.0,0.043,0.0,-1160.27,0.252,0.0,0,0.0,0.0
g-ohara,47,28.23,6,2,7.83,0.021,0.0,0.064,0.0,21.58,0.565,0.0,0,258.4,0.8,53,37.68,16,3,3.31,0.038,0.811,0.038,0.038,297.81,0.442,0.0,0,0.0,0.0,6,9.45,10,1,-4.52,0.017,0.811,-0.026,0.038,276.23,-0.123,0.0,0,-258.4,-0.8
skshpapa80,27,18.44,16,4,1.69,0.0,0.0,0.0,0.0,640.57,0.269,0.0,0,0.0,0.0,49,15.94,27,4,1.81,0.0,0.0,0.0,0.0,383.68,0.292,0.0,0,0.0,0.0,22,-2.5,11,0,0.12,0.0,0.0,0.0,0.0,-256.89,0.023,0.0,0,0.0,0.0
al42and,23,28.7,13,1,1.77,0.087,0.0,0.0,0.0,690.61,0.409,0.0,0,0.0,0.0,22,35.59,10,1,2.2,0.091,0.0,0.0,0.0,587.24,0.429,0.0,0,0.0,0.0,-1,6.89,-3,0,0.43,0.004,0.0,0.0,0.0,-103.37,0.02,0.0,0,0.0,0.0
vaibhav-yerkar,30,13.43,3,2,10.0,0.0,0.0,0.0,0.0,53.56,0.724,0.0,0,0.0,0.0,70,20.8,10,3,7.0,0.057,0.0,0.0,0.0,264.46,0.754,0.0,0,4.5,0.0,40,7.37,7,1,-3.0,0.057,0.0,0.0,0.0,210.9,0.03,0.0,0,4.5,0.0
Wolframe107,14,23.29,3,3,4.67,0.071,0.0,0.214,0.0,763.19,0.769,0.0,0,0.0,0.0,24,19.33,7,3,3.43,0.042,0.0,0.0,0.042,538.66,0.565,0.0,0,0.0,0.0,10,-3.96,4,0,-1.24,-0.029,0.0,-0.214,0.042,-224.53,-0.204,0.0,0,0.0,0.0
akshadjaiswal,27,14.26,14,2,1.93,0.074,0.0,0.0,0.0,352.08,0.192,0.0,0,0.0,0.0,73,105.77,35,2,2.09,0.301,0.0,0.0,0.041,272.87,0.375,0.0,0,693.8,0.4,46,91.51,21,0,0.16,0.227,0.0,0.0,0.041,-79.21,0.183,0.0,0,693.8,0.4
navneet-rathi,11,14.82,1,1,11.0,0.0,0.0,0.0,0.0,2.11,0.9,0.0,0,0.0,0.0,89,16.97,12,2,7.42,0.022,0.0,0.067,0.0,191.14,0.67,0.0,0,0.0,0.0,78,2.15,11,1,-3.58,0.022,0.0,0.067,0.0,189.03,-0.23,0.0,0,0.0,0.0
2249abhi,13,27.0,6,2,2.17,0.154,0.0,0.077,0.0,833.85,0.417,0.0,0,0.0,0.0,59,31.76,10,4,5.9,0.0,0.0,0.017,0.0,40.0,0.414,0.0,0,32.0,0.0,46,4.76,4,2,3.73,-0.154,0.0,-0.06,0.0,-793.85,-0.003,0.0,0,32.0,0.0
MikeLippincott,22,21.0,7,1,3.14,0.364,0.0,0.0,0.0,549.74,0.714,0.0,0,0.0,0.0,14,12.71,4,1,3.5,0.0,0.0,0.0,0.0,1128.62,0.615,0.0,0,0.0,0.0,-8,-8.29,-3,0,0.36,-0.364,0.0,0.0,0.0,578.88,-0.099,0.0,0,0.0,0.0
levantocode,9,17.78,5,3,1.8,0.0,0.0,0.0,0.0,281.9,0.5,0.0,0,0.0,0.0,12,23.25,1,1,12.0,0.0,0.0,0.0,0.0,0.63,0.909,0.0,0,0.0,0.0,3,5.47,-4,-2,10.2,0.0,0.0,0.0,0.0,-281.27,0.409,0.0,0,0.0,0.0
Chiuzu-Chilumbu,53,28.79,10,5,5.3,0.075,0.0,0.245,0.0,151.96,0.654,0.0,0,0.0,0.0,31,48.16,8,2,3.88,0.129,0.0,0.258,0.0,55.17,0.567,0.0,0,15.0,0.0,-22,19.37,-2,-3,-1.42,0.054,0.0,0.013,0.0,-96.79,-0.087,0.0,0,15.0,0.0
blazittx,33,9.33,5,5,6.6,0.03,0.0,0.0,0.0,228.07,0.688,0.0,0,0.0,0.0,9,29.78,2,2,4.5,0.0,0.0,0.0,0.0,744.48,0.5,0.0,0,0.0,0.0,-24,20.45,-3,-3,-2.1,-0.03,0.0,0.0,0.0,516.41,-0.188,0.0,0,0.0,0.0
Gotppsn,11,10.27,2,5,5.5,0.0,0.0,0.091,0.0,216.06,0.8,0.0,0,0.0,0.0,5,16.0,1,2,5.0,0.0,0.0,0.0,0.0,0.23,1.0,0.0,0,0.0,0.0,-6,5.73,-1,-3,-0.5,0.0,0.0,-0.091,0.0,-215.83,0.2,0.0,0,0.0,0.0
JavIregui,56,10.64,4,5,14.0,0.018,0.0,0.446,0.0,185.04,0.927,0.0,0,0.0,0.0,44,18.2,2,5,22.0,0.0,0.0,0.0,0.0,5.05,0.977,0.0,0,0.0,0.0,-12,7.56,-2,0,8.0,-0.018,0.0,-0.446,0.0,-179.99,0.05,0.0,0,0.0,0.0
Ralo93,5,16.8,2,1,2.5,0.0,0.0,0.0,0.0,264.69,0.75,0.0,0,0.0,0.0,9,18.11,4,5,2.25,0.0,0.0,0.0,0.0,570.36,0.5,0.0,0,0.0,0.0,4,1.31,2,4,-0.25,0.0,0.0,0.0,0.0,305.67,-0.25,0.0,0,0.0,0.0
rverpillot,5,14.0,2,1,2.5,0.0,0.0,0.0,0.0,102.83,0.25,0.0,0,0.0,0.0,64,8.11,8,1,8.0,0.0,0.0,0.0,0.0,125.41,0.476,0.0,0,6.33,0.0,59,-5.89,6,0,5.5,0.0,0.0,0.0,0.0,22.58,0.226,0.0,0,6.33,0.0
JesseHilario,85,24.64,12,2,7.08,0.012,0.0,0.0,0.035,117.21,0.762,0.0,0,0.0,0.0,15,16.0,3,1,5.0,0.0,0.0,0.0,0.0,61.19,0.786,0.0,0,0.0,0.0,-70,-8.64,-9,-1,-2.08,-0.012,0.0,0.0,-0.035,-56.02,0.024,0.0,0,0.0,0.0
ProjectMutilation,36,27.92,13,1,2.77,0.0,0.0,0.0,0.0,384.73,0.514,0.0,0,0.0,0.0,8,31.38,5,1,1.6,0.125,0.0,0.0,0.0,1354.5,0.286,0.0,0,0.0,0.0,-28,3.46,-8,0,-1.17,0.125,0.0,0.0,0.0,969.77,-0.228,0.0,0,0.0,0.0
natefoo,18,57.28,8,1,2.25,0.278,0.0,0.0,0.0,292.26,0.588,0.0,0,0.0,0.0,15,28.27,10,1,1.5,0.0,0.0,0.0,0.0,1163.42,0.286,0.0,0,0.0,0.0,-3,-29.01,2,0,-0.75,-0.278,0.0,0.0,0.0,871.16,-0.302,0.0,0,0.0,0.0
fabieu,5,59.4,2,1,2.5,0.4,0.0,0.0,0.4,29.62,0.5,0.0,0,0.0,0.0,95,86.08,26,1,3.65,0.274,0.0,0.011,0.232,203.46,0.617,0.0,0,562.7,0.5,90,26.68,24,0,1.15,-0.126,0.0,0.011,-0.168,173.84,0.117,0.0,0,562.7,0.5
SeivenBell,81,29.02,9,4,9.0,0.012,0.0,0.025,0.0,75.69,0.4,0.0,0,0.0,0.0,12,15.58,6,2,2.0,0.0,0.0,0.0,0.0,440.42,0.364,0.0,0,0.0,0.0,-69,-13.44,-3,-2,-7.0,-0.012,0.0,-0.025,0.0,364.73,-0.036,0.0,0,0.0,0.0
AlanGreene,27,73.74,8,1,3.38,0.148,0.0,0.037,0.0,431.1,0.654,0.0,0,0.0,0.0,15,45.73,4,1,3.75,0.067,0.0,0.067,0.067,626.42,0.786,0.0,0,28.46,0.077,-12,-28.01,-4,0,0.37,-0.081,0.0,0.03,0.067,195.32,0.132,0.0,0,28.46,0.077
Energy-CeRBeR,24,39.62,5,2,4.8,0.0,0.0,0.125,0.0,76.77,0.478,0.0,0,0.0,0.0,76,41.64,15,5,5.07,0.184,0.0,0.0,0.0,43.18,0.467,0.0,0,2.63,0.0,52,2.02,10,3,0.27,0.184,0.0,-0.125,0.0,-33.59,-0.011,0.0,0,2.63,0.0
AndreiDogarel,60,16.85,9,5,6.67,0.0,0.0,0.0,0.0,118.73,0.746,0.0,0,0.0,0.0,8,16.0,4,1,2.0,0.0,0.0,0.0,0.0,2203.71,0.571,0.0,0,0.0,0.0,-52,-0.85,-5,-4,-4.67,0.0,0.0,0.0,0.0,2084.98,-0.175,0.0,0,0.0,0.0
BettyJoya,13,13.92,1,2,13.0,0.0,0.0,0.231,0.0,8.64,0.75,0.0,0,0.0,0.0,19,33.42,9,2,2.11,0.0,0.895,0.053,0.0,227.22,0.278,0.0,0,0.0,0.0,6,19.5,8,0,-10.89,0.0,0.895,-0.178,0.0,218.58,-0.472,0.0,0,0.0,0.0
ianfromdover,39,38.36,14,1,2.79,0.0,0.692,0.026,0.0,143.18,0.5,0.0,0,357.5,0.5,61,38.62,12,1,5.08,0.033,0.967,0.016,0.0,252.14,0.667,0.0,0,40.0,0.667,22,0.26,-2,0,2.29,0.033,0.275,-0.01,0.0,108.96,0.167,0.0,0,-317.5,0.167
manaken0522,9,14.11,6,2,1.5,0.0,0.0,0.0,0.0,894.79,0.375,0.0,0,0.0,0.0,44,37.09,14,5,3.14,0.25,0.0,0.0,0.0,321.03,0.535,0.0,0,59.0,1.0,35,22.98,8,3,1.64,0.25,0.0,0.0,0.0,-573.76,0.16,0.0,0,59.0,1.0
ingmarboeschen,47,19.79,9,1,5.22,0.0,0.0,0.0,0.0,200.6,0.761,0.0,0,0.0,0.0,53,20.68,17,1,3.12,0.0,0.0,0.0,0.0,376.21,0.596,0.0,0,0.0,0.0,6,0.89,8,0,-2.1,0.0,0.0,0.0,0.0,175.61,-0.165,0.0,0,0.0,0.0
pautz,7,21.57,4,1,1.75,0.0,0.0,0.0,0.0,2483.14,0.5,0.0,0,0.0,0.0,93,46.28,8,4,11.62,0.366,0.0,0.0,0.0,21.41,0.804,0.0,0,0.0,0.0,86,24.71,4,3,9.87,0.366,0.0,0.0,0.0,-2461.73,0.304,0.0,0,0.0,0.0
jacobnicked,20,15.9,4,3,5.0,0.0,0.0,0.0,0.0,298.47,0.789,0.0,0,0.0,0.0,21,23.29,4,4,5.25,0.048,0.0,0.0,0.0,19.41,0.6,0.0,0,0.0,0.0,1,7.39,0,1,0.25,0.048,0.0,0.0,0.0,-279.06,-0.189,0.0,0,0.0,0.0
Sambuxc,42,51.71,8,3,5.25,0.214,0.0,0.0,0.167,286.39,0.61,0.0,0,0.0,0.0,58,33.1,8,2,7.25,0.086,0.103,0.034,0.052,217.41,0.842,0.0,0,0.0,0.0,16,-18.61,0,-1,2.0,-0.128,0.103,0.034,-0.115,-68.98,0.232,0.0,0,0.0,0.0
attilacsanyi,9,23.11,1,1,9.0,0.0,1.0,0.0,0.0,0.1,1.0,0.0,0,0.0,0.0,5,44.8,1,1,5.0,0.0,1.0,0.0,0.0,0.37,1.0,0.0,0,0.0,0.0,-4,21.69,0,0,-4.0,0.0,0.0,0.0,0.0,0.27,0.0,0.0,0,0.0,0.0
paolo9688,9,41.78,1,1,9.0,0.556,0.0,0.0,0.0,2.83,0.875,0.0,0,0.0,0.0,77,38.53,9,4,8.56,0.039,0.701,0.0,0.0,24.16,0.592,0.0,0,0.0,0.0,68,-3.25,8,3,-0.44,-0.517,0.701,0.0,0.0,21.33,-0.283,0.0,0,0.0,0.0
site-u2023,49,25.73,4,1,12.25,0.0,0.0,0.0,0.0,17.28,0.688,0.0,0,0.0,0.0,51,19.57,5,1,10.2,0.0,0.0,0.0,0.0,30.72,0.72,0.0,0,0.0,0.0,2,-6.16,1,0,-2.05,0.0,0.0,0.0,0.0,13.44,0.032,0.0,0,0.0,0.0
Jackpieking,11,22.27,3,3,3.67,0.0,0.0,0.0,0.0,297.98,0.6,0.0,0,0.0,0.0,89,60.1,7,2,12.71,0.315,0.011,0.022,0.011,76.72,0.58,0.0,0,0.0,0.0,78,37.83,4,-1,9.04,0.315,0.011,0.022,0.011,-221.26,-0.02,0.0,0,0.0,0.0
Jesus-Valverde,26,16.54,8,5,3.25,0.0,0.0,0.0,0.0,480.83,0.64,0.0,0,0.0,0.0,9,20.0,1,1,9.0,0.0,0.0,0.0,0.0,0.06,1.0,0.0,0,0.0,0.0,-17,3.46,-7,-4,5.75,0.0,0.0,0.0,0.0,-480.77,0.36,0.0,0,0.0,0.0
SagarChhabriya,12,15.92,3,4,4.0,0.0,0.0,0.0,0.0,253.28,0.727,0.0,0,0.0,0.0,14,18.86,6,4,2.33,0.0,0.0,0.0,0.0,972.92,0.538,0.0,0,0.0,0.0,2,2.94,3,0,-1.67,0.0,0.0,0.0,0.0,719.64,-0.189,0.0,0,0.0,0.0
CabukEge,30,17.2,9,3,3.33,0.0,0.0,0.0,0.0,452.88,0.586,0.0,0,0.0,0.0,6,16.0,4,1,1.5,0.0,0.0,0.0,0.0,1429.57,0.4,0.0,0,0.0,0.0,-24,-1.2,-5,-2,-1.83,0.0,0.0,0.0,0.0,976.69,-0.186,0.0,0,0.0,0.0
werka-z,9,29.22,4,1,2.25,0.0,0.0,0.0,0.0,124.44,0.5,0.0,0,0.0,0.0,18,20.72,8,3,2.25,0.0,0.0,0.056,0.0,338.12,0.588,0.0,0,0.0,0.0,9,-8.5,4,2,0.0,0.0,0.0,0.056,0.0,213.68,0.088,0.0,0,0.0,0.0
ryantaylor,20,34.15,4,1,5.0,0.2,0.0,0.0,0.0,128.47,0.842,0.0,0,46.6,0.2,80,35.45,15,1,5.33,0.15,0.0,0.05,0.0,243.33,0.709,0.0,0,39.83,0.25,60,1.3,11,0,0.33,-0.05,0.0,0.05,0.0,114.86,-0.133,0.0,0,-6.77,0.05
lnicola,37,22.11,15,1,2.47,0.0,0.0,0.0,0.0,474.64,0.472,0.0,0,0.0,0.0,20,22.35,6,1,3.33,0.0,0.0,0.0,0.0,809.76,0.526,0.0,0,0.0,0.0,-17,0.24,-9,0,0.86,0.0,0.0,0.0,0.0,335.12,0.054,0.0,0,0.0,0.0
momsane,40,65.4,7,1,5.71,0.025,0.0,0.075,0.0,26.65,0.385,0.0,0,0.0,0.0,60,84.2,15,2,4.0,0.017,0.0,0.017,0.0,143.52,0.237,0.0,0,0.0,0.0,20,18.8,8,1,-1.71,-0.008,0.0,-0.058,0.0,116.87,-0.148,0.0,0,0.0,0.0
CS-PCockrill,26,45.58,6,3,4.33,0.038,0.0,0.0,0.0,143.45,0.52,0.0,0,0.0,0.0,68,31.57,1,1,68.0,0.0,0.0,0.0,0.0,0.66,0.97,0.0,0,0.0,0.0,42,-14.01,-5,-2,63.67,-0.038,0.0,0.0,0.0,-142.79,0.45,0.0,0,0.0,0.0
AbdelrahmanHassanAlii,49,11.04,3,4,16.33,0.0,0.0,0.0,0.0,6.98,0.688,0.0,0,0.0,0.0,5,16.0,1,2,5.0,0.0,0.0,0.0,0.0,6.82,0.75,0.0,0,0.0,0.0,-44,4.96,-2,-2,-11.33,0.0,0.0,0.0,0.0,-0.16,0.062,0.0,0,0.0,0.0
zloishavrin,73,15.47,10,2,7.3,0.0,0.0,0.0,0.0,81.58,0.833,0.0,0,0.0,0.0,27,16.15,9,1,3.0,0.0,0.0,0.0,0.0,384.04,0.654,0.0,0,0.0,0.0,-46,0.68,-1,-1,-4.3,0.0,0.0,0.0,0.0,302.46,-0.179,0.0,0,0.0,0.0
santisq,11,21.27,7,1,1.57,0.0,0.0,0.0,0.0,489.25,0.4,0.0,0,5.0,0.0,69,29.78,8,2,8.62,0.058,0.0,0.058,0.0,74.59,0.544,0.0,0,205.17,0.5,58,8.51,1,1,7.05,0.058,0.0,0.058,0.0,-414.66,0.144,0.0,0,200.17,0.5
lorenzobagnol,18,21.67,13,3,1.38,0.0,0.0,0.0,0.0,401.37,0.118,0.0,0,0.0,0.0,16,20.12,2,2,8.0,0.0,0.0,0.0,0.0,251.8,0.933,0.0,0,0.0,0.0,-2,-1.55,-11,-1,6.62,0.0,0.0,0.0,0.0,-149.57,0.815,0.0,0,0.0,0.0
momoelabdi,68,22.84,9,2,7.56,0.162,0.0,0.015,0.0,148.34,0.761,0.0,0,11.53,0.0,32,16.0,2,1,16.0,0.0,0.0,0.0,0.0,85.09,0.968,0.0,0,0.0,0.0,-36,-6.84,-7,-1,8.44,-0.162,0.0,-0.015,0.0,-63.25,0.207,0.0,0,-11.53,0.0
rohit141914,5,10.6,3,3,1.67,0.0,0.0,0.0,0.0,414.17,0.5,0.0,0,0.0,0.0,95,29.52,6,1,15.83,0.0,0.0,0.0,1.0,16.17,0.787,0.0,0,0.0,0.0,90,18.92,3,-2,14.16,0.0,0.0,0.0,1.0,-398.0,0.287,0.0,0,0.0,0.0
shirinyamani,6,16.0,3,2,2.0,0.0,0.0,0.0,0.0,481.25,0.4,0.0,0,0.0,0.0,18,16.0,4,1,4.5,0.0,0.0,0.0,0.0,719.61,0.647,0.0,0,0.0,0.0,12,0.0,1,-1,2.5,0.0,0.0,0.0,0.0,238.36,0.247,0.0,0,0.0,0.0
0men1,18,17.5,6,2,3.0,0.0,0.0,0.0,0.0,280.97,0.294,0.0,0,0.0,0.0,33,18.27,12,4,2.75,0.0,0.0,0.03,0.03,174.74,0.281,0.0,0,0.0,0.0,15,0.77,6,2,-0.25,0.0,0.0,0.03,0.03,-106.23,-0.013,0.0,0,0.0,0.0
bogdando,8,85.12,5,2,1.6,1.0,0.0,0.0,0.0,1313.52,0.429,0.0,0,0.0,0.0,5,94.8,5,1,1.0,1.0,0.0,0.0,0.0,2225.16,0.0,0.0,0,0.0,0.0,-3,9.68,0,-1,-0.6,0.0,0.0,0.0,0.0,911.64,-0.429,0.0,0,0.0,0.0
jeha-dev,95,11.47,9,1,10.56,0.0,0.0,0.0,0.011,16.32,0.511,0.0,0,0.0,0.0,5,12.6,3,1,1.67,0.0,0.0,0.0,0.0,771.51,0.0,0.0,0,0.0,0.0,-90,1.13,-6,0,-8.89,0.0,0.0,0.0,-0.011,755.19,-0.511,0.0,0,0.0,0.0
apttx,73,64.14,6,2,12.17,0.123,0.959,0.0,0.0,64.42,0.917,0.0,0,0.0,0.0,27,53.15,1,1,27.0,0.111,1.0,0.0,0.0,0.94,0.962,0.0,0,0.0,0.0,-46,-10.99,-5,-1,14.83,-0.012,0.041,0.0,0.0,-63.48,0.045,0.0,0,0.0,0.0
fightforhash,14,22.71,4,2,3.5,0.143,0.0,0.0,0.0,119.37,0.692,0.0,0,0.0,0.0,86,34.31,25,2,3.44,0.081,0.0,0.012,0.012,182.63,0.4,0.0,0,0.0,0.0,72,11.6,21,0,-0.06,-0.062,0.0,0.012,0.012,63.26,-0.292,0.0,0,0.0,0.0
ashishmool,65,93.25,9,3,7.22,0.877,0.0,0.015,0.277,115.3,0.672,0.0,0,0.0,0.0,35,653.66,5,3,7.0,0.886,0.0,0.171,0.429,30.38,0.588,0.0,0,0.0,0.0,-30,560.41,-4,0,-0.22,0.009,0.0,0.156,0.152,-84.92,-0.084,0.0,0,0.0,0.0
Ivirx,45,20.47,21,5,2.14,0.0,0.0,0.0,0.0,128.58,0.136,0.0,0,0.0,0.0,22,19.77,16,3,1.38,0.0,0.0,0.0,0.0,376.64,0.048,0.0,0,0.0,0.0,-23,-0.7,-5,-2,-0.76,0.0,0.0,0.0,0.0,248.06,-0.088,0.0,0,0.0,0.0
FlagHunter01,81,32.02,9,2,9.0,0.259,0.0,0.037,0.0,142.73,0.787,0.0,0,21.5,0.167,19,43.05,3,2,6.33,0.211,0.0,0.0,0.053,314.98,0.667,0.0,0,103.0,0.5,-62,11.03,-6,0,-2.67,-0.048,0.0,-0.037,0.053,172.25,-0.12,0.0,0,81.5,0.333
Nasenboi,43,34.42,16,1,2.69,0.163,0.0,0.023,0.023,82.42,0.357,0.0,0,0.0,0.0,57,26.49,6,1,9.5,0.018,0.0,0.018,0.0,27.41,0.679,0.0,0,0.0,0.0,14,-7.93,-10,0,6.81,-0.145,0.0,-0.005,-0.023,-55.01,0.322,0.0,0,0.0,0.0
ymJung,41,22.05,16,2,2.56,0.0,0.0,0.0,0.0,395.36,0.25,0.0,0,0.0,0.0,35,20.43,19,1,1.84,0.114,0.0,0.0,0.0,402.33,0.118,0.0,0,0.0,0.0,-6,-1.62,3,-1,-0.72,0.114,0.0,0.0,0.0,6.97,-0.132,0.0,0,0.0,0.0
cmayor314,39,43.87,4,3,9.75,0.231,0.0,0.026,0.0,27.59,0.842,0.0,0,0.0,0.0,29,32.93,4,2,7.25,0.31,0.0,0.0,0.0,301.48,0.75,0.0,0,0.0,0.0,-10,-10.94,0,-1,-2.5,0.079,0.0,-0.026,0.0,273.89,-0.092,0.0,0,0.0,0.0
rain-noise,29,37.45,14,1,2.07,0.069,0.0,0.0,0.069,566.39,0.393,0.0,0,0.0,0.0,66,37.68,26,1,2.54,0.182,0.409,0.0,0.0,263.66,0.446,0.0,0,205.42,0.333,37,0.23,12,0,0.47,0.113,0.409,0.0,-0.069,-302.73,0.053,0.0,0,205.42,0.333
hagmannStephan,42,44.12,8,3,5.25,0.143,0.0,0.024,0.0,56.18,0.707,0.0,0,0.0,0.0,58,36.53,8,2,7.25,0.155,0.0,0.224,0.0,23.59,0.702,0.0,0,19.6,0.2,16,-7.59,0,-1,2.0,0.012,0.0,0.2,0.0,-32.59,-0.005,0.0,0,19.6,0.2
JakubKorytko,92,37.29,6,2,15.33,0.011,0.0,0.011,0.0,188.86,0.725,0.0,0,0.0,0.0,8,36.25,5,1,1.6,0.0,0.0,0.0,0.0,2218.38,0.286,0.0,0,0.0,0.0,-84,-1.04,-1,-1,-13.73,-0.011,0.0,-0.011,0.0,2029.52,-0.439,0.0,0,0.0,0.0
Finn-TH,5,24.4,2,3,2.5,0.4,0.0,0.0,0.0,1132.05,0.75,0.0,0,0.0,0.0,33,16.88,2,2,16.5,0.0,0.0,0.0,0.0,4.12,0.875,0.0,0,0.0,0.0,28,-7.52,0,-1,14.0,-0.4,0.0,0.0,0.0,-1127.93,0.125,0.0,0,0.0,0.0
SwTzu,13,28.31,3,1,4.33,0.0,0.0,0.0,0.0,64.41,0.5,0.0,0,0.0,0.0,34,16.94,11,3,3.09,0.029,0.0,0.0,0.0,264.97,0.394,0.0,0,0.0,0.0,21,-11.37,8,2,-1.24,0.029,0.0,0.0,0.0,200.56,-0.106,0.0,0,0.0,0.0
LeanderTimEngel,8,20.88,4,1,2.0,0.0,0.0,0.0,0.0,152.83,0.429,0.0,0,0.0,0.0,52,16.98,6,5,8.67,0.0,0.0,0.0,0.038,143.19,0.784,0.0,0,0.0,0.0,44,-3.9,2,4,6.67,0.0,0.0,0.0,0.038,-9.64,0.355,0.0,0,0.0,0.0
mariannabkt,90,18.32,6,3,15.0,0.0,0.0,0.0,0.0,171.18,0.697,0.0,0,0.0,0.0,10,18.3,1,4,10.0,0.0,0.0,0.0,0.0,0.11,1.0,0.0,0,0.0,0.0,-80,-0.02,-5,1,-5.0,0.0,0.0,0.0,0.0,-171.07,0.303,0.0,0,0.0,0.0
abukar-mutaliev,10,16.8,5,2,2.0,0.0,0.0,0.0,0.0,429.09,0.444,0.0,0,0.0,0.0,18,14.56,2,2,9.0,0.0,0.0,0.222,0.0,3.48,0.706,0.0,0,0.0,0.0,8,-2.24,-3,0,7.0,0.0,0.0,0.222,0.0,-425.61,0.262,0.0,0,0.0,0.0
ozan2003,23,21.22,3,2,7.67,0.0,0.0,0.0,0.0,36.91,0.682,0.0,0,0.0,0.0,77,48.12,25,4,3.08,0.026,0.0,0.0,0.0,234.02,0.618,0.0,0,0.0,0.0,54,26.9,22,2,-4.59,0.026,0.0,0.0,0.0,197.11,-0.064,0.0,0,0.0,0.0
jessefalconer,27,32.78,8,2,3.38,0.0,0.0,0.0,0.0,486.52,0.5,0.0,0,15.0,0.0,50,24.98,9,1,5.56,0.0,0.0,0.02,0.0,250.77,0.755,0.0,0,0.0,0.0,23,-7.8,1,-1,2.18,0.0,0.0,0.02,0.0,-235.75,0.255,0.0,0,-15.0,0.0
djspoons,5,28.4,1,1,5.0,0.2,0.0,0.0,0.2,6.48,0.75,0.0,0,0.0,0.0,95,52.63,15,4,6.33,0.095,0.0,0.0,0.021,139.1,0.574,0.0,0,0.0,0.0,90,24.23,14,3,1.33,-0.105,0.0,0.0,-0.179,132.62,-0.176,0.0,0,0.0,0.0
InsightfulAnalytics,24,19.79,11,2,2.18,0.042,0.0,0.042,0.042,101.16,0.304,0.0,0,0.0,0.0,76,22.57,39,5,1.95,0.053,0.0,0.0,0.0,246.09,0.32,0.0,0,0.0,0.0,52,2.78,28,3,-0.23,0.011,0.0,-0.042,-0.042,144.93,0.016,0.0,0,0.0,0.0
johnasblasco,7,16.0,2,1,3.5,0.0,0.0,0.0,0.0,17.69,0.667,0.0,0,0.0,0.0,93,26.72,19,2,4.89,0.14,0.0,0.0,0.0,163.04,0.554,0.0,0,1.1,0.0,86,10.72,17,1,1.39,0.14,0.0,0.0,0.0,145.35,-0.113,0.0,0,1.1,0.0
husaynirfan1,5,33.8,1,1,5.0,0.2,0.0,0.0,0.2,0.08,1.0,0.0,0,0.0,0.0,17,15.18,2,5,8.5,0.0,0.0,0.0,0.0,296.84,0.938,0.0,0,0.0,0.0,12,-18.62,1,4,3.5,-0.2,0.0,0.0,-0.2,296.76,-0.062,0.0,0,0.0,0.0
gary-Shen,22,34.05,5,2,4.4,0.136,0.045,0.0,0.0,618.03,0.619,0.0,0,4.0,0.0,8,32.62,1,2,8.0,0.125,0.5,0.0,0.0,0.38,0.857,0.0,0,0.0,0.0,-14,-1.43,-4,0,3.6,-0.011,0.455,0.0,0.0,-617.65,0.238,0.0,0,-4.0,0.0
janweinstock,20,36.95,3,1,6.67,0.0,0.0,0.05,0.0,561.51,0.579,0.0,0,0.0,0.0,5,28.2,1,1,5.0,0.0,0.4,0.0,0.0,0.15,1.0,0.0,0,0.0,0.0,-15,-8.75,-2,0,-1.67,0.0,0.4,-0.05,0.0,-561.36,0.421,0.0,0,0.0,0.0
Roenbaeck,7,115.86,5,1,1.4,0.714,0.0,0.0,0.0,2264.78,0.333,0.0,0,0.0,0.0,25,98.0,13,1,1.92,0.64,0.0,0.0,0.0,673.19,0.292,0.0,0,0.0,0.0,18,-17.86,8,0,0.52,-0.074,0.0,0.0,0.0,-1591.59,-0.041,0.0,0,0.0,0.0
pavancos,15,23.0,4,4,3.75,0.067,0.0,0.0,0.0,174.43,0.714,0.0,0,0.0,0.0,34,19.18,11,4,3.09,0.088,0.029,0.0,0.0,168.92,0.515,0.0,0,0.0,0.0,19,-3.82,7,0,-0.66,0.021,0.029,0.0,0.0,-5.51,-0.199,0.0,0,0.0,0.0
gabrielbaltar,17,28.0,5,2,3.4,0.0,0.0,0.0,0.0,73.03,0.5,0.0,0,0.0,0.0,83,16.18,41,2,2.02,0.0,0.0,0.0,0.0,190.08,0.073,0.0,0,0.0,0.0,66,-11.82,36,0,-1.38,0.0,0.0,0.0,0.0,117.05,-0.427,0.0,0,0.0,0.0
kleqing,17,14.12,5,2,3.4,0.0,0.0,0.235,0.0,747.84,0.688,0.0,0,0.0,0.0,59,38.83,9,2,6.56,0.017,0.0,0.017,0.0,202.79,0.724,0.0,0,0.0,0.0,42,24.71,4,0,3.16,0.017,0.0,-0.218,0.0,-545.05,0.036,0.0,0,0.0,0.0
chenyo-17,35,21.11,12,1,2.92,0.0,0.0,0.0,0.0,107.72,0.471,0.0,0,0.0,0.0,65,24.69,26,2,2.5,0.0,0.262,0.0,0.0,223.44,0.172,0.0,0,0.0,0.0,30,3.58,14,1,-0.42,0.0,0.262,0.0,0.0,115.72,-0.299,0.0,0,0.0,0.0
micawber,15,22.67,10,1,1.5,0.0,0.0,0.133,0.0,1042.26,0.286,0.0,0,0.0,0.0,85,24.73,35,1,2.43,0.0,0.0,0.035,0.0,214.13,0.5,0.0,0,0.0,0.0,70,2.06,25,0,0.93,0.0,0.0,-0.098,0.0,-828.13,0.214,0.0,0,0.0,0.0
Natix1,12,16.0,2,1,6.0,0.0,0.0,0.0,0.0,100.48,0.909,0.0,0,0.0,0.0,88,22.1,15,2,5.87,0.0,0.0,0.011,0.011,158.75,0.54,0.0,0,4.57,0.0,76,6.1,13,1,-0.13,0.0,0.0,0.011,0.011,58.27,-0.369,0.0,0,4.57,0.0
qi7876,17,27.12,6,2,2.83,0.294,0.0,0.0,0.0,89.81,0.25,0.0,0,0.0,0.0,15,16.27,10,3,1.5,0.0,0.0,0.0,0.0,1255.76,0.143,0.0,0,0.0,0.0,-2,-10.85,4,1,-1.33,-0.294,0.0,0.0,0.0,1165.95,-0.107,0.0,0,0.0,0.0
Eka051,21,20.05,6,1,3.5,0.048,0.0,0.0,0.0,42.8,0.3,0.0,0,0.0,0.0,9,23.67,3,4,3.0,0.0,0.0,0.0,0.0,76.64,0.625,0.0,0,0.0,0.0,-12,3.62,-3,3,-0.5,-0.048,0.0,0.0,0.0,33.84,0.325,0.0,0,0.0,0.0
MuxammilSidd,9,12.22,2,1,4.5,0.0,0.0,0.0,0.0,3.01,0.875,0.0,0,0.0,0.0,19,19.79,5,3,3.8,0.0,0.0,0.0,0.053,343.48,0.778,0.0,0,0.0,0.0,10,7.57,3,2,-0.7,0.0,0.0,0.0,0.053,340.47,-0.097,0.0,0,0.0,0.0
jmlakshmisagar,11,16.91,2,5,5.5,0.0,0.0,0.0,0.0,45.64,0.7,0.0,0,0.0,0.0,5,11.2,2,3,2.5,0.0,0.0,0.0,0.0,2211.31,0.75,0.0,0,0.0,0.0,-6,-5.71,0,-2,-3.0,0.0,0.0,0.0,0.0,2165.67,0.05,0.0,0,0.0,0.0
JamesWHomer,30,21.97,5,1,6.0,0.0,0.0,0.0,0.0,32.07,0.828,0.0,0,0.0,0.0,70,25.21,12,2,5.83,0.014,0.0,0.0,0.0,274.85,0.725,0.0,0,1379.2,0.9,40,3.24,7,1,-0.17,0.014,0.0,0.0,0.0,242.78,-0.103,0.0,0,1379.2,0.9
arifbudimanar,91,23.48,6,1,15.17,0.011,0.0,0.0,0.0,10.38,0.633,0.0,0,0.0,0.0,9,17.11,7,1,1.29,0.0,0.0,0.0,0.0,334.0,0.0,0.0,0,0.0,0.0,-82,-6.37,1,0,-13.88,-0.011,0.0,0.0,0.0,323.62,-0.633,0.0,0,0.0,0.0
Kazuto,7,257.57,4,3,1.75,0.571,0.143,0.0,0.571,1426.55,0.333,0.0,0,73.2,0.6,20,82.45,5,2,4.0,0.05,0.15,0.0,0.05,574.7,0.684,0.0,0,0.0,0.0,13,-175.12,1,-1,2.25,-0.521,0.007,0.0,-0.521,-851.85,0.351,0.0,0,-73.2,-0.6
ninstar,28,18.5,3,4,9.33,0.0,0.0,0.0,0.0,249.62,0.815,0.0,0,0.0,0.0,58,35.05,16,4,3.62,0.224,0.0,0.0,0.0,303.45,0.614,0.0,0,0.0,0.0,30,16.55,13,0,-5.71,0.224,0.0,0.0,0.0,53.83,-0.201,0.0,0,0.0,0.0
annminn104,21,35.05,9,3,2.33,0.381,0.0,0.0,0.0,532.5,0.5,0.0,0,442.71,0.286,36,17.64,8,2,4.5,0.028,0.0,0.0,0.0,517.87,0.743,0.0,0,0.0,0.0,15,-17.41,-1,-1,2.17,-0.353,0.0,0.0,0.0,-14.63,0.243,0.0,0,-442.71,-0.286
barrucadu,49,69.92,25,1,1.96,0.429,0.0,0.0,0.041,288.24,0.312,0.0,0,0.0,0.0,15,63.47,13,1,1.15,0.6,0.0,0.0,0.0,1070.61,0.143,0.0,0,0.0,0.0,-34,-6.45,-12,0,-0.81,0.171,0.0,0.0,-0.041,782.37,-0.169,0.0,0,0.0,0.0
NightHawkATL,66,19.33,1,1,66.0,0.0,0.0,0.0,0.0,1.56,0.969,0.0,0,0.0,0.0,34,20.65,16,2,2.12,0.029,0.0,0.0,0.0,439.51,0.485,0.0,0,0.0,0.0,-32,1.32,15,1,-63.88,0.029,0.0,0.0,0.0,437.95,-0.484,0.0,0,0.0,0.0
CHEGEBB,8,19.38,1,1,8.0,0.0,0.0,0.0,0.0,0.38,1.0,0.0,0,0.0,0.0,92,19.37,7,1,13.14,0.022,0.0,0.0,0.0,13.8,0.824,0.0,0,0.0,0.0,84,-0.01,6,0,5.14,0.022,0.0,0.0,0.0,13.42,-0.176,0.0,0,0.0,0.0
trueberryless,48,23.71,18,4,2.67,0.146,0.0,0.0,0.0,186.36,0.34,0.0,0,0.0,0.0,45,27.53,10,1,4.5,0.089,0.0,0.0,0.0,232.53,0.705,0.0,0,4.0,0.0,-3,3.82,-8,-3,1.83,-0.057,0.0,0.0,0.0,46.17,0.365,0.0,0,4.0,0.0
D-z-V,90,17.09,7,1,12.86,0.0,0.0,0.0,0.0,27.0,0.764,0.0,0,0.0,0.0,10,14.0,3,1,3.33,0.0,0.0,0.0,0.0,673.94,0.667,0.0,0,0.0,0.0,-80,-3.09,-4,0,-9.53,0.0,0.0,0.0,0.0,646.94,-0.097,0.0,0,0.0,0.0
itsmostafa,19,65.21,11,1,1.73,0.895,0.0,0.0,0.0,753.48,0.444,0.0,0,0.0,0.0,57,238.74,5,1,11.4,0.877,0.579,0.0,0.439,259.75,0.821,0.0,0,1900.54,0.923,38,173.53,-6,0,9.67,-0.018,0.579,0.0,0.439,-493.73,0.377,0.0,0,1900.54,0.923
ashharrison90,17,29.24,9,1,1.89,0.0,0.0,0.0,0.0,886.31,0.5,0.0,0,0.0,0.0,27,24.7,12,1,2.25,0.0,0.0,0.0,0.0,368.6,0.5,0.0,0,0.0,0.0,10,-4.54,3,0,0.36,0.0,0.0,0.0,0.0,-517.71,0.0,0.0,0,0.0,0.0
anudeepadi,26,31.31,5,2,5.2,0.192,0.0,0.0,0.0,340.28,0.68,0.0,0,0.0,0.0,27,26.26,7,5,3.86,0.111,0.0,0.0,0.074,483.97,0.692,0.0,0,0.0,0.0,1,-5.05,2,3,-1.34,-0.081,0.0,0.0,0.074,143.69,0.012,0.0,0,0.0,0.0
Desbeers,23,36.48,10,1,2.3,0.174,0.0,0.0,0.043,550.97,0.227,0.0,0,0.0,0.0,5,40.4,3,1,1.67,0.2,0.0,0.0,0.0,1469.23,0.5,0.0,0,0.0,0.0,-18,3.92,-7,0,-0.63,0.026,0.0,0.0,-0.043,918.26,0.273,0.0,0,0.0,0.0
Sia-WRWD,18,17.22,4,1,4.5,0.0,0.0,0.0,0.0,609.76,0.824,0.0,0,0.0,0.0,16,16.62,2,1,8.0,0.0,0.0,0.0,0.0,1026.09,0.867,0.0,0,0.0,0.0,-2,-0.6,-2,0,3.5,0.0,0.0,0.0,0.0,416.33,0.043,0.0,0,0.0,0.0
gilangmukharom,27,18.04,6,2,4.5,0.0,0.0,0.0,0.0,60.39,0.538,0.0,0,0.0,0.0,10,20.3,4,2,2.5,0.0,0.4,0.0,0.0,1956.89,0.667,0.0,0,0.0,0.0,-17,2.26,-2,0,-2.0,0.0,0.4,0.0,0.0,1896.5,0.129,0.0,0,0.0,0.0
ihdatech,15,16.0,2,1,7.5,0.0,0.0,0.0,0.0,432.28,0.929,0.0,0,0.0,0.0,13,47.08,2,2,6.5,0.538,0.0,0.0,0.154,300.53,0.75,0.0,0,0.0,0.0,-2,31.08,0,1,-1.0,0.538,0.0,0.0,0.154,-131.75,-0.179,0.0,0,0.0,0.0
sandeeps29,19,34.89,2,1,9.5,0.737,0.0,0.0,0.0,1.23,0.944,0.0,0,0.0,0.0,47,30.79,14,3,3.36,0.021,0.0,0.0,0.0,50.43,0.391,0.0,0,0.0,0.0,28,-4.1,12,2,-6.14,-0.716,0.0,0.0,0.0,49.2,-0.553,0.0,0,0.0,0.0
LukasOlivier,40,26.02,13,2,3.08,0.025,0.0,0.0,0.0,274.34,0.513,0.0,0,0.0,0.0,60,31.85,13,3,4.62,0.0,0.333,0.0,0.0,262.68,0.661,0.0,0,0.0,0.0,20,5.83,0,1,1.54,-0.025,0.333,0.0,0.0,-11.66,0.148,0.0,0,0.0,0.0
Wilberhg,34,21.35,8,2,4.25,0.0,0.0,0.0,0.0,127.28,0.667,0.0,0,0.0,0.0,7,18.86,2,2,3.5,0.0,0.0,0.0,0.0,591.95,0.833,0.0,0,0.0,0.0,-27,-2.49,-6,0,-0.75,0.0,0.0,0.0,0.0,464.67,0.166,0.0,0,0.0,0.0
pautib,5,15.2,4,3,1.25,0.0,0.0,0.0,0.0,1548.32,0.25,0.0,0,0.0,0.0,19,25.37,6,1,3.17,0.0,0.842,0.0,0.0,59.69,0.611,0.0,0,2.33,0.0,14,10.17,2,-2,1.92,0.0,0.842,0.0,0.0,-1488.63,0.361,0.0,0,2.33,0.0
pschicho,66,17.82,36,2,1.83,0.0,0.0,0.0,0.0,258.09,0.338,0.0,0,0.0,0.0,31,20.71,18,1,1.72,0.0,0.0,0.0,0.0,664.62,0.233,0.0,0,0.0,0.0,-35,2.89,-18,-1,-0.11,0.0,0.0,0.0,0.0,406.53,-0.105,0.0,0,0.0,0.0
cisene,23,16.22,9,1,2.56,0.043,0.0,0.0,0.0,82.97,0.227,0.0,0,17.0,0.0,68,17.66,19,1,3.58,0.0,0.0,0.0,0.044,170.56,0.582,0.0,0,0.0,0.0,45,1.44,10,0,1.02,-0.043,0.0,0.0,0.044,87.59,0.355,0.0,0,-17.0,0.0
ysdzm,16,20.94,6,2,2.67,0.062,0.0,0.0,0.0,278.74,0.533,0.0,0,0.0,0.0,39,17.33,6,3,6.5,0.026,0.0,0.026,0.0,122.43,0.763,0.0,0,0.0,0.0,23,-3.61,0,1,3.83,-0.036,0.0,0.026,0.0,-156.31,0.23,0.0,0,0.0,0.0
aminaslami,9,19.33,2,2,4.5,0.111,0.0,0.0,0.111,16.3,0.875,0.0,0,0.0,0.0,30,20.0,6,5,5.0,0.0,0.0,0.0,0.1,130.98,0.724,0.0,0,0.0,0.0,21,0.67,4,3,0.5,-0.111,0.0,0.0,-0.011,114.68,-0.151,0.0,0,0.0,0.0
Kyziq,32,25.47,5,3,6.4,0.094,0.0,0.0,0.0,470.58,0.645,0.0,0,0.0,0.0,24,32.42,10,1,2.4,0.042,0.292,0.0,0.042,596.95,0.522,0.0,0,0.0,0.0,-8,6.95,5,-2,-4.0,-0.052,0.292,0.0,0.042,126.37,-0.123,0.0,0,0.0,0.0
devnamdev2003,74,16.14,23,3,3.22,0.0,0.0,0.014,0.0,157.86,0.507,0.0,0,0.0,0.0,25,30.48,7,2,3.57,0.08,0.0,0.0,0.0,661.27,0.625,0.0,0,0.0,0.0,-49,14.34,-16,-1,0.35,0.08,0.0,-0.014,0.0,503.41,0.118,0.0,0,0.0,0.0
Neon-Rainbow,29,39.41,3,1,9.67,0.034,0.0,0.0,0.0,14.44,0.429,0.0,0,0.0,0.0,71,24.49,16,1,4.44,0.0,0.099,0.0,0.0,72.63,0.457,0.0,0,0.0,0.0,42,-14.92,13,0,-5.23,-0.034,0.099,0.0,0.0,58.19,0.028,0.0,0,0.0,0.0
Pedro-B-Freitag,22,19.64,5,2,4.4,0.045,0.0,0.0,0.0,331.65,0.762,0.0,0,0.0,0.0,33,18.52,11,5,3.0,0.0,0.0,0.0,0.0,476.94,0.469,0.0,0,0.0,0.0,11,-1.12,6,3,-1.4,-0.045,0.0,0.0,0.0,145.29,-0.293,0.0,0,0.0,0.0
AndresLopezzz,14,13.36,4,3,3.5,0.0,0.0,0.0,0.0,144.38,0.308,0.0,0,0.0,0.0,21,17.24,11,4,1.91,0.048,0.0,0.0,0.0,810.99,0.2,0.0,0,0.0,0.0,7,3.88,7,1,-1.59,0.048,0.0,0.0,0.0,666.61,-0.108,0.0,0,0.0,0.0
m4xshen,49,33.06,16,1,3.06,0.163,0.02,0.0,0.0,194.55,0.458,0.0,0,0.0,0.0,51,22.69,14,2,3.64,0.039,0.98,0.039,0.0,356.59,0.6,0.0,0,0.0,0.0,2,-10.37,-2,1,0.58,-0.124,0.96,0.039,0.0,162.04,0.142,0.0,0,0.0,0.0
Viettranni,23,14.39,4,2,5.75,0.0,0.0,0.0,0.0,70.66,0.727,0.0,0,0.0,0.0,27,26.19,12,3,2.25,0.148,0.0,0.0,0.0,592.64,0.5,0.0,0,0.0,0.0,4,11.8,8,1,-3.5,0.148,0.0,0.0,0.0,521.98,-0.227,0.0,0,0.0,0.0
jrgim,13,27.08,3,2,4.33,0.0,0.0,0.0,0.0,168.68,0.583,0.0,0,0.0,0.0,67,24.76,16,4,4.19,0.0,0.0,0.0,0.0,233.55,0.606,0.0,0,0.0,0.0,54,-2.32,13,2,-0.14,0.0,0.0,0.0,0.0,64.87,0.023,0.0,0,0.0,0.0
kimyougmin,12,14.25,5,1,2.4,0.0,0.0,0.0,0.0,91.43,0.182,0.0,0,0.0,0.0,83,21.72,6,4,13.83,0.024,0.024,0.012,0.0,151.57,0.854,0.0,0,33.33,0.556,71,7.47,1,3,11.43,0.024,0.024,0.012,0.0,60.14,0.672,0.0,0,33.33,0.556
DevanshDixitDD,10,17.5,4,4,2.5,0.0,0.0,0.0,0.0,804.89,0.556,0.0,0,0.0,0.0,12,19.08,4,1,3.0,0.0,0.0,0.0,0.0,672.94,0.636,0.0,0,0.0,0.0,2,1.58,0,-3,0.5,0.0,0.0,0.0,0.0,-131.95,0.08,0.0,0,0.0,0.0
singul4ri7y,62,20.84,19,2,3.26,0.032,0.0,0.065,0.0,170.4,0.525,0.0,0,0.0,0.0,38,40.37,9,1,4.22,0.026,0.0,0.053,0.0,127.03,0.243,0.0,0,0.0,0.0,-24,19.53,-10,-1,0.96,-0.006,0.0,-0.012,0.0,-43.37,-0.282,0.0,0,0.0,0.0
unanchoi,29,16.41,17,1,1.71,0.0,0.034,0.0,0.0,490.21,0.286,0.0,0,0.0,0.0,9,16.11,6,2,1.5,0.0,0.0,0.0,0.0,1464.7,0.375,0.0,0,0.0,0.0,-20,-0.3,-11,1,-0.21,0.0,-0.034,0.0,0.0,974.49,0.089,0.0,0,0.0,0.0
kivattt,37,36.78,9,2,4.11,0.0,0.0,0.0,0.0,57.3,0.5,0.0,0,0.0,0.0,48,33.67,17,2,2.82,0.0,0.0,0.0,0.021,280.64,0.532,0.0,0,0.0,0.0,11,-3.11,8,0,-1.29,0.0,0.0,0.0,0.021,223.34,0.032,0.0,0,0.0,0.0
shafiqninaba,49,55.45,7,1,7.0,0.531,0.0,0.0,0.041,34.15,0.583,0.0,0,85.8,0.2,51,44.25,7,3,7.29,0.059,0.353,0.0,0.0,236.04,0.74,0.0,0,45.2,0.4,2,-11.2,0,2,0.29,-0.472,0.353,0.0,-0.041,201.89,0.157,0.0,0,-40.6,0.2
andreo141,65,28.94,6,2,10.83,0.015,0.2,0.015,0.0,189.72,0.578,0.0,0,0.0,0.0,35,27.26,5,2,7.0,0.029,0.0,0.0,0.0,76.58,0.706,0.0,0,127.0,0.4,-30,-1.68,-1,0,-3.83,0.014,-0.2,-0.015,0.0,-113.14,0.128,0.0,0,127.0,0.4
Fluna29,9,32.33,2,2,4.5,0.0,0.0,0.0,0.0,27.54,0.25,0.0,0,0.0,0.0,20,21.85,9,4,2.22,0.0,0.0,0.0,0.0,578.15,0.316,0.0,0,0.0,0.0,11,-10.48,7,2,-2.28,0.0,0.0,0.0,0.0,550.61,0.066,0.0,0,0.0,0.0
karthikLagudu,6,17.5,1,3,6.0,0.0,0.0,0.0,0.0,0.56,0.8,0.0,0,0.0,0.0,26,18.5,2,2,13.0,0.0,0.0,0.0,0.0,7.72,0.92,0.0,0,0.0,0.0,20,1.0,1,-1,7.0,0.0,0.0,0.0,0.0,7.16,0.12,0.0,0,0.0,0.0
koopa1338,72,35.76,22,1,3.27,0.056,0.139,0.0,0.028,85.82,0.423,0.0,0,0.0,0.0,28,22.86,14,1,2.0,0.0,0.0,0.0,0.0,524.62,0.407,0.0,0,0.0,0.0,-44,-12.9,-8,0,-1.27,-0.056,-0.139,0.0,-0.028,438.8,-0.016,0.0,0,0.0,0.0
szaghi,12,65.0,4,1,3.0,0.417,0.0,0.083,0.0,500.91,0.727,0.0,0,0.0,0.0,21,116.19,8,1,2.62,0.524,0.524,0.048,0.0,483.72,0.3,0.0,0,0.0,0.0,9,51.19,4,0,-0.38,0.107,0.524,-0.035,0.0,-17.19,-0.427,0.0,0,0.0,0.0
SahilAggarwal2004,20,10.9,4,2,5.0,0.0,0.0,0.0,0.0,34.42,0.526,0.0,0,0.0,0.0,80,17.14,39,2,2.05,0.0,0.113,0.0,0.0,250.63,0.253,0.0,0,0.0,0.0,60,6.24,35,0,-2.95,0.0,0.113,0.0,0.0,216.21,-0.273,0.0,0,0.0,0.0
Eyevou,7,46.0,1,1,7.0,0.286,0.0,0.0,0.0,7.69,0.667,0.0,0,0.0,0.0,93,57.35,25,4,3.72,0.387,0.0,0.0,0.0,120.1,0.554,0.0,0,0.0,0.0,86,11.35,24,3,-3.28,0.101,0.0,0.0,0.0,112.41,-0.113,0.0,0,0.0,0.0
TarekRaafat,22,26.5,13,1,1.69,0.091,0.136,0.0,0.0,489.27,0.333,0.0,0,0.0,0.0,14,209.64,5,1,2.8,0.429,0.286,0.0,0.143,1004.56,0.462,0.0,0,0.0,0.0,-8,183.14,-8,0,1.11,0.338,0.15,0.0,0.143,515.29,0.129,0.0,0,0.0,0.0
MengsyueAmaoTsai,69,19.26,15,3,4.6,0.0,0.014,0.0,0.0,135.28,0.647,0.0,0,0.0,0.0,21,34.33,5,4,4.2,0.143,0.0,0.0,0.0,884.75,0.75,0.0,0,0.0,0.0,-48,15.07,-10,1,-0.4,0.143,-0.014,0.0,0.0,749.47,0.103,0.0,0,0.0,0.0
saimn,30,9.53,18,1,1.67,0.0,0.0,0.0,0.033,573.4,0.379,0.0,0,0.0,0.0,23,7.22,13,1,1.77,0.0,0.0,0.0,0.043,869.65,0.455,0.0,0,0.0,0.0,-7,-2.31,-5,0,0.1,0.0,0.0,0.0,0.01,296.25,0.076,0.0,0,0.0,0.0
halyusa16,12,16.5,3,2,4.0,0.0,0.0,0.0,0.0,108.52,0.727,0.0,0,0.0,0.0,20,18.4,8,3,2.5,0.0,0.0,0.0,0.0,366.01,0.579,0.0,0,0.0,0.0,8,1.9,5,1,-1.5,0.0,0.0,0.0,0.0,257.49,-0.148,0.0,0,0.0,0.0
ichanguk,30,14.97,3,1,10.0,0.0,0.167,0.0,0.0,13.62,0.931,0.0,0,0.0,0.0,70,19.14,6,1,11.67,0.014,0.229,0.0,0.014,14.74,0.768,0.0,0,0.0,0.0,40,4.17,3,0,1.67,0.014,0.062,0.0,0.014,1.12,-0.163,0.0,0,0.0,0.0
danweitzel,47,7.7,13,1,3.62,0.0,0.0,0.0,0.0,136.79,0.63,0.0,0,0.0,0.0,53,6.94,17,1,3.12,0.0,0.0,0.0,0.0,190.72,0.654,0.0,0,0.0,0.0,6,-0.76,4,0,-0.5,0.0,0.0,0.0,0.0,53.93,0.024,0.0,0,0.0,0.0
hammadqurashi,75,15.15,13,3,5.77,0.0,0.0,0.0,0.0,54.08,0.365,0.0,0,0.0,0.0,8,13.38,5,2,1.6,0.0,0.0,0.0,0.0,664.77,0.286,0.0,0,0.0,0.0,-67,-1.77,-8,-1,-4.17,0.0,0.0,0.0,0.0,610.69,-0.079,0.0,0,0.0,0.0
Blake-Madden,36,25.83,10,1,3.6,0.056,0.0,0.083,0.0,146.78,0.657,0.0,0,0.0,0.0,64,34.66,15,1,4.27,0.188,0.0,0.047,0.0,282.39,0.667,0.0,0,0.0,0.0,28,8.83,5,0,0.67,0.132,0.0,-0.036,0.0,135.61,0.01,0.0,0,0.0,0.0
conboaduide,9,28.11,3,3,3.0,0.0,0.0,0.0,0.0,153.81,0.75,0.0,0,0.0,0.0,8,16.0,5,1,1.6,0.0,0.0,0.0,0.0,2072.72,0.143,0.0,0,0.0,0.0,-1,-12.11,2,-2,-1.4,0.0,0.0,0.0,0.0,1918.91,-0.607,0.0,0,0.0,0.0
Salint,8,18.75,5,2,1.6,0.0,0.0,0.0,0.0,1770.33,0.286,0.0,0,0.0,0.0,8,28.25,7,2,1.14,0.125,0.0,0.0,0.0,2719.48,0.143,0.0,0,0.0,0.0,0,9.5,2,0,-0.46,0.125,0.0,0.0,0.0,949.15,-0.143,0.0,0,0.0,0.0
TheFakeMontyOnTheRun,54,53.5,9,4,6.0,0.148,0.13,0.0,0.019,89.54,0.755,0.0,0,0.0,0.0,5,45.4,4,2,1.25,0.2,1.0,0.0,0.0,1962.71,0.25,0.0,0,0.0,0.0,-49,-8.1,-5,-2,-4.75,0.052,0.87,0.0,-0.019,1873.17,-0.505,0.0,0,0.0,0.0
RMV-Coder,52,37.06,8,4,6.5,0.154,0.0,0.0,0.019,325.02,0.725,0.0,0,0.0,0.0,7,22.57,4,2,1.75,0.0,0.0,0.0,0.0,1379.93,0.333,0.0,0,0.0,0.0,-45,-14.49,-4,-2,-4.75,-0.154,0.0,0.0,-0.019,1054.91,-0.392,0.0,0,0.0,0.0
Joshua-Leow,13,15.54,2,2,6.5,0.0,0.0,0.0,0.0,5.86,0.75,0.0,0,0.0,0.0,37,28.32,11,5,3.36,0.081,0.0,0.0,0.027,282.13,0.528,0.0,0,0.0,0.0,24,12.78,9,3,-3.14,0.081,0.0,0.0,0.027,276.27,-0.222,0.0,0,0.0,0.0
MasterLaplace,57,20.54,15,5,3.8,0.018,0.07,0.053,0.0,264.95,0.661,0.0,0,34.0,0.0,12,54.67,5,1,2.4,0.083,0.75,0.0,0.0,1093.94,0.545,0.0,0,0.0,0.0,-45,34.13,-10,-4,-1.4,0.065,0.68,-0.053,0.0,828.99,-0.116,0.0,0,-34.0,0.0
artur-baranov,37,15.76,6,2,6.17,0.0,0.0,0.0,0.0,144.69,0.861,0.0,0,0.0,0.0,14,19.0,9,4,1.56,0.0,0.0,0.0,0.0,1125.01,0.385,0.0,0,0.0,0.0,-23,3.24,3,2,-4.61,0.0,0.0,0.0,0.0,980.32,-0.476,0.0,0,0.0,0.0
ImSpiDy,21,70.48,3,1,7.0,0.81,0.0,0.0,0.0,419.58,0.85,0.0,0,22.5,0.0,71,130.66,11,3,6.45,0.972,0.028,0.014,0.197,238.26,0.8,0.0,0,0.0,0.0,50,60.18,8,2,-0.55,0.162,0.028,0.014,0.197,-181.32,-0.05,0.0,0,-22.5,0.0
EnrSanti,95,31.08,17,3,5.59,0.2,0.0,0.074,0.0,163.46,0.426,0.0,0,0.0,0.0,5,32.4,5,1,1.0,0.2,0.0,0.0,0.0,862.74,0.0,0.0,0,0.0,0.0,-90,1.32,-12,-2,-4.59,0.0,0.0,-0.074,0.0,699.28,-0.426,0.0,0,0.0,0.0
jotalexvalencia,81,76.86,12,3,6.75,0.086,0.0,0.0,0.012,52.53,0.55,0.0,0,0.0,0.0,19,66.42,3,1,6.33,0.105,0.632,0.0,0.0,74.78,0.556,0.0,0,357.0,0.5,-62,-10.44,-9,-2,-0.42,0.019,0.632,0.0,-0.012,22.25,0.006,0.0,0,357.0,0.5
trow-land,94,20.89,15,1,6.27,0.0,0.0,0.0,0.0,74.0,0.742,0.0,0,0.0,0.0,6,31.33,2,1,3.0,0.167,0.0,0.0,0.167,36.72,0.6,0.0,0,0.0,0.0,-88,10.44,-13,0,-3.27,0.167,0.0,0.0,0.167,-37.28,-0.142,0.0,0,0.0,0.0
GMATHUR90,22,20.77,3,2,7.33,0.045,0.0,0.0,0.0,282.53,0.905,0.0,0,0.0,0.0,8,39.5,3,1,2.67,0.0,0.0,0.0,0.0,181.37,0.429,0.0,0,0.0,0.0,-14,18.73,0,-1,-4.66,-0.045,0.0,0.0,0.0,-101.16,-0.476,0.0,0,0.0,0.0
jj-tay,31,27.45,13,3,2.38,0.0,0.0,0.032,0.0,489.96,0.433,0.0,0,0.0,0.0,8,32.12,4,1,2.0,0.0,0.0,0.0,0.0,983.31,0.571,0.0,0,0.0,0.0,-23,4.67,-9,-2,-0.38,0.0,0.0,-0.032,0.0,493.35,0.138,0.0,0,0.0,0.0
TheophileDiot,13,33.15,5,1,2.6,0.077,0.0,0.0,0.0,1141.39,0.667,0.0,0,0.0,0.0,10,50.0,3,1,3.33,0.1,0.4,0.0,0.0,202.49,0.778,0.0,0,0.0,0.0,-3,16.85,-2,0,0.73,0.023,0.4,0.0,0.0,-938.9,0.111,0.0,0,0.0,0.0
geetgovind,17,29.53,4,5,4.25,0.059,0.0,0.0,0.0,67.54,0.5,0.0,0,0.0,0.0,16,16.0,6,1,2.67,0.0,0.0,0.0,0.0,460.5,0.533,0.0,0,0.0,0.0,-1,-13.53,2,-4,-1.58,-0.059,0.0,0.0,0.0,392.96,0.033,0.0,0,0.0,0.0
Vaalley,37,19.89,11,3,3.36,0.0,0.0,0.0,0.0,475.02,0.444,0.0,0,6562.0,1.0,8,16.0,6,1,1.33,0.0,0.0,0.0,0.0,1480.82,0.286,0.0,0,3398.5,1.0,-29,-3.89,-5,-2,-2.03,0.0,0.0,0.0,0.0,1005.8,-0.158,0.0,0,-3163.5,0.0
srbhp,39,14.05,9,1,4.33,0.0,0.0,0.051,0.0,96.72,0.658,0.0,0,0.0,0.0,43,27.58,8,2,5.38,0.023,0.0,0.0,0.0,352.39,0.738,0.0,0,0.0,0.0,4,13.53,-1,1,1.05,0.023,0.0,-0.051,0.0,255.67,0.08,0.0,0,0.0,0.0
Korayou,75,19.29,8,2,9.38,0.0,0.0,0.04,0.0,117.7,0.419,0.0,0,0.0,0.0,25,16.12,8,1,3.12,0.0,0.0,0.0,0.0,369.15,0.667,0.0,0,0.0,0.0,-50,-3.17,0,-1,-6.26,0.0,0.0,-0.04,0.0,251.45,0.248,0.0,0,0.0,0.0
debanjandhara,19,72.0,7,4,2.71,0.842,0.0,0.0,0.0,543.85,0.389,0.0,0,0.0,0.0,81,48.31,28,1,2.89,0.383,0.0,0.0,0.062,172.92,0.475,0.0,0,0.0,0.0,62,-23.69,21,-3,0.18,-0.459,0.0,0.0,0.062,-370.93,0.086,0.0,0,0.0,0.0
suvankargiri7,10,23.8,2,2,5.0,0.0,0.1,0.1,0.0,58.44,0.889,0.0,0,0.0,0.0,7,15.29,1,3,7.0,0.0,0.0,0.0,0.0,0.2,1.0,0.0,0,0.0,0.0,-3,-8.51,-1,1,2.0,0.0,-0.1,-0.1,0.0,-58.24,0.111,0.0,0,0.0,0.0
rmdnps10,23,15.91,8,1,2.88,0.0,0.0,0.0,0.0,263.09,0.636,0.0,0,0.0,0.0,25,19.2,15,1,1.67,0.04,0.0,0.0,0.0,813.04,0.25,0.0,0,0.0,0.0,2,3.29,7,0,-1.21,0.04,0.0,0.0,0.0,549.95,-0.386,0.0,0,0.0,0.0
williamlu9,14,21.21,7,1,2.0,0.0,0.0,0.0,0.0,539.89,0.308,0.0,0,0.0,0.0,21,26.67,12,1,1.75,0.0,0.0,0.0,0.0,443.14,0.25,0.0,0,0.0,0.0,7,5.46,5,0,-0.25,0.0,0.0,0.0,0.0,-96.75,-0.058,0.0,0,0.0,0.0
johanjuulj,75,24.39,11,1,6.82,0.013,0.0,0.067,0.0,60.45,0.635,0.0,0,0.0,0.0,25,23.52,2,1,12.5,0.0,0.0,0.0,0.0,5.91,0.583,0.0,0,0.0,0.0,-50,-0.87,-9,0,5.68,-0.013,0.0,-0.067,0.0,-54.54,-0.052,0.0,0,0.0,0.0
apreswilson,19,21.74,4,2,4.75,0.105,0.0,0.053,0.0,29.39,0.5,0.0,0,0.0,0.0,25,13.92,5,3,5.0,0.12,0.04,0.24,0.0,136.73,0.667,0.0,0,0.0,0.0,6,-7.82,1,1,0.25,0.015,0.04,0.187,0.0,107.34,0.167,0.0,0,0.0,0.0
maraloeDev,42,15.71,6,1,7.0,0.0,0.0,0.0,0.0,151.4,0.805,0.0,0,0.0,0.0,58,20.83,8,2,7.25,0.0,0.0,0.0,0.069,237.46,0.456,0.0,0,0.0,0.0,16,5.12,2,1,0.25,0.0,0.0,0.0,0.069,86.06,-0.349,0.0,0,0.0,0.0
jaykim305,22,14.59,11,2,2.0,0.045,0.0,0.0,0.0,506.38,0.238,0.0,0,0.0,0.0,53,14.38,24,1,2.21,0.0,0.0,0.0,0.0,346.11,0.385,0.0,0,0.0,0.0,31,-0.21,13,-1,0.21,-0.045,0.0,0.0,0.0,-160.27,0.147,0.0,0,0.0,0.0
sbow19,21,23.67,7,1,3.0,0.0,0.0,0.0,0.0,47.31,0.15,0.0,0,0.0,0.0,71,17.82,11,5,6.45,0.014,0.0,0.0,0.0,123.53,0.6,0.0,0,0.0,0.0,50,-5.85,4,4,3.45,0.014,0.0,0.0,0.0,76.22,0.45,0.0,0,0.0,0.0
tzmcion,50,28.1,9,2,5.56,0.26,0.0,0.0,0.0,348.13,0.673,0.0,0,12.62,0.077,30,49.67,11,2,2.73,0.533,0.0,0.067,0.1,331.24,0.379,0.0,0,75.56,0.312,-20,21.57,2,0,-2.83,0.273,0.0,0.067,0.1,-16.89,-0.294,0.0,0,62.94,0.235
olich97,47,20.4,14,2,3.36,0.0,0.298,0.0,0.0,369.84,0.63,0.0,0,0.0,0.0,11,14.64,7,2,1.57,0.0,0.0,0.0,0.0,1608.86,0.3,0.0,0,0.0,0.0,-36,-5.76,-7,0,-1.79,0.0,-0.298,0.0,0.0,1239.02,-0.33,0.0,0,0.0,0.0
MaroMetelski,76,180.51,10,2,7.6,0.961,0.026,0.039,0.118,119.72,0.787,0.0,0,90.88,0.312,24,151.88,5,2,4.8,0.708,0.0,0.167,0.042,507.52,0.696,0.0,0,59.0,0.5,-52,-28.63,-5,0,-2.8,-0.253,-0.026,0.128,-0.076,387.8,-0.091,0.0,0,-31.88,0.188
yisuanwang,41,16.9,6,3,6.83,0.0,0.0,0.0,0.0,406.68,0.7,0.0,0,0.0,0.0,19,14.79,10,2,1.9,0.0,0.0,0.0,0.0,641.93,0.5,0.0,0,0.0,0.0,-22,-2.11,4,-1,-4.93,0.0,0.0,0.0,0.0,235.25,-0.2,0.0,0,0.0,0.0
lsh981127,20,30.2,7,2,2.86,0.3,0.0,0.0,0.0,546.42,0.263,0.0,0,0.0,0.0,79,54.43,16,2,4.94,0.0,0.0,0.0,0.013,108.39,0.41,0.0,0,0.0,0.0,59,24.23,9,0,2.08,-0.3,0.0,0.0,0.013,-438.03,0.147,0.0,0,0.0,0.0
daelmaak,34,254.21,7,1,4.86,0.559,0.853,0.176,0.029,75.69,0.606,0.0,0,178.54,0.462,44,157.39,7,1,6.29,0.477,1.0,0.227,0.045,444.82,0.721,0.0,0,131.6,0.6,10,-96.82,0,0,1.43,-0.082,0.147,0.051,0.016,369.13,0.115,0.0,0,-46.94,0.138
dro42,26,18.46,4,4,6.5,0.077,0.0,0.0,0.0,20.06,0.6,0.0,0,0.0,0.0,8,25.88,1,1,8.0,0.125,0.0,0.0,0.0,0.13,1.0,0.0,0,46.0,0.0,-18,7.42,-3,-3,1.5,0.048,0.0,0.0,0.0,-19.93,0.4,0.0,0,46.0,0.0
JeremyZehr,75,25.89,30,3,2.5,0.013,0.0,0.013,0.0,138.69,0.392,0.0,0,0.0,0.0,17,26.65,9,2,1.89,0.0,0.0,0.0,0.0,665.85,0.375,0.0,0,0.0,0.0,-58,0.76,-21,-1,-0.61,-0.013,0.0,-0.013,0.0,527.16,-0.017,0.0,0,0.0,0.0
H-Snoussi,16,30.31,2,2,8.0,0.0,0.0,0.0,0.0,165.88,0.933,0.0,0,0.0,0.0,39,18.79,3,2,13.0,0.0,0.0,0.0,0.0,203.96,0.921,0.0,0,0.0,0.0,23,-11.52,1,0,5.0,0.0,0.0,0.0,0.0,38.08,-0.012,0.0,0,0.0,0.0
vijaybalamahalingam,95,18.57,3,2,31.67,0.0,0.0,0.0,0.0,9.63,0.936,0.0,0,0.0,0.0,5,16.0,3,1,1.67,0.0,0.0,0.0,0.0,1020.32,0.25,0.0,0,0.0,0.0,-90,-2.57,0,-1,-30.0,0.0,0.0,0.0,0.0,1010.69,-0.686,0.0,0,0.0,0.0
mgczarnievicz,83,25.73,9,3,9.22,0.012,0.0,0.012,0.036,60.19,0.427,0.0,0,0.0,0.0,17,23.53,2,3,8.5,0.0,0.0,0.0,0.0,428.49,0.875,0.0,0,0.0,0.0,-66,-2.2,-7,0,-0.72,-0.012,0.0,-0.012,-0.036,368.3,0.448,0.0,0,0.0,0.0
peicai,21,29.1,6,2,3.5,0.143,0.0,0.0,0.0,272.52,0.35,0.0,0,0.0,0.0,18,23.11,9,2,2.0,0.111,0.0,0.056,0.0,508.24,0.529,0.0,0,0.0,0.0,-3,-5.99,3,0,-1.5,-0.032,0.0,0.056,0.0,235.72,0.179,0.0,0,0.0,0.0
shreyasur123,6,18.67,2,3,3.0,0.0,0.0,0.0,0.0,114.67,0.6,0.0,0,0.0,0.0,19,24.05,4,3,4.75,0.053,0.0,0.0,0.0,157.47,0.722,0.0,0,0.0,0.0,13,5.38,2,0,1.75,0.053,0.0,0.0,0.0,42.8,0.122,0.0,0,0.0,0.0
JMicheli,74,30.76,14,2,5.29,0.068,0.0,0.054,0.014,97.83,0.712,0.0,0,12.67,0.0,26,62.73,1,1,26.0,0.462,0.0,0.0,0.0,0.18,0.96,0.0,0,0.0,0.0,-48,31.97,-13,-1,20.71,0.394,0.0,-0.054,-0.014,-97.65,0.248,0.0,0,-12.67,0.0
Mauboru,67,16.0,5,1,13.4,0.0,0.0,0.0,0.0,33.91,0.894,0.0,0,0.0,0.0,33,16.42,12,1,2.75,0.0,0.0,0.0,0.0,568.42,0.625,0.0,0,0.0,0.0,-34,0.42,7,0,-10.65,0.0,0.0,0.0,0.0,534.51,-0.269,0.0,0,0.0,0.0
LucaTaglialatela,53,22.49,6,4,8.83,0.0,0.0,0.0,0.0,288.96,0.615,0.0,0,0.0,0.0,42,24.05,5,2,8.4,0.0,0.0,0.0,0.0,56.22,0.659,0.0,0,0.0,0.0,-11,1.56,-1,-2,-0.43,0.0,0.0,0.0,0.0,-232.74,0.044,0.0,0,0.0,0.0
Minimal-Alexi,34,43.68,5,2,6.8,0.059,0.0,0.029,0.0,68.4,0.364,0.0,0,0.0,0.0,66,51.85,4,2,16.5,0.197,0.0,0.0,0.0,48.42,0.708,0.0,0,84.1,0.65,32,8.17,-1,0,9.7,0.138,0.0,-0.029,0.0,-19.98,0.344,0.0,0,84.1,0.65
L0r3ntz,5,21.2,2,1,2.5,0.0,0.0,0.0,0.0,43.1,0.25,0.0,0,0.0,0.0,20,27.9,6,2,3.33,0.15,0.0,0.0,0.0,694.39,0.737,0.0,0,0.0,0.0,15,6.7,4,1,0.83,0.15,0.0,0.0,0.0,651.29,0.487,0.0,0,0.0,0.0
SangTran-127,16,15.44,6,3,2.67,0.0,0.0,0.0,0.0,524.74,0.667,0.0,0,0.0,0.0,8,14.75,4,1,2.0,0.0,0.0,0.0,0.0,761.99,0.571,0.0,0,0.0,0.0,-8,-0.69,-2,-2,-0.67,0.0,0.0,0.0,0.0,237.25,-0.096,0.0,0,0.0,0.0
TrigonaMinima,38,44.66,22,1,1.73,0.0,0.053,0.0,0.579,415.58,0.216,0.0,0,0.0,0.0,16,42.06,12,1,1.33,0.0,0.0,0.0,0.688,1254.1,0.133,0.0,0,0.0,0.0,-22,-2.6,-10,0,-0.4,0.0,-0.053,0.0,0.109,838.52,-0.083,0.0,0,0.0,0.0
rmoise,86,36.37,3,1,28.67,0.349,0.0,0.0,0.0,14.32,0.871,0.0,0,0.14,0.0,14,29.07,1,1,14.0,0.357,0.0,0.0,0.0,0.2,1.0,0.0,0,0.0,0.0,-72,-7.3,-2,0,-14.67,0.008,0.0,0.0,0.0,-14.12,0.129,0.0,0,-0.14,0.0
HamzaSid020,71,32.94,6,3,11.83,0.014,0.746,0.0,0.0,16.77,0.729,0.0,0,0.0,0.0,25,37.48,9,2,2.78,0.0,0.8,0.0,0.0,787.33,0.5,0.0,0,0.0,0.0,-46,4.54,3,-1,-9.05,-0.014,0.054,0.0,0.0,770.56,-0.229,0.0,0,0.0,0.0
pabloroldan98,63,30.44,3,2,21.0,0.127,0.0,0.444,0.0,74.49,0.871,0.0,0,0.0,0.0,33,41.58,10,3,3.3,0.061,0.758,0.0,0.0,466.56,0.438,0.0,0,0.0,0.0,-30,11.14,7,1,-17.7,-0.066,0.758,-0.444,0.0,392.07,-0.433,0.0,0,0.0,0.0
liamhauw,12,13.0,3,2,4.0,0.0,0.0,0.0,0.0,543.63,0.727,0.0,0,0.0,0.0,11,14.64,2,2,5.5,0.0,0.0,0.0,0.0,254.9,0.5,0.0,0,0.0,0.0,-1,1.64,-1,0,1.5,0.0,0.0,0.0,0.0,-288.73,-0.227,0.0,0,0.0,0.0
MickeyKorea,73,13.29,7,2,10.43,0.0,0.0,0.0,0.0,199.44,0.708,0.0,0,0.0,0.0,27,19.96,5,1,5.4,0.037,0.0,0.0,0.037,461.51,0.769,0.0,0,0.0,0.0,-46,6.67,-2,-1,-5.03,0.037,0.0,0.0,0.037,262.07,0.061,0.0,0,0.0,0.0
lukaszsliwinski,91,36.05,15,1,6.07,0.0,0.791,0.011,0.044,75.66,0.578,0.0,0,0.0,0.0,9,30.33,8,1,1.12,0.0,0.889,0.0,0.0,2207.91,0.125,0.0,0,0.0,0.0,-82,-5.72,-7,0,-4.95,0.0,0.098,-0.011,-0.044,2132.25,-0.453,0.0,0,0.0,0.0
gabrielecabrini,14,126.29,11,1,1.27,0.643,0.0,0.0,0.929,583.44,0.154,0.0,0,0.0,0.0,27,39.41,2,1,13.5,0.0,0.963,0.037,0.0,1.83,0.808,0.0,0,0.0,0.0,13,-86.88,-9,0,12.23,-0.643,0.963,0.037,-0.929,-581.61,0.654,0.0,0,0.0,0.0
fsgdev,26,21.96,5,2,5.2,0.038,0.0,0.0,0.0,105.72,0.76,0.0,0,0.0,0.0,32,20.28,11,4,2.91,0.031,0.0,0.0,0.0,483.9,0.548,0.0,0,0.0,0.0,6,-1.68,6,2,-2.29,-0.007,0.0,0.0,0.0,378.18,-0.212,0.0,0,0.0,0.0
m4s-b3n,39,18.05,6,2,6.5,0.0,0.051,0.051,0.0,44.13,0.816,0.0,0,0.0,0.0,61,29.25,17,2,3.59,0.016,0.148,0.098,0.0,278.46,0.567,0.0,0,286.0,1.0,22,11.2,11,0,-2.91,0.016,0.097,0.047,0.0,234.33,-0.249,0.0,0,286.0,1.0
Moxiii,7,22.57,2,3,3.5,0.0,0.0,0.143,0.0,23.57,0.5,0.0,0,0.0,0.0,93,37.86,19,2,4.89,0.247,0.0,0.0,0.075,121.59,0.522,0.0,0,3.71,0.0,86,15.29,17,-1,1.39,0.247,0.0,-0.143,0.075,98.02,0.022,0.0,0,3.71,0.0
demianblogan,50,19.08,2,2,25.0,0.0,0.0,0.0,0.0,4.49,0.898,0.0,0,0.0,0.0,26,25.12,2,2,13.0,0.038,0.0,0.0,0.0,756.71,0.96,0.0,0,0.0,0.0,-24,6.04,0,0,-12.0,0.038,0.0,0.0,0.0,752.22,0.062,0.0,0,0.0,0.0
shekharh500,43,16.74,1,1,43.0,0.0,0.0,0.0,0.0,0.29,0.952,0.0,0,0.0,0.0,57,30.37,4,1,14.25,0.0,0.0,0.0,0.018,330.82,0.875,0.0,0,0.0,0.0,14,13.63,3,0,-28.75,0.0,0.0,0.0,0.018,330.53,-0.077,0.0,0,0.0,0.0
SARIF-MALIK,49,13.04,20,2,2.45,0.02,0.0,0.0,0.0,226.16,0.208,0.0,0,0.0,0.0,51,17.41,7,1,7.29,0.0,0.0,0.0,0.0,28.74,0.76,0.0,0,0.0,0.0,2,4.37,-13,-1,4.84,-0.02,0.0,0.0,0.0,-197.42,0.552,0.0,0,0.0,0.0
fritzp3,15,34.27,3,1,5.0,0.133,0.0,0.067,0.0,97.62,0.714,0.0,0,114.0,1.0,33,25.42,8,1,4.12,0.0,0.0,0.03,0.0,282.85,0.531,0.0,0,0.0,0.0,18,-8.85,5,0,-0.88,-0.133,0.0,-0.037,0.0,185.23,-0.183,0.0,0,-114.0,-1.0
MRdima98,71,23.66,21,4,3.38,0.07,0.0,0.042,0.042,101.98,0.3,0.0,0,0.0,0.0,29,13.93,15,4,1.93,0.0,0.0,0.0,0.0,566.55,0.286,0.0,0,0.0,0.0,-42,-9.73,-6,0,-1.45,-0.07,0.0,-0.042,-0.042,464.57,-0.014,0.0,0,0.0,0.0
Guo-Chenxu,83,20.65,10,1,8.3,0.108,0.325,0.0,0.0,19.53,0.537,0.0,0,0.0,0.0,17,15.0,3,1,5.67,0.0,0.0,0.0,0.0,29.79,0.875,0.0,0,0.0,0.0,-66,-5.65,-7,0,-2.63,-0.108,-0.325,0.0,0.0,10.26,0.338,0.0,0,0.0,0.0
Fernix8,13,17.92,6,3,2.17,0.0,0.0,0.0,0.0,373.38,0.25,0.0,0,0.0,0.0,61,23.1,10,2,6.1,0.0,0.361,0.0,0.0,31.42,0.417,0.0,0,5.72,0.0,48,5.18,4,-1,3.93,0.0,0.361,0.0,0.0,-341.96,0.167,0.0,0,5.72,0.0
Gaveshika,25,18.2,2,4,12.5,0.0,0.0,0.0,0.0,9.35,0.917,0.0,0,0.0,0.0,5,20.8,3,1,1.67,0.0,0.0,0.0,0.0,3122.05,0.5,0.0,0,0.0,0.0,-20,2.6,1,-3,-10.83,0.0,0.0,0.0,0.0,3112.7,-0.417,0.0,0,0.0,0.0
daianercruz,86,34.37,13,4,6.62,0.0,0.0,0.0,0.0,184.11,0.741,0.0,0,0.0,0.0,14,26.64,4,3,3.5,0.143,0.0,0.0,0.0,303.76,0.846,0.0,0,0.0,0.0,-72,-7.73,-9,-1,-3.12,0.143,0.0,0.0,0.0,119.65,0.105,0.0,0,0.0,0.0
impallari,13,77.0,5,1,2.6,0.615,0.0,0.077,0.0,145.79,0.417,0.0,0,0.0,0.0,13,38.0,2,1,6.5,0.0,0.0,0.077,0.0,13.78,0.167,0.0,0,0.0,0.0,0,-39.0,-3,0,3.9,-0.615,0.0,0.0,0.0,-132.01,-0.25,0.0,0,0.0,0.0
neocrz,74,14.5,6,2,12.33,0.0,0.0,0.068,0.041,13.08,0.616,0.0,0,0.0,0.0,17,10.41,6,4,2.83,0.0,0.0,0.0,0.059,916.43,0.375,0.0,0,0.0,0.0,-57,-4.09,0,2,-9.5,0.0,0.0,-0.068,0.018,903.35,-0.241,0.0,0,0.0,0.0
sehyun0518,13,24.23,4,3,3.25,0.0,0.0,0.077,0.0,406.96,0.583,0.0,0,20.0,0.0,17,16.0,1,1,17.0,0.0,0.0,0.0,0.0,0.05,1.0,0.0,0,0.0,0.0,4,-8.23,-3,-2,13.75,0.0,0.0,-0.077,0.0,-406.91,0.417,0.0,0,-20.0,0.0
NusretSalli,81,12.35,17,2,4.76,0.0,0.0,0.0,0.0,121.48,0.388,0.0,0,0.0,0.0,19,40.37,1,1,19.0,0.211,0.0,0.0,0.0,2.76,0.778,0.0,0,5.5,0.0,-62,28.02,-16,-1,14.24,0.211,0.0,0.0,0.0,-118.72,0.39,0.0,0,5.5,0.0
RunningFlip,21,45.19,5,1,4.2,0.048,0.857,0.0,0.0,98.33,0.5,0.0,0,0.0,0.0,5,14.8,1,4,5.0,0.0,0.0,0.0,0.0,8.53,0.75,0.0,0,0.0,0.0,-16,-30.39,-4,3,0.8,-0.048,-0.857,0.0,0.0,-89.8,0.25,0.0,0,0.0,0.0
DavidGomezToca,10,34.9,5,5,2.0,0.4,0.0,0.1,0.0,1033.26,0.333,0.0,0,43.5,0.5,5,15.0,1,5,5.0,0.0,0.0,0.0,0.0,6.12,0.75,0.0,0,0.0,0.0,-5,-19.9,-4,0,3.0,-0.4,0.0,-0.1,0.0,-1027.14,0.417,0.0,0,-43.5,-0.5
thenameisluk,23,17.65,5,1,4.6,0.0,0.0,0.0,0.0,98.31,0.364,0.0,0,0.0,0.0,36,16.89,11,1,3.27,0.0,0.0,0.0,0.0,293.44,0.543,0.0,0,0.0,0.0,13,-0.76,6,0,-1.33,0.0,0.0,0.0,0.0,195.13,0.179,0.0,0,0.0,0.0
raduancse,57,18.56,10,5,5.7,0.07,0.0,0.0,0.0,151.3,0.661,0.0,0,0.0,0.0,10,16.3,5,2,2.0,0.0,0.0,0.0,0.0,967.99,0.556,0.0,0,0.0,0.0,-47,-2.26,-5,-3,-3.7,-0.07,0.0,0.0,0.0,816.69,-0.105,0.0,0,0.0,0.0
nhi1e,9,18.56,2,2,4.5,0.0,0.0,0.0,0.0,39.01,0.75,0.0,0,0.0,0.0,82,11.21,9,3,9.11,0.012,0.0,0.0,0.0,68.31,0.716,0.0,0,0.0,0.0,73,-7.35,7,1,4.61,0.012,0.0,0.0,0.0,29.3,-0.034,0.0,0,0.0,0.0
Mohamed-Abusaif,32,21.12,2,1,16.0,0.0,0.0,0.062,0.0,6.76,0.742,0.0,0,0.0,0.0,68,27.4,13,4,5.23,0.029,0.0,0.029,0.0,150.05,0.448,0.0,0,0.0,0.0,36,6.28,11,3,-10.77,0.029,0.0,-0.033,0.0,143.29,-0.294,0.0,0,0.0,0.0
yyppsk,34,17.91,8,1,4.25,0.0,0.0,0.0,0.0,460.91,0.727,0.0,0,0.0,0.0,66,21.97,18,1,3.67,0.045,0.0,0.0,0.0,292.47,0.538,0.0,0,0.0,0.0,32,4.06,10,0,-0.58,0.045,0.0,0.0,0.0,-168.44,-0.189,0.0,0,0.0,0.0
arthurvasc-hub,34,15.09,3,3,11.33,0.0,0.0,0.0,0.029,12.29,0.576,0.0,0,0.0,0.0,36,7.36,11,2,3.27,0.0,0.0,0.0,0.0,91.32,0.114,0.0,0,0.0,0.0,2,-7.73,8,-1,-8.06,0.0,0.0,0.0,-0.029,79.03,-0.462,0.0,0,0.0,0.0
fnichol,17,228.71,9,1,1.89,1.0,1.0,0.0,0.176,684.0,0.375,0.0,0,0.0,0.0,7,226.57,6,1,1.17,1.0,1.0,0.0,0.0,3211.77,0.167,0.0,0,0.0,0.0,-10,-2.14,-3,0,-0.72,0.0,0.0,0.0,-0.176,2527.77,-0.208,0.0,0,0.0,0.0
KapilAgrawal2005,5,21.0,1,1,5.0,0.2,0.0,0.0,0.0,0.36,1.0,0.0,0,0.0,0.0,35,18.89,13,2,2.69,0.0,0.0,0.0,0.0,349.06,0.382,0.0,0,0.0,0.0,30,-2.11,12,1,-2.31,-0.2,0.0,0.0,0.0,348.7,-0.618,0.0,0,0.0,0.0
OfirMikel,90,16.36,8,4,11.25,0.0,0.0,0.0,0.0,115.0,0.876,0.0,0,0.0,0.0,10,16.4,8,1,1.25,0.0,0.0,0.0,0.0,1302.72,0.222,0.0,0,0.0,0.0,-80,0.04,0,-3,-10.0,0.0,0.0,0.0,0.0,1187.72,-0.654,0.0,0,0.0,0.0
AnJungGeon,6,14.33,1,2,6.0,0.167,0.0,0.167,0.167,9.75,0.8,0.0,0,0.0,0.0,6,13.0,3,2,2.0,0.0,0.167,0.0,0.0,1060.23,0.2,0.0,0,0.0,0.0,0,-1.33,2,0,-4.0,-0.167,0.167,-0.167,-0.167,1050.48,-0.6,0.0,0,0.0,0.0
Arif043,56,27.14,5,1,11.2,0.018,0.0,0.214,0.0,14.33,0.345,0.0,0,0.0,0.0,39,23.9,4,5,9.75,0.051,0.0,0.026,0.0,13.71,0.632,0.0,0,0.0,0.0,-17,-3.24,-1,4,-1.45,0.033,0.0,-0.188,0.0,-0.62,0.287,0.0,0,0.0,0.0
mastervr99,53,34.81,9,1,5.89,0.0,0.0,0.34,0.283,249.47,0.385,0.0,0,0.0,0.0,37,34.05,12,5,3.08,0.0,0.054,0.162,0.027,436.63,0.611,0.0,0,0.0,0.0,-16,-0.76,3,4,-2.81,0.0,0.054,-0.178,-0.256,187.16,0.226,0.0,0,0.0,0.0
SeidaAhmed,18,26.5,2,4,9.0,0.167,0.0,0.0,0.0,533.01,0.941,0.0,0,0.0,0.0,14,19.0,8,1,1.75,0.0,0.0,0.0,0.0,405.69,0.154,0.0,0,0.0,0.0,-4,-7.5,6,-3,-7.25,-0.167,0.0,0.0,0.0,-127.32,-0.787,0.0,0,0.0,0.0
GuenterHummel,24,28.96,14,4,1.71,0.083,0.0,0.083,0.0,699.29,0.435,0.0,0,0.0,0.0,18,16.06,6,3,3.0,0.0,0.0,0.0,0.0,635.16,0.706,0.0,0,0.0,0.0,-6,-12.9,-8,-1,1.29,-0.083,0.0,-0.083,0.0,-64.13,0.271,0.0,0,0.0,0.0
ShubhamPatel81,50,16.64,4,5,12.5,0.0,0.0,0.0,0.0,81.23,0.837,0.0,0,0.0,0.0,28,17.61,12,2,2.33,0.036,0.0,0.0,0.0,631.56,0.593,0.0,0,0.0,0.0,-22,0.97,8,-3,-10.17,0.036,0.0,0.0,0.0,550.33,-0.244,0.0,0,0.0,0.0
Vpekdas,6,15.67,2,1,3.0,0.0,0.0,0.0,0.0,166.98,0.8,0.0,0,0.0,0.0,94,21.93,20,2,4.7,0.043,0.0,0.0,0.0,181.77,0.624,0.0,0,0.0,0.0,88,6.26,18,1,1.7,0.043,0.0,0.0,0.0,14.79,-0.176,0.0,0,0.0,0.0
Javigarcilop,18,16.22,1,1,18.0,0.0,0.0,0.0,0.0,0.03,1.0,0.0,0,0.0,0.0,38,18.55,4,5,9.5,0.0,0.0,0.0,0.0,26.7,0.811,0.0,0,0.0,0.0,20,2.33,3,4,-8.5,0.0,0.0,0.0,0.0,26.67,-0.189,0.0,0,0.0,0.0
apausa,41,63.07,2,1,20.5,0.366,0.0,0.0,0.0,5.46,0.7,0.0,0,0.0,0.0,59,32.15,2,1,29.5,0.237,0.0,0.119,0.0,68.11,0.948,0.0,0,0.0,0.0,18,-30.92,0,0,9.0,-0.129,0.0,0.119,0.0,62.65,0.248,0.0,0,0.0,0.0
debord555,13,21.85,6,2,2.17,0.0,0.0,0.0,0.077,648.5,0.583,0.0,0,0.0,0.0,47,25.85,7,5,6.71,0.0,0.0,0.0,0.0,150.81,0.652,0.0,0,0.0,0.0,34,4.0,1,3,4.54,0.0,0.0,0.0,-0.077,-497.69,0.069,0.0,0,0.0,0.0
shonnon-zxs,21,19.0,7,4,3.0,0.048,0.0,0.0,0.0,515.1,0.65,0.0,0,0.0,0.0,6,16.0,1,2,6.0,0.0,0.0,0.0,0.0,0.07,1.0,0.0,0,0.0,0.0,-15,-3.0,-6,-2,3.0,-0.048,0.0,0.0,0.0,-515.03,0.35,0.0,0,0.0,0.0
Frost-Phoenix,37,25.14,7,4,5.29,0.0,0.0,0.0,0.0,34.22,0.556,0.0,0,0.0,0.0,63,32.17,12,1,5.25,0.032,0.333,0.0,0.0,28.94,0.532,0.0,0,0.0,0.0,26,7.03,5,-3,-0.04,0.032,0.333,0.0,0.0,-5.28,-0.024,0.0,0,0.0,0.0
LOUDO56,28,17.89,2,5,14.0,0.0,0.0,0.0,0.0,6.33,0.852,0.0,0,0.0,0.0,6,16.5,6,1,1.0,0.0,0.0,0.0,0.0,2630.92,0.0,0.0,0,0.0,0.0,-22,-1.39,4,-4,-13.0,0.0,0.0,0.0,0.0,2624.59,-0.852,0.0,0,0.0,0.0
kamarias,13,38.38,5,2,2.6,0.231,0.0,0.0,0.0,180.03,0.25,0.0,0,3.67,0.0,5,11.0,1,1,5.0,0.0,0.0,0.0,0.0,5.46,0.75,0.0,0,0.0,0.0,-8,-27.38,-4,-1,2.4,-0.231,0.0,0.0,0.0,-174.57,0.5,0.0,0,-3.67,0.0
ghrdy,31,17.48,1,1,31.0,0.032,0.0,0.0,0.0,0.15,0.967,0.0,0,0.0,0.0,69,173.49,6,3,11.5,0.42,0.0,0.101,0.275,66.76,0.824,0.0,0,897.0,1.0,38,156.01,5,2,-19.5,0.388,0.0,0.101,0.275,66.61,-0.143,0.0,0,897.0,1.0
BenjaminCharmes,83,17.54,9,2,9.22,0.0,0.0,0.0,0.0,57.59,0.817,0.0,0,0.0,0.0,17,16.0,3,1,5.67,0.0,0.0,0.0,0.0,1088.97,0.875,0.0,0,0.0,0.0,-66,-1.54,-6,-1,-3.55,0.0,0.0,0.0,0.0,1031.38,0.058,0.0,0,0.0,0.0
MateusQ7,55,50.15,9,2,6.11,0.327,0.6,0.0,0.0,169.64,0.537,0.0,0,5.0,0.0,45,44.6,8,3,5.62,0.289,0.622,0.089,0.0,170.14,0.636,0.0,0,1.04,0.0,-10,-5.55,-1,1,-0.49,-0.038,0.022,0.089,0.0,0.5,0.099,0.0,0,-3.96,0.0
Jcastanour,38,20.58,4,3,9.5,0.053,0.0,0.0,0.0,35.9,0.649,0.0,0,0.0,0.0,62,25.95,26,3,2.38,0.048,0.0,0.0,0.0,248.97,0.475,0.0,0,0.0,0.0,24,5.37,22,0,-7.12,-0.005,0.0,0.0,0.0,213.07,-0.174,0.0,0,0.0,0.0
Samara-Ferreira,70,46.11,11,4,6.36,0.0,0.343,0.0,0.0,112.76,0.652,0.0,0,0.0,0.0,10,16.0,3,1,3.33,0.0,0.0,0.0,0.0,1090.34,0.444,0.0,0,0.0,0.0,-60,-30.11,-8,-3,-3.03,0.0,-0.343,0.0,0.0,977.58,-0.208,0.0,0,0.0,0.0
readra,27,19.22,7,1,3.86,0.037,0.0,0.0,0.0,293.66,0.346,0.0,0,0.0,0.0,73,24.05,17,2,4.29,0.096,0.0,0.0,0.068,60.34,0.125,0.0,0,0.0,0.0,46,4.83,10,1,0.43,0.059,0.0,0.0,0.068,-233.32,-0.221,0.0,0,0.0,0.0
nonodoubt,9,19.89,3,2,3.0,0.0,0.0,0.0,0.0,104.46,0.75,0.0,0,0.0,0.0,12,22.42,2,3,6.0,0.0,0.0,0.0,0.0,520.84,0.636,0.0,0,0.0,0.0,3,2.53,-1,1,3.0,0.0,0.0,0.0,0.0,416.38,-0.114,0.0,0,0.0,0.0
youngday,57,26.46,22,1,2.59,0.0,0.0,0.088,0.018,171.39,0.411,0.0,0,0.0,0.0,43,30.56,18,2,2.39,0.0,0.0,0.209,0.0,267.18,0.405,0.0,0,0.0,0.0,-14,4.1,-4,1,-0.2,0.0,0.0,0.121,-0.018,95.79,-0.006,0.0,0,0.0,0.0
joachimvh,16,23.69,10,1,1.6,0.0,0.0,0.0,0.0,1087.94,0.4,0.0,0,331.0,1.0,20,34.05,8,1,2.5,0.15,0.05,0.0,0.0,811.14,0.526,0.0,0,103.38,0.625,4,10.36,-2,0,0.9,0.15,0.05,0.0,0.0,-276.8,0.126,0.0,0,-227.62,-0.375
sohan-me,21,19.05,13,4,1.62,0.0,0.0,0.0,0.0,507.66,0.05,0.0,0,0.0,0.0,14,19.14,6,2,2.33,0.0,0.0,0.0,0.0,808.03,0.154,0.0,0,0.0,0.0,-7,0.09,-7,-2,0.71,0.0,0.0,0.0,0.0,300.37,0.104,0.0,0,0.0,0.0
Thrillonek,40,4.47,6,4,6.67,0.0,0.0,0.0,0.0,271.02,0.692,0.0,0,0.0,0.0,5,16.4,1,1,5.0,0.0,0.0,0.0,0.0,0.34,1.0,0.0,0,0.0,0.0,-35,11.93,-5,-3,-1.67,0.0,0.0,0.0,0.0,-270.68,0.308,0.0,0,0.0,0.0
briandwach,23,117.17,2,1,11.5,0.478,0.0,0.0,0.0,4.83,0.909,0.0,0,136.0,1.0,77,92.43,6,4,12.83,0.455,0.0,0.0,0.0,14.35,0.789,0.0,0,204.57,0.829,54,-24.74,4,3,1.33,-0.023,0.0,0.0,0.0,9.52,-0.12,0.0,0,68.57,-0.171
eam-00,22,23.55,12,1,1.83,0.0,0.0,0.0,0.0,705.12,0.381,0.0,0,0.0,0.0,35,24.06,15,1,2.33,0.0,0.0,0.0,0.0,555.72,0.382,0.0,0,0.0,0.0,13,0.51,3,0,0.5,0.0,0.0,0.0,0.0,-149.4,0.001,0.0,0,0.0,0.0
GiuliaPullano,8,17.5,3,2,2.67,0.0,0.0,0.0,0.0,226.15,0.714,0.0,0,0.0,0.0,21,24.24,3,2,7.0,0.0,0.0,0.0,0.0,248.61,0.85,0.0,0,0.0,0.0,13,6.74,0,0,4.33,0.0,0.0,0.0,0.0,22.46,0.136,0.0,0,0.0,0.0
babaissarkar,52,34.38,10,3,5.2,0.077,0.0,0.0,0.0,306.61,0.725,0.0,0,0.0,0.0,34,34.47,13,2,2.62,0.088,0.0,0.0,0.0,491.55,0.545,0.0,0,0.0,0.0,-18,0.09,3,-1,-2.58,0.011,0.0,0.0,0.0,184.94,-0.18,0.0,0,0.0,0.0
SupratitDatta,8,27.62,4,2,2.0,0.0,0.0,0.0,0.0,338.94,0.143,0.0,0,0.0,0.0,15,24.73,5,2,3.0,0.0,0.0,0.0,0.0,200.77,0.429,0.0,0,0.0,0.0,7,-2.89,1,0,1.0,0.0,0.0,0.0,0.0,-138.17,0.286,0.0,0,0.0,0.0
ErikSlevin,35,25.89,4,1,8.75,0.0,0.0,0.0,0.0,16.28,0.794,0.0,0,0.0,0.0,65,62.11,11,2,5.91,0.231,0.0,0.0,0.0,110.6,0.734,0.0,0,0.0,0.0,30,36.22,7,1,-2.84,0.231,0.0,0.0,0.0,94.32,-0.06,0.0,0,0.0,0.0
LeeTaeSung0628,65,64.42,19,2,3.42,0.0,0.0,0.0,0.0,97.49,0.344,0.0,0,0.0,0.0,35,75.46,11,1,3.18,0.0,0.0,0.0,0.0,320.73,0.294,0.0,0,0.0,0.0,-30,11.04,-8,-1,-0.24,0.0,0.0,0.0,0.0,223.24,-0.05,0.0,0,0.0,0.0
jbryn,40,28.32,4,2,10.0,0.0,0.675,0.0,0.0,317.75,0.615,0.0,0,0.0,0.0,20,23.95,6,3,3.33,0.0,0.45,0.0,0.0,379.94,0.632,0.0,0,0.0,0.0,-20,-4.37,2,1,-6.67,0.0,-0.225,0.0,0.0,62.19,0.017,0.0,0,0.0,0.0
Swaggeroo,5,26.2,3,1,1.67,0.2,0.0,0.0,0.0,1803.1,0.5,0.0,0,0.0,0.0,5,16.0,3,2,1.67,0.0,0.0,0.0,0.0,2951.61,0.5,0.0,0,0.0,0.0,0,-10.2,0,1,0.0,-0.2,0.0,0.0,0.0,1148.51,0.0,0.0,0,0.0,0.0
padubrulle,5,17.0,1,1,5.0,0.0,0.0,0.0,0.0,0.6,0.75,0.0,0,0.0,0.0,18,43.94,4,4,4.5,0.167,0.0,0.056,0.0,969.21,0.529,0.0,0,0.0,0.0,13,26.94,3,3,-0.5,0.167,0.0,0.056,0.0,968.61,-0.221,0.0,0,0.0,0.0
plbenveniste,76,20.14,10,1,7.6,0.026,0.0,0.0,0.0,102.07,0.827,0.0,0,0.0,0.0,24,27.25,11,1,2.18,0.042,0.0,0.0,0.0,626.69,0.565,0.0,0,0.0,0.0,-52,7.11,1,0,-5.42,0.016,0.0,0.0,0.0,524.62,-0.262,0.0,0,0.0,0.0
win-ts,39,25.51,4,2,9.75,0.154,0.0,0.0,0.0,14.4,0.474,0.0,0,0.0,0.0,61,46.52,13,2,4.69,0.115,0.984,0.0,0.016,38.73,0.317,0.0,0,0.0,0.0,22,21.01,9,0,-5.06,-0.039,0.984,0.0,0.016,24.33,-0.157,0.0,0,0.0,0.0
StephenKelly94,37,27.49,11,1,3.36,0.0,0.0,0.0,0.0,216.72,0.222,0.0,0,0.0,0.0,26,20.08,7,1,3.71,0.0,0.0,0.0,0.0,651.29,0.56,0.0,0,0.0,0.0,-11,-7.41,-4,0,0.35,0.0,0.0,0.0,0.0,434.57,0.338,0.0,0,0.0,0.0
roskzhu,20,18.15,3,1,6.67,0.0,0.0,0.0,0.0,50.35,0.789,0.0,0,0.0,0.0,80,16.52,21,1,3.81,0.0,0.0,0.0,0.0,209.09,0.62,0.0,0,0.0,0.0,60,-1.63,18,0,-2.86,0.0,0.0,0.0,0.0,158.74,-0.169,0.0,0,0.0,0.0
chenpaner,26,23.27,8,2,3.25,0.115,0.0,0.0,0.0,251.54,0.68,0.0,0,0.0,0.0,24,39.33,9,1,2.67,0.042,0.0,0.0,0.042,401.86,0.522,0.0,0,0.0,0.0,-2,16.06,1,-1,-0.58,-0.073,0.0,0.0,0.042,150.32,-0.158,0.0,0,0.0,0.0
smstone0,8,30.38,1,1,8.0,0.0,0.0,0.0,0.0,19.73,0.286,0.0,0,0.0,0.0,92,40.87,15,1,6.13,0.207,0.0,0.0,0.065,96.79,0.516,0.0,0,0.0,0.0,84,10.49,14,0,-1.87,0.207,0.0,0.0,0.065,77.06,0.23,0.0,0,0.0,0.0
DaXcess,10,14.6,6,3,1.67,0.0,0.0,0.0,0.0,1089.75,0.333,0.0,0,0.0,0.0,30,16.17,24,2,1.25,0.0,0.0,0.0,0.0,685.76,0.138,0.0,0,0.0,0.0,20,1.57,18,-1,-0.42,0.0,0.0,0.0,0.0,-403.99,-0.195,0.0,0,0.0,0.0
kkapkko,13,17.08,3,3,4.33,0.0,0.0,0.0,0.0,214.04,0.75,0.0,0,0.0,0.0,18,18.61,3,2,6.0,0.0,0.0,0.0,0.0,32.64,0.824,0.0,0,0.0,0.0,5,1.53,0,-1,1.67,0.0,0.0,0.0,0.0,-181.4,0.074,0.0,0,0.0,0.0
genomicepi,46,20.2,8,1,5.75,0.022,0.0,0.0,0.0,141.44,0.667,0.0,0,0.0,0.0,54,29.28,32,2,1.69,0.167,0.0,0.0,0.0,318.73,0.226,0.0,0,0.0,0.0,8,9.08,24,1,-4.06,0.145,0.0,0.0,0.0,177.29,-0.441,0.0,0,0.0,0.0
KravetsVA,5,21.2,2,2,2.5,0.2,0.0,0.0,0.0,540.03,0.75,0.0,0,0.0,0.0,9,19.0,3,3,3.0,0.0,0.0,0.0,0.0,80.48,0.5,0.0,0,0.0,0.0,4,-2.2,1,1,0.5,-0.2,0.0,0.0,0.0,-459.55,-0.25,0.0,0,0.0,0.0
NEAR07,51,20.06,5,4,10.2,0.157,0.0,0.0,0.0,183.97,0.88,0.0,0,0.0,0.0,13,16.31,4,3,3.25,0.0,0.0,0.0,0.0,491.58,0.583,0.0,0,0.0,0.0,-38,-3.75,-1,-1,-6.95,-0.157,0.0,0.0,0.0,307.61,-0.297,0.0,0,0.0,0.0
kagol,5,27.8,2,2,2.5,0.0,0.2,0.0,0.0,2200.16,0.75,0.0,0,0.0,0.0,7,16.86,3,2,2.33,0.0,0.286,0.0,0.0,251.02,0.667,0.0,0,0.0,0.0,2,-10.94,1,0,-0.17,0.0,0.086,0.0,0.0,-1949.14,-0.083,0.0,0,0.0,0.0
quotidian-ennui,9,59.78,5,1,1.8,0.333,0.0,0.0,0.0,251.77,0.25,0.0,0,0.0,0.0,50,36.08,2,1,25.0,0.08,0.24,0.0,0.02,311.11,0.98,0.0,0,0.0,0.0,41,-23.7,-3,0,23.2,-0.253,0.24,0.0,0.02,59.34,0.73,0.0,0,0.0,0.0
osmanbatuhankalkan,28,18.71,6,3,4.67,0.036,0.0,0.0,0.0,221.95,0.741,0.0,0,0.0,0.0,27,24.96,5,1,5.4,0.0,0.0,0.0,0.0,29.0,0.538,0.0,0,0.0,0.0,-1,6.25,-1,-2,0.73,-0.036,0.0,0.0,0.0,-192.95,-0.203,0.0,0,0.0,0.0
CrossR,32,40.28,9,1,3.56,0.125,0.0,0.0,0.0,184.39,0.645,0.0,0,0.0,0.0,68,34.24,14,1,4.86,0.088,0.0,0.029,0.0,262.13,0.612,0.0,0,0.0,0.0,36,-6.04,5,0,1.3,-0.037,0.0,0.029,0.0,77.74,-0.033,0.0,0,0.0,0.0
paintedlbird7,12,40.92,3,1,4.0,0.333,0.0,0.0,0.0,411.59,0.727,0.0,0,72.0,1.0,53,30.92,18,1,2.94,0.151,0.0,0.0,0.0,174.77,0.462,0.0,0,0.0,0.0,41,-10.0,15,0,-1.06,-0.182,0.0,0.0,0.0,-236.82,-0.265,0.0,0,-72.0,-1.0
MarMarcz,51,32.53,10,4,5.1,0.137,0.0,0.0,0.0,267.3,0.62,0.0,0,0.0,0.0,49,32.67,11,4,4.45,0.204,0.143,0.0,0.0,187.23,0.5,0.0,0,0.0,0.0,-2,0.14,1,0,-0.65,0.067,0.143,0.0,0.0,-80.07,-0.12,0.0,0,0.0,0.0
forgottosave,19,41.95,10,2,1.9,0.158,0.0,0.0,0.053,701.46,0.389,0.0,0,0.0,0.0,13,35.0,7,2,1.86,0.308,0.0,0.0,0.0,1560.05,0.25,0.0,0,0.0,0.0,-6,-6.95,-3,0,-0.04,0.15,0.0,0.0,-0.053,858.59,-0.139,0.0,0,0.0,0.0
andrejpetras,23,19.39,6,3,3.83,0.0,0.261,0.0,0.0,578.39,0.682,0.0,0,0.0,0.0,9,31.33,5,2,1.8,0.111,0.111,0.0,0.0,1838.07,0.5,0.0,0,0.0,0.0,-14,11.94,-1,-1,-2.03,0.111,-0.15,0.0,0.0,1259.68,-0.182,0.0,0,0.0,0.0
rchandra20,79,18.95,23,1,3.43,0.0,0.0,0.0,0.0,202.04,0.538,0.0,0,0.0,0.0,19,21.63,14,1,1.36,0.105,0.0,0.0,0.0,807.23,0.167,0.0,0,0.0,0.0,-60,2.68,-9,0,-2.07,0.105,0.0,0.0,0.0,605.19,-0.371,0.0,0,0.0,0.0
MAlexJ,13,16.92,1,1,13.0,0.0,0.0,0.231,0.0,3.2,0.917,0.0,0,0.0,0.0,59,21.05,10,1,5.9,0.0,0.0,0.0,0.017,302.89,0.293,0.0,0,0.0,0.0,46,4.13,9,0,-7.1,0.0,0.0,-0.231,0.017,299.69,-0.624,0.0,0,0.0,0.0
stevenlawton,7,19.29,2,1,3.5,0.0,0.0,0.0,0.0,18.28,0.833,0.0,0,0.0,0.0,27,31.33,5,3,5.4,0.111,0.0,0.0,0.0,207.29,0.654,0.0,0,0.0,0.0,20,12.04,3,2,1.9,0.111,0.0,0.0,0.0,189.01,-0.179,0.0,0,0.0,0.0
MaryamMaksour,21,17.62,4,3,5.25,0.0,0.0,0.0,0.0,164.55,0.8,0.0,0,0.0,0.0,8,16.5,3,4,2.67,0.0,0.0,0.0,0.0,628.46,0.714,0.0,0,0.0,0.0,-13,-1.12,-1,1,-2.58,0.0,0.0,0.0,0.0,463.91,-0.086,0.0,0,0.0,0.0
acodega,19,36.84,10,2,1.9,0.105,0.0,0.0,0.0,528.27,0.389,0.0,0,0.0,0.0,17,37.24,8,2,2.12,0.176,0.0,0.0,0.0,541.77,0.375,0.0,0,0.0,0.0,-2,0.4,-2,0,0.22,0.071,0.0,0.0,0.0,13.5,-0.014,0.0,0,0.0,0.0
joshpayette,5,26.4,2,2,2.5,0.0,0.0,0.0,0.0,2999.35,0.75,0.0,0,0.0,0.0,56,32.2,15,2,3.73,0.107,0.0,0.0,0.0,230.15,0.527,0.0,0,0.0,0.0,51,5.8,13,0,1.23,0.107,0.0,0.0,0.0,-2769.2,-0.223,0.0,0,0.0,0.0
teofilosalgado,13,32.62,4,1,3.25,0.308,0.0,0.0,0.0,147.19,0.667,0.0,0,0.0,0.0,24,36.58,6,1,4.0,0.167,0.0,0.0,0.0,179.96,0.739,0.0,0,0.0,0.0,11,3.96,2,0,0.75,-0.141,0.0,0.0,0.0,32.77,0.072,0.0,0,0.0,0.0
TavstalDev,42,16.0,14,1,3.0,0.0,0.0,0.0,0.0,373.48,0.61,0.0,0,0.0,0.0,58,30.22,22,3,2.64,0.052,0.0,0.0,0.0,334.07,0.404,0.0,0,0.0,0.0,16,14.22,8,2,-0.36,0.052,0.0,0.0,0.0,-39.41,-0.206,0.0,0,0.0,0.0
CallMeQan,5,16.2,3,1,1.67,0.0,0.0,0.0,0.0,185.31,0.0,0.0,0,0.0,0.0,14,34.5,9,2,1.56,0.357,0.0,0.0,0.0,1259.46,0.308,0.0,0,0.0,0.0,9,18.3,6,1,-0.11,0.357,0.0,0.0,0.0,1074.15,0.308,0.0,0,0.0,0.0
HuzaifaBanegar,95,18.96,13,3,7.31,0.021,0.0,0.0,0.011,57.33,0.5,0.0,0,0.0,0.0,5,16.0,2,1,2.5,0.0,0.0,0.0,0.0,135.71,0.5,0.0,0,0.0,0.0,-90,-2.96,-11,-2,-4.81,-0.021,0.0,0.0,-0.011,78.38,0.0,0.0,0,0.0,0.0
devellybutton,8,19.62,4,2,2.0,0.0,0.0,0.0,0.0,181.8,0.571,0.0,0,0.0,0.0,92,14.24,20,5,4.6,0.011,0.0,0.0,0.0,206.04,0.418,0.0,0,0.0,0.0,84,-5.38,16,3,2.6,0.011,0.0,0.0,0.0,24.24,-0.153,0.0,0,0.0,0.0
extua,31,49.16,5,2,6.2,0.226,0.0,0.097,0.0,104.4,0.567,0.0,0,0.0,0.0,24,48.38,9,2,2.67,0.167,0.042,0.0,0.0,567.64,0.478,0.0,0,0.0,0.0,-7,-0.78,4,0,-3.53,-0.059,0.042,-0.097,0.0,463.24,-0.089,0.0,0,0.0,0.0
Faiaz-Rahman,24,25.29,8,4,3.0,0.0,0.0,0.0,0.0,75.01,0.304,0.0,0,0.0,0.0,5,13.6,2,2,2.5,0.0,0.0,0.0,0.0,1152.74,0.5,0.0,0,0.0,0.0,-19,-11.69,-6,-2,-0.5,0.0,0.0,0.0,0.0,1077.73,0.196,0.0,0,0.0,0.0
AlchlcDvl,40,15.43,13,2,3.08,0.0,0.0,0.0,0.0,228.55,0.513,0.0,0,0.0,0.0,60,32.35,22,2,2.73,0.0,0.0,0.0,0.0,174.49,0.136,0.0,0,0.0,0.0,20,16.92,9,0,-0.35,0.0,0.0,0.0,0.0,-54.06,-0.377,0.0,0,0.0,0.0
ridzimeko,32,30.66,7,1,4.57,0.0,0.25,0.0,0.0,50.94,0.387,0.0,0,0.0,0.0,68,33.9,11,3,6.18,0.088,0.75,0.0,0.0,103.06,0.209,0.0,0,0.0,0.0,36,3.24,4,2,1.61,0.088,0.5,0.0,0.0,52.12,-0.178,0.0,0,0.0,0.0
pruthakjani5,32,19.81,9,4,3.56,0.0,0.0,0.0,0.0,131.69,0.677,0.0,0,0.0,0.0,54,21.57,2,1,27.0,0.0,0.0,0.0,0.0,5.96,0.943,0.0,0,0.0,0.0,22,1.76,-7,-3,23.44,0.0,0.0,0.0,0.0,-125.73,0.266,0.0,0,0.0,0.0
ysengoku,60,17.22,8,5,7.5,0.0,0.0,0.117,0.0,72.75,0.559,0.0,0,0.0,0.0,40,20.6,10,4,4.0,0.0,0.0,0.0,0.0,173.95,0.667,0.0,0,0.0,0.0,-20,3.38,2,-1,-3.5,0.0,0.0,-0.117,0.0,101.2,0.108,0.0,0,0.0,0.0
DuskStarGITHUB,75,18.33,3,1,25.0,0.0,0.0,0.0,0.0,3.6,0.824,0.0,0,0.0,0.0,25,20.84,6,1,4.17,0.2,0.0,0.0,0.0,292.94,0.625,0.0,0,0.0,0.0,-50,2.51,3,0,-20.83,0.2,0.0,0.0,0.0,289.34,-0.199,0.0,0,0.0,0.0
NdopnnoabasiJames,9,18.56,5,2,1.8,0.0,0.0,0.0,0.0,105.26,0.125,0.0,0,0.0,0.0,24,27.88,8,4,3.0,0.0,0.0,0.0,0.0,73.57,0.261,0.0,0,0.0,0.0,15,9.32,3,2,1.2,0.0,0.0,0.0,0.0,-31.69,0.136,0.0,0,0.0,0.0
mohamedshaheen26,22,16.77,5,5,4.4,0.0,0.0,0.0,0.0,362.21,0.714,0.0,0,0.0,0.0,6,16.17,3,2,2.0,0.0,0.0,0.0,0.0,2183.73,0.6,0.0,0,0.0,0.0,-16,-0.6,-2,-3,-2.4,0.0,0.0,0.0,0.0,1821.52,-0.114,0.0,0,0.0,0.0
rohnsha0,82,40.51,23,2,3.57,0.012,0.0,0.0,0.0,60.08,0.16,0.0,0,0.0,0.0,17,48.88,13,3,1.31,0.294,0.118,0.0,0.0,930.68,0.188,0.0,0,0.0,0.0,-65,8.37,-10,1,-2.26,0.282,0.118,0.0,0.0,870.6,0.028,0.0,0,0.0,0.0
carolmalveiraa,5,15.4,1,2,5.0,0.0,0.0,0.0,0.0,10.13,0.5,0.0,0,0.0,0.0,9,15.11,3,3,3.0,0.0,0.0,0.0,0.0,414.24,0.75,0.0,0,0.0,0.0,4,-0.29,2,1,-2.0,0.0,0.0,0.0,0.0,404.11,0.25,0.0,0,0.0,0.0
JingMatrix,25,23.8,12,1,2.08,0.04,0.0,0.0,0.0,184.05,0.333,0.0,0,0.0,0.0,59,53.78,23,1,2.57,0.186,0.0,0.0,0.0,300.46,0.345,0.0,0,209.0,0.5,34,29.98,11,0,0.49,0.146,0.0,0.0,0.0,116.41,0.012,0.0,0,209.0,0.5
matheusvilano,39,59.85,9,4,4.33,0.128,0.0,0.026,0.077,368.5,0.737,0.0,0,0.0,0.0,61,61.98,11,2,5.55,0.213,0.0,0.033,0.131,266.33,0.633,0.0,0,0.0,0.0,22,2.13,2,-2,1.22,0.085,0.0,0.007,0.054,-102.17,-0.104,0.0,0,0.0,0.0
daussfajar,29,8.41,8,2,3.62,0.0,0.0,0.0,0.0,150.93,0.25,0.0,0,0.0,0.0,71,15.86,20,1,3.55,0.042,0.0,0.0,0.0,249.61,0.586,0.0,0,22.0,0.0,42,7.45,12,-1,-0.07,0.042,0.0,0.0,0.0,98.68,0.336,0.0,0,22.0,0.0
khui0,73,20.67,14,2,5.21,0.027,0.0,0.0,0.0,217.63,0.653,0.0,0,0.0,0.0,27,47.44,12,2,2.25,0.296,0.0,0.0,0.0,770.33,0.423,0.0,0,0.0,0.0,-46,26.77,-2,0,-2.96,0.269,0.0,0.0,0.0,552.7,-0.23,0.0,0,0.0,0.0
borysiasty,6,59.17,3,1,2.0,0.667,0.0,0.0,0.0,1678.29,0.6,0.0,0,0.0,0.0,35,39.26,13,2,2.69,0.229,0.0,0.0,0.0,525.2,0.382,0.0,0,145.5,0.5,29,-19.91,10,1,0.69,-0.438,0.0,0.0,0.0,-1153.09,-0.218,0.0,0,145.5,0.5
spiffcs,24,44.54,3,2,8.0,0.167,0.292,0.0,0.0,485.3,0.913,0.0,0,0.0,0.0,30,114.87,5,1,6.0,1.0,0.867,0.0,0.0,376.55,0.69,0.0,0,0.0,0.0,6,70.33,2,-1,-2.0,0.833,0.575,0.0,0.0,-108.75,-0.223,0.0,0,0.0,0.0
Joelianvh,9,19.56,2,2,4.5,0.0,0.0,0.0,0.0,34.33,0.875,0.0,0,0.0,0.0,19,24.37,4,3,4.75,0.053,0.0,0.0,0.0,75.88,0.333,0.0,0,0.0,0.0,10,4.81,2,1,0.25,0.053,0.0,0.0,0.0,41.55,-0.542,0.0,0,0.0,0.0
Naitzirch,52,27.35,17,5,3.06,0.038,0.0,0.0,0.0,272.89,0.588,0.0,0,0.0,0.0,17,30.88,10,4,1.7,0.059,0.0,0.0,0.0,1079.95,0.438,0.0,0,0.0,0.0,-35,3.53,-7,-1,-1.36,0.021,0.0,0.0,0.0,807.06,-0.15,0.0,0,0.0,0.0
aradi,10,30.5,4,2,2.5,0.0,0.0,0.0,0.0,781.24,0.556,0.0,0,25.5,0.5,6,52.67,5,1,1.2,0.167,0.0,0.0,0.167,3080.71,0.2,0.0,0,134.0,1.0,-4,22.17,1,-1,-1.3,0.167,0.0,0.0,0.167,2299.47,-0.356,0.0,0,108.5,0.5
ihsaan-ullah,29,15.76,12,5,2.42,0.0,0.0,0.0,0.0,586.49,0.429,0.0,0,0.0,0.0,6,14.83,2,1,3.0,0.0,0.0,0.0,0.0,2415.27,0.8,0.0,0,0.0,0.0,-23,-0.93,-10,-4,0.58,0.0,0.0,0.0,0.0,1828.78,0.371,0.0,0,0.0,0.0
andyrusiecki,29,23.34,4,2,7.25,0.0,0.0,0.034,0.0,213.22,0.536,0.0,0,0.0,0.0,25,32.68,12,1,2.08,0.0,0.0,0.0,0.04,304.19,0.292,0.0,0,0.0,0.0,-4,9.34,8,-1,-5.17,0.0,0.0,-0.034,0.04,90.97,-0.244,0.0,0,0.0,0.0
FEgor04,51,32.35,14,1,3.64,0.0,0.196,0.0,0.02,105.79,0.4,0.0,0,0.0,0.0,49,21.67,14,1,3.5,0.0,0.469,0.041,0.0,215.94,0.542,0.0,0,0.0,0.0,-2,-10.68,0,0,-0.14,0.0,0.273,0.041,-0.02,110.15,0.142,0.0,0,0.0,0.0
hmthanh,15,12.8,4,1,3.75,0.0,0.0,0.0,0.0,634.08,0.786,0.0,0,2174.0,1.0,75,14.11,7,1,10.71,0.0,0.0,0.0,0.0,117.66,0.662,0.0,0,0.0,0.0,60,1.31,3,0,6.96,0.0,0.0,0.0,0.0,-516.42,-0.124,0.0,0,-2174.0,-1.0
Dark-LYNN,27,16.78,4,1,6.75,0.037,0.0,0.0,0.0,642.96,0.808,0.0,0,0.0,0.0,6,16.0,2,1,3.0,0.0,0.0,0.0,0.0,1373.1,0.8,0.0,0,0.0,0.0,-21,-0.78,-2,0,-3.75,-0.037,0.0,0.0,0.0,730.14,-0.008,0.0,0,0.0,0.0
bibashjaprel,9,14.56,2,2,4.5,0.0,0.0,0.0,0.0,631.54,0.875,0.0,0,0.0,0.0,5,21.6,4,2,1.25,0.0,0.0,0.0,0.0,2842.79,0.25,0.0,0,0.0,0.0,-4,7.04,2,0,-3.25,0.0,0.0,0.0,0.0,2211.25,-0.625,0.0,0,0.0,0.0
marceljhuber,15,51.47,4,2,3.75,0.133,0.0,0.0,0.0,352.23,0.786,0.0,0,0.0,0.0,5,18.4,2,2,2.5,0.0,0.0,0.0,0.0,1440.77,0.25,0.0,0,0.0,0.0,-10,-33.07,-2,0,-1.25,-0.133,0.0,0.0,0.0,1088.54,-0.536,0.0,0,0.0,0.0
buh,55,28.89,4,1,13.75,0.0,0.0,0.018,0.0,21.35,0.704,0.0,0,0.0,0.0,13,21.08,4,1,3.25,0.0,0.0,0.077,0.0,789.95,0.583,0.0,0,0.0,0.0,-42,-7.81,0,0,-10.5,0.0,0.0,0.059,0.0,768.6,-0.121,0.0,0,0.0,0.0
jyHyun1014,79,17.59,15,3,5.27,0.051,0.0,0.0,0.0,54.58,0.538,0.0,0,0.0,0.0,21,43.76,1,1,21.0,0.0,0.0,0.0,0.429,2.64,0.8,0.0,0,0.0,0.0,-58,26.17,-14,-2,15.73,-0.051,0.0,0.0,0.429,-51.94,0.262,0.0,0,0.0,0.0
richard-unterberg,79,46.1,4,1,19.75,0.177,0.0,0.0,0.025,78.59,0.821,0.0,0,23.0,0.083,21,40.9,4,1,5.25,0.19,0.0,0.0,0.095,803.07,0.8,0.0,0,25.0,0.2,-58,-5.2,0,0,-14.5,0.013,0.0,0.0,0.07,724.48,-0.021,0.0,0,2.0,0.117
ErBWs,68,18.59,19,4,3.58,0.0,0.0,0.015,0.0,173.69,0.537,0.0,0,0.0,0.0,32,15.28,16,3,2.0,0.0,0.0,0.0,0.0,436.05,0.161,0.0,0,0.0,0.0,-36,-3.31,-3,-1,-1.58,0.0,0.0,-0.015,0.0,262.36,-0.376,0.0,0,0.0,0.0
gabrielasd,28,51.54,6,1,4.67,0.0,0.0,0.036,0.0,221.47,0.556,0.0,0,440.75,1.0,69,52.33,2,1,34.5,0.072,0.0,0.13,0.072,23.58,0.941,0.0,0,92.5,0.5,41,0.79,-4,0,29.83,0.072,0.0,0.094,0.072,-197.89,0.385,0.0,0,-348.25,-0.5
31Atharva,17,12.41,4,2,4.25,0.0,0.0,0.0,0.0,74.91,0.75,0.0,0,0.0,0.0,21,18.05,3,2,7.0,0.0,0.0,0.0,0.0,234.35,0.7,0.0,0,0.0,0.0,4,5.64,-1,0,2.75,0.0,0.0,0.0,0.0,159.44,-0.05,0.0,0,0.0,0.0
prathamesh-2002,15,29.13,6,2,2.5,0.133,0.0,0.0,0.0,835.26,0.5,0.0,0,0.0,0.0,26,29.38,6,1,4.33,0.115,0.0,0.0,0.0,318.44,0.64,0.0,0,0.0,0.0,11,0.25,0,-1,1.83,-0.018,0.0,0.0,0.0,-516.82,0.14,0.0,0,0.0,0.0
Jayant-001,56,12.79,29,1,1.93,0.0,0.0,0.0,0.0,197.68,0.091,0.0,0,0.0,0.0,7,32.14,3,1,2.33,0.0,0.0,0.0,0.0,140.96,0.667,0.0,0,0.0,0.0,-49,19.35,-26,0,0.4,0.0,0.0,0.0,0.0,-56.72,0.576,0.0,0,0.0,0.0
eldani13,18,21.78,2,2,9.0,0.056,0.0,0.0,0.0,10.0,0.588,0.0,0,0.0,0.0,27,25.81,9,5,3.0,0.074,0.0,0.0,0.0,100.46,0.269,0.0,0,108.2,0.8,9,4.03,7,3,-6.0,0.018,0.0,0.0,0.0,90.46,-0.319,0.0,0,108.2,0.8
kingkingburger,70,33.04,24,1,2.92,0.0,0.0,0.0,0.0,173.71,0.014,0.0,0,0.0,0.0,21,49.86,9,1,2.33,0.0,0.048,0.0,0.0,417.7,0.5,0.0,0,0.0,0.0,-49,16.82,-15,0,-0.59,0.0,0.048,0.0,0.0,243.99,0.486,0.0,0,0.0,0.0
rybinfx,12,8.33,2,1,6.0,0.0,0.0,0.0,0.0,19.64,0.818,0.0,0,0.0,0.0,51,7.61,24,4,2.12,0.0,0.0,0.02,0.0,209.01,0.38,0.0,0,0.0,0.0,39,-0.72,22,3,-3.88,0.0,0.0,0.02,0.0,189.37,-0.438,0.0,0,0.0,0.0
Rouzax,27,31.37,12,2,2.25,0.037,0.0,0.0,0.0,658.38,0.5,0.0,0,0.0,0.0,63,29.9,15,2,4.2,0.048,0.0,0.016,0.0,242.33,0.613,0.0,0,0.0,0.0,36,-1.47,3,0,1.95,0.011,0.0,0.016,0.0,-416.05,0.113,0.0,0,0.0,0.0
Teitrheim,94,10.83,6,1,15.67,0.011,0.0,0.011,0.0,68.73,0.71,0.0,0,0.0,0.0,6,611.67,1,1,6.0,0.833,0.0,0.667,0.167,13.83,0.8,0.0,0,0.0,0.0,-88,600.84,-5,0,-9.67,0.822,0.0,0.656,0.167,-54.9,0.09,0.0,0,0.0,0.0
markmead,24,33.08,12,3,2.0,0.208,0.083,0.0,0.458,554.05,0.174,0.0,0,83.83,0.5,28,214.71,8,3,3.5,0.571,0.0,0.143,0.25,653.71,0.407,0.0,0,1757.84,0.969,4,181.63,-4,0,1.5,0.363,-0.083,0.143,-0.208,99.66,0.233,0.0,0,1674.01,0.469
SMSaeedi,8,43.75,3,5,2.67,0.25,0.0,0.0,0.0,2441.31,0.571,0.0,0,9618.0,1.0,34,139.32,10,4,3.4,0.882,0.0,0.0,0.0,507.78,0.727,0.0,0,3579.0,1.0,26,95.57,7,-1,0.73,0.632,0.0,0.0,0.0,-1933.53,0.156,0.0,0,-6039.0,0.0
naimuddin94,42,19.64,10,5,4.2,0.167,0.0,0.0,0.0,219.47,0.561,0.0,0,0.0,0.0,17,16.41,6,1,2.83,0.0,0.0,0.0,0.0,1054.33,0.688,0.0,0,0.0,0.0,-25,-3.23,-4,-4,-1.37,-0.167,0.0,0.0,0.0,834.86,0.127,0.0,0,0.0,0.0
paleolimbot,14,23.07,2,1,7.0,0.0,0.0,0.0,0.0,88.19,0.769,0.0,0,0.0,0.0,5,13.2,2,1,2.5,0.0,0.0,0.0,0.0,70.27,0.75,0.0,0,0.0,0.0,-9,-9.87,0,0,-4.5,0.0,0.0,0.0,0.0,-17.92,-0.019,0.0,0,0.0,0.0
KademEray,27,26.63,5,2,5.4,0.111,0.0,0.037,0.0,66.18,0.577,0.0,0,0.0,0.0,73,21.74,9,3,8.11,0.014,0.0,0.027,0.0,110.73,0.681,0.0,0,0.0,0.0,46,-4.89,4,1,2.71,-0.097,0.0,-0.01,0.0,44.55,0.104,0.0,0,0.0,0.0
MarcOnTheMoon,36,22.58,7,1,5.14,0.111,0.0,0.0,0.0,44.05,0.686,0.0,0,0.0,0.0,64,25.2,18,2,3.56,0.0,0.0,0.0,0.0,251.63,0.286,0.0,0,0.0,0.0,28,2.62,11,1,-1.58,-0.111,0.0,0.0,0.0,207.58,-0.4,0.0,0,0.0,0.0
adityakalambe01,44,69.25,4,5,11.0,0.682,0.0,0.068,0.0,129.04,0.767,0.0,0,0.0,0.0,5,12.0,1,1,5.0,0.0,0.0,0.0,0.0,0.26,1.0,0.0,0,0.0,0.0,-39,-57.25,-3,-4,-6.0,-0.682,0.0,-0.068,0.0,-128.78,0.233,0.0,0,0.0,0.0
Morriarthy,47,66.19,4,2,11.75,0.979,0.0,0.0,0.021,14.11,0.717,0.0,0,0.0,0.0,50,89.0,11,1,4.55,1.0,0.0,0.0,0.0,224.2,0.694,0.0,0,0.0,0.0,3,22.81,7,-1,-7.2,0.021,0.0,0.0,-0.021,210.09,-0.023,0.0,0,0.0,0.0
krolikow,35,24.83,7,3,5.0,0.0,0.0,0.0,0.0,123.97,0.529,0.0,0,0.0,0.0,10,18.3,2,1,5.0,0.0,0.0,0.0,0.0,152.23,0.889,0.0,0,0.0,0.0,-25,-6.53,-5,-2,0.0,0.0,0.0,0.0,0.0,28.26,0.36,0.0,0,0.0,0.0
safayet404,10,20.8,6,5,1.67,0.0,0.0,0.0,0.0,1602.34,0.333,0.0,0,0.0,0.0,17,18.47,6,1,2.83,0.0,0.0,0.0,0.0,359.77,0.562,0.0,0,0.0,0.0,7,-2.33,0,-4,1.16,0.0,0.0,0.0,0.0,-1242.57,0.229,0.0,0,0.0,0.0
Pukar77,79,28.75,16,1,4.94,0.0,0.0,0.0,0.0,53.68,0.564,0.0,0,0.0,0.0,21,16.52,6,1,3.5,0.0,0.0,0.0,0.0,463.52,0.15,0.0,0,0.0,0.0,-58,-12.23,-10,0,-1.44,0.0,0.0,0.0,0.0,409.84,-0.414,0.0,0,0.0,0.0
AnuWorks,10,21.6,4,2,2.5,0.0,0.0,0.1,0.1,61.61,0.556,0.0,0,11.8,0.0,66,58.91,15,2,4.4,0.242,0.0,0.015,0.394,88.27,0.415,0.0,0,0.0,0.0,56,37.31,11,0,1.9,0.242,0.0,-0.085,0.294,26.66,-0.141,0.0,0,-11.8,0.0
ISpillMyDrink,19,36.47,6,2,3.17,0.0,0.0,0.0,0.0,470.33,0.556,0.0,0,0.0,0.0,73,55.36,21,1,3.48,0.137,0.0,0.0,0.0,243.63,0.528,0.0,0,9.0,0.0,54,18.89,15,-1,0.31,0.137,0.0,0.0,0.0,-226.7,-0.028,0.0,0,9.0,0.0
ChengzhuoZhang,13,20.92,3,3,4.33,0.0,0.0,0.0,0.077,179.86,0.667,0.0,0,0.0,0.0,7,17.14,2,2,3.5,0.0,0.0,0.0,0.0,388.39,0.667,0.0,0,0.0,0.0,-6,-3.78,-1,-1,-0.83,0.0,0.0,0.0,-0.077,208.53,0.0,0.0,0,0.0,0.0
aquelaronte,13,24.0,5,4,2.6,0.0,0.0,0.0,0.0,434.18,0.417,0.0,0,0.0,0.0,13,17.31,5,2,2.6,0.0,0.077,0.0,0.0,596.73,0.417,0.0,0,0.0,0.0,0,-6.69,0,-2,0.0,0.0,0.077,0.0,0.0,162.55,0.0,0.0,0,0.0,0.0
mesejo,12,19.83,4,1,3.0,0.0,0.0,0.0,0.0,37.08,0.545,0.0,0,0.0,0.0,26,33.12,5,1,5.2,0.038,0.962,0.115,0.038,194.85,0.68,0.0,0,0.0,0.0,14,13.29,1,0,2.2,0.038,0.962,0.115,0.038,157.77,0.135,0.0,0,0.0,0.0
JoseBambora,90,53.52,13,4,6.92,0.0,0.0,0.078,0.0,38.24,0.404,0.0,0,0.0,0.0,10,27.2,5,1,2.0,0.1,0.0,0.0,0.0,1547.04,0.444,0.0,0,0.0,0.0,-80,-26.32,-8,-3,-4.92,0.1,0.0,-0.078,0.0,1508.8,0.04,0.0,0,0.0,0.0
Jefino9488,29,27.48,9,2,3.22,0.103,0.0,0.0,0.0,307.2,0.571,0.0,0,0.0,0.0,71,37.34,14,2,5.07,0.282,0.014,0.085,0.014,232.85,0.743,0.0,0,0.0,0.0,42,9.86,5,0,1.85,0.179,0.014,0.085,0.014,-74.35,0.172,0.0,0,0.0,0.0
kloovin112358,33,24.0,6,4,5.5,0.0,0.0,0.0,0.0,222.54,0.75,0.0,0,0.0,0.0,13,25.15,2,5,6.5,0.0,0.0,0.0,0.0,17.92,0.833,0.0,0,0.0,0.0,-20,1.15,-4,1,1.0,0.0,0.0,0.0,0.0,-204.62,0.083,0.0,0,0.0,0.0
letrthong,16,8.81,7,2,2.29,0.0,0.0,0.375,0.0,665.66,0.467,0.0,0,0.0,0.0,25,23.04,12,2,2.08,0.04,0.0,0.0,0.0,574.27,0.458,0.0,0,0.0,0.0,9,14.23,5,0,-0.21,0.04,0.0,-0.375,0.0,-91.39,-0.009,0.0,0,0.0,0.0
Crandel,8,11.75,6,1,1.33,0.0,0.0,0.0,0.0,2021.8,0.286,0.0,0,0.0,0.0,20,10.8,11,1,1.82,0.0,0.0,0.0,0.0,973.57,0.474,0.0,0,0.0,0.0,12,-0.95,5,0,0.49,0.0,0.0,0.0,0.0,-1048.23,0.188,0.0,0,0.0,0.0
Travh98,58,41.12,3,2,19.33,0.259,0.0,0.0,0.0,105.56,0.86,0.0,0,3.56,0.0,6,16.0,4,1,1.5,0.0,0.0,0.0,0.0,2216.85,0.4,0.0,0,0.0,0.0,-52,-25.12,1,-1,-17.83,-0.259,0.0,0.0,0.0,2111.29,-0.46,0.0,0,-3.56,0.0
zx648383079,21,7.0,6,1,3.5,0.0,0.0,0.0,0.0,444.63,0.05,0.0,0,0.0,0.0,35,8.6,13,3,2.69,0.0,0.0,0.0,0.0,473.96,0.118,0.0,0,0.0,0.0,14,1.6,7,2,-0.81,0.0,0.0,0.0,0.0,29.33,0.068,0.0,0,0.0,0.0
Tashar02,50,206.88,21,2,2.38,0.72,0.0,0.0,0.12,276.38,0.51,0.0,0,0.0,0.0,20,58.15,8,2,2.5,0.25,0.0,0.0,0.0,1014.9,0.632,0.0,0,0.0,0.0,-30,-148.73,-13,0,0.12,-0.47,0.0,0.0,-0.12,738.52,0.122,0.0,0,0.0,0.0
jhdgo1225,21,26.29,7,2,3.0,0.095,0.0,0.0,0.0,619.09,0.45,0.0,0,0.0,0.0,62,24.08,13,1,4.77,0.0,0.016,0.0,0.0,214.46,0.262,0.0,0,0.0,0.0,41,-2.21,6,-1,1.77,-0.095,0.016,0.0,0.0,-404.63,-0.188,0.0,0,0.0,0.0
katakampranav,31,15.48,2,3,15.5,0.0,0.0,0.0,0.0,121.72,0.933,0.0,0,0.0,0.0,7,17.14,4,4,1.75,0.0,0.0,0.0,0.0,491.83,0.5,0.0,0,0.0,0.0,-24,1.66,2,1,-13.75,0.0,0.0,0.0,0.0,370.11,-0.433,0.0,0,0.0,0.0
Jijunkai123,12,17.25,3,1,4.0,0.0,0.0,0.0,0.0,386.3,0.818,0.0,0,0.0,0.0,27,18.0,2,1,13.5,0.0,0.0,0.0,0.0,11.99,0.962,0.0,0,0.0,0.0,15,0.75,-1,0,9.5,0.0,0.0,0.0,0.0,-374.31,0.144,0.0,0,0.0,0.0
Wiktor-99,89,25.06,12,3,7.42,0.0,0.0,0.011,0.0,171.5,0.659,0.0,0,0.0,0.0,7,23.14,7,1,1.0,0.143,0.0,0.0,0.0,2312.14,0.0,0.0,0,0.0,0.0,-82,-1.92,-5,-2,-6.42,0.143,0.0,-0.011,0.0,2140.64,-0.659,0.0,0,0.0,0.0
TariqMehmood1004,85,20.96,4,2,21.25,0.047,0.0,0.0,0.0,6.59,0.774,0.0,0,0.0,0.0,15,23.33,5,1,3.0,0.067,0.0,0.0,0.0,826.33,0.714,0.0,0,0.0,0.0,-70,2.37,1,-1,-18.25,0.02,0.0,0.0,0.0,819.74,-0.06,0.0,0,0.0,0.0
anshulsoni2010,20,16.95,6,1,3.33,0.0,0.0,0.0,0.0,128.86,0.684,0.0,0,0.0,0.0,23,15.87,13,1,1.77,0.0,0.0,0.0,0.0,829.11,0.273,0.0,0,0.0,0.0,3,-1.08,7,0,-1.56,0.0,0.0,0.0,0.0,700.25,-0.411,0.0,0,0.0,0.0
yie1d,28,10.32,7,3,4.0,0.071,0.0,0.393,0.0,274.58,0.778,0.0,0,0.0,0.0,12,15.5,2,1,6.0,0.0,0.0,0.0,0.0,11.22,0.818,0.0,0,0.0,0.0,-16,5.18,-5,-2,2.0,-0.071,0.0,-0.393,0.0,-263.36,0.04,0.0,0,0.0,0.0
Rudra-Sankha-Sinhamahapatra,86,8.74,20,1,4.3,0.023,0.0,0.0,0.0,58.38,0.376,0.0,0,0.0,0.0,14,8.64,9,1,1.56,0.0,0.0,0.0,0.0,503.14,0.0,0.0,0,0.0,0.0,-72,-0.1,-11,0,-2.74,-0.023,0.0,0.0,0.0,444.76,-0.376,0.0,0,0.0,0.0
ericodle,62,20.4,7,1,8.86,0.0,0.0,0.0,0.0,202.91,0.803,0.0,0,0.0,0.0,38,21.89,5,1,7.6,0.0,0.0,0.0,0.0,27.89,0.811,0.0,0,0.0,0.0,-24,1.49,-2,0,-1.26,0.0,0.0,0.0,0.0,-175.02,0.008,0.0,0,0.0,0.0
euhenriqueferreira,17,20.12,4,5,4.25,0.059,0.0,0.0,0.0,309.52,0.625,0.0,0,0.0,0.0,14,16.0,8,1,1.75,0.0,0.0,0.0,0.0,436.28,0.462,0.0,0,0.0,0.0,-3,-4.12,4,-4,-2.5,-0.059,0.0,0.0,0.0,126.76,-0.163,0.0,0,0.0,0.0
ym1085,25,22.12,9,1,2.78,0.12,0.04,0.0,0.04,93.09,0.5,0.0,0,12.5,0.0,75,17.71,36,1,2.08,0.013,0.0,0.0,0.0,270.0,0.257,0.0,0,0.0,0.0,50,-4.41,27,0,-0.7,-0.107,-0.04,0.0,-0.04,176.91,-0.243,0.0,0,-12.5,0.0
typegaro,25,27.24,17,3,1.47,0.0,0.0,0.0,0.0,369.09,0.167,0.0,0,0.0,0.0,42,26.81,22,4,1.91,0.0,0.048,0.0,0.0,440.16,0.195,0.0,0,0.0,0.0,17,-0.43,5,1,0.44,0.0,0.048,0.0,0.0,71.07,0.028,0.0,0,0.0,0.0
Sumeet-162,19,15.58,3,5,6.33,0.0,0.0,0.0,0.0,105.42,0.722,0.0,0,0.0,0.0,56,19.0,12,2,4.67,0.0,0.0,0.0,0.0,223.49,0.564,0.0,0,0.0,0.0,37,3.42,9,-3,-1.66,0.0,0.0,0.0,0.0,118.07,-0.158,0.0,0,0.0,0.0
SpieringsAE,13,33.15,5,2,2.6,0.0,0.0,0.308,0.0,63.71,0.333,0.0,0,0.0,0.0,35,49.06,11,2,3.18,0.029,0.0,0.029,0.0,132.26,0.324,0.0,0,0.0,0.0,22,15.91,6,0,0.58,0.029,0.0,-0.279,0.0,68.55,-0.009,0.0,0,0.0,0.0
engr-rakib,18,16.22,9,1,2.0,0.056,0.0,0.0,0.0,341.16,0.294,0.0,0,0.0,0.0,10,32.5,3,1,3.33,0.5,0.0,0.0,0.0,852.61,0.556,0.0,0,0.0,0.0,-8,16.28,-6,0,1.33,0.444,0.0,0.0,0.0,511.45,0.262,0.0,0,0.0,0.0
jackal7819,56,27.79,5,1,11.2,0.0,0.0,0.0,0.036,33.67,0.727,0.0,0,0.0,0.0,44,43.75,5,1,8.8,0.0,0.955,0.0,0.182,33.54,0.837,0.0,0,0.0,0.0,-12,15.96,0,0,-2.4,0.0,0.955,0.0,0.146,-0.13,0.11,0.0,0,0.0,0.0
joewhitsitt,73,63.05,22,1,3.32,0.0,0.0,0.0,0.0,147.92,0.417,0.0,0,0.0,0.0,11,57.09,8,1,1.38,0.0,0.0,0.0,0.0,268.65,0.0,0.0,0,0.0,0.0,-62,-5.96,-14,0,-1.94,0.0,0.0,0.0,0.0,120.73,-0.417,0.0,0,0.0,0.0
marshallcouch,16,44.69,3,1,5.33,0.0,0.0,0.0,0.0,205.78,0.4,0.0,0,0.0,0.0,27,25.22,6,1,4.5,0.0,0.0,0.0,0.0,347.31,0.577,0.0,0,0.0,0.0,11,-19.47,3,0,-0.83,0.0,0.0,0.0,0.0,141.53,0.177,0.0,0,0.0,0.0
ligaoqi2,13,15.62,4,2,3.25,0.0,0.0,0.0,0.0,1197.89,0.75,0.0,0,0.0,0.0,43,21.47,10,1,4.3,0.07,0.0,0.0,0.0,377.66,0.762,0.0,0,0.0,0.0,30,5.85,6,-1,1.05,0.07,0.0,0.0,0.0,-820.23,0.012,0.0,0,0.0,0.0
YuLiu-LY,70,14.51,17,4,4.12,0.0,0.0,0.043,0.0,134.63,0.493,0.0,0,0.0,0.0,16,8.56,9,1,1.78,0.0,0.0,0.0,0.0,1064.15,0.333,0.0,0,0.0,0.0,-54,-5.95,-8,-3,-2.34,0.0,0.0,-0.043,0.0,929.52,-0.16,0.0,0,0.0,0.0
felipeduarteb,21,15.86,5,1,4.2,0.0,0.0,0.0,0.0,370.72,0.7,0.0,0,0.0,0.0,10,16.0,1,1,10.0,0.0,0.0,0.0,0.0,0.05,1.0,0.0,0,0.0,0.0,-11,0.14,-4,0,5.8,0.0,0.0,0.0,0.0,-370.67,0.3,0.0,0,0.0,0.0
Leli254,19,26.89,4,3,4.75,0.0,0.0,0.0,0.0,359.92,0.556,0.0,0,0.0,0.0,77,71.26,3,3,25.67,0.429,0.0,0.0,0.0,24.84,0.908,0.0,0,0.0,0.0,58,44.37,-1,0,20.92,0.429,0.0,0.0,0.0,-335.08,0.352,0.0,0,0.0,0.0
HannaLindgren,82,26.77,17,1,4.82,0.085,0.0,0.0,0.0,93.59,0.543,0.0,0,0.0,0.0,18,96.56,7,1,2.57,0.611,0.0,0.0,0.0,416.28,0.588,0.0,0,0.0,0.0,-64,69.79,-10,0,-2.25,0.526,0.0,0.0,0.0,322.69,0.045,0.0,0,0.0,0.0
sinbla78,94,57.67,22,1,4.27,0.0,0.0,0.0,0.011,67.58,0.57,0.0,0,10.5,0.0,6,19.67,4,2,1.5,0.0,0.0,0.0,0.0,3207.94,0.4,0.0,0,0.0,0.0,-88,-38.0,-18,1,-2.77,0.0,0.0,0.0,-0.011,3140.36,-0.17,0.0,0,-10.5,0.0
GiJungPark,8,19.25,3,5,2.67,0.0,0.0,0.0,0.0,942.6,0.714,0.0,0,0.0,0.0,92,66.95,17,2,5.41,0.011,0.0,0.0,0.0,132.31,0.319,0.0,0,0.0,0.0,84,47.7,14,-3,2.74,0.011,0.0,0.0,0.0,-810.29,-0.395,0.0,0,0.0,0.0
ai-autocoder,43,35.93,7,1,6.14,0.093,0.0,0.0,0.0,65.78,0.595,0.0,0,0.0,0.0,57,70.35,11,1,5.18,0.07,0.877,0.0,0.035,243.0,0.607,0.0,0,0.0,0.0,14,34.42,4,0,-0.96,-0.023,0.877,0.0,0.035,177.22,0.012,0.0,0,0.0,0.0
BeaSerrano,9,19.33,2,2,4.5,0.0,0.0,0.0,0.0,149.17,0.75,0.0,0,0.0,0.0,9,14.22,3,2,3.0,0.0,0.0,0.0,0.0,165.17,0.625,0.0,0,0.0,0.0,0,-5.11,1,0,-1.5,0.0,0.0,0.0,0.0,16.0,-0.125,0.0,0,0.0,0.0
nikitosikvn1,63,67.6,14,4,4.5,0.27,0.889,0.111,0.254,108.29,0.403,0.0,0,0.0,0.0,13,35.69,4,1,3.25,0.0,0.923,0.0,0.0,227.02,0.5,0.0,0,0.0,0.0,-50,-31.91,-10,-3,-1.25,-0.27,0.034,-0.111,-0.254,118.73,0.097,0.0,0,0.0,0.0
chicuong2k3,42,15.19,6,3,7.0,0.0,0.0,0.0,0.0,229.05,0.366,0.0,0,0.0,0.0,16,14.12,5,3,3.2,0.0,0.0,0.0,0.0,414.33,0.267,0.0,0,0.0,0.0,-26,-1.07,-1,0,-3.8,0.0,0.0,0.0,0.0,185.28,-0.099,0.0,0,0.0,0.0
lrsgzs,34,19.03,5,4,6.8,0.059,0.0,0.0,0.0,170.33,0.818,0.0,0,0.0,0.0,16,24.62,5,2,3.2,0.062,0.0,0.0,0.0,764.34,0.733,0.0,0,0.0,0.0,-18,5.59,0,-2,-3.6,0.003,0.0,0.0,0.0,594.01,-0.085,0.0,0,0.0,0.0
Vaishnavi-Kausale,12,26.08,4,2,3.0,0.0,0.0,0.0,0.0,115.63,0.636,0.0,0,0.0,0.0,34,49.29,7,5,4.86,0.176,0.0,0.0,0.0,248.75,0.667,0.0,0,0.0,0.0,22,23.21,3,3,1.86,0.176,0.0,0.0,0.0,133.12,0.031,0.0,0,0.0,0.0
srmcgann,8,20.62,6,1,1.33,0.0,0.0,0.0,0.0,600.07,0.286,0.0,0,0.0,0.0,5,13.2,2,1,2.5,0.0,0.0,0.0,0.0,1186.92,0.75,0.0,0,0.0,0.0,-3,-7.42,-4,0,1.17,0.0,0.0,0.0,0.0,586.85,0.464,0.0,0,0.0,0.0
jotavare,70,17.74,8,3,8.75,0.0,0.0,0.0,0.0,94.96,0.826,0.0,0,0.0,0.0,29,27.79,5,5,5.8,0.0,0.0,0.0,0.0,400.16,0.857,0.0,0,0.0,0.0,-41,10.05,-3,2,-2.95,0.0,0.0,0.0,0.0,305.2,0.031,0.0,0,0.0,0.0
seocylucky,35,19.37,9,3,3.89,0.029,0.0,0.0,0.0,418.91,0.588,0.0,0,0.0,0.0,65,19.78,26,1,2.5,0.046,0.0,0.0,0.0,279.76,0.516,0.0,0,0.0,0.0,30,0.41,17,-2,-1.39,0.017,0.0,0.0,0.0,-139.15,-0.072,0.0,0,0.0,0.0
DreymaR,27,152.0,19,1,1.42,0.889,0.0,0.0,0.778,538.24,0.077,0.0,0,0.0,0.0,52,100.4,31,2,1.68,0.846,0.0,0.0,0.654,374.96,0.118,0.0,0,0.0,0.0,25,-51.6,12,1,0.26,-0.043,0.0,0.0,-0.124,-163.28,0.041,0.0,0,0.0,0.0
pxl-th,18,18.22,14,1,1.29,0.0,0.0,0.0,0.0,746.14,0.118,0.0,0,0.0,0.0,13,13.69,11,1,1.18,0.0,0.0,0.0,0.0,1552.61,0.083,0.0,0,0.0,0.0,-5,-4.53,-3,0,-0.11,0.0,0.0,0.0,0.0,806.47,-0.035,0.0,0,0.0,0.0
ElPlaso,94,81.38,11,4,8.55,0.511,0.0,0.0,0.0,86.91,0.677,0.0,0,0.0,0.0,6,20.33,2,2,3.0,0.0,0.0,0.0,0.0,840.93,0.4,0.0,0,0.0,0.0,-88,-61.05,-9,-2,-5.55,-0.511,0.0,0.0,0.0,754.02,-0.277,0.0,0,0.0,0.0
yongliang-wu,6,23.17,3,1,2.0,0.0,0.0,0.0,0.0,227.39,0.6,0.0,0,0.0,0.0,39,42.26,20,4,1.95,0.179,0.026,0.0,0.026,503.76,0.474,0.0,0,0.0,0.0,33,19.09,17,3,-0.05,0.179,0.026,0.0,0.026,276.37,-0.126,0.0,0,0.0,0.0
guzwithz,16,17.88,3,3,5.33,0.0,0.0,0.0,0.0,102.44,0.667,0.0,0,0.0,0.0,9,15.78,3,4,3.0,0.0,0.0,0.0,0.0,1218.24,0.625,0.0,0,0.0,0.0,-7,-2.1,0,1,-2.33,0.0,0.0,0.0,0.0,1115.8,-0.042,0.0,0,0.0,0.0
pallax03,29,21.34,11,3,2.64,0.0,0.0,0.0,0.0,574.35,0.214,0.0,0,0.0,0.0,70,25.9,9,2,7.78,0.0,0.0,0.0,0.0,94.96,0.391,0.0,0,0.0,0.0,41,4.56,-2,-1,5.14,0.0,0.0,0.0,0.0,-479.39,0.177,0.0,0,0.0,0.0
natanjunges,71,84.87,28,2,2.54,0.014,0.0,0.042,0.0,107.83,0.157,0.0,0,0.0,0.0,29,115.55,8,1,3.62,0.276,0.0,0.0,0.138,271.71,0.393,0.0,0,0.0,0.0,-42,30.68,-20,-1,1.08,0.262,0.0,-0.042,0.138,163.88,0.236,0.0,0,0.0,0.0
nimaai,10,4.6,9,1,1.11,0.0,0.0,0.0,0.0,1485.34,0.111,0.0,0,0.0,0.0,14,11.93,9,1,1.56,0.0,0.0,0.0,0.0,1078.68,0.308,0.0,0,0.0,0.0,4,7.33,0,0,0.45,0.0,0.0,0.0,0.0,-406.66,0.197,0.0,0,0.0,0.0
nilaachandra,47,21.85,8,5,5.88,0.021,0.0,0.0,0.0,46.89,0.717,0.0,0,0.0,0.0,6,16.0,4,1,1.5,0.0,0.0,0.0,0.0,1661.96,0.2,0.0,0,0.0,0.0,-41,-5.85,-4,-4,-4.38,-0.021,0.0,0.0,0.0,1615.07,-0.517,0.0,0,0.0,0.0
ThiyagarajRKO,56,15.62,2,2,28.0,0.0,0.0,0.0,0.0,228.35,0.927,0.0,0,0.0,0.0,44,24.77,2,1,22.0,0.0,0.0,0.0,0.0,4.16,0.651,0.0,0,0.0,0.0,-12,9.15,0,-1,-6.0,0.0,0.0,0.0,0.0,-224.19,-0.276,0.0,0,0.0,0.0
dublieu,34,17.0,11,1,3.09,0.0,0.0,0.0,0.0,62.14,0.182,0.0,0,0.0,0.0,66,17.0,31,1,2.13,0.0,0.0,0.0,0.0,104.27,0.154,0.0,0,0.0,0.0,32,0.0,20,0,-0.96,0.0,0.0,0.0,0.0,42.13,-0.028,0.0,0,0.0,0.0
Abhi0323,30,17.17,5,3,6.0,0.0,0.0,0.0,0.0,202.69,0.793,0.0,0,0.0,0.0,70,17.76,10,1,7.0,0.0,0.0,0.0,0.0,262.66,0.797,0.0,0,0.0,0.0,40,0.59,5,-2,1.0,0.0,0.0,0.0,0.0,59.97,0.004,0.0,0,0.0,0.0
Kha,55,17.07,26,1,2.12,0.018,0.0,0.0,0.0,310.79,0.278,0.0,0,0.0,0.0,18,8.56,11,1,1.64,0.0,0.0,0.0,0.0,1086.37,0.353,0.0,0,0.0,0.0,-37,-8.51,-15,0,-0.48,-0.018,0.0,0.0,0.0,775.58,0.075,0.0,0,0.0,0.0
ihsanktmr,20,16.0,9,1,2.22,0.0,0.0,0.0,0.0,502.37,0.474,0.0,0,0.0,0.0,25,37.48,9,2,2.78,0.08,0.0,0.0,0.0,821.02,0.542,0.0,0,0.0,0.0,5,21.48,0,1,0.56,0.08,0.0,0.0,0.0,318.65,0.068,0.0,0,0.0,0.0
aolle,77,18.18,25,1,3.08,0.052,0.0,0.0,0.0,159.97,0.395,0.0,0,0.0,0.0,21,16.95,5,1,4.2,0.0,0.0,0.0,0.048,972.61,0.45,0.0,0,0.0,0.0,-56,-1.23,-20,0,1.12,-0.052,0.0,0.0,0.048,812.64,0.055,0.0,0,0.0,0.0
Vera-Firefly,7,6.0,4,1,1.75,0.0,0.0,0.0,0.0,455.79,0.5,0.0,0,0.0,0.0,93,31.44,24,2,3.88,0.011,0.043,0.0,0.0,153.72,0.315,0.0,0,7.45,0.024,86,25.44,20,1,2.13,0.011,0.043,0.0,0.0,-302.07,-0.185,0.0,0,7.45,0.024
ARYASINGHBJC,55,25.13,10,2,5.5,0.0,0.0,0.0,0.0,87.28,0.611,0.0,0,0.0,0.0,45,30.09,6,3,7.5,0.0,0.0,0.0,0.733,355.12,0.841,0.0,0,0.0,0.0,-10,4.96,-4,1,2.0,0.0,0.0,0.0,0.733,267.84,0.23,0.0,0,0.0,0.0
remdub,9,32.67,1,1,9.0,0.0,0.889,0.0,0.0,0.84,0.875,0.0,0,0.0,0.0,9,14.44,3,3,3.0,0.0,0.222,0.222,0.0,661.99,0.75,0.0,0,0.0,0.0,0,-18.23,2,2,-6.0,0.0,-0.667,0.222,0.0,661.15,-0.125,0.0,0,0.0,0.0
KamalChafik,54,18.3,6,3,9.0,0.037,0.0,0.0,0.0,177.21,0.906,0.0,0,0.0,0.0,43,32.77,11,3,3.91,0.186,0.163,0.0,0.0,173.94,0.667,0.0,0,0.0,0.0,-11,14.47,5,0,-5.09,0.149,0.163,0.0,0.0,-3.27,-0.239,0.0,0,0.0,0.0
KyanJeuring,86,70.13,12,1,7.17,0.965,0.0,0.023,0.012,24.88,0.565,0.0,0,0.0,0.0,14,59.71,5,1,2.8,1.0,0.0,0.0,0.0,311.9,0.385,0.0,0,0.0,0.0,-72,-10.42,-7,0,-4.37,0.035,0.0,-0.023,-0.012,287.02,-0.18,0.0,0,0.0,0.0
yochaigal,50,17.5,10,1,5.0,0.0,0.0,0.0,0.0,180.82,0.714,0.0,0,0.0,0.0,50,17.98,15,1,3.33,0.0,0.0,0.0,0.0,158.21,0.612,0.0,0,0.0,0.0,0,0.48,5,0,-1.67,0.0,0.0,0.0,0.0,-22.61,-0.102,0.0,0,0.0,0.0
kartik2828,24,18.33,3,2,8.0,0.0,0.0,0.0,0.0,478.95,0.87,0.0,0,0.0,0.0,21,21.05,9,2,2.33,0.048,0.0,0.0,0.0,1007.97,0.45,0.0,0,0.0,0.0,-3,2.72,6,0,-5.67,0.048,0.0,0.0,0.0,529.02,-0.42,0.0,0,0.0,0.0
martinschaible,22,16.64,3,1,7.33,0.045,0.0,0.0,0.0,20.59,0.857,0.0,0,0.0,0.0,78,20.85,8,2,9.75,0.064,0.0,0.0,0.0,117.19,0.545,0.0,0,0.0,0.0,56,4.21,5,1,2.42,0.019,0.0,0.0,0.0,96.6,-0.312,0.0,0,0.0,0.0
Aditya7786,12,18.75,2,1,6.0,0.0,0.0,0.0,0.0,17.28,0.909,0.0,0,0.0,0.0,9,17.56,4,4,2.25,0.0,0.0,0.0,0.0,483.6,0.5,0.0,0,0.0,0.0,-3,-1.19,2,3,-3.75,0.0,0.0,0.0,0.0,466.32,-0.409,0.0,0,0.0,0.0
JulioAkaminee,10,17.1,1,1,10.0,0.1,0.0,0.0,0.0,0.58,0.778,0.0,0,0.0,0.0,16,18.31,3,4,5.33,0.0,0.0,0.0,0.0,979.21,0.6,0.0,0,0.0,0.0,6,1.21,2,3,-4.67,-0.1,0.0,0.0,0.0,978.63,-0.178,0.0,0,0.0,0.0
hmerritt,43,33.95,3,1,14.33,0.093,0.791,0.0,0.07,16.58,0.952,0.0,0,249.0,1.0,57,37.95,4,1,14.25,0.175,0.842,0.0,0.0,153.08,0.821,0.0,0,149.14,0.857,14,4.0,1,0,-0.08,0.082,0.051,0.0,-0.07,136.5,-0.131,0.0,0,-99.86,-0.143
picandocodigo,53,49.53,23,1,2.3,0.302,0.0,0.0,0.0,314.22,0.519,0.0,0,0.0,0.0,33,24.45,15,1,2.2,0.0,0.0,0.0,0.0,526.14,0.5,0.0,0,0.0,0.0,-20,-25.08,-8,0,-0.1,-0.302,0.0,0.0,0.0,211.92,-0.019,0.0,0,0.0,0.0
lpeyr,17,27.06,9,1,1.89,0.059,0.0,0.0,0.0,666.4,0.438,0.0,0,0.0,0.0,79,20.0,17,2,4.65,0.013,0.0,0.0,0.0,200.86,0.064,0.0,0,0.0,0.0,62,-7.06,8,1,2.76,-0.046,0.0,0.0,0.0,-465.54,-0.374,0.0,0,0.0,0.0
Mr-Comand,16,35.06,6,2,2.67,0.5,0.0,0.125,0.0,674.06,0.333,0.0,0,0.0,0.0,56,41.32,16,3,3.5,0.107,0.0,0.0,0.107,322.53,0.564,0.0,0,3.0,0.0,40,6.26,10,1,0.83,-0.393,0.0,-0.125,0.107,-351.53,0.231,0.0,0,3.0,0.0
RonaldoSilva0803,13,23.92,6,4,2.17,0.154,0.0,0.0,0.0,1123.79,0.583,0.0,0,0.0,0.0,5,21.2,2,1,2.5,0.2,0.0,0.0,0.0,222.05,0.75,0.0,0,0.0,0.0,-8,-2.72,-4,-3,0.33,0.046,0.0,0.0,0.0,-901.74,0.167,0.0,0,0.0,0.0
Mariovido,31,67.42,10,2,3.1,0.484,0.0,0.0,0.0,339.27,0.633,0.0,0,0.0,0.0,9,20.33,2,1,4.5,0.0,0.0,0.0,0.0,878.59,0.75,0.0,0,0.0,0.0,-22,-47.09,-8,-1,1.4,-0.484,0.0,0.0,0.0,539.32,0.117,0.0,0,0.0,0.0
HanzxRYU,7,41.86,3,1,2.33,0.857,0.0,0.0,0.0,60.08,0.167,0.0,0,0.0,0.0,58,34.03,16,5,3.62,0.534,0.0,0.017,0.0,120.88,0.228,0.0,0,0.0,0.0,51,-7.83,13,4,1.29,-0.323,0.0,0.017,0.0,60.8,0.061,0.0,0,0.0,0.0
fpschill,17,20.53,5,1,3.4,0.0,0.0,0.0,0.0,359.6,0.625,0.0,0,0.0,0.0,83,6.87,35,1,2.37,0.0,0.0,0.0,0.012,225.89,0.354,0.0,0,0.0,0.0,66,-13.66,30,0,-1.03,0.0,0.0,0.0,0.012,-133.71,-0.271,0.0,0,0.0,0.0
AndreiPurits,18,21.33,1,3,18.0,0.0,0.0,0.0,0.0,0.24,0.941,0.0,0,0.0,0.0,13,18.31,3,3,4.33,0.0,0.0,0.0,0.0,1398.46,0.833,0.0,0,0.0,0.0,-5,-3.02,2,0,-13.67,0.0,0.0,0.0,0.0,1398.22,-0.108,0.0,0,0.0,0.0
Snupai,72,35.19,8,3,9.0,0.111,0.0,0.0,0.0,24.62,0.577,0.0,0,10.0,0.0,28,222.32,13,1,2.15,0.607,0.071,0.0,0.321,382.39,0.481,0.0,0,1434.6,0.8,-44,187.13,5,-2,-6.85,0.496,0.071,0.0,0.321,357.77,-0.096,0.0,0,1424.6,0.8
bagaze,24,21.08,7,2,3.43,0.042,0.0,0.0,0.042,182.36,0.174,0.0,0,0.0,0.0,66,30.29,21,1,3.14,0.0,0.0,0.0,0.121,199.68,0.323,0.0,0,0.0,0.0,42,9.21,14,-1,-0.29,-0.042,0.0,0.0,0.079,17.32,0.149,0.0,0,0.0,0.0
Strroke21,9,29.44,2,3,4.5,0.0,0.0,0.0,0.0,459.54,0.75,0.0,0,0.0,0.0,27,19.15,4,2,6.75,0.0,0.0,0.0,0.0,478.31,0.846,0.0,0,0.0,0.0,18,-10.29,2,-1,2.25,0.0,0.0,0.0,0.0,18.77,0.096,0.0,0,0.0,0.0
boggydigital,18,45.11,5,1,3.6,0.056,0.0,0.167,0.056,936.15,0.765,0.0,0,0.0,0.0,7,42.14,4,1,1.75,0.143,0.0,0.0,0.0,712.72,0.5,0.0,0,0.0,0.0,-11,-2.97,-1,0,-1.85,0.087,0.0,-0.167,-0.056,-223.43,-0.265,0.0,0,0.0,0.0
pipseed,24,24.67,5,1,4.8,0.167,0.0,0.292,0.0,398.59,0.652,0.0,0,1.75,0.0,26,15.81,6,1,4.33,0.038,0.0,0.0,0.0,634.57,0.8,0.0,0,0.0,0.0,2,-8.86,1,0,-0.47,-0.129,0.0,-0.292,0.0,235.98,0.148,0.0,0,-1.75,0.0
gws8820,8,17.25,1,1,8.0,0.0,0.0,0.0,0.0,0.04,1.0,0.0,0,0.0,0.0,28,18.18,7,5,4.0,0.0,0.0,0.0,0.0,293.87,0.593,0.0,0,0.0,0.0,20,0.93,6,4,-4.0,0.0,0.0,0.0,0.0,293.83,-0.407,0.0,0,0.0,0.0
mpeterson114,85,27.56,15,4,5.67,0.0,0.0,0.224,0.0,85.46,0.429,0.0,0,0.0,0.0,15,21.8,2,3,7.5,0.0,0.0,0.133,0.0,73.99,0.857,0.0,0,0.0,0.0,-70,-5.76,-13,-1,1.83,0.0,0.0,-0.091,0.0,-11.47,0.428,0.0,0,0.0,0.0
lialila,71,19.08,6,5,11.83,0.028,0.0,0.0,0.0,45.22,0.743,0.0,0,0.0,0.0,10,17.4,6,1,1.67,0.0,0.0,0.0,0.0,2056.18,0.333,0.0,0,0.0,0.0,-61,-1.68,0,-4,-10.16,-0.028,0.0,0.0,0.0,2010.96,-0.41,0.0,0,0.0,0.0
vanshgulati16,22,15.73,7,5,3.14,0.0,0.0,0.0,0.0,597.7,0.714,0.0,0,0.0,0.0,12,15.58,1,1,12.0,0.0,0.0,0.0,0.0,0.03,1.0,0.0,0,0.0,0.0,-10,-0.15,-6,-4,8.86,0.0,0.0,0.0,0.0,-597.67,0.286,0.0,0,0.0,0.0
RayenManai,26,19.77,10,3,2.6,0.0,0.0,0.0,0.0,555.15,0.56,0.0,0,0.0,0.0,44,14.86,19,1,2.32,0.0,0.0,0.0,0.0,385.96,0.395,0.0,0,0.0,0.0,18,-4.91,9,-2,-0.28,0.0,0.0,0.0,0.0,-169.19,-0.165,0.0,0,0.0,0.0
i-roger,30,17.97,10,5,3.0,0.0,0.0,0.0,0.0,388.33,0.517,0.0,0,0.0,0.0,6,16.0,5,1,1.2,0.0,0.0,0.0,0.0,2336.51,0.2,0.0,0,0.0,0.0,-24,-1.97,-5,-4,-1.8,0.0,0.0,0.0,0.0,1948.18,-0.317,0.0,0,0.0,0.0
adithyasource,11,13.18,3,2,3.67,0.0,0.0,0.0,0.0,377.14,0.7,0.0,0,0.0,0.0,89,35.78,15,3,5.93,0.045,0.899,0.0,0.0,226.01,0.591,0.0,0,0.0,0.0,78,22.6,12,1,2.26,0.045,0.899,0.0,0.0,-151.13,-0.109,0.0,0,0.0,0.0
AmmarAbouZor,56,42.62,5,1,11.2,0.196,0.0,0.0,0.179,12.48,0.364,0.0,0,0.0,0.0,44,30.25,6,1,7.33,0.114,0.0,0.0,0.0,98.16,0.326,0.0,0,0.0,0.0,-12,-12.37,1,0,-3.87,-0.082,0.0,0.0,-0.179,85.68,-0.038,0.0,0,0.0,0.0
Ninety9Colors,17,51.76,8,3,2.12,0.118,0.0,0.0,0.0,145.08,0.25,0.0,0,0.0,0.0,19,106.63,3,2,6.33,0.684,0.0,0.0,0.0,293.04,0.389,0.0,0,0.0,0.0,2,54.87,-5,-1,4.21,0.566,0.0,0.0,0.0,147.96,0.139,0.0,0,0.0,0.0
abs-sayem,45,37.6,12,2,3.75,0.022,0.0,0.0,0.0,323.92,0.545,0.0,0,0.0,0.0,55,33.49,20,2,2.75,0.0,0.0,0.0,0.0,267.1,0.463,0.0,0,0.0,0.0,10,-4.11,8,0,-1.0,-0.022,0.0,0.0,0.0,-56.82,-0.082,0.0,0,0.0,0.0
AaronWu-train,68,13.88,30,2,2.27,0.0,0.0,0.0,0.0,242.66,0.388,0.0,0,0.0,0.0,32,16.41,15,2,2.13,0.031,0.0,0.0,0.0,469.43,0.484,0.0,0,0.0,0.0,-36,2.53,-15,0,-0.14,0.031,0.0,0.0,0.0,226.77,0.096,0.0,0,0.0,0.0
12rcu,29,18.52,5,2,5.8,0.034,0.0,0.138,0.0,522.8,0.75,0.0,0,0.0,0.0,9,54.33,5,1,1.8,0.333,0.0,0.0,0.0,1751.11,0.375,0.0,0,0.0,0.0,-20,35.81,0,-1,-4.0,0.299,0.0,-0.138,0.0,1228.31,-0.375,0.0,0,0.0,0.0
vavramusser,11,28.36,2,1,5.5,0.273,0.0,0.0,0.0,1420.25,0.9,0.0,0,0.0,0.0,64,30.28,12,1,5.33,0.172,0.0,0.0,0.016,256.52,0.571,0.0,0,0.0,0.0,53,1.92,10,0,-0.17,-0.101,0.0,0.0,0.016,-1163.73,-0.329,0.0,0,0.0,0.0
krutoo,11,54.55,2,1,5.5,0.455,0.0,0.0,0.455,2.99,0.9,0.0,0,137.0,1.0,13,47.31,4,1,3.25,0.692,0.0,0.077,0.308,601.34,0.75,0.0,0,35.33,0.333,2,-7.24,2,0,-2.25,0.237,0.0,0.077,-0.147,598.35,-0.15,0.0,0,-101.67,-0.667
odnols,20,18.5,7,1,2.86,0.0,0.0,0.0,0.0,375.95,0.316,0.0,0,0.0,0.0,70,19.29,33,3,2.12,0.014,0.0,0.0,0.0,215.97,0.319,0.0,0,0.0,0.0,50,0.79,26,2,-0.74,0.014,0.0,0.0,0.0,-159.98,0.003,0.0,0,0.0,0.0
kennymc-c,13,23.38,6,1,2.17,0.077,0.0,0.0,0.0,286.61,0.417,0.0,0,0.0,0.0,10,47.1,8,1,1.25,0.2,0.0,0.0,0.0,1754.92,0.111,0.0,0,0.0,0.0,-3,23.72,2,0,-0.92,0.123,0.0,0.0,0.0,1468.31,-0.306,0.0,0,0.0,0.0
sether31,23,12.17,1,1,23.0,0.043,0.0,0.0,0.0,0.25,0.955,0.0,0,0.0,0.0,77,45.68,15,4,5.13,0.247,0.13,0.0,0.091,157.81,0.671,0.0,0,28.56,0.222,54,33.51,14,3,-17.87,0.204,0.13,0.0,0.091,157.56,-0.284,0.0,0,28.56,0.222
shadyashraf174,7,18.43,3,2,2.33,0.0,0.0,0.0,0.0,1417.81,0.667,0.0,0,0.0,0.0,72,16.39,10,4,7.2,0.014,0.0,0.0,0.0,126.23,0.775,0.0,0,0.0,0.0,65,-2.04,7,2,4.87,0.014,0.0,0.0,0.0,-1291.58,0.108,0.0,0,0.0,0.0
alecthw,14,30.57,11,1,1.27,0.286,0.0,0.0,0.0,856.15,0.231,0.0,0,0.0,0.0,28,25.57,14,2,2.0,0.071,0.0,0.0,0.0,676.21,0.148,0.0,0,0.0,0.0,14,-5.0,3,1,0.73,-0.215,0.0,0.0,0.0,-179.94,-0.083,0.0,0,0.0,0.0
AbstractUmbra,32,15.16,17,4,1.88,0.0,0.0,0.0,0.0,510.52,0.452,0.0,0,722.0,1.0,31,33.29,13,2,2.38,0.065,0.0,0.0,0.065,611.1,0.5,0.0,0,591.0,1.0,-1,18.13,-4,-2,0.5,0.065,0.0,0.0,0.065,100.58,0.048,0.0,0,-131.0,0.0
njcleri,57,17.16,14,3,4.07,0.035,0.0,0.0,0.0,248.27,0.679,0.0,0,0.0,0.0,7,17.43,3,1,2.33,0.0,0.0,0.0,0.0,1502.95,0.667,0.0,0,0.0,0.0,-50,0.27,-11,-2,-1.74,-0.035,0.0,0.0,0.0,1254.68,-0.012,0.0,0,0.0,0.0
Felipperrosa,9,23.0,4,2,2.25,0.0,0.0,0.0,0.0,503.08,0.5,0.0,0,0.0,0.0,27,15.59,10,3,2.7,0.0,0.0,0.0,0.0,278.54,0.577,0.0,0,0.0,0.0,18,-7.41,6,1,0.45,0.0,0.0,0.0,0.0,-224.54,0.077,0.0,0,0.0,0.0
sensslen,6,109.33,2,1,3.0,0.667,0.0,0.0,0.333,2855.79,0.6,0.0,0,84.5,0.5,91,67.75,17,2,5.35,0.429,0.0,0.0,0.011,179.85,0.522,0.0,0,285.88,0.625,85,-41.58,15,1,2.35,-0.238,0.0,0.0,-0.322,-2675.94,-0.078,0.0,0,201.38,0.125
efcejas,7,27.14,3,1,2.33,0.0,0.0,0.0,0.0,121.55,0.167,0.0,0,0.0,0.0,93,63.26,14,2,6.64,0.011,0.0,0.0,0.0,87.69,0.62,0.0,0,77.5,0.5,86,36.12,11,1,4.31,0.011,0.0,0.0,0.0,-33.86,0.453,0.0,0,77.5,0.5
anonymous-himalayas,6,31.33,1,1,6.0,0.333,0.0,0.0,0.0,0.05,1.0,0.0,0,31.0,0.0,63,28.51,7,4,9.0,0.0,0.0,0.063,0.0,22.03,0.694,0.0,0,0.0,0.0,57,-2.82,6,3,3.0,-0.333,0.0,0.063,0.0,21.98,-0.306,0.0,0,-31.0,0.0
jordidn,9,23.44,1,1,9.0,0.0,0.0,0.0,0.0,5.8,0.5,0.0,0,0.0,0.0,5,34.8,2,2,2.5,0.4,0.0,0.0,0.0,348.29,0.75,0.0,0,17.5,0.0,-4,11.36,1,1,-6.5,0.4,0.0,0.0,0.0,342.49,0.25,0.0,0,17.5,0.0
nrmnqdds,19,23.53,8,4,2.38,0.053,0.0,0.0,0.0,476.15,0.278,0.0,0,0.0,0.0,81,19.85,16,1,5.06,0.0,0.136,0.0,0.0,247.33,0.688,0.0,0,0.0,0.0,62,-3.68,8,-3,2.68,-0.053,0.136,0.0,0.0,-228.82,0.41,0.0,0,0.0,0.0
beerisgood,27,63.11,15,1,1.8,0.556,0.0,0.0,0.037,610.77,0.462,0.0,0,0.0,0.0,22,99.45,13,1,1.69,0.727,0.0,0.0,0.136,456.17,0.429,0.0,0,0.0,0.0,-5,36.34,-2,0,-0.11,0.171,0.0,0.0,0.099,-154.6,-0.033,0.0,0,0.0,0.0
Makudzyn,26,190.69,8,2,3.25,0.0,0.0,0.0,0.0,173.84,0.2,0.0,0,0.0,0.0,74,178.26,22,1,3.36,0.554,0.0,0.0,0.014,127.4,0.288,0.0,0,27.8,0.4,48,-12.43,14,-1,0.11,0.554,0.0,0.0,0.014,-46.44,0.088,0.0,0,27.8,0.4
Sinaye11,6,15.67,2,2,3.0,0.0,0.0,0.0,0.0,1358.99,0.8,0.0,0,0.0,0.0,13,17.38,5,3,2.6,0.077,0.0,0.0,0.0,475.87,0.417,0.0,0,0.0,0.0,7,1.71,3,1,-0.4,0.077,0.0,0.0,0.0,-883.12,-0.383,0.0,0,0.0,0.0
kunj-bhuva,6,14.0,4,3,1.5,0.0,0.0,0.0,0.167,665.96,0.4,0.0,0,0.0,0.0,19,15.05,10,3,1.9,0.0,0.0,0.0,0.0,560.63,0.389,0.0,0,0.0,0.0,13,1.05,6,0,0.4,0.0,0.0,0.0,-0.167,-105.33,-0.011,0.0,0,0.0,0.0
Sudhanshu-Ambastha,28,19.57,7,1,4.0,0.036,0.0,0.0,0.0,60.82,0.593,0.0,0,0.0,0.0,72,16.71,31,2,2.32,0.0,0.0,0.0,0.0,265.27,0.451,0.0,0,0.0,0.0,44,-2.86,24,1,-1.68,-0.036,0.0,0.0,0.0,204.45,-0.142,0.0,0,0.0,0.0
adityaranjan2005,32,18.81,2,1,16.0,0.0,0.0,0.0,0.0,24.7,0.903,0.0,0,0.0,0.0,68,17.25,13,1,5.23,0.015,0.0,0.0,0.0,264.3,0.701,0.0,0,0.0,0.0,36,-1.56,11,0,-10.77,0.015,0.0,0.0,0.0,239.6,-0.202,0.0,0,0.0,0.0
alex-yi-writes,31,29.61,10,3,3.1,0.0,0.0,0.0,0.0,364.81,0.7,0.0,0,0.0,0.0,51,41.51,6,1,8.5,0.0,0.0,0.0,0.0,148.75,0.82,0.0,0,0.0,0.0,20,11.9,-4,-2,5.4,0.0,0.0,0.0,0.0,-216.06,0.12,0.0,0,0.0,0.0
chrisheithoff,34,30.59,7,2,4.86,0.0,0.0,0.0,0.0,284.25,0.242,0.0,0,0.0,0.0,53,27.45,10,3,5.3,0.0,0.0,0.0,0.038,336.84,0.423,0.0,0,0.0,0.0,19,-3.14,3,1,0.44,0.0,0.0,0.0,0.038,52.59,0.181,0.0,0,0.0,0.0
aduth,20,58.8,4,1,5.0,0.35,0.0,0.0,0.0,209.75,0.737,0.0,0,0.0,0.0,9,33.0,3,1,3.0,0.0,0.0,0.0,0.0,1385.29,0.75,0.0,0,0.0,0.0,-11,-25.8,-1,0,-2.0,-0.35,0.0,0.0,0.0,1175.54,0.013,0.0,0,0.0,0.0
Taha-Hassan-Git,83,29.77,14,2,5.93,0.108,0.0,0.0,0.0,98.51,0.646,0.0,0,95.5,0.333,17,36.71,5,2,3.4,0.176,0.0,0.0,0.0,709.43,0.5,0.0,0,30.5,0.5,-66,6.94,-9,0,-2.53,0.068,0.0,0.0,0.0,610.92,-0.146,0.0,0,-65.0,0.167
laurenesco,36,20.83,10,4,3.6,0.0,0.0,0.0,0.167,319.47,0.371,0.0,0,0.0,0.0,8,15.0,4,1,2.0,0.0,0.0,0.0,0.0,387.5,0.571,0.0,0,0.0,0.0,-28,-5.83,-6,-3,-1.6,0.0,0.0,0.0,-0.167,68.03,0.2,0.0,0,0.0,0.0
Gamowy,71,25.93,9,3,7.89,0.085,0.0,0.0,0.0,219.86,0.671,0.0,0,2.91,0.0,29,15.83,6,3,4.83,0.0,0.0,0.0,0.0,453.57,0.786,0.0,0,0.0,0.0,-42,-10.1,-3,0,-3.06,-0.085,0.0,0.0,0.0,233.71,0.115,0.0,0,-2.91,0.0
Web-Dev-Codi,66,19.98,18,5,3.67,0.0,0.0,0.015,0.0,113.59,0.523,0.0,0,0.0,0.0,27,67.3,11,1,2.45,0.111,0.074,0.0,0.074,690.41,0.577,0.0,0,0.0,0.0,-39,47.32,-7,-4,-1.22,0.111,0.074,-0.015,0.074,576.82,0.054,0.0,0,0.0,0.0
PraveenaRupasingha,41,20.8,10,2,4.1,0.0,0.0,0.0,0.0,64.54,0.65,0.0,0,0.0,0.0,28,19.25,4,3,7.0,0.0,0.0,0.0,0.0,180.14,0.778,0.0,0,0.0,0.0,-13,-1.55,-6,1,2.9,0.0,0.0,0.0,0.0,115.6,0.128,0.0,0,0.0,0.0
Christian-2003,38,63.0,9,2,4.22,0.447,0.0,0.026,0.132,317.52,0.541,0.0,0,0.0,0.0,58,45.31,9,1,6.44,0.103,0.0,0.0,0.017,138.86,0.614,0.0,0,2.5,0.0,20,-17.69,0,-1,2.22,-0.344,0.0,-0.026,-0.115,-178.66,0.073,0.0,0,2.5,0.0
TinyTinni,7,66.86,4,1,1.75,0.571,0.0,0.0,0.143,709.25,0.333,0.0,0,63.43,0.714,27,54.33,10,1,2.7,0.185,0.148,0.185,0.0,621.13,0.308,0.0,0,132.0,0.625,20,-12.53,6,0,0.95,-0.386,0.148,0.185,-0.143,-88.12,-0.025,0.0,0,68.57,-0.089
sandesh300,19,15.74,5,5,3.8,0.0,0.0,0.0,0.0,255.68,0.5,0.0,0,0.0,0.0,7,16.0,1,5,7.0,0.0,0.0,0.0,0.0,2.46,0.833,0.0,0,0.0,0.0,-12,0.26,-4,0,3.2,0.0,0.0,0.0,0.0,-253.22,0.333,0.0,0,0.0,0.0
Catta1997,66,26.55,14,1,4.71,0.136,0.0,0.0,0.015,206.66,0.477,0.0,0,0.0,0.0,16,49.0,5,1,3.2,0.312,0.125,0.0,0.0,1087.71,0.667,0.0,0,0.0,0.0,-50,22.45,-9,0,-1.51,0.176,0.125,0.0,-0.015,881.05,0.19,0.0,0,0.0,0.0
iampratt,18,27.0,3,2,6.0,0.0,0.889,0.0,0.0,113.83,0.882,0.0,0,0.0,0.0,9,21.78,6,4,1.5,0.111,0.222,0.0,0.0,1333.79,0.125,0.0,0,0.0,0.0,-9,-5.22,3,2,-4.5,0.111,-0.667,0.0,0.0,1219.96,-0.757,0.0,0,0.0,0.0
DayveZZ,17,11.0,3,4,5.67,0.0,0.0,0.0,0.0,148.57,0.688,0.0,0,0.0,0.0,5,12.4,1,1,5.0,0.0,0.0,0.0,0.0,3.23,0.75,0.0,0,0.0,0.0,-12,1.4,-2,-3,-0.67,0.0,0.0,0.0,0.0,-145.34,0.062,0.0,0,0.0,0.0
imSarthakGautam,85,22.07,5,1,17.0,0.0,0.0,0.0,0.0,51.12,0.869,0.0,0,0.0,0.0,15,16.0,4,1,3.75,0.0,0.0,0.0,0.0,285.35,0.714,0.0,0,0.0,0.0,-70,-6.07,-1,0,-13.25,0.0,0.0,0.0,0.0,234.23,-0.155,0.0,0,0.0,0.0
ShotCrib77,19,20.11,6,4,3.17,0.0,0.0,0.0,0.0,118.8,0.222,0.0,0,0.0,0.0,29,32.55,8,2,3.62,0.0,0.0,0.0,0.0,404.6,0.321,0.0,0,0.0,0.0,10,12.44,2,-2,0.45,0.0,0.0,0.0,0.0,285.8,0.099,0.0,0,0.0,0.0
VasylHulpak,66,16.0,9,1,7.33,0.0,0.0,0.0,0.0,29.2,0.046,0.0,0,0.0,0.0,34,16.0,5,1,6.8,0.0,0.0,0.0,0.0,224.81,0.848,0.0,0,0.0,0.0,-32,0.0,-4,0,-0.53,0.0,0.0,0.0,0.0,195.61,0.802,0.0,0,0.0,0.0
SilviaAvelar,5,20.4,2,1,2.5,0.4,0.0,0.0,0.0,67.09,0.0,0.0,0,0.0,0.0,76,17.32,8,5,9.5,0.066,0.0,0.0,0.0,156.24,0.8,0.0,0,0.0,0.0,71,-3.08,6,4,7.0,-0.334,0.0,0.0,0.0,89.15,0.8,0.0,0,0.0,0.0
tracy-french,92,19.68,10,4,9.2,0.0,0.011,0.0,0.0,71.68,0.78,0.0,0,0.0,0.0,8,27.62,3,1,2.67,0.0,0.0,0.0,0.0,81.99,0.429,0.0,0,0.0,0.0,-84,7.94,-7,-3,-6.53,0.0,-0.011,0.0,0.0,10.31,-0.351,0.0,0,0.0,0.0
TeiNam,27,11.15,3,1,9.0,0.0,0.0,0.0,0.0,11.49,0.692,0.0,0,0.0,0.0,73,18.19,17,3,4.29,0.014,0.0,0.0,0.0,93.96,0.5,0.0,0,0.0,0.0,46,7.04,14,2,-4.71,0.014,0.0,0.0,0.0,82.47,-0.192,0.0,0,0.0,0.0
SravanKumarPolu,92,38.51,7,1,13.14,0.315,0.0,0.011,0.0,56.65,0.549,0.0,0,0.0,0.0,8,31.0,3,1,2.67,0.0,0.0,0.0,0.0,168.19,0.571,0.0,0,0.0,0.0,-84,-7.51,-4,0,-10.47,-0.315,0.0,-0.011,0.0,111.54,0.022,0.0,0,0.0,0.0
provrb,17,17.41,1,1,17.0,0.0,0.0,0.0,0.0,0.02,1.0,0.0,0,0.0,0.0,83,65.71,10,3,8.3,0.096,0.0,0.0,0.0,104.98,0.512,0.0,0,685.5,0.833,66,48.3,9,2,-8.7,0.096,0.0,0.0,0.0,104.96,-0.488,0.0,0,685.5,0.833
libdriver,48,39.71,23,1,2.09,0.333,0.667,0.0,0.0,346.29,0.362,0.0,0,74.08,0.551,41,40.68,13,2,3.15,0.488,0.439,0.098,0.0,397.17,0.575,0.0,0,102.4,1.0,-7,0.97,-10,1,1.06,0.155,-0.228,0.098,0.0,50.88,0.213,0.0,0,28.32,0.449
andrew-wang0,28,14.61,3,2,9.33,0.0,0.107,0.0,0.0,64.01,0.704,0.0,0,0.0,0.0,72,15.06,25,4,2.88,0.014,0.097,0.0,0.0,253.72,0.479,0.0,0,0.0,0.0,44,0.45,22,2,-6.45,0.014,-0.01,0.0,0.0,189.71,-0.225,0.0,0,0.0,0.0
Tochemey,7,40.86,5,1,1.4,0.143,0.857,0.143,0.0,1307.68,0.333,0.0,0,31.67,0.333,10,33.5,4,1,2.5,0.2,0.9,0.0,0.0,1684.46,0.667,0.0,0,0.0,0.0,3,-7.36,-1,0,1.1,0.057,0.043,-0.143,0.0,376.78,0.334,0.0,0,-31.67,-0.333
vishwanathkhuli,39,20.64,2,2,19.5,0.0,0.0,0.0,0.0,2.62,0.921,0.0,0,0.0,0.0,23,16.35,9,2,2.56,0.0,0.0,0.0,0.0,426.85,0.545,0.0,0,0.0,0.0,-16,-4.29,7,0,-16.94,0.0,0.0,0.0,0.0,424.23,-0.376,0.0,0,0.0,0.0
Jrk373,88,34.17,13,5,6.77,0.114,0.0,0.023,0.045,33.16,0.287,0.0,0,0.0,0.0,12,26.08,5,2,2.4,0.0,0.0,0.0,0.0,772.28,0.545,0.0,0,0.0,0.0,-76,-8.09,-8,-3,-4.37,-0.114,0.0,-0.023,-0.045,739.12,0.258,0.0,0,0.0,0.0
ryansatj,60,25.43,12,2,5.0,0.0,0.0,0.067,0.817,38.28,0.424,0.0,0,0.0,0.0,27,21.11,2,3,13.5,0.0,0.0,0.0,0.037,10.82,0.731,0.0,0,0.0,0.0,-33,-4.32,-10,1,8.5,0.0,0.0,-0.067,-0.78,-27.46,0.307,0.0,0,0.0,0.0
ArshTiwari2004,6,16.17,2,1,3.0,0.0,0.0,0.0,0.0,2.7,0.8,0.0,0,0.0,0.0,17,18.53,5,5,3.4,0.0,0.0,0.0,0.0,124.64,0.688,0.0,0,0.0,0.0,11,2.36,3,4,0.4,0.0,0.0,0.0,0.0,121.94,-0.112,0.0,0,0.0,0.0
121me,54,28.59,7,2,7.71,0.204,0.0,0.019,0.019,91.63,0.585,0.0,0,0.0,0.0,7,15.14,2,2,3.5,0.0,0.0,0.0,0.0,1631.83,0.5,0.0,0,0.0,0.0,-47,-13.45,-5,0,-4.21,-0.204,0.0,-0.019,-0.019,1540.2,-0.085,0.0,0,0.0,0.0
kadiremir,8,17.38,4,3,2.0,0.0,0.0,0.0,0.0,1436.48,0.429,0.0,0,0.0,0.0,35,16.31,3,2,11.67,0.029,0.0,0.0,0.0,6.62,0.765,0.0,0,0.0,0.0,27,-1.07,-1,-1,9.67,0.029,0.0,0.0,0.0,-1429.86,0.336,0.0,0,0.0,0.0
jay-kumogata,58,18.83,18,4,3.22,0.017,0.0,0.0,0.0,229.41,0.544,0.0,0,0.0,0.0,6,18.67,5,1,1.2,0.0,0.0,0.0,0.0,3160.43,0.0,0.0,0,0.0,0.0,-52,-0.16,-13,-3,-2.02,-0.017,0.0,0.0,0.0,2931.02,-0.544,0.0,0,0.0,0.0
YangPiCui,14,13.86,6,1,2.33,0.0,0.0,0.0,0.0,662.31,0.538,0.0,0,0.0,0.0,22,12.77,4,1,5.5,0.0,0.0,0.0,0.0,30.33,0.81,0.0,0,0.0,0.0,8,-1.09,-2,0,3.17,0.0,0.0,0.0,0.0,-631.98,0.272,0.0,0,0.0,0.0
FelipeB12,8,11.75,2,2,4.0,0.0,0.0,0.0,0.0,638.08,0.714,0.0,0,0.0,0.0,58,27.22,4,2,14.5,0.052,0.0,0.0,0.0,47.24,0.772,0.0,0,24.0,0.0,50,15.47,2,0,10.5,0.052,0.0,0.0,0.0,-590.84,0.058,0.0,0,24.0,0.0
limska,19,28.53,11,2,1.73,0.0,0.0,0.053,0.0,678.85,0.444,0.0,0,0.0,0.0,16,20.94,12,3,1.33,0.0,0.0,0.0,0.0,1182.31,0.267,0.0,0,0.0,0.0,-3,-7.59,1,1,-0.4,0.0,0.0,-0.053,0.0,503.46,-0.177,0.0,0,0.0,0.0
gustavkrist,27,21.63,4,2,6.75,0.037,0.0,0.0,0.0,195.16,0.731,0.0,0,0.0,0.0,46,42.0,12,1,3.83,0.0,0.0,0.0,0.0,105.59,0.0,0.0,0,0.0,0.0,19,20.37,8,-1,-2.92,-0.037,0.0,0.0,0.0,-89.57,-0.731,0.0,0,0.0,0.0
daineee424,6,15.67,3,1,2.0,0.0,0.0,0.0,0.0,892.3,0.4,0.0,0,0.0,0.0,19,34.0,4,2,4.75,0.053,0.158,0.0,0.0,105.3,0.444,0.0,0,0.0,0.0,13,18.33,1,1,2.75,0.053,0.158,0.0,0.0,-787.0,0.044,0.0,0,0.0,0.0
truillet,5,18.2,1,1,5.0,0.0,0.0,0.0,0.0,4.48,0.75,0.0,0,0.0,0.0,13,17.08,4,1,3.25,0.0,0.0,0.0,0.0,635.97,0.583,0.0,0,0.0,0.0,8,-1.12,3,0,-1.75,0.0,0.0,0.0,0.0,631.49,-0.167,0.0,0,0.0,0.0
JacobTurner1801,6,35.17,6,1,1.0,0.0,0.0,0.0,0.0,815.65,0.0,0.0,0,0.0,0.0,60,39.23,12,3,5.0,0.0,0.0,0.0,0.017,85.12,0.39,0.0,0,0.0,0.0,54,4.06,6,2,4.0,0.0,0.0,0.0,0.017,-730.53,0.39,0.0,0,0.0,0.0
nimeshdkumarawansha,54,15.43,5,5,10.8,0.0,0.0,0.0,0.0,41.01,0.83,0.0,0,0.0,0.0,7,16.57,3,2,2.33,0.0,0.0,0.0,0.0,1176.27,0.667,0.0,0,0.0,0.0,-47,1.14,-2,-3,-8.47,0.0,0.0,0.0,0.0,1135.26,-0.163,0.0,0,0.0,0.0
tlee08,23,7.74,6,1,3.83,0.0,0.0,0.0,0.0,38.8,0.136,0.0,0,0.0,0.0,77,11.39,15,2,5.13,0.0,0.078,0.0,0.0,242.49,0.711,0.0,0,0.0,0.0,54,3.65,9,1,1.3,0.0,0.078,0.0,0.0,203.69,0.575,0.0,0,0.0,0.0
Ephraim67,65,24.17,3,4,21.67,0.0,0.0,0.0,0.015,4.92,0.906,0.0,0,0.0,0.0,35,29.06,5,1,7.0,0.086,0.0,0.057,0.0,256.25,0.706,0.0,0,0.0,0.0,-30,4.89,2,-3,-14.67,0.086,0.0,0.057,-0.015,251.33,-0.2,0.0,0,0.0,0.0
jonaDJ,71,30.13,6,4,11.83,0.211,0.0,0.014,0.014,13.89,0.486,0.0,0,0.0,0.0,29,113.28,9,1,3.22,0.828,0.0,0.0,0.069,573.18,0.536,0.0,0,0.0,0.0,-42,83.15,3,-3,-8.61,0.617,0.0,-0.014,0.055,559.29,0.05,0.0,0,0.0,0.0
justforaprogramm,55,23.89,11,1,5.0,0.255,0.0,0.0,0.0,92.65,0.611,0.0,0,1.57,0.0,45,19.16,16,1,2.81,0.111,0.0,0.044,0.0,283.19,0.409,0.0,0,3.83,0.0,-10,-4.73,5,0,-2.19,-0.144,0.0,0.044,0.0,190.54,-0.202,0.0,0,2.26,0.0
NicolasHug,22,39.82,5,1,4.4,0.045,0.0,0.045,0.0,81.31,0.667,0.0,0,32.56,0.333,6,34.0,3,1,2.0,0.0,0.0,0.0,0.0,221.67,0.6,0.0,0,0.0,0.0,-16,-5.82,-2,0,-2.4,-0.045,0.0,-0.045,0.0,140.36,-0.067,0.0,0,-32.56,-0.333
briansablich,16,46.0,2,1,8.0,0.188,0.0,0.0,0.0,8.96,0.533,0.0,0,0.0,0.0,84,28.54,19,1,4.42,0.119,0.0,0.0,0.0,217.28,0.602,0.0,0,13.5,0.0,68,-17.46,17,0,-3.58,-0.069,0.0,0.0,0.0,208.32,0.069,0.0,0,13.5,0.0
janwee-sha,30,12.03,5,1,6.0,0.0,0.0,0.067,0.0,227.62,0.586,0.0,0,0.0,0.0,58,31.76,10,1,5.8,0.017,0.017,0.138,0.0,173.92,0.579,0.0,0,0.0,0.0,28,19.73,5,0,-0.2,0.017,0.017,0.071,0.0,-53.7,-0.007,0.0,0,0.0,0.0
gautam0901-maker,29,17.03,8,3,3.62,0.069,0.0,0.069,0.0,559.74,0.464,0.0,0,0.0,0.0,5,16.8,3,1,1.67,0.0,0.0,0.0,0.0,2444.16,0.25,0.0,0,0.0,0.0,-24,-0.23,-5,-2,-1.95,-0.069,0.0,-0.069,0.0,1884.42,-0.214,0.0,0,0.0,0.0
NaakkaDev,6,32.83,6,2,1.0,0.0,0.0,0.0,0.0,2606.64,0.0,0.0,0,0.0,0.0,5,27.4,4,1,1.25,0.0,0.0,0.0,0.0,2476.32,0.25,0.0,0,0.0,0.0,-1,-5.43,-2,-1,0.25,0.0,0.0,0.0,0.0,-130.32,0.25,0.0,0,0.0,0.0
zzznly,81,16.8,6,1,13.5,0.0,0.296,0.0,0.074,34.59,0.675,0.0,0,5.75,0.0,19,11.26,3,1,6.33,0.0,0.0,0.0,0.0,473.77,0.611,0.0,0,0.0,0.0,-62,-5.54,-3,0,-7.17,0.0,-0.296,0.0,-0.074,439.18,-0.064,0.0,0,-5.75,0.0
Evo-F,6,16.83,4,3,1.5,0.0,0.0,0.167,0.0,2710.95,0.4,0.0,0,43.25,0.5,8,19.38,2,2,4.0,0.0,0.0,0.0,0.0,457.55,0.714,0.0,0,0.0,0.0,2,2.55,-2,-1,2.5,0.0,0.0,-0.167,0.0,-2253.4,0.314,0.0,0,-43.25,-0.5
7Johnsz,16,16.44,4,3,4.0,0.0,0.0,0.0,0.0,942.25,0.733,0.0,0,0.0,0.0,17,15.47,10,3,1.7,0.0,0.059,0.0,0.0,1110.23,0.375,0.0,0,0.0,0.0,1,-0.97,6,0,-2.3,0.0,0.059,0.0,0.0,167.98,-0.358,0.0,0,0.0,0.0
AlexAlkhatib,22,22.64,4,5,5.5,0.045,0.0,0.0,0.0,300.52,0.714,0.0,0,0.0,0.0,21,58.81,4,5,5.25,0.333,0.0,0.0,0.0,39.51,0.85,0.0,0,0.0,0.0,-1,36.17,0,0,-0.25,0.288,0.0,0.0,0.0,-261.01,0.136,0.0,0,0.0,0.0
Sarim-Rao,13,23.08,3,4,4.33,0.077,0.0,0.0,0.0,95.59,0.583,0.0,0,0.0,0.0,14,26.0,4,1,3.5,0.071,0.0,0.0,0.571,138.82,0.538,0.0,0,0.0,0.0,1,2.92,1,-3,-0.83,-0.006,0.0,0.0,0.571,43.23,-0.045,0.0,0,0.0,0.0
remov-b4-flight,6,24.67,3,1,2.0,0.167,0.0,0.0,0.0,1902.42,0.2,0.0,0,0.0,0.0,20,24.7,12,1,1.67,0.0,0.0,0.0,0.0,742.59,0.158,0.0,0,0.0,0.0,14,0.03,9,0,-0.33,-0.167,0.0,0.0,0.0,-1159.83,-0.042,0.0,0,0.0,0.0
MahmoudNamNam,48,21.31,5,4,9.6,0.0,0.0,0.0,0.0,27.63,0.787,0.0,0,0.0,0.0,52,42.85,15,1,3.47,0.019,0.0,0.0,0.019,117.35,0.176,0.0,0,0.0,0.0,4,21.54,10,-3,-6.13,0.019,0.0,0.0,0.019,89.72,-0.611,0.0,0,0.0,0.0
mrHoft,28,22.68,15,2,1.87,0.036,0.214,0.0,0.0,315.88,0.37,0.0,0,103.48,0.148,72,21.67,41,2,1.76,0.0,0.972,0.0,0.0,268.49,0.183,0.0,0,0.0,0.0,44,-1.01,26,0,-0.11,-0.036,0.758,0.0,0.0,-47.39,-0.187,0.0,0,-103.48,-0.148
Jakob-kild,18,22.94,5,3,3.6,0.056,0.0,0.0,0.0,664.95,0.471,0.0,0,0.0,0.0,45,69.56,6,1,7.5,0.156,0.0,0.0,0.0,56.04,0.682,0.0,0,0.0,0.0,27,46.62,1,-2,3.9,0.1,0.0,0.0,0.0,-608.91,0.211,0.0,0,0.0,0.0
aryaemami59,62,42.82,8,2,7.75,0.0,0.0,0.0,0.0,65.61,0.639,0.0,0,0.0,0.0,38,25.03,4,1,9.5,0.0,0.0,0.0,0.0,83.42,0.703,0.0,0,0.0,0.0,-24,-17.79,-4,-1,1.75,0.0,0.0,0.0,0.0,17.81,0.064,0.0,0,0.0,0.0
pxycknomdictator,8,22.5,2,1,4.0,0.0,0.0,0.0,0.0,36.81,0.571,0.0,0,0.0,0.0,55,24.56,9,5,6.11,0.0,0.0,0.0,0.0,153.7,0.685,0.0,0,0.0,0.0,47,2.06,7,4,2.11,0.0,0.0,0.0,0.0,116.89,0.114,0.0,0,0.0,0.0
akaer,30,22.03,13,1,2.31,0.0,0.0,0.033,0.0,539.33,0.345,0.0,0,0.0,0.0,32,23.16,17,1,1.88,0.0,0.0,0.0,0.0,603.06,0.194,0.0,0,0.0,0.0,2,1.13,4,0,-0.43,0.0,0.0,-0.033,0.0,63.73,-0.151,0.0,0,0.0,0.0
whats2000,6,43.5,4,1,1.5,0.667,0.0,0.0,0.0,1838.4,0.4,0.0,0,0.0,0.0,59,21.29,26,1,2.27,0.017,0.034,0.0,0.0,257.98,0.362,0.0,0,0.0,0.0,53,-22.21,22,0,0.77,-0.65,0.034,0.0,0.0,-1580.42,-0.038,0.0,0,0.0,0.0
SamueleSandrini,29,11.55,6,4,4.83,0.0,0.0,0.0,0.0,371.23,0.714,0.0,0,0.0,0.0,46,13.93,11,1,4.18,0.0,0.0,0.087,0.0,266.14,0.6,0.0,0,0.0,0.0,17,2.38,5,-3,-0.65,0.0,0.0,0.087,0.0,-105.09,-0.114,0.0,0,0.0,0.0
yangxin12138,90,27.87,21,4,4.29,0.0,0.0,0.0,0.0,57.71,0.27,0.0,0,0.0,0.0,10,45.1,5,1,2.0,0.1,0.0,0.0,0.0,1047.5,0.222,0.0,0,0.0,0.0,-80,17.23,-16,-3,-2.29,0.1,0.0,0.0,0.0,989.79,-0.048,0.0,0,0.0,0.0
reczkok,11,18.64,2,2,5.5,0.0,0.0,0.0,0.0,663.58,0.5,0.0,0,0.0,0.0,9,12.89,6,2,1.5,0.0,0.0,0.0,0.0,1605.16,0.375,0.0,0,0.0,0.0,-2,-5.75,4,0,-4.0,0.0,0.0,0.0,0.0,941.58,-0.125,0.0,0,0.0,0.0
ParadelaPablo,20,12.25,10,4,2.0,0.0,0.0,0.0,0.0,444.61,0.211,0.0,0,0.0,0.0,26,23.42,5,2,5.2,0.038,0.0,0.0,0.0,146.08,0.64,0.0,0,0.0,0.0,6,11.17,-5,-2,3.2,0.038,0.0,0.0,0.0,-298.53,0.429,0.0,0,0.0,0.0
hanjinliu,28,21.93,11,1,2.55,0.0,0.0,0.036,0.0,145.75,0.333,0.0,0,157.14,0.857,67,33.49,25,1,2.68,0.239,0.0,0.06,0.0,238.95,0.424,0.0,0,157.82,0.294,39,11.56,14,0,0.13,0.239,0.0,0.024,0.0,93.2,0.091,0.0,0,0.68,-0.563
Peppe289,69,72.03,19,3,3.63,0.957,0.0,0.0,0.0,235.35,0.5,0.0,0,0.0,0.0,6,44.0,4,1,1.5,0.667,0.0,0.0,0.0,1880.33,0.4,0.0,0,0.0,0.0,-63,-28.03,-15,-2,-2.13,-0.29,0.0,0.0,0.0,1644.98,-0.1,0.0,0,0.0,0.0
shifan-mts,39,19.33,7,5,5.57,0.0,0.0,0.0,0.0,146.46,0.789,0.0,0,0.0,0.0,6,13.0,1,1,6.0,0.0,0.0,0.0,0.0,0.17,1.0,0.0,0,0.0,0.0,-33,-6.33,-6,-4,0.43,0.0,0.0,0.0,0.0,-146.29,0.211,0.0,0,0.0,0.0
PostScriptReal,25,22.16,6,4,4.17,0.0,0.0,0.12,0.0,57.18,0.708,0.0,0,0.0,0.0,75,51.08,26,5,2.88,0.187,0.0,0.0,0.013,262.77,0.514,0.0,0,0.0,0.0,50,28.92,20,1,-1.29,0.187,0.0,-0.12,0.013,205.59,-0.194,0.0,0,0.0,0.0
Vaibhav-Pant,12,18.17,2,2,6.0,0.0,0.0,0.0,0.0,50.59,0.909,0.0,0,0.0,0.0,12,17.75,5,3,2.4,0.0,0.0,0.0,0.0,647.67,0.636,0.0,0,0.0,0.0,0,-0.42,3,1,-3.6,0.0,0.0,0.0,0.0,597.08,-0.273,0.0,0,0.0,0.0
hrhrkeee,41,11.32,4,1,10.25,0.0,0.0,0.0,0.0,14.28,0.75,0.0,0,0.0,0.0,59,8.46,17,1,3.47,0.017,0.0,0.0,0.0,261.36,0.362,0.0,0,0.0,0.0,18,-2.86,13,0,-6.78,0.017,0.0,0.0,0.0,247.08,-0.388,0.0,0,0.0,0.0
taemphong,13,28.69,1,2,13.0,0.0,0.0,0.0,0.0,0.41,1.0,0.0,0,14.0,0.0,12,14.0,5,4,2.4,0.083,0.0,0.0,0.0,814.32,0.545,0.0,0,0.0,0.0,-1,-14.69,4,2,-10.6,0.083,0.0,0.0,0.0,813.91,-0.455,0.0,0,-14.0,0.0
GeethSheheran,7,16.0,2,3,3.5,0.0,0.0,0.0,0.0,126.0,0.167,0.0,0,0.0,0.0,10,20.4,2,2,5.0,0.0,0.0,0.0,0.0,74.69,0.778,0.0,0,0.0,0.0,3,4.4,0,-1,1.5,0.0,0.0,0.0,0.0,-51.31,0.611,0.0,0,0.0,0.0
WNomunomu,78,16.79,14,2,5.57,0.0,0.0,0.0,0.0,208.52,0.662,0.0,0,0.0,0.0,22,18.23,1,2,22.0,0.0,0.0,0.0,0.0,4.77,0.905,0.0,0,0.0,0.0,-56,1.44,-13,0,16.43,0.0,0.0,0.0,0.0,-203.75,0.243,0.0,0,0.0,0.0
thingineeer,94,15.26,31,3,3.03,0.138,0.021,0.0,0.0,153.35,0.204,0.0,0,0.0,0.0,6,11.33,3,2,2.0,0.0,0.833,0.0,0.0,449.63,0.4,0.0,0,0.0,0.0,-88,-3.93,-28,-1,-1.03,-0.138,0.812,0.0,0.0,296.28,0.196,0.0,0,0.0,0.0
helenclx,12,22.58,8,1,1.5,0.0,0.0,0.0,0.0,774.72,0.091,0.0,0,0.0,0.0,88,41.98,38,2,2.32,0.0,0.489,0.0,0.0,232.12,0.264,0.0,0,520.0,1.0,76,19.4,30,1,0.82,0.0,0.489,0.0,0.0,-542.6,0.173,0.0,0,520.0,1.0
Reece-Morgan,26,30.77,5,1,5.2,0.154,0.0,0.0,0.0,199.63,0.8,0.0,0,8.75,0.0,22,37.91,7,1,3.14,0.227,0.0,0.0,0.0,631.54,0.714,0.0,0,15.4,0.2,-4,7.14,2,0,-2.06,0.073,0.0,0.0,0.0,431.91,-0.086,0.0,0,6.65,0.2
javier-tecla,9,19.44,3,4,3.0,0.0,0.0,0.0,0.0,285.02,0.75,0.0,0,0.0,0.0,23,25.7,1,4,23.0,0.0,0.0,0.0,0.0,0.24,0.955,0.0,0,0.0,0.0,14,6.26,-2,0,20.0,0.0,0.0,0.0,0.0,-284.78,0.205,0.0,0,0.0,0.0
DerekGn,13,45.08,2,1,6.5,0.462,0.0,0.077,0.0,100.03,0.417,0.0,0,221.5,0.5,12,65.5,7,1,1.71,0.667,0.0,0.167,0.167,1381.28,0.364,0.0,0,50.38,0.5,-1,20.42,5,0,-4.79,0.205,0.0,0.09,0.167,1281.25,-0.053,0.0,0,-171.12,0.0
KrainovSD,67,29.78,13,1,5.15,0.015,0.0,0.0,0.0,52.52,0.394,0.0,0,0.0,0.0,33,35.0,6,1,5.5,0.03,0.091,0.0,0.0,39.91,0.594,0.0,0,0.0,0.0,-34,5.22,-7,0,0.35,0.015,0.091,0.0,0.0,-12.61,0.2,0.0,0,0.0,0.0
filipeedensilva,34,23.41,11,5,3.09,0.0,0.0,0.0,0.0,186.34,0.424,0.0,0,0.0,0.0,15,27.27,9,1,1.67,0.0,0.0,0.0,0.0,1122.74,0.357,0.0,0,0.0,0.0,-19,3.86,-2,-4,-1.42,0.0,0.0,0.0,0.0,936.4,-0.067,0.0,0,0.0,0.0
LukaVerzijl,60,20.78,10,3,6.0,0.0,0.0,0.0,0.0,71.04,0.695,0.0,0,0.0,0.0,40,73.28,7,4,5.71,0.525,0.0,0.025,0.0,234.88,0.795,0.0,0,541.86,0.286,-20,52.5,-3,1,-0.29,0.525,0.0,0.025,0.0,163.84,0.1,0.0,0,541.86,0.286
quiple,10,40.8,6,1,1.67,0.2,0.0,0.0,0.1,226.91,0.222,0.0,0,12.5,0.0,90,18.68,23,1,3.91,0.022,0.0,0.0,0.0,183.43,0.573,0.0,0,0.0,0.0,80,-22.12,17,0,2.24,-0.178,0.0,0.0,-0.1,-43.48,0.351,0.0,0,-12.5,0.0
PauloMats,31,35.81,7,3,4.43,0.0,0.0,0.0,0.0,50.41,0.567,0.0,0,0.0,0.0,69,50.65,26,1,2.65,0.014,0.464,0.0,0.014,279.56,0.471,0.0,0,0.0,0.0,38,14.84,19,-2,-1.78,0.014,0.464,0.0,0.014,229.15,-0.096,0.0,0,0.0,0.0
ff137,23,17.22,4,2,5.75,0.0,0.0,0.0,0.0,102.99,0.773,0.0,0,0.0,0.0,10,19.8,7,1,1.43,0.2,0.0,0.0,0.0,1245.15,0.222,0.0,0,0.0,0.0,-13,2.58,3,-1,-4.32,0.2,0.0,0.0,0.0,1142.16,-0.551,0.0,0,0.0,0.0
hamzayounas256,9,17.11,3,2,3.0,0.111,0.0,0.0,0.0,655.03,0.375,0.0,0,0.0,0.0,7,17.57,2,3,3.5,0.0,0.0,0.0,0.0,92.06,0.333,0.0,0,0.0,0.0,-2,0.46,-1,1,0.5,-0.111,0.0,0.0,0.0,-562.97,-0.042,0.0,0,0.0,0.0
jordi-vancuijlenborg-vinci,16,23.12,5,2,3.2,0.0,0.0,0.0,0.0,392.64,0.6,0.0,0,3.17,0.0,39,61.13,2,1,19.5,0.154,0.538,0.051,0.0,4.28,0.947,0.0,0,0.0,0.0,23,38.01,-3,-1,16.3,0.154,0.538,0.051,0.0,-388.36,0.347,0.0,0,-3.17,0.0
thinkasany,39,19.51,5,1,7.8,0.026,0.154,0.103,0.026,59.43,0.868,0.0,0,1851.3,0.9,61,17.52,8,1,7.62,0.016,0.066,0.344,0.0,180.29,0.767,0.0,0,2057.0,1.0,22,-1.99,3,0,-0.18,-0.01,-0.088,0.241,-0.026,120.86,-0.101,0.0,0,205.7,0.1
sanderland,11,1204.18,9,1,1.22,0.636,0.0,0.091,0.636,1130.81,0.0,0.0,0,0.0,0.0,14,39.29,5,1,2.8,0.143,0.0,0.0,0.071,599.42,0.385,0.0,0,157.32,0.158,3,-1164.89,-4,0,1.58,-0.493,0.0,-0.091,-0.565,-531.39,0.385,0.0,0,157.32,0.158
officialkhaled,73,25.77,11,2,6.64,0.0,0.0,0.0,0.041,37.98,0.611,0.0,0,0.0,0.0,27,29.15,7,1,3.86,0.148,0.0,0.0,0.0,244.72,0.269,0.0,0,0.0,0.0,-46,3.38,-4,-1,-2.78,0.148,0.0,0.0,-0.041,206.74,-0.342,0.0,0,0.0,0.0
denis-vp,45,22.2,8,1,5.62,0.0,0.0,0.044,0.0,23.78,0.5,0.0,0,0.0,0.0,55,21.16,12,3,4.58,0.036,0.0,0.018,0.0,295.24,0.593,0.0,0,0.0,0.0,10,-1.04,4,2,-1.04,0.036,0.0,-0.026,0.0,271.46,0.093,0.0,0,0.0,0.0
timofruehwirth,20,17.2,5,1,4.0,0.0,0.0,0.0,0.0,341.02,0.632,0.0,0,0.0,0.0,78,66.33,19,3,4.11,0.038,0.0,0.077,0.013,238.98,0.494,0.0,0,26.0,0.0,58,49.13,14,2,0.11,0.038,0.0,0.077,0.013,-102.04,-0.138,0.0,0,26.0,0.0
aditya19991010,18,41.39,3,3,6.0,0.333,0.0,0.0,0.0,72.27,0.824,0.0,0,0.0,0.0,67,31.42,12,2,5.58,0.09,0.0,0.0,0.015,78.32,0.515,0.0,0,34.5,0.5,49,-9.97,9,-1,-0.42,-0.243,0.0,0.0,0.015,6.05,-0.309,0.0,0,34.5,0.5
tribhuwan-kumar,39,11.0,5,2,7.8,0.026,0.0,0.0,0.0,121.22,0.658,0.0,0,0.0,0.0,61,18.97,19,2,3.21,0.0,0.541,0.0,0.0,296.54,0.4,0.0,0,0.0,0.0,22,7.97,14,0,-4.59,-0.026,0.541,0.0,0.0,175.32,-0.258,0.0,0,0.0,0.0
aquzif,11,51.45,2,1,5.5,0.545,0.0,0.091,0.091,248.21,0.8,0.0,0,0.63,0.0,75,25.19,10,2,7.5,0.107,0.0,0.0,0.013,168.09,0.622,0.0,0,0.0,0.0,64,-26.26,8,1,2.0,-0.438,0.0,-0.091,-0.078,-80.12,-0.178,0.0,0,-0.63,0.0
nMaax,95,20.47,10,3,9.5,0.0,0.0,0.011,0.011,104.26,0.734,0.0,0,0.0,0.0,5,16.0,4,1,1.25,0.0,0.0,0.0,0.0,3779.36,0.25,0.0,0,0.0,0.0,-90,-4.47,-6,-2,-8.25,0.0,0.0,-0.011,-0.011,3675.1,-0.484,0.0,0,0.0,0.0
anilthanki,7,16.43,4,1,1.75,0.0,0.0,0.0,0.0,1831.65,0.333,0.0,0,0.0,0.0,15,35.27,8,1,1.88,0.067,0.0,0.067,0.333,1067.97,0.429,0.0,0,0.0,0.0,8,18.84,4,0,0.13,0.067,0.0,0.067,0.333,-763.68,0.096,0.0,0,0.0,0.0
lawrence-forooghian,24,43.54,2,1,12.0,0.25,0.0,0.0,0.0,181.72,0.957,0.0,0,0.0,0.0,76,138.41,13,1,5.85,0.382,0.0,0.013,0.026,254.46,0.653,0.0,0,0.0,0.0,52,94.87,11,0,-6.15,0.132,0.0,0.013,0.026,72.74,-0.304,0.0,0,0.0,0.0
josehp304,7,21.86,3,2,2.33,0.0,0.0,0.0,0.0,399.86,0.333,0.0,0,0.0,0.0,8,31.5,4,3,2.0,0.0,0.0,0.0,0.0,87.28,0.429,0.0,0,0.0,0.0,1,9.64,1,1,-0.33,0.0,0.0,0.0,0.0,-312.58,0.096,0.0,0,0.0,0.0
fan-ziqi,61,33.0,16,1,3.81,0.0,0.0,0.0,0.0,240.4,0.567,0.0,0,0.0,0.0,39,32.46,10,1,3.9,0.0,0.0,0.0,0.0,477.42,0.632,0.0,0,0.0,0.0,-22,-0.54,-6,0,0.09,0.0,0.0,0.0,0.0,237.02,0.065,0.0,0,0.0,0.0
Tusharyadav10,5,31.0,4,4,1.25,0.0,0.0,0.0,0.0,3046.34,0.25,0.0,0,0.0,0.0,12,32.17,5,2,2.4,0.167,0.0,0.0,0.0,1730.01,0.182,0.0,0,0.0,0.0,7,1.17,1,-2,1.15,0.167,0.0,0.0,0.0,-1316.33,-0.068,0.0,0,0.0,0.0
ujaRHR,47,23.09,9,5,5.22,0.0,0.0,0.0,0.0,179.37,0.717,0.0,0,0.0,0.0,18,19.28,8,5,2.25,0.0,0.0,0.0,0.0,962.07,0.588,0.0,0,0.0,0.0,-29,-3.81,-1,0,-2.97,0.0,0.0,0.0,0.0,782.7,-0.129,0.0,0,0.0,0.0
yugalteotia,11,24.64,2,4,5.5,0.091,0.0,0.0,0.0,43.75,0.5,0.0,0,0.0,0.0,11,24.27,3,2,3.67,0.091,0.0,0.0,0.0,278.2,0.7,0.0,0,0.0,0.0,0,-0.37,1,-2,-1.83,0.0,0.0,0.0,0.0,234.45,0.2,0.0,0,0.0,0.0
benja-keen,7,15.71,1,1,7.0,0.0,0.0,0.0,0.0,0.21,1.0,0.0,0,0.0,0.0,5,15.6,2,2,2.5,0.0,0.0,0.0,0.0,879.97,0.75,0.0,0,0.0,0.0,-2,-0.11,1,1,-4.5,0.0,0.0,0.0,0.0,879.76,-0.25,0.0,0,0.0,0.0
TimaGribanov,17,23.59,7,1,2.43,0.059,0.0,0.0,0.0,936.49,0.562,0.0,0,0.0,0.0,40,26.93,5,1,8.0,0.05,0.0,0.0,0.0,256.09,0.821,0.0,0,0.0,0.0,23,3.34,-2,0,5.57,-0.009,0.0,0.0,0.0,-680.4,0.259,0.0,0,0.0,0.0
ataullah1,29,16.28,10,5,2.9,0.0,0.0,0.0,0.0,493.98,0.571,0.0,0,0.0,0.0,19,22.63,9,1,2.11,0.053,0.0,0.0,0.0,1002.23,0.333,0.0,0,0.0,0.0,-10,6.35,-1,-4,-0.79,0.053,0.0,0.0,0.0,508.25,-0.238,0.0,0,0.0,0.0
lucasmartinoia,17,25.06,5,2,3.4,0.059,0.0,0.0,0.0,761.78,0.625,0.0,0,0.0,0.0,15,23.8,7,1,2.14,0.0,0.0,0.0,0.0,663.05,0.214,0.0,0,0.0,0.0,-2,-1.26,2,-1,-1.26,-0.059,0.0,0.0,0.0,-98.73,-0.411,0.0,0,0.0,0.0
oma219,82,31.61,23,2,3.57,0.098,0.0,0.049,0.0,159.5,0.42,0.0,0,68.8,0.4,9,49.78,4,1,2.25,0.0,0.0,0.0,0.0,170.96,0.375,0.0,0,0.0,0.0,-73,18.17,-19,-1,-1.32,-0.098,0.0,-0.049,0.0,11.46,-0.045,0.0,0,-68.8,-0.4
Diogobitten,19,16.89,2,4,9.5,0.0,0.0,0.0,0.0,10.65,0.778,0.0,0,0.0,0.0,36,19.25,9,2,4.0,0.0,0.0,0.0,0.0,295.09,0.743,0.0,0,0.0,0.0,17,2.36,7,-2,-5.5,0.0,0.0,0.0,0.0,284.44,-0.035,0.0,0,0.0,0.0
wirrywoo,51,31.98,6,1,8.5,0.078,0.0,0.02,0.0,18.31,0.66,0.0,0,4.0,0.0,49,34.0,10,1,4.9,0.02,0.0,0.02,0.0,96.03,0.5,0.0,0,120.0,1.0,-2,2.02,4,0,-3.6,-0.058,0.0,0.0,0.0,77.72,-0.16,0.0,0,116.0,1.0
kamiljaneczek,46,16.33,5,5,9.2,0.174,0.0,0.0,0.0,140.33,0.733,0.0,0,0.0,0.0,8,17.62,3,4,2.67,0.0,0.0,0.0,0.0,1777.67,0.714,0.0,0,0.0,0.0,-38,1.29,-2,-1,-6.53,-0.174,0.0,0.0,0.0,1637.34,-0.019,0.0,0,0.0,0.0
Thakshaka,37,19.84,4,2,9.25,0.054,0.0,0.0,0.0,89.45,0.694,0.0,0,0.0,0.0,24,50.67,1,1,24.0,0.458,0.0,0.0,0.0,0.02,1.0,0.0,0,0.0,0.0,-13,30.83,-3,-1,14.75,0.404,0.0,0.0,0.0,-89.43,0.306,0.0,0,0.0,0.0
srees1988,47,29.13,8,1,5.88,0.0,0.0,0.0,0.0,263.84,0.761,0.0,0,0.0,0.0,53,26.51,10,1,5.3,0.057,0.0,0.0,0.0,159.21,0.692,0.0,0,0.0,0.0,6,-2.62,2,0,-0.58,0.057,0.0,0.0,0.0,-104.63,-0.069,0.0,0,0.0,0.0
AndersonPS94,20,17.9,3,5,6.67,0.0,0.0,0.0,0.0,822.03,0.737,0.0,0,0.0,0.0,13,17.92,7,1,1.86,0.0,0.0,0.0,0.0,1253.08,0.5,0.0,0,0.0,0.0,-7,0.02,4,-4,-4.81,0.0,0.0,0.0,0.0,431.05,-0.237,0.0,0,0.0,0.0
Shourov98,21,21.33,5,2,4.2,0.048,0.0,0.0,0.0,69.42,0.75,0.0,0,0.0,0.0,15,21.53,8,1,1.88,0.0,0.0,0.0,0.0,274.07,0.5,0.0,0,0.0,0.0,-6,0.2,3,-1,-2.32,-0.048,0.0,0.0,0.0,204.65,-0.25,0.0,0,0.0,0.0
e-psi-lon,9,24.33,4,2,2.25,0.0,0.0,0.0,0.0,1211.67,0.625,0.0,0,0.0,0.0,18,57.67,4,1,4.5,0.111,0.667,0.056,0.0,368.79,0.706,0.0,0,0.0,0.0,9,33.34,0,-1,2.25,0.111,0.667,0.056,0.0,-842.88,0.081,0.0,0,0.0,0.0
hungp03,6,10.17,3,1,2.0,0.0,0.0,0.0,0.0,420.97,0.6,0.0,0,0.0,0.0,63,39.38,14,4,4.5,0.238,0.0,0.016,0.032,178.84,0.435,0.0,0,14.75,0.0,57,29.21,11,3,2.5,0.238,0.0,0.016,0.032,-242.13,-0.165,0.0,0,14.75,0.0
gqmelo,5,31.4,5,1,1.0,0.0,0.0,0.0,0.0,3972.0,0.0,0.0,0,0.0,0.0,16,28.31,10,1,1.6,0.0,0.0,0.0,0.0,1009.32,0.333,0.0,0,0.0,0.0,11,-3.09,5,0,0.6,0.0,0.0,0.0,0.0,-2962.68,0.333,0.0,0,0.0,0.0
xiaohuohumax,11,25.64,9,4,1.22,0.545,0.0,0.0,0.0,1380.63,0.1,0.0,0,0.0,0.0,79,19.01,18,4,4.39,0.076,0.0,0.0,0.0,145.68,0.551,0.0,0,0.0,0.0,68,-6.63,9,0,3.17,-0.469,0.0,0.0,0.0,-1234.95,0.451,0.0,0,0.0,0.0
t-hamano,50,42.56,7,2,7.14,0.24,0.08,0.02,0.04,201.48,0.796,0.0,0,0.0,0.0,49,31.16,11,1,4.45,0.102,0.02,0.0,0.102,363.38,0.729,0.0,0,23.06,0.118,-1,-11.4,4,-1,-2.69,-0.138,-0.06,-0.02,0.062,161.9,-0.067,0.0,0,23.06,0.118
Vlad-disc,27,26.15,5,2,5.4,0.0,0.0,0.0,0.778,31.14,0.423,0.0,0,0.0,0.0,22,13.36,3,2,7.33,0.0,0.0,0.0,0.0,73.89,0.619,0.0,0,0.0,0.0,-5,-12.79,-2,0,1.93,0.0,0.0,0.0,-0.778,42.75,0.196,0.0,0,0.0,0.0
DredD1998,20,16.35,3,2,6.67,0.0,0.0,0.0,0.0,390.39,0.789,0.0,0,0.0,0.0,45,9.44,15,1,3.0,0.0,0.0,0.0,0.0,51.32,0.114,0.0,0,0.0,0.0,25,-6.91,12,-1,-3.67,0.0,0.0,0.0,0.0,-339.07,-0.675,0.0,0,0.0,0.0
hankhsu1996,49,29.04,8,3,6.12,0.0,0.0,0.0,0.0,137.32,0.479,0.0,0,0.0,0.0,8,46.62,4,1,2.0,0.0,0.0,0.0,0.0,991.73,0.429,0.0,0,0.0,0.0,-41,17.58,-4,-2,-4.12,0.0,0.0,0.0,0.0,854.41,-0.05,0.0,0,0.0,0.0
AlexTheProg,10,50.7,4,2,2.5,0.1,0.0,0.0,0.0,525.98,0.333,0.0,0,96.0,1.0,44,43.0,12,1,3.67,0.159,0.0,0.068,0.0,50.68,0.279,0.0,0,0.0,0.0,34,-7.7,8,-1,1.17,0.059,0.0,0.068,0.0,-475.3,-0.054,0.0,0,-96.0,-1.0
Aadarsh-Mane,48,16.65,9,4,5.33,0.0,0.0,0.021,0.0,51.15,0.553,0.0,0,0.0,0.0,17,17.12,5,1,3.4,0.0,0.0,0.0,0.0,189.07,0.5,0.0,0,0.0,0.0,-31,0.47,-4,-3,-1.93,0.0,0.0,-0.021,0.0,137.92,-0.053,0.0,0,0.0,0.0
kieranpotts,8,21.62,2,1,4.0,0.0,0.0,0.0,0.0,130.49,0.857,0.0,0,0.0,0.0,92,48.67,22,2,4.18,0.076,0.25,0.011,0.011,150.44,0.593,0.0,0,0.0,0.0,84,27.05,20,1,0.18,0.076,0.25,0.011,0.011,19.95,-0.264,0.0,0,0.0,0.0
kiancodemy,33,16.0,11,1,3.0,0.0,0.0,0.0,0.0,113.33,0.5,0.0,0,0.0,0.0,67,16.0,28,1,2.39,0.0,0.0,0.0,0.0,174.21,0.455,0.0,0,0.0,0.0,34,0.0,17,0,-0.61,0.0,0.0,0.0,0.0,60.88,-0.045,0.0,0,0.0,0.0
sergionaskbr,56,26.14,4,4,14.0,0.0,0.0,0.0,0.0,167.61,0.818,0.0,0,0.0,0.0,18,24.22,5,2,3.6,0.111,0.0,0.0,0.0,507.44,0.647,0.0,0,0.0,0.0,-38,-1.92,1,-2,-10.4,0.111,0.0,0.0,0.0,339.83,-0.171,0.0,0,0.0,0.0
Collinzy0451,49,19.39,4,3,12.25,0.061,0.0,0.0,0.0,8.78,0.792,0.0,0,0.0,0.0,51,16.98,10,1,5.1,0.0,0.0,0.0,0.0,53.05,0.58,0.0,0,0.0,0.0,2,-2.41,6,-2,-7.15,-0.061,0.0,0.0,0.0,44.27,-0.212,0.0,0,0.0,0.0
LalbaAnthony,79,12.43,10,3,7.9,0.0,0.0,0.0,0.0,42.16,0.603,0.0,0,0.0,0.0,21,16.0,9,2,2.33,0.0,0.0,0.0,0.0,577.03,0.5,0.0,0,0.0,0.0,-58,3.57,-1,-1,-5.57,0.0,0.0,0.0,0.0,534.87,-0.103,0.0,0,0.0,0.0
rogerioflh,83,18.02,23,2,3.61,0.012,0.0,0.0,0.0,127.54,0.659,0.0,0,0.0,0.0,17,17.06,10,1,1.7,0.0,0.0,0.0,0.0,693.35,0.25,0.0,0,0.0,0.0,-66,-0.96,-13,-1,-1.91,-0.012,0.0,0.0,0.0,565.81,-0.409,0.0,0,0.0,0.0
Ryohskay,12,27.83,6,3,2.0,0.083,0.0,0.0,0.0,1317.02,0.545,0.0,0,0.0,0.0,5,24.2,4,1,1.25,0.0,0.0,0.0,0.0,4388.87,0.25,0.0,0,0.0,0.0,-7,-3.63,-2,-2,-0.75,-0.083,0.0,0.0,0.0,3071.85,-0.295,0.0,0,0.0,0.0
levydsa,57,32.74,7,5,8.14,0.053,0.0,0.0,0.018,62.78,0.857,0.0,0,0.0,0.0,5,29.2,2,1,2.5,0.0,0.0,0.0,0.0,430.24,0.75,0.0,0,0.0,0.0,-52,-3.54,-5,-4,-5.64,-0.053,0.0,0.0,-0.018,367.46,-0.107,0.0,0,0.0,0.0
ibrahimhalilsezgin,11,15.82,3,2,3.67,0.0,0.0,0.0,0.0,382.77,0.7,0.0,0,0.0,0.0,15,17.8,5,3,3.0,0.0,0.0,0.0,0.0,391.09,0.643,0.0,0,0.0,0.0,4,1.98,2,1,-0.67,0.0,0.0,0.0,0.0,8.32,-0.057,0.0,0,0.0,0.0
husainarib,24,17.29,5,4,4.8,0.0,0.0,0.0,0.0,615.77,0.609,0.0,0,0.0,0.0,32,32.53,7,1,4.57,0.0,0.0,0.0,0.031,41.6,0.516,0.0,0,0.0,0.0,8,15.24,2,-3,-0.23,0.0,0.0,0.0,0.031,-574.17,-0.093,0.0,0,0.0,0.0
arr199,94,13.89,4,1,23.5,0.0,0.0,0.0,0.0,11.54,0.925,0.0,0,0.0,0.0,6,23.33,5,2,1.2,0.0,0.0,0.0,0.0,1417.01,0.2,0.0,0,0.0,0.0,-88,9.44,1,1,-22.3,0.0,0.0,0.0,0.0,1405.47,-0.725,0.0,0,0.0,0.0
enescankaya,24,17.46,6,4,4.0,0.042,0.0,0.0,0.0,428.77,0.739,0.0,0,0.0,0.0,15,268.8,2,2,7.5,0.8,0.0,0.0,0.0,2.45,0.929,0.0,0,0.0,0.0,-9,251.34,-4,-2,3.5,0.758,0.0,0.0,0.0,-426.32,0.19,0.0,0,0.0,0.0
facsert,82,83.9,29,1,2.83,0.915,0.0,0.024,0.0,129.64,0.21,0.0,0,0.0,0.0,18,70.78,4,1,4.5,0.722,0.0,0.056,0.0,28.34,0.412,0.0,0,0.0,0.0,-64,-13.12,-25,0,1.67,-0.193,0.0,0.032,0.0,-101.3,0.202,0.0,0,0.0,0.0
EdwardZhangJ,52,73.71,9,3,5.78,0.865,0.0,0.019,0.5,241.53,0.608,0.0,0,0.0,0.0,48,50.62,15,1,3.2,0.0,0.917,0.0,0.104,361.6,0.213,0.0,0,0.0,0.0,-4,-23.09,6,-2,-2.58,-0.865,0.917,-0.019,-0.396,120.07,-0.395,0.0,0,0.0,0.0
leonardorimes,14,16.43,4,2,3.5,0.0,0.0,0.0,0.0,584.47,0.538,0.0,0,0.0,0.0,86,28.92,14,4,6.14,0.012,0.0,0.0,0.012,121.97,0.553,0.0,0,0.0,0.0,72,12.49,10,2,2.64,0.012,0.0,0.0,0.012,-462.5,0.015,0.0,0,0.0,0.0
7997275647,7,28.86,3,2,2.33,0.143,0.0,0.0,0.0,584.72,0.667,0.0,0,0.0,0.0,34,33.06,8,3,4.25,0.324,0.0,0.0,0.0,321.47,0.667,0.0,0,12.62,0.125,27,4.2,5,1,1.92,0.181,0.0,0.0,0.0,-263.25,0.0,0.0,0,12.62,0.125
Samq64,15,22.33,6,3,2.5,0.067,0.0,0.0,0.0,775.46,0.571,0.0,0,0.0,0.0,59,25.83,14,2,4.21,0.068,0.0,0.0,0.0,217.84,0.431,0.0,0,63.5,0.5,44,3.5,8,-1,1.71,0.001,0.0,0.0,0.0,-557.62,-0.14,0.0,0,63.5,0.5
michellao,39,41.46,18,2,2.17,0.026,0.0,0.0,0.0,231.83,0.5,0.0,0,0.0,0.0,61,31.82,30,2,2.03,0.049,0.0,0.0,0.0,332.08,0.383,0.0,0,0.0,0.0,22,-9.64,12,0,-0.14,0.023,0.0,0.0,0.0,100.25,-0.117,0.0,0,0.0,0.0
jjw0609,75,16.97,13,4,5.77,0.027,0.027,0.0,0.0,71.13,0.757,0.0,0,0.0,0.0,25,17.28,5,1,5.0,0.0,0.0,0.0,0.0,688.95,0.708,0.0,0,0.0,0.0,-50,0.31,-8,-3,-0.77,-0.027,-0.027,0.0,0.0,617.82,-0.049,0.0,0,0.0,0.0
yordanluturyalii,21,35.24,3,1,7.0,0.0,0.952,0.0,0.0,13.96,0.6,0.0,0,0.0,0.0,79,35.35,5,4,15.8,0.0,0.696,0.0,0.0,35.5,0.628,0.0,0,61.0,1.0,58,0.11,2,3,8.8,0.0,-0.256,0.0,0.0,21.54,0.028,0.0,0,61.0,1.0
Chia1104,51,15.76,16,4,3.19,0.0,0.0,0.0,0.0,340.37,0.38,0.0,0,0.0,0.0,8,42.88,3,1,2.67,0.25,1.0,0.0,0.0,2232.72,0.714,0.0,0,0.0,0.0,-43,27.12,-13,-3,-0.52,0.25,1.0,0.0,0.0,1892.35,0.334,0.0,0,0.0,0.0
Tablerase,10,15.9,6,1,1.67,0.0,0.0,0.0,0.0,234.51,0.222,0.0,0,0.0,0.0,90,70.54,27,1,3.33,0.233,0.667,0.011,0.056,88.2,0.404,0.0,0,0.0,0.0,80,54.64,21,0,1.66,0.233,0.667,0.011,0.056,-146.31,0.182,0.0,0,0.0,0.0
odin568,11,128.18,8,1,1.38,0.909,0.0,0.0,0.0,243.13,0.2,0.0,0,0.0,0.0,84,138.23,45,1,1.87,0.976,0.0,0.0,0.0,223.57,0.361,0.0,0,0.0,0.0,73,10.05,37,0,0.49,0.067,0.0,0.0,0.0,-19.56,0.161,0.0,0,0.0,0.0
ValKmjolnir,7,32.0,1,1,7.0,0.0,0.0,0.0,0.0,20.27,0.667,0.0,0,0.0,0.0,18,30.0,5,1,3.6,0.222,0.0,0.0,0.0,568.96,0.471,0.0,0,0.0,0.0,11,-2.0,4,0,-3.4,0.222,0.0,0.0,0.0,548.69,-0.196,0.0,0,0.0,0.0
joelson91,5,16.0,3,1,1.67,0.0,0.0,0.0,0.0,3661.29,0.5,0.0,0,0.0,0.0,83,32.36,12,5,6.92,0.06,0.193,0.0,0.0,178.8,0.695,0.0,0,23.33,0.167,78,16.36,9,4,5.25,0.06,0.193,0.0,0.0,-3482.49,0.195,0.0,0,23.33,0.167
Aarndal,16,74.31,3,1,5.33,0.0,0.0,0.0,0.0,22.86,0.4,0.0,0,0.0,0.0,84,51.18,8,2,10.5,0.119,0.0,0.0,0.0,39.63,0.494,0.0,0,0.0,0.0,68,-23.13,5,1,5.17,0.119,0.0,0.0,0.0,16.77,0.094,0.0,0,0.0,0.0
Divyanshu960,94,16.67,19,1,4.95,0.011,0.0,0.0,0.0,74.07,0.462,0.0,0,0.0,0.0,6,15.33,5,1,1.2,0.0,0.0,0.0,0.0,1289.12,0.2,0.0,0,0.0,0.0,-88,-1.34,-14,0,-3.75,-0.011,0.0,0.0,0.0,1215.05,-0.262,0.0,0,0.0,0.0
SpadyisLive,7,27.0,2,2,3.5,0.143,0.0,0.0,0.0,86.53,0.667,0.0,0,0.0,0.0,15,18.73,6,4,2.5,0.067,0.0,0.0,0.0,567.18,0.643,0.0,0,0.0,0.0,8,-8.27,4,2,-1.0,-0.076,0.0,0.0,0.0,480.65,-0.024,0.0,0,0.0,0.0
Tabaaza,21,30.86,3,2,7.0,0.048,0.0,0.0,0.0,76.48,0.8,0.0,0,0.0,0.0,79,28.8,5,2,15.8,0.0,0.0,0.0,0.215,65.07,0.769,0.0,0,0.0,0.0,58,-2.06,2,0,8.8,-0.048,0.0,0.0,0.215,-11.41,-0.031,0.0,0,0.0,0.0
weirdapps,10,16.5,3,1,3.33,0.0,0.0,0.0,0.1,66.16,0.333,0.0,0,0.0,0.0,90,637.3,8,2,11.25,0.889,0.844,0.4,0.344,13.61,0.618,0.0,0,797.64,0.929,80,620.8,5,1,7.92,0.889,0.844,0.4,0.244,-52.55,0.285,0.0,0,797.64,0.929
88250,35,29.63,20,1,1.75,0.029,0.0,0.0,0.0,487.03,0.382,0.0,0,0.0,0.0,28,42.18,12,1,2.33,0.036,0.0,0.036,0.0,663.62,0.519,0.0,0,0.0,0.0,-7,12.55,-8,0,0.58,0.007,0.0,0.036,0.0,176.59,0.137,0.0,0,0.0,0.0
HarshvardhanPandey2003,89,23.63,10,2,8.9,0.011,0.0,0.0,0.0,32.06,0.614,0.0,0,0.0,0.0,11,28.18,5,2,2.2,0.0,0.0,0.0,0.0,241.9,0.2,0.0,0,0.0,0.0,-78,4.55,-5,0,-6.7,-0.011,0.0,0.0,0.0,209.84,-0.414,0.0,0,0.0,0.0
IshanHansaka,59,27.24,6,3,9.83,0.169,0.0,0.0,0.0,41.41,0.793,0.0,0,0.0,0.0,41,22.24,15,3,2.73,0.049,0.146,0.0,0.0,364.09,0.35,0.0,0,0.0,0.0,-18,-5.0,9,0,-7.1,-0.12,0.146,0.0,0.0,322.68,-0.443,0.0,0,0.0,0.0
rajin-khan,12,16.0,8,1,1.5,0.0,0.0,0.0,0.0,360.34,0.364,0.0,0,0.0,0.0,88,16.74,35,1,2.51,0.0,0.0,0.0,0.0,161.43,0.402,0.0,0,0.0,0.0,76,0.74,27,0,1.01,0.0,0.0,0.0,0.0,-198.91,0.038,0.0,0,0.0,0.0
RichardAnderson,10,15.5,2,1,5.0,0.0,0.0,0.0,0.0,37.48,0.889,0.0,0,0.0,0.0,6,33.0,3,1,2.0,0.0,0.0,0.0,0.0,474.8,0.4,0.0,0,0.0,0.0,-4,17.5,1,0,-3.0,0.0,0.0,0.0,0.0,437.32,-0.489,0.0,0,0.0,0.0
kinncode,6,62.67,2,1,3.0,0.5,0.0,0.0,0.0,532.38,0.6,0.0,0,0.0,0.0,73,20.18,18,5,4.06,0.014,0.0,0.014,0.0,256.06,0.653,0.0,0,75.0,1.0,67,-42.49,16,4,1.06,-0.486,0.0,0.014,0.0,-276.32,0.053,0.0,0,75.0,1.0
JpABrasil,51,25.08,5,1,10.2,0.0,0.0,0.0,0.0,13.73,0.52,0.0,0,0.0,0.0,49,23.06,7,2,7.0,0.0,0.0,0.0,0.0,188.78,0.625,0.0,0,0.0,0.0,-2,-2.02,2,1,-3.2,0.0,0.0,0.0,0.0,175.05,0.105,0.0,0,0.0,0.0
kallagoutham,17,32.71,3,2,5.67,0.0,0.0,0.0,0.0,600.87,0.812,0.0,0,0.0,0.0,81,63.12,7,1,11.57,0.21,0.0,0.0,0.0,11.44,0.475,0.0,0,0.0,0.0,64,30.41,4,-1,5.9,0.21,0.0,0.0,0.0,-589.43,-0.337,0.0,0,0.0,0.0
jonesy-b-dev,89,31.54,20,2,4.45,0.079,0.0,0.0,0.045,119.6,0.455,0.0,0,0.0,0.0,11,30.64,7,2,1.57,0.273,0.0,0.0,0.0,1619.59,0.3,0.0,0,0.0,0.0,-78,-0.9,-13,0,-2.88,0.194,0.0,0.0,-0.045,1499.99,-0.155,0.0,0,0.0,0.0
surajh8596,88,26.15,18,4,4.89,0.0,0.0,0.0,0.0,155.86,0.655,0.0,0,0.0,0.0,12,17.0,2,1,6.0,0.0,0.0,0.0,0.0,39.76,0.727,0.0,0,0.0,0.0,-76,-9.15,-16,-3,1.11,0.0,0.0,0.0,0.0,-116.1,0.072,0.0,0,0.0,0.0
baptistepau,8,44.75,3,2,2.67,0.125,0.0,0.0,0.125,195.19,0.429,0.0,0,0.0,0.0,68,19.22,15,4,4.53,0.0,0.0,0.015,0.0,241.07,0.567,0.0,0,0.0,0.0,60,-25.53,12,2,1.86,-0.125,0.0,0.015,-0.125,45.88,0.138,0.0,0,0.0,0.0
oseogbe,8,16.0,5,1,1.6,0.0,0.0,0.0,0.0,1419.89,0.286,0.0,0,0.0,0.0,92,32.57,14,3,6.57,0.109,0.239,0.0,0.0,182.28,0.495,0.0,0,0.0,0.0,84,16.57,9,2,4.97,0.109,0.239,0.0,0.0,-1237.61,0.209,0.0,0,0.0,0.0
jerirgz,7,15.71,3,1,2.33,0.0,0.0,0.0,0.0,191.35,0.5,0.0,0,0.0,0.0,11,25.73,4,3,2.75,0.182,0.0,0.0,0.0,216.3,0.5,0.0,0,82.67,0.667,4,10.02,1,2,0.42,0.182,0.0,0.0,0.0,24.95,0.0,0.0,0,82.67,0.667
thebrokenblow,30,30.9,4,4,7.5,0.0,0.0,0.0,0.0,21.24,0.379,0.0,0,0.0,0.0,11,16.0,2,1,5.5,0.0,0.0,0.0,0.0,1228.21,0.7,0.0,0,0.0,0.0,-19,-14.9,-2,-3,-2.0,0.0,0.0,0.0,0.0,1206.97,0.321,0.0,0,0.0,0.0
Juadebfm,39,3.46,6,3,6.5,0.0,0.0,0.0,0.0,169.17,0.684,0.0,0,0.0,0.0,61,5.1,8,1,7.62,0.0,0.049,0.0,0.0,59.96,0.65,0.0,0,0.0,0.0,22,1.64,2,-2,1.12,0.0,0.049,0.0,0.0,-109.21,-0.034,0.0,0,0.0,0.0
ivory-code,22,15.59,15,2,1.47,0.0,0.0,0.0,0.0,698.43,0.238,0.0,0,0.0,0.0,10,31.6,7,1,1.43,0.2,0.0,0.0,0.0,2023.21,0.222,0.0,0,0.0,0.0,-12,16.01,-8,-1,-0.04,0.2,0.0,0.0,0.0,1324.78,-0.016,0.0,0,0.0,0.0
horahora,65,26.97,20,3,3.25,0.0,0.862,0.0,0.0,203.6,0.453,0.0,0,0.0,0.0,35,43.43,11,1,3.18,0.0,1.0,0.0,0.0,450.99,0.412,0.0,0,0.0,0.0,-30,16.46,-9,-2,-0.07,0.0,0.138,0.0,0.0,247.39,-0.041,0.0,0,0.0,0.0
mdmasudrana271,13,13.0,1,5,13.0,0.0,0.0,0.0,0.0,2.01,0.917,0.0,0,0.0,0.0,10,21.0,3,1,3.33,0.0,0.0,0.0,0.0,545.29,0.556,0.0,0,0.0,0.0,-3,8.0,2,-4,-9.67,0.0,0.0,0.0,0.0,543.28,-0.361,0.0,0,0.0,0.0
                                                                                                                                                                                                          anthonybeckett,50,61.34,12,2,4.17,0.0,0.0,0.0,0.0,155.05,0.429,0.0,0,0.0,0.0,13,120.62,1,1,13.0,1.0,0.0,0.0,0.0,0.01,1.0,0.0,0,0.0,0.0,-37,59.28,-11,-1,8.83,1.0,0.0,0.0,0.0,-155.04,0.571,0.0,0,0.0,0.0
gautamkumar1,87,8.83,18,2,4.83,0.0,0.0,0.0,0.0,100.19,0.244,0.0,0,0.0,0.0,13,24.38,8,1,1.62,0.154,0.0,0.0,0.0,1189.16,0.25,0.0,0,0.0,0.0,-74,15.55,-10,-1,-3.21,0.154,0.0,0.0,0.0,1088.97,0.006,0.0,0,0.0,0.0
Fasse,14,27.36,7,2,2.0,0.0,0.0,0.0,0.0,752.91,0.538,0.0,0,0.0,0.0,21,24.67,9,2,2.33,0.0,0.0,0.0,0.0,879.1,0.45,0.0,0,0.0,0.0,7,-2.69,2,0,0.33,0.0,0.0,0.0,0.0,126.19,-0.088,0.0,0,0.0,0.0
itsgourav62,10,16.9,6,3,1.67,0.0,0.0,0.0,0.0,1076.47,0.333,0.0,0,0.0,0.0,13,57.38,5,2,2.6,0.308,0.0,0.0,0.0,913.35,0.583,0.0,0,0.0,0.0,3,40.48,-1,-1,0.93,0.308,0.0,0.0,0.0,-163.12,0.25,0.0,0,0.0,0.0
Lzww0608,6,29.5,1,1,6.0,0.0,0.0,0.0,0.0,0.96,0.8,0.0,0,0.0,0.0,94,13.46,33,1,2.85,0.0,0.0,0.011,0.0,63.37,0.269,0.0,0,0.0,0.0,88,-16.04,32,0,-3.15,0.0,0.0,0.011,0.0,62.41,-0.531,0.0,0,0.0,0.0
bencodes07,79,18.85,15,2,5.27,0.063,0.0,0.0,0.0,168.83,0.692,0.0,0,0.0,0.0,21,22.76,12,1,1.75,0.0,0.0,0.0,0.0,997.95,0.45,0.0,0,0.0,0.0,-58,3.91,-3,-1,-3.52,-0.063,0.0,0.0,0.0,829.12,-0.242,0.0,0,0.0,0.0
mattenarle10,39,16.82,6,3,6.5,0.0,0.0,0.0,0.0,141.59,0.816,0.0,0,0.0,0.0,34,24.56,14,1,2.43,0.088,0.029,0.0,0.0,448.19,0.515,0.0,0,0.0,0.0,-5,7.74,8,-2,-4.07,0.088,0.029,0.0,0.0,306.6,-0.301,0.0,0,0.0,0.0
doronbehar,20,37.35,12,1,1.67,0.05,0.0,0.0,0.05,232.67,0.211,0.0,0,0.0,0.0,79,39.85,34,1,2.32,0.025,0.0,0.0,0.063,248.76,0.385,0.0,0,0.0,0.0,59,2.5,22,0,0.65,-0.025,0.0,0.0,0.013,16.09,0.174,0.0,0,0.0,0.0
kennybc,20,16.25,1,1,20.0,0.0,0.0,0.0,0.0,0.1,1.0,0.0,0,0.0,0.0,34,25.35,8,2,4.25,0.0,0.0,0.029,0.0,214.77,0.667,0.0,0,0.0,0.0,14,9.1,7,1,-15.75,0.0,0.0,0.029,0.0,214.67,-0.333,0.0,0,0.0,0.0
tonmoydeb404,21,48.1,6,1,3.5,0.286,0.0,0.0,0.0,677.14,0.75,0.0,0,0.0,0.0,18,84.83,4,1,4.5,0.611,0.0,0.0,0.0,989.81,0.824,0.0,0,0.0,0.0,-3,36.73,-2,0,1.0,0.325,0.0,0.0,0.0,312.67,0.074,0.0,0,0.0,0.0
Mr-McGL,14,17.93,4,2,3.5,0.0,0.0,0.0,0.0,127.67,0.538,0.0,0,0.0,0.0,73,57.29,14,2,5.21,0.26,0.0,0.0,0.0,75.32,0.694,0.0,0,0.0,0.0,59,39.36,10,0,1.71,0.26,0.0,0.0,0.0,-52.35,0.156,0.0,0,0.0,0.0
qianguyihao,33,14.39,13,1,2.54,0.0,0.0,0.0,0.0,479.95,0.406,0.0,0,0.0,0.0,8,16.5,4,1,2.0,0.25,0.0,0.0,0.0,2356.88,0.286,0.0,0,0.0,0.0,-25,2.11,-9,0,-0.54,0.25,0.0,0.0,0.0,1876.93,-0.12,0.0,0,0.0,0.0
yesolz,20,15.4,9,1,2.22,0.0,0.0,0.0,0.0,96.72,0.105,0.0,0,0.0,0.0,80,16.49,25,1,3.2,0.0,0.0,0.0,0.0,239.27,0.063,0.0,0,0.0,0.0,60,1.09,16,0,0.98,0.0,0.0,0.0,0.0,142.55,-0.042,0.0,0,0.0,0.0
fairhurst-dev,47,27.57,9,2,5.22,0.128,0.0,0.043,0.0,175.98,0.696,0.0,0,0.0,0.0,8,27.62,6,1,1.33,0.5,0.0,0.0,0.0,1152.52,0.143,0.0,0,1.14,0.0,-39,0.05,-3,-1,-3.89,0.372,0.0,-0.043,0.0,976.54,-0.553,0.0,0,1.14,0.0
Alexander-Ottaway,8,8.5,3,1,2.67,0.0,0.0,0.0,0.0,167.85,0.429,0.0,0,0.0,0.0,13,31.0,7,4,1.86,0.154,0.0,0.0,0.077,844.09,0.5,0.0,0,0.0,0.0,5,22.5,4,3,-0.81,0.154,0.0,0.0,0.077,676.24,0.071,0.0,0,0.0,0.0
spysabbir,41,16.22,15,5,2.73,0.024,0.0,0.0,0.0,153.1,0.6,0.0,0,0.0,0.0,8,16.0,5,1,1.6,0.0,0.0,0.0,0.0,2087.1,0.143,0.0,0,0.0,0.0,-33,-0.22,-10,-4,-1.13,-0.024,0.0,0.0,0.0,1934.0,-0.457,0.0,0,0.0,0.0
ram-polisetti,36,36.22,4,3,9.0,0.0,0.0,0.056,0.0,25.1,0.714,0.0,0,0.0,0.0,64,19.58,9,1,7.11,0.0,0.0,0.0,0.0,159.49,0.762,0.0,0,0.0,0.0,28,-16.64,5,-2,-1.89,0.0,0.0,-0.056,0.0,134.39,0.048,0.0,0,0.0,0.0
farmatholin,7,49.86,3,1,2.33,0.286,0.0,0.0,0.0,256.26,0.667,0.0,0,0.0,0.0,5,58.8,4,1,1.25,0.6,0.0,0.0,0.0,2113.42,0.25,0.0,0,0.0,0.0,-2,8.94,1,0,-1.08,0.314,0.0,0.0,0.0,1857.16,-0.417,0.0,0,0.0,0.0
mukkelian,8,13.75,3,1,2.67,0.0,0.0,0.0,0.0,1268.04,0.571,0.0,0,0.0,0.0,64,25.03,7,1,9.14,0.0,0.0,0.0,0.0,16.67,0.524,0.0,0,0.0,0.0,56,11.28,4,0,6.47,0.0,0.0,0.0,0.0,-1251.37,-0.047,0.0,0,0.0,0.0
Mata13,19,18.53,5,1,3.8,0.105,0.0,0.0,0.0,135.0,0.667,0.0,0,0.0,0.0,32,23.47,16,2,2.0,0.031,0.0,0.0,0.0,413.52,0.419,0.0,0,0.0,0.0,13,4.94,11,1,-1.8,-0.074,0.0,0.0,0.0,278.52,-0.248,0.0,0,0.0,0.0
aaryanp2904,6,23.83,1,3,6.0,0.0,0.0,0.167,0.0,0.63,0.8,0.0,0,0.0,0.0,11,21.27,1,1,11.0,0.0,0.0,0.0,0.0,0.04,1.0,0.0,0,0.0,0.0,5,-2.56,0,-2,5.0,0.0,0.0,-0.167,0.0,-0.59,0.2,0.0,0,0.0,0.0
Qamil-Mirza,7,73.86,3,1,2.33,0.143,0.0,0.0,0.0,87.65,0.5,0.0,0,0.0,0.0,93,30.27,9,3,10.33,0.022,0.0,0.022,0.0,55.51,0.489,0.0,0,98.75,0.25,86,-43.59,6,2,8.0,-0.121,0.0,0.022,0.0,-32.14,-0.011,0.0,0,98.75,0.25
MoroderMind,23,21.43,4,2,5.75,0.0,0.0,0.087,0.0,203.92,0.682,0.0,0,0.0,0.0,44,31.36,7,3,6.29,0.0,0.0,0.023,0.023,301.32,0.465,0.0,0,0.0,0.0,21,9.93,3,1,0.54,0.0,0.0,-0.064,0.023,97.4,-0.217,0.0,0,0.0,0.0
bvr,30,20.27,10,1,3.0,0.0,0.0,0.0,0.0,150.48,0.414,0.0,0,0.0,0.0,70,30.14,36,1,1.94,0.0,0.0,0.0,0.0,252.85,0.42,0.0,0,0.0,0.0,40,9.87,26,0,-1.06,0.0,0.0,0.0,0.0,102.37,0.006,0.0,0,0.0,0.0
RunyiYang,47,9.64,14,1,3.36,0.0,0.0,0.0,0.0,269.69,0.5,0.0,0,0.0,0.0,53,9.17,16,1,3.31,0.0,0.0,0.0,0.0,349.01,0.577,0.0,0,0.0,0.0,6,-0.47,2,0,-0.05,0.0,0.0,0.0,0.0,79.32,0.077,0.0,0,0.0,0.0
rdenarie,12,25.25,6,2,2.0,0.083,0.0,0.0,0.0,762.72,0.455,0.0,0,0.0,0.0,8,15.25,2,2,4.0,0.0,0.0,0.0,0.0,785.16,0.857,0.0,0,0.0,0.0,-4,-10.0,-4,0,2.0,-0.083,0.0,0.0,0.0,22.44,0.402,0.0,0,0.0,0.0
BaeJuh,83,18.17,15,2,5.53,0.024,0.0,0.012,0.0,134.67,0.671,0.0,0,0.0,0.0,17,21.41,5,1,3.4,0.118,0.0,0.0,0.0,44.68,0.438,0.0,0,0.0,0.0,-66,3.24,-10,-1,-2.13,0.094,0.0,-0.012,0.0,-89.99,-0.233,0.0,0,0.0,0.0
NeqTarine,8,20.12,2,1,4.0,0.0,0.0,0.0,0.0,67.67,0.714,0.0,0,0.0,0.0,22,9.45,3,2,7.33,0.0,0.0,0.045,0.0,275.06,0.81,0.0,0,0.0,0.0,14,-10.67,1,1,3.33,0.0,0.0,0.045,0.0,207.39,0.096,0.0,0,0.0,0.0
Novfensec,45,18.31,11,4,4.09,0.0,0.0,0.0,0.0,347.49,0.614,0.0,0,0.0,0.0,44,21.0,10,4,4.4,0.045,0.0,0.0,0.0,303.57,0.698,0.0,0,114.0,1.0,-1,2.69,-1,0,0.31,0.045,0.0,0.0,0.0,-43.92,0.084,0.0,0,114.0,1.0
adarsh-1262,34,39.82,7,1,4.86,0.0,0.0,0.0,0.0,260.23,0.576,0.0,0,0.0,0.0,66,32.76,15,1,4.4,0.0,0.0,0.0,0.0,38.79,0.231,0.0,0,0.0,0.0,32,-7.06,8,0,-0.46,0.0,0.0,0.0,0.0,-221.44,-0.345,0.0,0,0.0,0.0
PedroPizzutti,71,27.21,10,2,7.1,0.0,0.0,0.0,0.0,155.82,0.6,0.0,0,0.0,0.0,23,16.52,8,1,2.88,0.0,0.0,0.0,0.0,526.38,0.455,0.0,0,0.0,0.0,-48,-10.69,-2,-1,-4.22,0.0,0.0,0.0,0.0,370.56,-0.145,0.0,0,0.0,0.0
jaimeamate,26,32.92,3,2,8.67,0.077,0.0,0.0,0.0,15.49,0.8,0.0,0,0.0,0.0,45,36.02,7,3,6.43,0.111,0.0,0.0,0.0,39.87,0.705,0.0,0,0.0,0.0,19,3.1,4,1,-2.24,0.034,0.0,0.0,0.0,24.38,-0.095,0.0,0,0.0,0.0
NathanLouth,83,22.82,6,3,13.83,0.084,0.0,0.0,0.0,95.99,0.817,0.0,0,0.0,0.0,17,18.18,2,3,8.5,0.059,0.0,0.0,0.0,430.69,0.875,0.0,0,0.0,0.0,-66,-4.64,-4,0,-5.33,-0.025,0.0,0.0,0.0,334.7,0.058,0.0,0,0.0,0.0
pat-s,7,89.71,5,1,1.4,0.429,0.0,0.0,0.0,1808.91,0.167,0.0,0,39.6,0.0,9,47.0,4,1,2.25,0.222,0.222,0.0,0.0,1646.38,0.5,0.0,0,379.5,0.5,2,-42.71,-1,0,0.85,-0.207,0.222,0.0,0.0,-162.53,0.333,0.0,0,339.9,0.5
Irusou,43,26.0,7,5,6.14,0.023,0.349,0.0,0.0,27.76,0.5,0.0,0,0.0,0.0,14,123.29,5,3,2.8,1.0,0.0,0.0,0.0,297.65,0.615,0.0,0,0.0,0.0,-29,97.29,-2,-2,-3.34,0.977,-0.349,0.0,0.0,269.89,0.115,0.0,0,0.0,0.0
yjm020811,25,11.36,9,3,2.78,0.0,0.0,0.0,0.0,66.91,0.125,0.0,0,0.0,0.0,53,13.47,16,4,3.31,0.0,0.0,0.0,0.0,192.5,0.346,0.0,0,0.0,0.0,28,2.11,7,1,0.53,0.0,0.0,0.0,0.0,125.59,0.221,0.0,0,0.0,0.0
shenyih0ng,77,20.81,14,1,5.5,0.195,0.026,0.0,0.052,186.71,0.211,0.0,0,0.0,0.0,20,25.85,5,1,4.0,0.1,0.1,0.0,0.0,286.75,0.158,0.0,0,0.0,0.0,-57,5.04,-9,0,-1.5,-0.095,0.074,0.0,-0.052,100.04,-0.053,0.0,0,0.0,0.0
th-schwarz,37,23.7,13,3,2.85,0.054,0.0,0.027,0.0,426.48,0.472,0.0,0,0.0,0.0,8,41.0,6,3,1.33,0.25,0.0,0.0,0.0,2329.0,0.143,0.0,0,0.0,0.0,-29,17.3,-7,0,-1.52,0.196,0.0,-0.027,0.0,1902.52,-0.329,0.0,0,0.0,0.0
adriengoldszal,5,19.2,2,1,2.5,0.0,0.0,0.0,0.0,2593.14,0.5,0.0,0,0.0,0.0,73,31.52,10,2,7.3,0.178,0.0,0.014,0.014,35.64,0.639,0.0,0,7.88,0.0,68,12.32,8,1,4.8,0.178,0.0,0.014,0.014,-2557.5,0.139,0.0,0,7.88,0.0
scottparkk,17,18.24,2,3,8.5,0.0,0.0,0.0,0.0,96.6,0.938,0.0,0,0.0,0.0,7,15.57,4,2,1.75,0.0,0.0,0.0,0.0,1031.7,0.167,0.0,0,0.0,0.0,-10,-2.67,2,-1,-6.75,0.0,0.0,0.0,0.0,935.1,-0.771,0.0,0,0.0,0.0
kociumba,53,27.64,5,2,10.6,0.057,0.0,0.0,0.0,26.28,0.635,0.0,0,0.0,0.0,47,34.55,6,1,7.83,0.064,0.0,0.021,0.0,18.67,0.587,0.0,0,0.0,0.0,-6,6.91,1,-1,-2.77,0.007,0.0,0.021,0.0,-7.61,-0.048,0.0,0,0.0,0.0
ssum21,86,46.43,14,3,6.14,0.047,0.0,0.0,0.0,77.62,0.447,0.0,0,0.0,0.0,14,15.64,6,2,2.33,0.0,0.0,0.0,0.0,1141.32,0.538,0.0,0,0.0,0.0,-72,-30.79,-8,-1,-3.81,-0.047,0.0,0.0,0.0,1063.7,0.091,0.0,0,0.0,0.0
yokithaiii,44,21.89,5,3,8.8,0.0,0.568,0.0,0.0,16.4,0.349,0.0,0,0.0,0.0,8,22.38,1,1,8.0,0.0,0.125,0.0,0.0,0.14,1.0,0.0,0,0.0,0.0,-36,0.49,-4,-2,-0.8,0.0,-0.443,0.0,0.0,-16.26,0.651,0.0,0,0.0,0.0
josefhaeusel,43,30.86,5,1,8.6,0.0,0.0,0.0,0.0,16.09,0.643,0.0,0,0.0,0.0,57,22.44,10,3,5.7,0.0,0.0,0.0,0.0,151.19,0.696,0.0,0,0.0,0.0,14,-8.42,5,2,-2.9,0.0,0.0,0.0,0.0,135.1,0.053,0.0,0,0.0,0.0
Dipali2377,36,19.44,11,5,3.27,0.056,0.0,0.0,0.0,102.15,0.257,0.0,0,0.0,0.0,8,16.0,2,1,4.0,0.0,0.0,0.0,0.0,14.48,0.429,0.0,0,0.0,0.0,-28,-3.44,-9,-4,0.73,-0.056,0.0,0.0,0.0,-87.67,0.172,0.0,0,0.0,0.0
clmntgbr,40,17.27,17,2,2.35,0.0,0.0,0.0,0.0,375.38,0.436,0.0,0,0.0,0.0,57,156.21,10,5,5.7,0.158,0.0,0.053,0.158,339.61,0.696,0.0,0,0.0,0.0,17,138.94,-7,3,3.35,0.158,0.0,0.053,0.158,-35.77,0.26,0.0,0,0.0,0.0
Johan-Tnt,74,23.78,4,1,18.5,0.014,0.0,0.014,0.0,7.55,0.753,0.0,0,8.5,0.0,26,50.12,3,1,8.67,0.154,0.0,0.0,0.0,29.92,0.68,0.0,0,18.8,0.0,-48,26.34,-1,0,-9.83,0.14,0.0,-0.014,0.0,22.37,-0.073,0.0,0,10.3,0.0
akaAntox,44,75.86,12,4,3.67,0.409,0.0,0.045,0.0,284.37,0.349,0.0,0,0.0,0.0,7,63.86,4,3,1.75,0.571,0.0,0.0,0.0,2507.58,0.5,0.0,0,0.0,0.0,-37,-12.0,-8,-1,-1.92,0.162,0.0,-0.045,0.0,2223.21,0.151,0.0,0,0.0,0.0
keithrsialana,50,32.46,8,4,6.25,0.0,0.0,0.0,0.0,194.62,0.51,0.0,0,53.0,1.0,5,29.6,3,1,1.67,0.0,0.0,0.0,0.0,1416.91,0.5,0.0,0,0.0,0.0,-45,-2.86,-5,-3,-4.58,0.0,0.0,0.0,0.0,1222.29,-0.01,0.0,0,-53.0,-1.0
cescalara,29,23.59,3,1,9.67,0.103,0.0,0.207,0.0,13.99,0.821,0.0,0,0.0,0.0,5,43.8,2,1,2.5,0.4,0.0,0.2,0.0,144.54,0.5,0.0,0,0.0,0.0,-24,20.21,-1,0,-7.17,0.297,0.0,-0.007,0.0,130.55,-0.321,0.0,0,0.0,0.0
HamadUllah16,76,23.86,15,5,5.07,0.0,0.0,0.0,0.026,80.99,0.507,0.0,0,0.0,0.0,24,16.0,12,1,2.0,0.0,0.0,0.0,0.0,564.68,0.522,0.0,0,0.0,0.0,-52,-7.86,-3,-4,-3.07,0.0,0.0,0.0,-0.026,483.69,0.015,0.0,0,0.0,0.0
fdsteffen,50,35.7,12,1,4.17,0.14,0.0,0.0,0.0,336.3,0.653,0.0,0,222.0,0.333,8,44.12,3,1,2.67,0.125,0.0,0.0,0.0,373.07,0.714,0.0,0,0.0,0.0,-42,8.42,-9,0,-1.5,-0.015,0.0,0.0,0.0,36.77,0.061,0.0,0,-222.0,-0.333
Plachtaa,95,37.02,21,1,4.52,0.2,0.0,0.0,0.0,65.95,0.479,0.0,0,0.0,0.0,5,75.4,1,1,5.0,0.8,0.0,0.0,0.0,0.09,1.0,0.0,0,0.0,0.0,-90,38.38,-20,0,0.48,0.6,0.0,0.0,0.0,-65.86,0.521,0.0,0,0.0,0.0
KerryMin,14,36.57,3,1,4.67,0.286,0.0,0.0,0.0,28.32,0.462,0.0,0,0.0,0.0,13,38.92,3,2,4.33,0.231,0.0,0.0,0.0,92.34,0.583,0.0,0,0.0,0.0,-1,2.35,0,1,-0.34,-0.055,0.0,0.0,0.0,64.02,0.121,0.0,0,0.0,0.0
dev-simpleplan,85,37.34,6,2,14.17,0.459,0.0,0.012,0.0,54.3,0.798,0.0,0,2.13,0.0,15,7.67,4,1,3.75,0.0,0.0,0.0,0.0,252.3,0.143,0.0,0,0.0,0.0,-70,-29.67,-2,-1,-10.42,-0.459,0.0,-0.012,0.0,198.0,-0.655,0.0,0,-2.13,0.0
basava70,72,551.04,18,3,4.0,0.042,0.0,0.0,0.014,86.26,0.296,0.0,0,0.0,0.0,28,35.5,11,2,2.55,0.0,0.0,0.0,0.0,745.78,0.222,0.0,0,0.0,0.0,-44,-515.54,-7,-1,-1.45,-0.042,0.0,0.0,-0.014,659.52,-0.074,0.0,0,0.0,0.0
codematrix95,17,36.88,3,1,5.67,0.118,0.0,0.0,0.0,178.59,0.75,0.0,0,0.0,0.0,83,43.27,19,3,4.37,0.024,0.0,0.024,0.0,121.73,0.561,0.0,0,36.2,0.4,66,6.39,16,2,-1.3,-0.094,0.0,0.024,0.0,-56.86,-0.189,0.0,0,36.2,0.4
SunSeaLucky,59,22.95,9,3,6.56,0.051,0.0,0.102,0.0,76.17,0.672,0.0,0,0.0,0.0,22,20.68,5,4,4.4,0.0,0.0,0.0,0.0,484.26,0.381,0.0,0,0.0,0.0,-37,-2.27,-4,1,-2.16,-0.051,0.0,-0.102,0.0,408.09,-0.291,0.0,0,0.0,0.0
wilfriedroset,6,95.17,2,1,3.0,1.0,0.0,0.0,0.0,889.05,0.8,0.0,0,0.0,0.0,60,111.58,5,1,12.0,1.0,0.0,0.0,0.0,103.52,0.915,0.0,0,0.0,0.0,54,16.41,3,0,9.0,0.0,0.0,0.0,0.0,-785.53,0.115,0.0,0,0.0,0.0
kenthzy,37,18.0,10,5,3.7,0.054,0.0,0.0,0.0,142.95,0.5,0.0,0,0.0,0.0,22,26.55,10,3,2.2,0.045,0.0,0.0,0.0,718.43,0.333,0.0,0,0.0,0.0,-15,8.55,0,-2,-1.5,-0.009,0.0,0.0,0.0,575.48,-0.167,0.0,0,0.0,0.0
fortunato-all,93,14.38,13,3,7.15,0.0,0.0,0.0,0.0,83.5,0.75,0.0,0,0.0,0.0,5,16.6,3,1,1.67,0.0,0.0,0.0,0.0,612.45,0.5,0.0,0,0.0,0.0,-88,2.22,-10,-2,-5.48,0.0,0.0,0.0,0.0,528.95,-0.25,0.0,0,0.0,0.0
colececil,5,29.2,3,1,1.67,0.0,0.0,0.0,0.0,3613.56,0.0,0.0,0,0.0,0.0,24,37.88,6,1,4.0,0.042,0.0,0.0,0.0,75.06,0.348,0.0,0,0.0,0.0,19,8.68,3,0,2.33,0.042,0.0,0.0,0.0,-3538.5,0.348,0.0,0,0.0,0.0
royyanwijaya,49,20.37,14,1,3.5,0.0,0.0,0.0,0.0,82.64,0.167,0.0,0,0.0,0.0,36,16.06,11,1,3.27,0.0,0.0,0.0,0.0,89.82,0.171,0.0,0,0.0,0.0,-13,-4.31,-3,0,-0.23,0.0,0.0,0.0,0.0,7.18,0.004,0.0,0,0.0,0.0
muhammadfaiz19,43,20.16,3,1,14.33,0.023,0.0,0.0,0.0,13.45,0.881,0.0,0,0.0,0.0,57,21.46,4,1,14.25,0.0,0.0,0.0,0.0,71.19,0.929,0.0,0,0.0,0.0,14,1.3,1,0,-0.08,-0.023,0.0,0.0,0.0,57.74,0.048,0.0,0,0.0,0.0
hexgu,30,20.63,6,2,5.0,0.333,0.0,0.0,0.267,233.53,0.586,0.0,0,0.0,0.0,70,21.13,20,2,3.5,0.0,0.014,0.0,0.0,249.66,0.594,0.0,0,0.0,0.0,40,0.5,14,0,-1.5,-0.333,0.014,0.0,-0.267,16.13,0.008,0.0,0,0.0,0.0
drkaine,57,71.05,7,2,8.14,0.86,0.0,0.281,0.754,290.49,0.607,0.0,0,6.89,0.056,6,37.0,5,1,1.2,0.333,0.0,0.167,0.0,901.24,0.0,0.0,0,0.0,0.0,-51,-34.05,-2,-1,-6.94,-0.527,0.0,-0.114,-0.754,610.75,-0.607,0.0,0,-6.89,-0.056
vzynszice,6,8.5,4,3,1.5,0.0,0.0,0.0,0.0,1354.43,0.4,0.0,0,0.0,0.0,18,23.06,6,3,3.0,0.0,0.0,0.0,0.0,726.49,0.471,0.0,0,0.0,0.0,12,14.56,2,0,1.5,0.0,0.0,0.0,0.0,-627.94,0.071,0.0,0,0.0,0.0
Lys-san,18,32.67,8,3,2.25,0.0,0.0,0.056,0.0,525.54,0.529,0.0,0,0.0,0.0,16,16.0,11,1,1.45,0.0,0.0,0.0,0.0,916.73,0.2,0.0,0,0.0,0.0,-2,-16.67,3,-2,-0.8,0.0,0.0,-0.056,0.0,391.19,-0.329,0.0,0,0.0,0.0
KornSW,24,62.79,12,3,2.0,0.0,0.0,0.083,0.083,735.82,0.435,0.0,0,0.0,0.0,8,55.12,5,1,1.6,0.0,0.0,0.0,0.0,1658.87,0.143,0.0,0,0.0,0.0,-16,-7.67,-7,-2,-0.4,0.0,0.0,-0.083,-0.083,923.05,-0.292,0.0,0,0.0,0.0
ItIsAndrewL,43,21.12,5,3,8.6,0.023,0.0,0.0,0.023,234.63,0.595,0.0,0,0.0,0.0,5,20.6,5,1,1.0,0.0,0.0,0.0,0.0,3758.56,0.0,0.0,0,0.0,0.0,-38,-0.52,0,-2,-7.6,-0.023,0.0,0.0,-0.023,3523.93,-0.595,0.0,0,0.0,0.0
aeliakim,33,26.24,12,4,2.75,0.03,0.0,0.0,0.0,199.3,0.344,0.0,0,0.0,0.0,41,42.41,12,2,3.42,0.171,0.634,0.0,0.0,226.72,0.525,0.0,0,2.6,0.0,8,16.17,0,-2,0.67,0.141,0.634,0.0,0.0,27.42,0.181,0.0,0,2.6,0.0
miroslavpejic85,13,29.85,2,1,6.5,0.0,0.0,0.0,1.0,13.72,0.583,0.0,0,0.0,0.0,80,51.67,5,1,16.0,0.0,0.0,0.0,0.988,7.68,0.544,0.0,0,0.0,0.0,67,21.82,3,0,9.5,0.0,0.0,0.0,-0.012,-6.04,-0.039,0.0,0,0.0,0.0
ashahnami,79,24.54,2,1,39.5,0.076,0.0,0.051,0.0,3.7,0.692,0.0,0,0.0,0.0,21,40.43,5,1,4.2,0.143,0.0,0.0,0.0,702.33,0.3,0.0,0,0.0,0.0,-58,15.89,3,0,-35.3,0.067,0.0,-0.051,0.0,698.63,-0.392,0.0,0,0.0,0.0
semilogopaul,18,18.78,3,1,6.0,0.0,0.0,0.0,0.0,76.62,0.824,0.0,0,0.0,0.0,82,29.16,12,3,6.83,0.037,0.146,0.0,0.0,127.78,0.704,0.0,0,0.0,0.0,64,10.38,9,2,0.83,0.037,0.146,0.0,0.0,51.16,-0.12,0.0,0,0.0,0.0
Tim-Elias,8,9.38,3,2,2.67,0.0,0.0,0.0,0.0,935.27,0.429,0.0,0,0.0,0.0,89,13.57,20,2,4.45,0.0,0.0,0.0,0.0,129.54,0.614,0.0,0,0.0,0.0,81,4.19,17,0,1.78,0.0,0.0,0.0,0.0,-805.73,0.185,0.0,0,0.0,0.0
Musxeto,12,15.17,4,5,3.0,0.0,0.0,0.0,0.0,187.45,0.545,0.0,0,0.0,0.0,19,15.53,4,4,4.75,0.0,0.0,0.0,0.0,780.17,0.722,0.0,0,0.0,0.0,7,0.36,0,-1,1.75,0.0,0.0,0.0,0.0,592.72,0.177,0.0,0,0.0,0.0
Rostan0511,38,16.18,7,2,5.43,0.0,0.0,0.0,0.0,61.21,0.486,0.0,0,0.0,0.0,35,15.89,6,3,5.83,0.029,0.0,0.0,0.0,52.65,0.559,0.0,0,0.0,0.0,-3,-0.29,-1,1,0.4,0.029,0.0,0.0,0.0,-8.56,0.073,0.0,0,0.0,0.0
Benji377,8,26.62,3,1,2.67,0.0,0.0,0.0,0.0,422.82,0.714,0.0,0,0.0,0.0,5,20.6,2,1,2.5,0.0,0.0,0.0,0.0,2232.41,0.5,0.0,0,0.0,0.0,-3,-6.02,-1,0,-0.17,0.0,0.0,0.0,0.0,1809.59,-0.214,0.0,0,0.0,0.0
Cehiim,46,24.28,10,3,4.6,0.0,0.0,0.0,0.13,82.04,0.711,0.0,0,0.0,0.0,28,16.43,1,2,28.0,0.0,0.0,0.0,0.0,5.54,0.889,0.0,0,0.0,0.0,-18,-7.85,-9,-1,23.4,0.0,0.0,0.0,-0.13,-76.5,0.178,0.0,0,0.0,0.0
yewentao256,32,24.16,27,1,1.19,0.0,0.062,0.0,0.0,287.86,0.097,0.0,0,0.0,0.0,7,24.14,4,2,1.75,0.0,0.0,0.0,0.0,1467.8,0.167,0.0,0,0.0,0.0,-25,-0.02,-23,1,0.56,0.0,-0.062,0.0,0.0,1179.94,0.07,0.0,0,0.0,0.0
LeFauxMatt,93,37.55,5,1,18.6,0.054,0.301,0.0,0.0,8.83,0.826,0.0,0,1.72,0.0,7,8399.14,5,1,1.4,0.571,0.0,0.0,0.429,1097.66,0.167,0.0,0,0.0,0.0,-86,8361.59,0,0,-17.2,0.517,-0.301,0.0,0.429,1088.83,-0.659,0.0,0,-1.72,0.0
OhKai,33,36.42,10,1,3.3,0.0,0.0,0.0,0.0,71.25,0.094,0.0,0,0.0,0.0,67,81.18,15,1,4.47,0.075,0.642,0.0,0.015,110.56,0.348,0.0,0,0.0,0.0,34,44.76,5,0,1.17,0.075,0.642,0.0,0.015,39.31,0.254,0.0,0,0.0,0.0
kunwarabhi7,67,20.18,21,3,3.19,0.09,0.0,0.0,0.0,171.26,0.333,0.0,0,0.0,0.0,9,16.0,3,1,3.0,0.0,0.0,0.0,0.0,42.88,0.0,0.0,0,0.0,0.0,-58,-4.18,-18,-2,-0.19,-0.09,0.0,0.0,0.0,-128.38,-0.333,0.0,0,0.0,0.0
jake7038,8,18.38,2,2,4.0,0.0,0.0,0.0,0.0,30.27,0.571,0.0,0,0.0,0.0,23,16.26,10,3,2.3,0.0,0.0,0.0,0.0,755.0,0.545,0.0,0,0.0,0.0,15,-2.12,8,1,-1.7,0.0,0.0,0.0,0.0,724.73,-0.026,0.0,0,0.0,0.0
typeling1578,59,18.17,13,4,4.54,0.0,0.0,0.0,0.0,268.16,0.621,0.0,0,0.0,0.0,41,25.02,15,2,2.73,0.122,0.22,0.0,0.0,451.39,0.55,0.0,0,0.0,0.0,-18,6.85,2,-2,-1.81,0.122,0.22,0.0,0.0,183.23,-0.071,0.0,0,0.0,0.0
subhajitchowdhury07,24,14.33,4,2,6.0,0.0,0.0,0.0,0.0,304.9,0.522,0.0,0,0.0,0.0,13,23.23,8,4,1.62,0.0,0.0,0.0,0.0,613.53,0.167,0.0,0,0.0,0.0,-11,8.9,4,2,-4.38,0.0,0.0,0.0,0.0,308.63,-0.355,0.0,0,0.0,0.0
sjschlapbach,17,105.12,5,1,3.4,0.235,0.765,0.176,0.235,48.86,0.562,0.0,0,132.33,0.5,83,150.63,14,1,5.93,0.301,0.651,0.217,0.313,106.97,0.39,0.0,0,68.26,0.206,66,45.51,9,0,2.53,0.066,-0.114,0.041,0.078,58.11,-0.172,0.0,0,-64.07,-0.294
eduardo-calzado,32,37.22,5,1,6.4,0.0,0.875,0.0,0.0,131.46,0.323,0.0,0,0.0,0.0,11,28.09,5,3,2.2,0.091,0.182,0.0,0.0,1629.52,0.4,0.0,0,0.0,0.0,-21,-9.13,0,2,-4.2,0.091,-0.693,0.0,0.0,1498.06,0.077,0.0,0,0.0,0.0
carlosgrprr,41,45.15,8,2,5.12,0.073,0.0,0.0,0.0,271.78,0.675,0.0,0,0.0,0.0,14,25.36,6,3,2.33,0.214,0.0,0.0,0.0,185.03,0.538,0.0,0,0.0,0.0,-27,-19.79,-2,1,-2.79,0.141,0.0,0.0,0.0,-86.75,-0.137,0.0,0,0.0,0.0
miguelmm97,77,38.32,12,3,6.42,0.078,0.0,0.0,0.0,52.67,0.618,0.0,0,0.0,0.0,23,37.78,13,1,1.77,0.0,0.0,0.0,0.0,333.88,0.091,0.0,0,0.0,0.0,-54,-0.54,1,-2,-4.65,-0.078,0.0,0.0,0.0,281.21,-0.527,0.0,0,0.0,0.0
sujonahmedsr,8,17.25,3,5,2.67,0.0,0.0,0.0,0.0,623.15,0.571,0.0,0,0.0,0.0,14,16.0,5,1,2.8,0.0,0.0,0.0,0.0,386.87,0.615,0.0,0,0.0,0.0,6,-1.25,2,-4,0.13,0.0,0.0,0.0,0.0,-236.28,0.044,0.0,0,0.0,0.0
Rayan9064,5,15.4,4,2,1.25,0.0,0.0,0.0,0.0,708.22,0.0,0.0,0,0.0,0.0,26,30.38,11,5,2.36,0.154,0.0,0.0,0.0,711.96,0.48,0.0,0,0.0,0.0,21,14.98,7,3,1.11,0.154,0.0,0.0,0.0,3.74,0.48,0.0,0,0.0,0.0
MonaAghili,7,9.86,3,1,2.33,0.0,0.0,0.0,0.0,768.56,0.5,0.0,0,0.0,0.0,25,16.0,10,1,2.5,0.0,0.0,0.0,0.0,367.87,0.583,0.0,0,0.0,0.0,18,6.14,7,0,0.17,0.0,0.0,0.0,0.0,-400.69,0.083,0.0,0,0.0,0.0
Lorieta,20,6.8,4,1,5.0,0.0,0.0,0.0,0.0,42.15,0.474,0.0,0,0.0,0.0,7,10.29,3,3,2.33,0.0,0.0,0.0,0.0,113.63,0.333,0.0,0,0.0,0.0,-13,3.49,-1,2,-2.67,0.0,0.0,0.0,0.0,71.48,-0.141,0.0,0,0.0,0.0
MohdAftab011,45,13.71,5,4,9.0,0.0,0.0,0.022,0.0,29.94,0.818,0.0,0,0.0,0.0,23,13.96,5,1,4.6,0.0,0.0,0.0,0.0,408.99,0.727,0.0,0,0.0,0.0,-22,0.25,0,-3,-4.4,0.0,0.0,-0.022,0.0,379.05,-0.091,0.0,0,0.0,0.0
xavierbriole,77,22.79,17,1,4.53,0.026,0.0,0.039,0.0,165.79,0.697,0.0,0,3.14,0.0,23,25.83,8,1,2.88,0.0,0.0,0.0,0.0,334.94,0.5,0.0,0,3.91,0.0,-54,3.04,-9,0,-1.65,-0.026,0.0,-0.039,0.0,169.15,-0.197,0.0,0,0.77,0.0
anmol2517,37,16.54,5,5,7.4,0.0,0.0,0.0,0.0,238.64,0.861,0.0,0,0.0,0.0,23,16.3,3,5,7.67,0.0,0.0,0.0,0.0,327.9,0.727,0.0,0,0.0,0.0,-14,-0.24,-2,0,0.27,0.0,0.0,0.0,0.0,89.26,-0.134,0.0,0,0.0,0.0
aSaxena098,63,41.0,10,5,6.3,0.016,0.0,0.0,0.0,200.52,0.774,0.0,0,32.0,0.0,37,32.51,3,2,12.33,0.243,0.0,0.0,0.0,57.39,0.944,0.0,0,2.5,0.0,-26,-8.49,-7,-3,6.03,0.227,0.0,0.0,0.0,-143.13,0.17,0.0,0,-29.5,0.0
vintvgx,73,57.07,11,5,6.64,0.753,0.0,0.0,0.0,225.15,0.625,0.0,0,21.02,0.159,15,77.4,7,1,2.14,0.933,0.0,0.0,0.0,589.55,0.5,0.0,0,7.8,0.067,-58,20.33,-4,-4,-4.5,0.18,0.0,0.0,0.0,364.4,-0.125,0.0,0,-13.22,-0.092
Kakventura,12,24.17,2,3,6.0,0.083,0.0,0.0,0.0,61.24,0.818,0.0,0,0.0,0.0,26,18.0,5,4,5.2,0.0,0.0,0.0,0.0,132.46,0.8,0.0,0,0.0,0.0,14,-6.17,3,1,-0.8,-0.083,0.0,0.0,0.0,71.22,-0.018,0.0,0,0.0,0.0
creatorcary,6,16.83,1,2,6.0,0.0,0.0,0.0,0.0,0.08,1.0,0.0,0,0.0,0.0,40,22.12,5,1,8.0,0.025,0.0,0.075,0.0,262.37,0.59,0.0,0,201.0,1.0,34,5.29,4,-1,2.0,0.025,0.0,0.075,0.0,262.29,-0.41,0.0,0,201.0,1.0
esselfe,19,27.47,7,5,2.71,0.0,0.0,0.0,0.0,580.91,0.667,0.0,0,0.0,0.0,29,36.52,11,4,2.64,0.0,0.0,0.069,0.0,647.98,0.643,0.0,0,0.0,0.0,10,9.05,4,-1,-0.07,0.0,0.0,0.069,0.0,67.07,-0.024,0.0,0,0.0,0.0
Nadwey,55,46.75,10,3,5.5,0.145,0.0,0.0,0.145,251.04,0.685,0.0,0,0.0,0.0,6,15.83,4,2,1.5,0.0,0.0,0.0,0.0,2557.97,0.2,0.0,0,0.0,0.0,-49,-30.92,-6,-1,-4.0,-0.145,0.0,0.0,-0.145,2306.93,-0.485,0.0,0,0.0,0.0
danielvartan,53,25.23,14,1,3.79,0.019,0.0,0.113,0.0,269.58,0.308,0.0,0,18.0,0.0,25,32.8,9,2,2.78,0.0,0.0,0.0,0.0,259.19,0.625,0.0,0,0.0,0.0,-28,7.57,-5,1,-1.01,-0.019,0.0,-0.113,0.0,-10.39,0.317,0.0,0,-18.0,0.0
diptansh-1,24,13.21,3,1,8.0,0.0,0.0,0.0,0.0,11.52,0.87,0.0,0,0.0,0.0,27,12.56,10,4,2.7,0.0,0.0,0.0,0.0,477.26,0.385,0.0,0,0.0,0.0,3,-0.65,7,3,-5.3,0.0,0.0,0.0,0.0,465.74,-0.485,0.0,0,0.0,0.0
melobern,71,36.65,9,5,7.89,0.0,0.0,0.028,0.014,88.31,0.514,0.0,0,0.0,0.0,9,16.56,4,2,2.25,0.0,0.0,0.0,0.0,537.61,0.625,0.0,0,0.0,0.0,-62,-20.09,-5,-3,-5.64,0.0,0.0,-0.028,-0.014,449.3,0.111,0.0,0,0.0,0.0
emuyia,61,21.61,11,3,5.55,0.0,0.016,0.016,0.0,74.96,0.533,0.0,0,0.0,0.0,10,29.3,5,1,2.0,0.0,0.0,0.0,0.0,1754.92,0.444,0.0,0,0.0,0.0,-51,7.69,-6,-2,-3.55,0.0,-0.016,-0.016,0.0,1679.96,-0.089,0.0,0,0.0,0.0
alexakten,31,26.58,3,1,10.33,0.0,0.0,0.0,0.0,11.74,0.733,0.0,0,0.0,0.0,69,12.58,9,1,7.67,0.0,0.0,0.0,0.014,238.5,0.75,0.0,0,0.0,0.0,38,-14.0,6,0,-2.66,0.0,0.0,0.0,0.014,226.76,0.017,0.0,0,0.0,0.0
fpahlke,11,26.64,2,1,5.5,0.0,0.0,0.182,0.0,32.0,0.6,0.0,0,0.0,0.0,30,129.57,5,4,6.0,0.633,0.0,0.067,0.0,465.74,0.793,0.0,0,87.33,0.5,19,102.93,3,3,0.5,0.633,0.0,-0.115,0.0,433.74,0.193,0.0,0,87.33,0.5
sakumisu,16,18.06,9,1,1.78,0.0,0.0,0.0,0.0,441.53,0.267,0.0,0,0.0,0.0,10,23.2,3,1,3.33,0.0,0.0,0.0,0.0,146.79,0.333,0.0,0,0.0,0.0,-6,5.14,-6,0,1.55,0.0,0.0,0.0,0.0,-294.74,0.066,0.0,0,0.0,0.0
chairmanbrando,6,129.0,3,1,2.0,0.833,0.0,0.0,0.167,52.85,0.4,0.0,0,0.0,0.0,94,52.38,33,1,2.85,0.234,0.0,0.021,0.0,117.52,0.323,0.0,0,0.0,0.0,88,-76.62,30,0,0.85,-0.599,0.0,0.021,-0.167,64.67,-0.077,0.0,0,0.0,0.0
Jakukow,32,14.09,8,4,4.0,0.031,0.0,0.0,0.0,192.29,0.419,0.0,0,0.0,0.0,5,16.0,3,2,1.67,0.0,0.0,0.0,0.0,3029.4,0.25,0.0,0,0.0,0.0,-27,1.91,-5,-2,-2.33,-0.031,0.0,0.0,0.0,2837.11,-0.169,0.0,0,0.0,0.0
ttf248,37,20.05,10,2,3.7,0.027,0.378,0.0,0.0,371.97,0.528,0.0,0,0.0,0.0,50,270.48,10,3,5.0,0.58,0.88,0.0,0.54,292.21,0.776,0.0,0,0.0,0.0,13,250.43,0,1,1.3,0.553,0.502,0.0,0.54,-79.76,0.248,0.0,0,0.0,0.0
Lawremwashail,26,27.23,2,2,13.0,0.077,0.0,0.0,0.0,6.81,0.8,0.0,0,0.0,0.0,74,10.35,7,1,10.57,0.0,0.0,0.0,0.0,72.42,0.795,0.0,0,0.0,0.0,48,-16.88,5,-1,-2.43,-0.077,0.0,0.0,0.0,65.61,-0.005,0.0,0,0.0,0.0
plforacle,35,60.74,9,3,3.89,0.971,0.0,0.0,0.0,164.36,0.265,0.0,0,0.0,0.0,16,68.31,5,2,3.2,1.0,0.0,0.0,0.75,123.13,0.4,0.0,0,0.0,0.0,-19,7.57,-4,-1,-0.69,0.029,0.0,0.0,0.75,-41.23,0.135,0.0,0,0.0,0.0
zhoujunlingla,31,19.35,6,4,5.17,0.032,0.0,0.0,0.0,375.18,0.667,0.0,0,0.0,0.0,18,19.11,7,3,2.57,0.0,0.111,0.0,0.0,520.74,0.412,0.0,0,0.0,0.0,-13,-0.24,1,-1,-2.6,-0.032,0.111,0.0,0.0,145.56,-0.255,0.0,0,0.0,0.0
bowook,31,10.77,4,3,7.75,0.065,0.0,0.0,0.0,56.09,0.767,0.0,0,0.0,0.0,69,16.0,5,1,13.8,0.0,0.0,0.0,0.0,106.5,0.853,0.0,0,0.0,0.0,38,5.23,1,-2,6.05,-0.065,0.0,0.0,0.0,50.41,0.086,0.0,0,0.0,0.0
GabrielGodoy01,35,13.86,7,4,5.0,0.0,0.0,0.0,0.0,278.39,0.735,0.0,0,0.0,0.0,14,26.57,6,1,2.33,0.071,0.0,0.0,0.0,1312.62,0.615,0.0,0,0.0,0.0,-21,12.71,-1,-3,-2.67,0.071,0.0,0.0,0.0,1034.23,-0.12,0.0,0,0.0,0.0
Yamikar,28,19.82,10,4,2.8,0.071,0.0,0.0,0.0,322.07,0.37,0.0,0,0.0,0.0,18,27.0,7,4,2.57,0.222,0.0,0.0,0.0,534.77,0.471,0.0,0,0.0,0.0,-10,7.18,-3,0,-0.23,0.151,0.0,0.0,0.0,212.7,0.101,0.0,0,0.0,0.0
ShoshiDeveloper,12,15.67,6,2,2.0,0.0,0.0,0.0,0.0,618.32,0.455,0.0,0,0.0,0.0,72,21.81,21,5,3.43,0.083,0.056,0.056,0.083,151.77,0.676,0.0,0,0.0,0.0,60,6.14,15,3,1.43,0.083,0.056,0.056,0.083,-466.55,0.221,0.0,0,0.0,0.0
jonathanfallon,17,17.18,6,4,2.83,0.0,0.0,0.118,0.0,189.46,0.625,0.0,0,0.0,0.0,5,21.8,1,1,5.0,0.0,0.0,0.0,0.0,0.43,1.0,0.0,0,0.0,0.0,-12,4.62,-5,-3,2.17,0.0,0.0,-0.118,0.0,-189.03,0.375,0.0,0,0.0,0.0
AmrMohamed27,6,37.83,2,2,3.0,0.0,0.0,0.0,0.667,413.06,0.0,0.0,0,0.0,0.0,24,27.04,4,3,6.0,0.042,0.0,0.0,0.0,121.8,0.652,0.0,0,0.0,0.0,18,-10.79,2,1,3.0,0.042,0.0,0.0,-0.667,-291.26,0.652,0.0,0,0.0,0.0
hackingyseguridad,42,20.05,11,2,3.82,0.0,0.0,0.0,0.0,300.98,0.61,0.0,0,0.0,0.0,14,19.0,7,1,2.0,0.0,0.0,0.0,0.0,982.05,0.538,0.0,0,0.0,0.0,-28,-1.05,-4,-1,-1.82,0.0,0.0,0.0,0.0,681.07,-0.072,0.0,0,0.0,0.0
BhautikLukhi,59,19.36,8,4,7.38,0.0,0.0,0.0,0.0,22.38,0.707,0.0,0,0.0,0.0,41,17.85,7,1,5.86,0.0,0.0,0.0,0.0,35.16,0.8,0.0,0,0.0,0.0,-18,-1.51,-1,-3,-1.52,0.0,0.0,0.0,0.0,12.78,0.093,0.0,0,0.0,0.0
Pranavchavan19,7,13.14,4,4,1.75,0.0,0.0,0.0,0.0,202.24,0.333,0.0,0,0.0,0.0,16,18.0,8,5,2.0,0.062,0.0,0.0,0.0,583.94,0.267,0.0,0,0.0,0.0,9,4.86,4,1,0.25,0.062,0.0,0.0,0.0,381.7,-0.066,0.0,0,0.0,0.0
YuHima03,6,16.17,5,2,1.2,0.0,0.0,0.0,0.0,1321.44,0.0,0.0,0,0.0,0.0,66,48.68,11,3,6.0,0.091,0.5,0.258,0.0,145.53,0.677,0.0,0,272.48,0.64,60,32.51,6,1,4.8,0.091,0.5,0.258,0.0,-1175.91,0.677,0.0,0,272.48,0.64
nzhtbyn,17,19.94,2,1,8.5,0.0,0.0,0.0,0.0,4.25,0.875,0.0,0,0.0,0.0,21,18.24,7,3,3.0,0.0,0.0,0.0,0.0,919.11,0.7,0.0,0,0.0,0.0,4,-1.7,5,2,-5.5,0.0,0.0,0.0,0.0,914.86,-0.175,0.0,0,0.0,0.0
matepal00,5,14.2,3,1,1.67,0.0,0.0,0.0,0.0,922.89,0.0,0.0,0,0.0,0.0,9,13.22,5,4,1.8,0.0,0.0,0.0,0.0,1513.47,0.25,0.0,0,0.0,0.0,4,-0.98,2,3,0.13,0.0,0.0,0.0,0.0,590.58,0.25,0.0,0,0.0,0.0
tjmisko,14,14.64,4,1,3.5,0.0,0.0,0.0,0.0,239.74,0.692,0.0,0,54.0,1.0,86,50.53,9,2,9.56,0.105,0.709,0.023,0.0,154.16,0.753,0.0,0,217.9,0.732,72,35.89,5,1,6.06,0.105,0.709,0.023,0.0,-85.58,0.061,0.0,0,163.9,-0.268
K-Zawis,31,68.32,4,3,7.75,0.323,0.0,0.0,0.0,322.63,0.567,0.0,0,0.0,0.0,12,31.75,2,2,6.0,0.0,0.0,0.0,0.0,807.11,0.636,0.0,0,0.0,0.0,-19,-36.57,-2,-1,-1.75,-0.323,0.0,0.0,0.0,484.48,0.069,0.0,0,0.0,0.0
asanIbrahim,6,29.67,2,1,3.0,0.333,0.0,0.333,0.0,271.51,0.8,0.0,0,0.0,0.0,12,10.5,2,2,6.0,0.0,0.0,0.0,0.0,255.88,0.545,0.0,0,0.0,0.0,6,-19.17,0,1,3.0,-0.333,0.0,-0.333,0.0,-15.63,-0.255,0.0,0,0.0,0.0
NathanTheDev,15,11.67,3,2,5.0,0.0,0.0,0.0,0.0,25.29,0.214,0.0,0,0.0,0.0,20,21.15,8,3,2.5,0.0,0.0,0.0,0.0,917.58,0.474,0.0,0,0.0,0.0,5,9.48,5,1,-2.5,0.0,0.0,0.0,0.0,892.29,0.26,0.0,0,0.0,0.0
Jonsnow-willow,33,27.09,5,1,6.6,0.03,0.0,0.0,0.0,58.62,0.781,0.0,0,0.0,0.0,67,21.25,6,1,11.17,0.03,0.0,0.0,0.0,38.64,0.697,0.0,0,461.0,1.0,34,-5.84,1,0,4.57,0.0,0.0,0.0,0.0,-19.98,-0.084,0.0,0,461.0,1.0
febog,74,37.95,3,1,24.67,0.0,0.0,0.0,0.0,11.54,0.918,0.0,0,69.0,1.0,26,117.19,9,1,2.89,0.654,0.0,0.038,0.346,438.74,0.52,0.0,0,95.77,0.591,-48,79.24,6,0,-21.78,0.654,0.0,0.038,0.346,427.2,-0.398,0.0,0,26.77,-0.409
binboupan,7,14.86,3,1,2.33,0.0,0.0,0.0,0.0,520.14,0.667,0.0,0,0.0,0.0,50,23.4,12,3,4.17,0.04,0.0,0.02,0.04,361.9,0.612,0.0,0,0.0,0.0,43,8.54,9,2,1.84,0.04,0.0,0.02,0.04,-158.24,-0.055,0.0,0,0.0,0.0
RSYR1906,52,20.12,4,1,13.0,0.0,0.0,0.0,0.0,11.39,0.804,0.0,0,0.0,0.0,48,23.56,9,4,5.33,0.021,0.0,0.0,0.0,122.49,0.638,0.0,0,0.0,0.0,-4,3.44,5,3,-7.67,0.021,0.0,0.0,0.0,111.1,-0.166,0.0,0,0.0,0.0
wuyu621,11,17.64,2,2,5.5,0.0,0.0,0.0,0.0,82.83,0.7,0.0,0,0.0,0.0,6,17.67,2,1,3.0,0.0,0.0,0.0,0.0,935.61,0.8,0.0,0,0.0,0.0,-5,0.03,0,-1,-2.5,0.0,0.0,0.0,0.0,852.78,0.1,0.0,0,0.0,0.0
RuanPSilva,23,23.83,6,4,3.83,0.087,0.0,0.0,0.0,223.26,0.636,0.0,0,0.0,0.0,18,17.5,7,5,2.57,0.0,0.0,0.0,0.0,525.62,0.471,0.0,0,0.0,0.0,-5,-6.33,1,1,-1.26,-0.087,0.0,0.0,0.0,302.36,-0.165,0.0,0,0.0,0.0
arturox2500,41,15.39,12,1,3.42,0.024,0.0,0.024,0.0,50.64,0.35,0.0,0,0.0,0.0,57,19.16,10,3,5.7,0.035,0.0,0.018,0.0,144.45,0.411,0.0,0,0.0,0.0,16,3.77,-2,2,2.28,0.011,0.0,-0.006,0.0,93.81,0.061,0.0,0,0.0,0.0
JamieDStewart,23,50.65,6,2,3.83,0.0,0.0,0.0,0.043,360.14,0.318,0.0,0,0.0,0.0,22,46.45,5,2,4.4,0.0,0.0,0.0,0.0,577.13,0.476,0.0,0,0.0,0.0,-1,-4.2,-1,0,0.57,0.0,0.0,0.0,-0.043,216.99,0.158,0.0,0,0.0,0.0
Alejandro-Candela,19,21.84,3,2,6.33,0.0,0.0,0.0,0.0,22.9,0.389,0.0,0,0.0,0.0,6,62.67,4,2,1.5,0.333,0.0,0.0,0.0,1822.91,0.4,0.0,0,0.0,0.0,-13,40.83,1,0,-4.83,0.333,0.0,0.0,0.0,1800.01,0.011,0.0,0,0.0,0.0
lalitm1004,13,18.69,2,2,6.5,0.0,0.0,0.0,0.0,200.75,0.75,0.0,0,0.0,0.0,44,18.66,9,3,4.89,0.068,0.0,0.0,0.0,71.63,0.535,0.0,0,0.0,0.0,31,-0.03,7,1,-1.61,0.068,0.0,0.0,0.0,-129.12,-0.215,0.0,0,0.0,0.0
TuvalSimha,35,61.29,12,3,2.92,0.514,0.0,0.0,0.114,213.23,0.382,0.0,0,32.5,0.0,15,41.8,4,1,3.75,0.467,0.0,0.0,0.0,310.33,0.714,0.0,0,0.0,0.0,-20,-19.49,-8,-2,0.83,-0.047,0.0,0.0,-0.114,97.1,0.332,0.0,0,-32.5,0.0
wuzihao051119,14,4.57,3,2,4.67,0.0,0.0,0.0,0.0,1245.78,0.615,0.0,0,0.0,0.0,22,18.64,2,1,11.0,0.0,0.0,0.182,0.0,8.76,0.429,0.0,0,0.0,0.0,8,14.07,-1,-1,6.33,0.0,0.0,0.182,0.0,-1237.02,-0.186,0.0,0,0.0,0.0
derkrasseleo,28,23.75,10,1,2.8,0.036,0.0,0.0,0.0,504.48,0.556,0.0,0,0.0,0.0,23,127.13,3,1,7.67,0.739,0.0,0.043,0.0,316.78,0.864,0.0,0,0.0,0.0,-5,103.38,-7,0,4.87,0.703,0.0,0.043,0.0,-187.7,0.308,0.0,0,0.0,0.0
eecavanna,22,48.86,5,3,4.4,0.136,0.0,0.045,0.0,172.67,0.476,0.0,0,0.0,0.0,16,113.56,11,2,1.45,0.625,0.0,0.0,0.0,1268.84,0.133,0.0,0,0.0,0.0,-6,64.7,6,-1,-2.95,0.489,0.0,-0.045,0.0,1096.17,-0.343,0.0,0,0.0,0.0
jhonsfranky17,51,29.43,4,3,12.75,0.0,0.294,0.098,0.0,12.21,0.64,0.0,0,0.0,0.0,12,29.75,1,1,12.0,0.0,0.417,0.0,0.0,11.72,0.636,0.0,0,0.0,0.0,-39,0.32,-3,-2,-0.75,0.0,0.123,-0.098,0.0,-0.49,-0.004,0.0,0,0.0,0.0
jhan0121,12,16.0,2,1,6.0,0.0,0.0,0.0,0.0,225.41,0.909,0.0,0,0.0,0.0,48,19.83,21,3,2.29,0.0,0.0,0.0,0.0,402.96,0.426,0.0,0,0.0,0.0,36,3.83,19,2,-3.71,0.0,0.0,0.0,0.0,177.55,-0.483,0.0,0,0.0,0.0
zackjewell,29,17.0,15,1,1.93,0.0,0.0,0.0,0.0,362.38,0.357,0.0,0,0.0,0.0,71,20.07,32,1,2.22,0.042,0.0,0.0,0.0,279.38,0.329,0.0,0,0.0,0.0,42,3.07,17,0,0.29,0.042,0.0,0.0,0.0,-83.0,-0.028,0.0,0,0.0,0.0
mahmoud9797,42,7.0,2,2,21.0,0.0,0.0,0.0,0.0,4.18,0.902,0.0,0,0.0,0.0,58,7.02,7,1,8.29,0.0,0.0,0.0,0.0,76.82,0.789,0.0,0,0.0,0.0,16,0.02,5,-1,-12.71,0.0,0.0,0.0,0.0,72.64,-0.113,0.0,0,0.0,0.0
JaviGarc1a,59,31.44,14,5,4.21,0.119,0.288,0.017,0.0,120.1,0.603,0.0,0,0.0,0.0,5,22.6,4,2,1.25,0.0,0.2,0.0,0.0,1080.03,0.25,0.0,0,0.0,0.0,-54,-8.84,-10,-3,-2.96,-0.119,-0.088,-0.017,0.0,959.93,-0.353,0.0,0,0.0,0.0
MahmudMridul,26,19.04,3,2,8.67,0.0,0.0,0.0,0.0,383.22,0.84,0.0,0,0.0,0.0,18,31.28,4,1,4.5,0.111,0.389,0.0,0.0,365.15,0.529,0.0,0,0.0,0.0,-8,12.24,1,-1,-4.17,0.111,0.389,0.0,0.0,-18.07,-0.311,0.0,0,0.0,0.0
VivekJhaConnect,9,16.89,1,1,9.0,0.0,0.0,0.0,0.0,0.53,0.875,0.0,0,0.0,0.0,13,30.08,7,4,1.86,0.231,0.0,0.0,0.0,684.66,0.417,0.0,0,0.0,0.0,4,13.19,6,3,-7.14,0.231,0.0,0.0,0.0,684.13,-0.458,0.0,0,0.0,0.0
tonelopes-dev,10,18.1,5,4,2.0,0.2,0.1,0.0,0.0,494.92,0.222,0.0,0,0.0,0.0,16,67.75,6,2,2.67,0.188,0.25,0.0,0.0,667.34,0.6,0.0,0,0.0,0.0,6,49.65,1,-2,0.67,-0.012,0.15,0.0,0.0,172.42,0.378,0.0,0,0.0,0.0
yeriel,11,12.82,4,2,2.75,0.0,0.0,0.0,0.0,585.69,0.5,0.0,0,0.0,0.0,43,15.77,14,4,3.07,0.023,0.023,0.023,0.0,445.92,0.524,0.0,0,0.0,0.0,32,2.95,10,2,0.32,0.023,0.023,0.023,0.0,-139.77,0.024,0.0,0,0.0,0.0
Sambit-X,20,16.9,5,5,4.0,0.0,0.0,0.0,0.0,391.87,0.737,0.0,0,0.0,0.0,7,16.86,3,2,2.33,0.0,0.0,0.0,0.0,267.95,0.667,0.0,0,0.0,0.0,-13,-0.04,-2,-3,-1.67,0.0,0.0,0.0,0.0,-123.92,-0.07,0.0,0,0.0,0.0
ugurkocde,94,36.93,8,1,11.75,0.149,0.0,0.021,0.149,94.17,0.581,0.0,0,16.57,0.0,6,51.5,1,1,6.0,0.0,0.0,0.0,0.5,0.02,1.0,0.0,0,0.0,0.0,-88,14.57,-7,0,-5.75,-0.149,0.0,-0.021,0.351,-94.15,0.419,0.0,0,-16.57,0.0
Philipp0002,64,42.25,11,1,5.82,0.047,0.0,0.0,0.016,199.21,0.683,0.0,0,29.38,0.375,36,30.5,5,1,7.2,0.0,0.0,0.0,0.0,163.21,0.714,0.0,0,0.0,0.0,-28,-11.75,-6,0,1.38,-0.047,0.0,0.0,-0.016,-36.0,0.031,0.0,0,-29.38,-0.375
iotacb,54,37.93,16,4,3.38,0.167,0.0,0.0,0.0,281.61,0.509,0.0,0,32.5,0.5,14,33.0,7,3,2.0,0.0,0.071,0.0,0.0,841.78,0.308,0.0,0,0.0,0.0,-40,-4.93,-9,-1,-1.38,-0.167,0.071,0.0,0.0,560.17,-0.201,0.0,0,-32.5,-0.5
ghbrown,66,37.74,26,1,2.54,0.0,0.0,0.03,0.0,204.24,0.354,0.0,0,0.0,0.0,34,37.74,24,1,1.42,0.0,0.0,0.0,0.0,595.55,0.152,0.0,0,0.0,0.0,-32,0.0,-2,0,-1.12,0.0,0.0,-0.03,0.0,391.31,-0.202,0.0,0,0.0,0.0
stsmdt,21,37.24,7,1,3.0,0.0,1.0,0.095,0.0,591.39,0.6,0.0,0,0.0,0.0,26,41.04,11,2,2.36,0.038,0.962,0.0,0.0,568.17,0.44,0.0,0,0.0,0.0,5,3.8,4,1,-0.64,0.038,-0.038,-0.095,0.0,-23.22,-0.16,0.0,0,0.0,0.0
alarno,5,23.0,4,1,1.25,0.0,0.0,0.0,0.0,2627.86,0.25,0.0,0,0.0,0.0,10,22.4,5,3,2.0,0.0,0.0,0.0,0.0,2144.17,0.444,0.0,0,0.0,0.0,5,-0.6,1,2,0.75,0.0,0.0,0.0,0.0,-483.69,0.194,0.0,0,0.0,0.0
alinasarmiento,49,21.57,13,1,3.77,0.02,0.0,0.0,0.0,248.36,0.729,0.0,0,0.0,0.0,51,17.06,6,1,8.5,0.0,0.0,0.0,0.0,238.49,0.84,0.0,0,0.0,0.0,2,-4.51,-7,0,4.73,-0.02,0.0,0.0,0.0,-9.87,0.111,0.0,0,0.0,0.0
rogerwesterbo,18,20.56,7,5,2.57,0.111,0.0,0.0,0.0,923.42,0.412,0.0,0,0.0,0.0,63,55.98,14,1,4.5,0.206,0.048,0.079,0.016,285.26,0.565,0.0,0,0.0,0.0,45,35.42,7,-4,1.93,0.095,0.048,0.079,0.016,-638.16,0.153,0.0,0,0.0,0.0
venkatsai494,5,43.2,3,1,1.67,0.0,0.0,0.0,0.0,71.83,0.25,0.0,0,0.0,0.0,94,40.16,17,2,5.53,0.0,0.0,0.0,0.0,178.05,0.086,0.0,0,34.0,0.4,89,-3.04,14,1,3.86,0.0,0.0,0.0,0.0,106.22,-0.164,0.0,0,34.0,0.4
SergeyReizman,33,26.06,4,5,8.25,0.061,0.0,0.0,0.0,78.85,0.656,0.0,0,0.0,0.0,7,16.14,3,1,2.33,0.0,0.0,0.0,0.0,2626.13,0.667,0.0,0,0.0,0.0,-26,-9.92,-1,-4,-5.92,-0.061,0.0,0.0,0.0,2547.28,0.011,0.0,0,0.0,0.0
sihensel,17,64.41,9,2,1.89,0.412,0.0,0.0,0.412,1080.2,0.438,0.0,0,0.0,0.0,39,49.15,19,2,2.05,0.205,0.0,0.0,0.205,525.24,0.421,0.0,0,0.0,0.0,22,-15.26,10,0,0.16,-0.207,0.0,0.0,-0.207,-554.96,-0.017,0.0,0,0.0,0.0
RohitVerma882,17,15.53,7,1,2.43,0.118,0.0,0.0,0.0,209.66,0.312,0.0,0,0.0,0.0,16,17.12,7,1,2.29,0.0,0.0,0.0,0.0,730.9,0.533,0.0,0,0.0,0.0,-1,1.59,0,0,-0.14,-0.118,0.0,0.0,0.0,521.24,0.221,0.0,0,0.0,0.0
AdanaTatuyaHatsumi,26,41.88,6,3,4.33,0.462,0.0,0.0,0.0,105.8,0.6,0.0,0,0.0,0.0,25,54.96,9,5,2.78,0.56,0.0,0.0,0.0,248.5,0.625,0.0,0,2.57,0.0,-1,13.08,3,2,-1.55,0.098,0.0,0.0,0.0,142.7,0.025,0.0,0,2.57,0.0
Sadeqsoli,48,72.69,6,2,8.0,0.104,0.0,0.0,0.0,58.75,0.574,0.0,0,0.0,0.0,49,39.35,11,5,4.45,0.0,0.0,0.02,0.0,65.08,0.521,0.0,0,0.0,0.0,1,-33.34,5,3,-3.55,-0.104,0.0,0.02,0.0,6.33,-0.053,0.0,0,0.0,0.0
ValberJunior,19,17.21,10,1,1.9,0.053,0.0,0.0,0.0,610.85,0.333,0.0,0,0.0,0.0,7,42.43,4,1,1.75,0.286,0.0,0.0,0.0,2481.05,0.5,0.0,0,0.0,0.0,-12,25.22,-6,0,-0.15,0.233,0.0,0.0,0.0,1870.2,0.167,0.0,0,0.0,0.0
MarioMingarro,42,11.45,12,1,3.5,0.0,0.0,0.0,0.0,405.81,0.463,0.0,0,0.0,0.0,10,1.4,4,1,2.5,0.0,0.0,0.0,0.0,388.91,0.333,0.0,0,0.0,0.0,-32,-10.05,-8,0,-1.0,0.0,0.0,0.0,0.0,-16.9,-0.13,0.0,0,0.0,0.0
JuiceyBeans,70,41.21,9,1,7.78,0.186,0.0,0.0,0.086,44.07,0.754,0.0,0,0.0,0.0,17,43.71,5,2,3.4,0.294,0.0,0.059,0.235,482.72,0.688,0.0,0,60.0,0.25,-53,2.5,-4,1,-4.38,0.108,0.0,0.059,0.149,438.65,-0.066,0.0,0,60.0,0.25
flavien-chenu,27,29.07,6,2,4.5,0.0,0.074,0.0,0.0,214.31,0.462,0.0,0,0.0,0.0,73,39.41,22,4,3.32,0.068,0.822,0.0,0.0,276.96,0.458,0.0,0,50.5,0.5,46,10.34,16,2,-1.18,0.068,0.748,0.0,0.0,62.65,-0.004,0.0,0,50.5,0.5
EduGese,76,24.29,13,4,5.85,0.013,0.0,0.013,0.0,42.82,0.573,0.0,0,0.0,0.0,24,35.71,10,4,2.4,0.167,0.042,0.0,0.125,721.28,0.391,0.0,0,0.0,0.0,-52,11.42,-3,0,-3.45,0.154,0.042,-0.013,0.125,678.46,-0.182,0.0,0,0.0,0.0
rahulsharma027,10,16.3,3,2,3.33,0.0,0.0,0.0,0.0,373.12,0.667,0.0,0,0.0,0.0,40,26.18,6,4,6.67,0.0,0.0,0.0,0.0,206.9,0.718,0.0,0,0.0,0.0,30,9.88,3,2,3.34,0.0,0.0,0.0,0.0,-166.22,0.051,0.0,0,0.0,0.0
Velia-Raphael,25,26.44,7,1,3.57,0.0,0.0,0.12,0.0,623.57,0.625,0.0,0,0.0,0.0,11,23.45,7,2,1.57,0.0,0.0,0.0,0.0,638.55,0.3,0.0,0,0.0,0.0,-14,-2.99,0,1,-2.0,0.0,0.0,-0.12,0.0,14.98,-0.325,0.0,0,0.0,0.0
ahillelt,8,43.25,2,2,4.0,0.625,0.0,0.0,0.0,705.58,0.714,0.0,0,0.0,0.0,71,101.17,5,5,14.2,0.69,0.0,0.0,0.141,185.07,0.871,0.0,0,0.0,0.0,63,57.92,3,3,10.2,0.065,0.0,0.0,0.141,-520.51,0.157,0.0,0,0.0,0.0
rxue,7,47.43,5,1,1.4,0.0,0.0,0.0,0.0,1384.03,0.167,0.0,0,0.0,0.0,61,40.07,6,1,10.17,0.0,0.0,0.033,0.0,284.67,0.5,0.0,0,0.0,0.0,54,-7.36,1,0,8.77,0.0,0.0,0.033,0.0,-1099.36,0.333,0.0,0,0.0,0.0
kily-smith,14,27.43,5,3,2.8,0.143,0.0,0.0,0.0,415.92,0.462,0.0,0,0.0,0.0,31,11.42,5,2,6.2,0.0,0.0,0.032,0.0,123.16,0.4,0.0,0,0.0,0.0,17,-16.01,0,-1,3.4,-0.143,0.0,0.032,0.0,-292.76,-0.062,0.0,0,0.0,0.0
gabrieletassoni,26,27.23,3,1,8.67,0.0,0.0,0.038,0.0,28.79,0.88,0.0,0,0.0,0.0,41,79.61,5,1,8.2,0.39,0.0,0.0,0.049,474.05,0.75,0.0,0,400.0,0.667,15,52.38,2,0,-0.47,0.39,0.0,-0.038,0.049,445.26,-0.13,0.0,0,400.0,0.667
fakerdeft,49,16.0,12,1,4.08,0.0,0.0,0.0,0.0,170.3,0.562,0.0,0,0.0,0.0,51,16.0,29,1,1.76,0.0,0.0,0.0,0.0,367.48,0.28,0.0,0,0.0,0.0,2,0.0,17,0,-2.32,0.0,0.0,0.0,0.0,197.18,-0.282,0.0,0,0.0,0.0
mohamedeyaad,56,12.07,12,4,4.67,0.036,0.0,0.036,0.018,224.51,0.691,0.0,0,0.0,0.0,23,30.17,6,3,3.83,0.087,0.0,0.0,0.0,530.85,0.636,0.0,0,0.0,0.0,-33,18.1,-6,-1,-0.84,0.051,0.0,-0.036,-0.018,306.34,-0.055,0.0,0,0.0,0.0
iagoscm,60,29.15,17,4,3.53,0.117,0.0,0.0,0.067,235.26,0.576,0.0,0,0.0,0.0,11,19.45,7,2,1.57,0.0,0.182,0.0,0.0,1255.41,0.3,0.0,0,0.0,0.0,-49,-9.7,-10,-2,-1.96,-0.117,0.182,0.0,-0.067,1020.15,-0.276,0.0,0,0.0,0.0
Yu-Kit42,75,67.47,25,1,3.0,0.0,0.0,0.0,0.013,122.04,0.378,0.0,0,0.0,0.0,11,63.36,7,1,1.57,0.0,0.0,0.0,0.0,736.73,0.3,0.0,0,0.0,0.0,-64,-4.11,-18,0,-1.43,0.0,0.0,0.0,-0.013,614.69,-0.078,0.0,0,0.0,0.0
anfal17,67,39.52,9,1,7.44,0.0,0.0,0.0,0.0,58.92,0.348,0.0,0,0.0,0.0,33,17.67,10,1,3.3,0.0,0.0,0.0,0.0,219.13,0.25,0.0,0,0.0,0.0,-34,-21.85,1,0,-4.14,0.0,0.0,0.0,0.0,160.21,-0.098,0.0,0,0.0,0.0
asmorodskyi,29,39.9,17,1,1.71,0.0,0.0,0.0,0.0,582.37,0.25,0.0,0,0.0,0.0,42,36.64,27,1,1.56,0.0,0.0,0.024,0.0,463.12,0.22,0.0,0,0.0,0.0,13,-3.26,10,0,-0.15,0.0,0.0,0.024,0.0,-119.25,-0.03,0.0,0,0.0,0.0
joelmturner,14,41.57,6,2,2.33,0.071,0.143,0.071,0.0,737.65,0.231,0.0,0,0.0,0.0,5,22.2,4,2,1.25,0.0,0.0,0.0,0.0,4116.77,0.25,0.0,0,0.0,0.0,-9,-19.37,-2,0,-1.08,-0.071,-0.143,-0.071,0.0,3379.12,0.019,0.0,0,0.0,0.0
Ahmedgawish10,5,17.6,4,5,1.25,0.0,0.0,0.0,0.0,183.1,0.25,0.0,0,0.0,0.0,11,26.0,3,1,3.67,0.0,0.0,0.0,0.0,397.0,0.6,0.0,0,0.0,0.0,6,8.4,-1,-4,2.42,0.0,0.0,0.0,0.0,213.9,0.35,0.0,0,0.0,0.0
SpinningSpectre,54,107.52,20,3,2.7,0.593,0.0,0.056,0.0,203.77,0.358,0.0,0,0.0,0.0,46,38.13,14,4,3.29,0.152,0.0,0.022,0.0,225.1,0.511,0.0,0,0.0,0.0,-8,-69.39,-6,1,0.59,-0.441,0.0,-0.034,0.0,21.33,0.153,0.0,0,0.0,0.0
rapha-pro,13,18.46,3,5,4.33,0.0,0.0,0.0,0.0,968.48,0.583,0.0,0,0.0,0.0,62,29.34,19,1,3.26,0.258,0.0,0.0,0.0,259.71,0.623,0.0,0,0.0,0.0,49,10.88,16,-4,-1.07,0.258,0.0,0.0,0.0,-708.77,0.04,0.0,0,0.0,0.0
LAlto96,7,116.14,4,3,1.75,0.143,0.0,0.0,0.143,1732.03,0.333,0.0,0,0.0,0.0,11,86.64,2,2,5.5,0.364,0.0,0.0,0.091,47.45,0.9,0.0,0,0.0,0.0,4,-29.5,-2,-1,3.75,0.221,0.0,0.0,-0.052,-1684.58,0.567,0.0,0,0.0,0.0
marksowell,45,17.16,13,1,3.46,0.0,0.0,0.0,0.0,249.79,0.614,0.0,0,0.0,0.0,55,17.09,7,1,7.86,0.0,0.0,0.036,0.0,241.35,0.833,0.0,0,0.0,0.0,10,-0.07,-6,0,4.4,0.0,0.0,0.036,0.0,-8.44,0.219,0.0,0,0.0,0.0
GuedesAlexandre,53,8.96,5,5,10.6,0.0,0.0,0.0,0.0,67.8,0.808,0.0,0,0.0,0.0,26,24.0,9,2,2.89,0.038,0.0,0.0,0.0,690.06,0.6,0.0,0,0.0,0.0,-27,15.04,4,-3,-7.71,0.038,0.0,0.0,0.0,622.26,-0.208,0.0,0,0.0,0.0
SAGUMEDREAM,8,20.25,4,2,2.0,0.0,0.0,0.0,0.0,225.86,0.429,0.0,0,0.0,0.0,5,16.0,2,1,2.5,0.0,0.0,0.0,0.0,275.93,0.75,0.0,0,0.0,0.0,-3,-4.25,-2,-1,0.5,0.0,0.0,0.0,0.0,50.07,0.321,0.0,0,0.0,0.0
Zilinghan,14,16.86,9,1,1.56,0.0,0.0,0.0,0.0,1217.52,0.154,0.0,0,0.0,0.0,10,20.8,8,1,1.25,0.0,0.0,0.1,0.0,1789.21,0.111,0.0,0,0.0,0.0,-4,3.94,-1,0,-0.31,0.0,0.0,0.1,0.0,571.69,-0.043,0.0,0,0.0,0.0
Nbobito,7,34.57,4,1,1.75,0.143,0.0,0.0,0.0,221.94,0.5,0.0,0,0.0,0.0,14,24.93,4,1,3.5,0.0,0.0,0.071,0.0,896.63,0.538,0.0,0,0.0,0.0,7,-9.64,0,0,1.75,-0.143,0.0,0.071,0.0,674.69,0.038,0.0,0,0.0,0.0
blackhill86,44,19.14,6,3,7.33,0.0,0.0,0.0,0.0,215.06,0.837,0.0,0,0.0,0.0,19,23.84,11,3,1.73,0.211,0.0,0.0,0.0,357.42,0.278,0.0,0,0.0,0.0,-25,4.7,5,0,-5.6,0.211,0.0,0.0,0.0,142.36,-0.559,0.0,0,0.0,0.0
EsaKris,30,207.4,4,3,7.5,0.467,0.0,0.033,0.0,113.11,0.724,0.0,0,0.0,0.0,22,64.64,5,1,4.4,0.409,0.0,0.0,0.0,224.84,0.81,0.0,0,0.0,0.0,-8,-142.76,1,-2,-3.1,-0.058,0.0,-0.033,0.0,111.73,0.086,0.0,0,0.0,0.0
M4rdc0re,26,16.42,4,3,6.5,0.0,0.0,0.0,0.0,16.81,0.52,0.0,0,0.0,0.0,25,19.08,5,4,5.0,0.0,0.0,0.04,0.0,77.76,0.667,0.0,0,0.0,0.0,-1,2.66,1,1,-1.5,0.0,0.0,0.04,0.0,60.95,0.147,0.0,0,0.0,0.0
Sharif-Minhaz,67,22.34,16,3,4.19,0.015,0.209,0.0,0.0,259.47,0.515,0.0,0,0.0,0.0,5,20.2,3,1,1.67,0.0,0.4,0.0,0.0,4111.28,0.5,0.0,0,0.0,0.0,-62,-2.14,-13,-2,-2.52,-0.015,0.191,0.0,0.0,3851.81,-0.015,0.0,0,0.0,0.0
kankenny,85,17.26,18,4,4.72,0.0,0.0,0.0,0.0,146.59,0.702,0.0,0,0.0,0.0,15,32.53,5,2,3.0,0.067,0.333,0.0,0.0,466.27,0.643,0.0,0,0.0,0.0,-70,15.27,-13,-2,-1.72,0.067,0.333,0.0,0.0,319.68,-0.059,0.0,0,0.0,0.0
hebertcisco,48,39.81,3,1,16.0,0.062,0.438,0.0,0.125,245.36,0.872,0.0,0,0.0,0.0,27,81.04,9,1,3.0,0.333,0.148,0.0,0.0,687.38,0.538,0.0,0,0.0,0.0,-21,41.23,6,0,-13.0,0.271,-0.29,0.0,-0.125,442.02,-0.334,0.0,0,0.0,0.0
baeminbo,18,44.61,13,1,1.38,0.056,0.0,0.222,0.0,727.08,0.176,0.0,0,0.0,0.0,18,44.06,14,1,1.29,0.0,0.0,0.444,0.0,680.17,0.0,0.0,0,0.0,0.0,0,-0.55,1,0,-0.09,-0.056,0.0,0.222,0.0,-46.91,-0.176,0.0,0,0.0,0.0
AdrianoEscarabote,25,15.12,19,4,1.32,0.0,0.0,0.0,0.0,525.15,0.125,0.0,0,0.0,0.0,7,18.29,6,1,1.17,0.0,0.0,0.0,0.0,1440.25,0.167,0.0,0,0.0,0.0,-18,3.17,-13,-3,-0.15,0.0,0.0,0.0,0.0,915.1,0.042,0.0,0,0.0,0.0
HodeonArtz,24,22.08,6,2,4.0,0.125,0.0,0.0,0.0,265.78,0.739,0.0,0,0.0,0.0,60,33.35,8,4,7.5,0.05,0.0,0.0,0.017,94.96,0.61,0.0,0,20.0,0.0,36,11.27,2,2,3.5,-0.075,0.0,0.0,0.017,-170.82,-0.129,0.0,0,20.0,0.0
Xalalau,84,37.0,13,1,6.46,0.0,0.0,0.012,0.0,130.69,0.735,0.0,0,0.0,0.0,16,39.81,7,1,2.29,0.062,0.0,0.0,0.0,907.1,0.467,0.0,0,0.0,0.0,-68,2.81,-6,0,-4.17,0.062,0.0,-0.012,0.0,776.41,-0.268,0.0,0,0.0,0.0
graziano-giuliani,11,20.18,4,1,2.75,0.0,0.0,0.0,0.0,947.69,0.4,0.0,0,0.0,0.0,11,16.45,4,1,2.75,0.0,0.0,0.0,0.0,930.28,0.4,0.0,0,0.0,0.0,0,-3.73,0,0,0.0,0.0,0.0,0.0,0.0,-17.41,0.0,0.0,0,0.0,0.0
mxwllstn,8,28.5,2,1,4.0,0.125,0.0,0.0,0.0,1683.32,0.857,0.0,0,44.0,0.0,85,31.85,15,2,5.67,0.024,0.518,0.035,0.012,206.31,0.714,0.0,0,227.56,0.778,77,3.35,13,1,1.67,-0.101,0.518,0.035,0.012,-1477.01,-0.143,0.0,0,183.56,0.778
Tonysoossa,31,40.68,10,3,3.1,0.0,0.0,0.0,0.0,70.37,0.267,0.0,0,0.0,0.0,40,25.73,8,2,5.0,0.0,0.0,0.025,0.0,35.64,0.256,0.0,0,0.0,0.0,9,-14.95,-2,-1,1.9,0.0,0.0,0.025,0.0,-34.73,-0.011,0.0,0,0.0,0.0
jdevalk,28,21.36,8,3,3.5,0.036,0.0,0.0,0.0,448.22,0.704,0.0,0,0.0,0.0,8,120.5,2,2,4.0,0.5,0.0,0.125,0.25,2215.08,0.857,0.0,0,0.0,0.0,-20,99.14,-6,-1,0.5,0.464,0.0,0.125,0.25,1766.86,0.153,0.0,0,0.0,0.0
valdemarvictorleitecarvalho,59,18.29,6,4,9.83,0.0,0.0,0.0,0.068,21.53,0.828,0.0,0,0.0,0.0,20,20.3,4,3,5.0,0.0,0.0,0.0,0.0,458.64,0.684,0.0,0,0.0,0.0,-39,2.01,-2,-1,-4.83,0.0,0.0,0.0,-0.068,437.11,-0.144,0.0,0,0.0,0.0
sergiofteixeira,5,13.6,2,1,2.5,0.0,0.0,0.0,0.0,61.03,0.75,0.0,0,139.0,1.0,84,30.1,36,2,2.33,0.274,0.0,0.0,0.0,195.94,0.47,0.0,0,0.0,0.0,79,16.5,34,1,-0.17,0.274,0.0,0.0,0.0,134.91,-0.28,0.0,0,-139.0,-1.0
goksuko,5,14.8,1,2,5.0,0.0,0.0,0.0,0.0,28.77,0.75,0.0,0,0.0,0.0,5,16.6,3,3,1.67,0.0,0.0,0.0,0.0,783.12,0.5,0.0,0,0.0,0.0,0,1.8,2,1,-3.33,0.0,0.0,0.0,0.0,754.35,-0.25,0.0,0,0.0,0.0
vasilsaroka,24,49.04,3,2,8.0,0.958,0.0,0.0,0.0,433.26,0.826,0.0,0,0.0,0.0,23,37.13,6,1,3.83,0.826,0.0,0.0,0.043,578.13,0.545,0.0,0,27.0,0.0,-1,-11.91,3,-1,-4.17,-0.132,0.0,0.0,0.043,144.87,-0.281,0.0,0,27.0,0.0
iamovi,19,17.0,3,2,6.33,0.0,0.0,0.0,0.0,27.17,0.556,0.0,0,0.0,0.0,81,24.3,10,2,8.1,0.074,0.0,0.0,0.049,237.13,0.7,0.0,0,25.0,0.0,62,7.3,7,0,1.77,0.074,0.0,0.0,0.049,209.96,0.144,0.0,0,25.0,0.0
nickhdillon,12,16.0,6,1,2.0,0.0,0.0,0.0,0.0,749.17,0.455,0.0,0,0.0,0.0,88,24.85,16,4,5.5,0.011,0.205,0.045,0.0,141.87,0.655,0.0,0,0.0,0.0,76,8.85,10,3,3.5,0.011,0.205,0.045,0.0,-607.3,0.2,0.0,0,0.0,0.0
gabrielfernando01,42,23.21,13,2,3.23,0.143,0.0,0.0,0.0,244.1,0.39,0.0,0,0.0,0.0,58,32.72,14,3,4.14,0.0,0.0,0.0,0.0,305.51,0.386,0.0,0,0.0,0.0,16,9.51,1,1,0.91,-0.143,0.0,0.0,0.0,61.41,-0.004,0.0,0,0.0,0.0
jgadsden,5,33.2,3,1,1.67,0.2,0.0,0.0,0.0,1134.0,0.25,0.0,0,219.0,1.0,16,35.12,6,2,2.67,0.0,0.0,0.0,0.0,1019.11,0.533,0.0,0,256.5,1.0,11,1.92,3,1,1.0,-0.2,0.0,0.0,0.0,-114.89,0.283,0.0,0,37.5,0.0
suansuan0915,24,39.0,5,1,4.8,0.0,0.0,0.0,0.0,437.15,0.565,0.0,0,0.0,0.0,48,41.06,7,1,6.86,0.0,0.0,0.0,0.083,311.37,0.638,0.0,0,0.0,0.0,24,2.06,2,0,2.06,0.0,0.0,0.0,0.083,-125.78,0.073,0.0,0,0.0,0.0
MMirkonsio,47,15.79,8,5,5.88,0.064,0.0,0.0,0.0,53.42,0.804,0.0,0,0.0,0.0,25,23.52,5,2,5.0,0.0,0.0,0.0,0.0,101.26,0.667,0.0,0,0.0,0.0,-22,7.73,-3,-3,-0.88,-0.064,0.0,0.0,0.0,47.84,-0.137,0.0,0,0.0,0.0
dhananjaykr306,14,17.14,1,4,14.0,0.0,0.0,0.0,0.0,0.21,1.0,0.0,0,0.0,0.0,8,27.88,1,1,8.0,0.0,0.0,0.0,0.0,0.22,1.0,0.0,0,0.0,0.0,-6,10.74,0,-3,-6.0,0.0,0.0,0.0,0.0,0.01,0.0,0.0,0,0.0,0.0
LebedevSergeyVach,9,23.11,5,2,1.8,0.0,0.0,0.0,0.0,816.13,0.5,0.0,0,0.0,0.0,91,16.56,17,2,5.35,0.0,0.0,0.0,0.0,182.35,0.711,0.0,0,0.0,0.0,82,-6.55,12,0,3.55,0.0,0.0,0.0,0.0,-633.78,0.211,0.0,0,0.0,0.0
emo-mruczek,25,28.2,2,1,12.5,0.16,0.72,0.0,0.0,3.94,0.667,0.0,0,0.0,0.0,75,27.99,4,2,18.75,0.187,0.453,0.013,0.0,9.14,0.716,0.0,0,0.0,0.0,50,-0.21,2,1,6.25,0.027,-0.267,0.013,0.0,5.2,0.049,0.0,0,0.0,0.0
rileydeman,13,22.62,1,1,13.0,0.077,0.0,0.0,0.077,2.1,0.75,0.0,0,0.0,0.0,87,63.7,6,3,14.5,0.897,0.0,0.0,0.011,50.77,0.744,0.0,0,6.67,0.0,74,41.08,5,2,1.5,0.82,0.0,0.0,-0.066,48.67,-0.006,0.0,0,6.67,0.0
JosephSensback,14,48.79,4,3,3.5,0.0,0.0,0.0,0.0,221.27,0.538,0.0,0,0.0,0.0,5,17.6,4,1,1.25,0.0,0.0,0.0,0.0,1968.0,0.0,0.0,0,0.0,0.0,-9,-31.19,0,-2,-2.25,0.0,0.0,0.0,0.0,1746.73,-0.538,0.0,0,0.0,0.0
Rikuto13ten,48,12.88,13,5,3.69,0.0,0.146,0.0,0.0,238.9,0.532,0.0,0,0.0,0.0,11,6.09,4,1,2.75,0.0,0.0,0.0,0.0,278.47,0.2,0.0,0,0.0,0.0,-37,-6.79,-9,-4,-0.94,0.0,-0.146,0.0,0.0,39.57,-0.332,0.0,0,0.0,0.0
caoyingjunz,47,32.17,24,3,1.96,0.0,0.0,0.043,0.0,220.3,0.065,0.0,0,1.19,0.019,22,60.86,11,2,2.0,0.545,0.0,0.0,0.0,504.39,0.238,0.0,0,20.71,0.381,-25,28.69,-13,-1,0.04,0.545,0.0,-0.043,0.0,284.09,0.173,0.0,0,19.52,0.362
phatak-dev,22,31.14,9,1,2.44,0.0,0.0,0.0,0.0,386.45,0.476,0.0,0,0.0,0.0,11,28.45,5,1,2.2,0.0,0.0,0.0,0.0,1151.2,0.4,0.0,0,0.0,0.0,-11,-2.69,-4,0,-0.24,0.0,0.0,0.0,0.0,764.75,-0.076,0.0,0,0.0,0.0
jsartori12,15,17.0,6,3,2.5,0.0,0.0,0.0,0.0,407.71,0.429,0.0,0,0.0,0.0,85,22.94,9,3,9.44,0.035,0.0,0.0,0.0,179.5,0.833,0.0,0,0.0,0.0,70,5.94,3,0,6.94,0.035,0.0,0.0,0.0,-228.21,0.404,0.0,0,0.0,0.0
MaxDevelo,27,15.41,5,2,5.4,0.0,0.0,0.0,0.0,499.4,0.769,0.0,0,0.0,0.0,5,33.6,3,1,1.67,0.0,1.0,0.0,0.0,2107.22,0.25,0.0,0,0.0,0.0,-22,18.19,-2,-1,-3.73,0.0,1.0,0.0,0.0,1607.82,-0.519,0.0,0,0.0,0.0
ShorterKing,17,36.71,2,3,8.5,0.176,0.0,0.0,0.0,227.36,0.812,0.0,0,0.0,0.0,83,29.18,21,5,3.95,0.145,0.0,0.096,0.0,238.82,0.561,0.0,0,0.0,0.0,66,-7.53,19,2,-4.55,-0.031,0.0,0.096,0.0,11.46,-0.251,0.0,0,0.0,0.0
matteobecchi,9,73.11,3,2,3.0,0.111,0.0,0.0,0.0,642.65,0.75,0.0,0,20.75,0.25,91,33.27,9,2,10.11,0.055,0.0,0.0,0.011,164.4,0.856,0.0,0,86.2,0.4,82,-39.84,6,0,7.11,-0.056,0.0,0.0,0.011,-478.25,0.106,0.0,0,65.45,0.15
mrizzello,60,20.6,20,1,3.0,0.0,0.0,0.0,0.0,226.14,0.322,0.0,0,0.0,0.0,40,31.85,24,1,1.67,0.0,0.0,0.0,0.0,438.07,0.256,0.0,0,0.0,0.0,-20,11.25,4,0,-1.33,0.0,0.0,0.0,0.0,211.93,-0.066,0.0,0,0.0,0.0
acelaya,13,29.62,1,1,13.0,0.077,0.0,0.0,0.0,0.34,0.917,0.0,0,0.0,0.0,65,116.75,16,2,4.06,0.938,0.0,0.0,0.0,73.85,0.766,0.0,0,0.0,0.0,52,87.13,15,1,-8.94,0.861,0.0,0.0,0.0,73.51,-0.151,0.0,0,0.0,0.0
TorHenrikUlsted,46,58.87,17,1,2.71,0.283,0.413,0.087,0.13,145.23,0.4,0.0,0,85.8,0.8,54,67.26,22,1,2.45,0.611,0.333,0.0,0.0,247.21,0.415,0.0,0,142.27,0.848,8,8.39,5,0,-0.26,0.328,-0.08,-0.087,-0.13,101.98,0.015,0.0,0,56.47,0.048
maksimv0202,10,15.8,7,1,1.43,0.0,0.0,0.0,0.0,1165.52,0.333,0.0,0,0.0,0.0,75,30.79,11,5,6.82,0.0,0.48,0.067,0.0,206.28,0.608,0.0,0,0.0,0.0,65,14.99,4,4,5.39,0.0,0.48,0.067,0.0,-959.24,0.275,0.0,0,0.0,0.0
michael-petersen,31,50.84,22,1,1.41,0.194,0.0,0.0,0.0,452.01,0.1,0.0,0,311.5,0.75,12,53.08,2,1,6.0,0.167,0.0,0.25,0.0,79.29,0.636,0.0,0,78.0,0.667,-19,2.24,-20,0,4.59,-0.027,0.0,0.25,0.0,-372.72,0.536,0.0,0,-233.5,-0.083
roberta96,31,18.81,3,1,10.33,0.065,0.0,0.032,0.0,13.78,0.833,0.0,0,0.0,0.0,69,21.29,8,2,8.62,0.072,0.0,0.101,0.0,268.96,0.853,0.0,0,0.0,0.0,38,2.48,5,1,-1.71,0.007,0.0,0.069,0.0,255.18,0.02,0.0,0,0.0,0.0
Yusef-Ahmed,29,16.03,6,4,4.83,0.0,0.0,0.0,0.0,219.18,0.75,0.0,0,0.0,0.0,24,21.25,4,1,6.0,0.125,0.0,0.0,0.0,412.06,0.783,0.0,0,0.0,0.0,-5,5.22,-2,-3,1.17,0.125,0.0,0.0,0.0,192.88,0.033,0.0,0,0.0,0.0
shruti-202,58,27.57,8,5,7.25,0.017,0.121,0.0,0.0,143.54,0.667,0.0,0,0.0,0.0,5,23.4,5,1,1.0,0.0,0.4,0.0,0.0,2406.3,0.0,0.0,0,0.0,0.0,-53,-4.17,-3,-4,-6.25,-0.017,0.279,0.0,0.0,2262.76,-0.667,0.0,0,0.0,0.0
EmmanuelOchaje,28,8.86,4,2,7.0,0.0,0.0,0.0,0.0,368.39,0.667,0.0,0,0.0,0.0,8,9.75,2,3,4.0,0.0,0.0,0.0,0.0,67.27,0.714,0.0,0,0.0,0.0,-20,0.89,-2,1,-3.0,0.0,0.0,0.0,0.0,-301.12,0.047,0.0,0,0.0,0.0
KaioHSG,71,22.45,8,2,8.88,0.0,0.0,0.0,0.0,239.36,0.829,0.0,0,0.0,0.0,29,17.72,6,2,4.83,0.0,0.0,0.0,0.0,422.98,0.75,0.0,0,0.0,0.0,-42,-4.73,-2,0,-4.05,0.0,0.0,0.0,0.0,183.62,-0.079,0.0,0,0.0,0.0
nafiulhaqueinan,20,19.7,11,4,1.82,0.0,0.0,0.0,0.0,229.46,0.263,0.0,0,0.0,0.0,80,20.4,15,4,5.33,0.013,0.0,0.0,0.0,144.44,0.633,0.0,0,0.0,0.0,60,0.7,4,0,3.51,0.013,0.0,0.0,0.0,-85.02,0.37,0.0,0,0.0,0.0
semihalperKeskin,56,32.57,19,3,2.95,0.036,0.0,0.0,0.0,230.04,0.455,0.0,0,2.5,0.0,11,21.82,4,3,2.75,0.0,0.091,0.0,0.0,835.18,0.7,0.0,0,0.0,0.0,-45,-10.75,-15,0,-0.2,-0.036,0.091,0.0,0.0,605.14,0.245,0.0,0,-2.5,0.0
yequalsmxplusc,7,15.43,3,2,2.33,0.0,0.0,0.0,0.0,181.21,0.5,0.0,0,0.0,0.0,8,39.0,5,3,1.6,0.25,0.0,0.0,0.0,2699.15,0.286,0.0,0,0.0,0.0,1,23.57,2,1,-0.73,0.25,0.0,0.0,0.0,2517.94,-0.214,0.0,0,0.0,0.0
Biswas-Souvik,41,20.63,3,2,13.67,0.0,0.0,0.0,0.0,106.04,0.775,0.0,0,0.0,0.0,31,25.65,7,3,4.43,0.097,0.161,0.0,0.0,400.11,0.567,0.0,0,0.0,0.0,-10,5.02,4,1,-9.24,0.097,0.161,0.0,0.0,294.07,-0.208,0.0,0,0.0,0.0
gruns,7,56.86,5,1,1.4,0.286,0.0,0.143,0.0,844.76,0.333,0.0,0,0.0,0.0,16,40.31,10,1,1.6,0.062,0.0,0.188,0.0,1182.65,0.2,0.0,0,0.0,0.0,9,-16.55,5,0,0.2,-0.224,0.0,0.045,0.0,337.89,-0.133,0.0,0,0.0,0.0
WSake,26,18.88,3,1,8.67,0.0,0.0,0.0,0.0,10.33,0.84,0.0,0,0.0,0.0,71,19.96,8,3,8.88,0.014,0.0,0.0,0.0,144.06,0.871,0.0,0,0.0,0.0,45,1.08,5,2,0.21,0.014,0.0,0.0,0.0,133.73,0.031,0.0,0,0.0,0.0
perlsdiver,22,14.41,4,2,5.5,0.091,0.0,0.0,0.0,232.35,0.619,0.0,0,0.0,0.0,54,19.35,11,2,4.91,0.074,0.0,0.0,0.0,353.74,0.717,0.0,0,0.0,0.0,32,4.94,7,0,-0.59,-0.017,0.0,0.0,0.0,121.39,0.098,0.0,0,0.0,0.0
bossfriday,76,16.0,13,4,5.85,0.0,0.0,0.0,0.0,127.3,0.64,0.0,0,0.0,0.0,24,16.0,9,2,2.67,0.0,0.0,0.0,0.0,343.35,0.565,0.0,0,0.0,0.0,-52,0.0,-4,-2,-3.18,0.0,0.0,0.0,0.0,216.05,-0.075,0.0,0,0.0,0.0
NduonyiJackUkitetu,19,18.05,5,5,3.8,0.0,0.0,0.0,0.0,240.52,0.778,0.0,0,0.0,0.0,6,24.17,1,1,6.0,0.0,0.0,0.0,0.0,0.09,1.0,0.0,0,0.0,0.0,-13,6.12,-4,-4,2.2,0.0,0.0,0.0,0.0,-240.43,0.222,0.0,0,0.0,0.0
premqer,6,14.83,3,1,2.0,0.0,0.0,0.0,0.0,51.75,0.0,0.0,0,0.0,0.0,31,33.19,8,2,3.88,0.0,0.0,0.0,0.0,217.66,0.067,0.0,0,0.0,0.0,25,18.36,5,1,1.88,0.0,0.0,0.0,0.0,165.91,0.067,0.0,0,0.0,0.0
vinitkumar,14,70.64,3,2,4.67,0.571,0.357,0.0,0.0,1032.26,0.846,0.0,0,2948.22,0.889,41,171.66,8,2,5.12,0.707,0.39,0.024,0.244,410.13,0.725,0.0,0,14816.05,0.974,27,101.02,5,0,0.45,0.136,0.033,0.024,0.244,-622.13,-0.121,0.0,0,11867.83,0.085
YooHyeok,25,15.52,8,2,3.12,0.0,0.0,0.0,0.0,556.58,0.542,0.0,0,0.0,0.0,9,17.44,3,1,3.0,0.0,0.0,0.0,0.222,326.2,0.75,0.0,0,0.0,0.0,-16,1.92,-5,-1,-0.12,0.0,0.0,0.0,0.222,-230.38,0.208,0.0,0,0.0,0.0
hurryclear,5,43.6,1,1,5.0,0.0,0.0,0.0,0.0,5.42,0.75,0.0,0,0.0,0.0,95,43.42,10,3,9.5,0.032,0.0,0.126,0.0,130.39,0.723,0.0,0,0.0,0.0,90,-0.18,9,2,4.5,0.032,0.0,0.126,0.0,124.97,-0.027,0.0,0,0.0,0.0
Chaganti-Reddy,56,19.82,9,4,6.22,0.036,0.0,0.018,0.0,246.83,0.745,0.0,0,0.0,0.0,44,53.05,12,3,3.67,0.25,0.0,0.0,0.0,451.57,0.581,0.0,0,0.0,0.0,-12,33.23,3,-1,-2.55,0.214,0.0,-0.018,0.0,204.74,-0.164,0.0,0,0.0,0.0
NotYuSheng,57,20.02,4,3,14.25,0.0,0.0,0.0,0.0,120.83,0.875,0.0,0,0.0,0.0,27,32.93,4,3,6.75,0.0,0.0,0.0,0.0,269.35,0.885,0.0,0,0.0,0.0,-30,12.91,0,0,-7.5,0.0,0.0,0.0,0.0,148.52,0.01,0.0,0,0.0,0.0
saurabh7071,24,19.25,5,5,4.8,0.0,0.0,0.0,0.0,250.78,0.826,0.0,0,0.0,0.0,27,20.48,7,2,3.86,0.0,0.0,0.0,0.0,410.2,0.654,0.0,0,0.0,0.0,3,1.23,2,-3,-0.94,0.0,0.0,0.0,0.0,159.42,-0.172,0.0,0,0.0,0.0
rsdeus,20,20.3,3,2,6.67,0.0,0.0,0.0,0.0,350.0,0.895,0.0,0,0.0,0.0,26,34.92,6,2,4.33,0.115,0.077,0.0,0.0,343.14,0.72,0.0,0,9.67,0.0,6,14.62,3,0,-2.34,0.115,0.077,0.0,0.0,-6.86,-0.175,0.0,0,9.67,0.0
DinGo21,21,27.67,4,5,5.25,0.048,0.0,0.0,0.0,41.12,0.6,0.0,0,0.0,0.0,26,17.73,9,5,2.89,0.038,0.0,0.0,0.0,729.58,0.52,0.0,0,307.0,1.0,5,-9.94,5,0,-2.36,-0.01,0.0,0.0,0.0,688.46,-0.08,0.0,0,307.0,1.0
yoon-park,28,16.82,8,3,3.5,0.0,0.0,0.0,0.0,548.82,0.519,0.0,0,0.0,0.0,72,30.94,14,3,5.14,0.056,0.0,0.0,0.056,246.15,0.324,0.0,0,0.0,0.0,44,14.12,6,0,1.64,0.056,0.0,0.0,0.056,-302.67,-0.195,0.0,0,0.0,0.0
Kaizouku14,6,27.0,3,1,2.0,0.0,0.0,0.0,0.0,57.5,0.6,0.0,0,0.0,0.0,56,24.95,12,3,4.67,0.0,0.018,0.0,0.0,294.64,0.527,0.0,0,0.0,0.0,50,-2.05,9,2,2.67,0.0,0.018,0.0,0.0,237.14,-0.073,0.0,0,0.0,0.0
lambett,6,8.33,3,3,2.0,0.0,0.0,0.0,0.0,2602.26,0.4,0.0,0,0.0,0.0,5,8.0,3,2,1.67,0.0,0.0,0.0,0.0,2764.63,0.5,0.0,0,0.0,0.0,-1,-0.33,0,-1,-0.33,0.0,0.0,0.0,0.0,162.37,0.1,0.0,0,0.0,0.0
NooriDan,17,26.29,4,2,4.25,0.0,0.0,0.0,0.059,56.25,0.5,0.0,0,0.0,0.0,83,146.9,9,1,9.22,0.133,0.0,0.0,0.108,46.93,0.683,0.0,0,80.33,0.167,66,120.61,5,-1,4.97,0.133,0.0,0.0,0.049,-9.32,0.183,0.0,0,80.33,0.167
Mintisn,15,15.4,3,2,5.0,0.0,0.0,0.0,0.0,399.37,0.714,0.0,0,0.0,0.0,85,14.96,16,2,5.31,0.0,0.0,0.0,0.0,156.36,0.655,0.0,0,0.0,0.0,70,-0.44,13,0,0.31,0.0,0.0,0.0,0.0,-243.01,-0.059,0.0,0,0.0,0.0
githwxi,19,29.05,8,1,2.38,0.053,0.0,0.0,0.0,483.97,0.444,0.0,0,0.0,0.0,11,37.82,7,1,1.57,0.182,0.0,0.0,0.0,853.29,0.2,0.0,0,0.0,0.0,-8,8.77,-1,0,-0.81,0.129,0.0,0.0,0.0,369.32,-0.244,0.0,0,0.0,0.0
Kagamashi,5,18.0,2,1,2.5,0.0,0.0,0.0,0.0,635.6,0.75,0.0,0,0.0,0.0,95,24.93,9,2,10.56,0.021,0.0,0.021,0.032,84.95,0.84,0.0,0,0.0,0.0,90,6.93,7,1,8.06,0.021,0.0,0.021,0.032,-550.65,0.09,0.0,0,0.0,0.0
q1xuanx,43,16.28,1,1,43.0,0.0,0.0,0.0,0.0,0.03,1.0,0.0,0,7.83,0.0,56,33.59,28,2,2.0,0.161,0.0,0.0,0.054,279.73,0.309,0.0,0,0.0,0.0,13,17.31,27,1,-41.0,0.161,0.0,0.0,0.054,279.7,-0.691,0.0,0,-7.83,0.0
ItsYikunJiang,34,33.94,13,2,2.62,0.265,0.029,0.0,0.5,396.71,0.242,0.0,0,0.0,0.0,6,32.83,2,1,3.0,0.0,0.0,0.0,0.0,50.8,0.6,0.0,0,0.0,0.0,-28,-1.11,-11,-1,0.38,-0.265,-0.029,0.0,-0.5,-345.91,0.358,0.0,0,0.0,0.0
jose5556,63,21.57,8,4,7.88,0.0,0.0,0.016,0.0,36.31,0.565,0.0,0,0.0,0.0,37,16.08,11,3,3.36,0.0,0.0,0.0,0.0,499.56,0.639,0.0,0,0.0,0.0,-26,-5.49,3,-1,-4.52,0.0,0.0,-0.016,0.0,463.25,0.074,0.0,0,0.0,0.0
banderror,16,18.81,7,1,2.29,0.0,0.0,0.0,0.0,1120.76,0.533,0.0,0,0.0,0.0,26,19.5,12,1,2.17,0.0,0.0,0.0,0.0,669.8,0.44,0.0,0,0.0,0.0,10,0.69,5,0,-0.12,0.0,0.0,0.0,0.0,-450.96,-0.093,0.0,0,0.0,0.0
sagarchaurasia176,33,15.58,10,5,3.3,0.0,0.0,0.0,0.0,116.74,0.656,0.0,0,0.0,0.0,18,20.5,6,1,3.0,0.222,0.0,0.0,0.0,517.28,0.706,0.0,0,0.0,0.0,-15,4.92,-4,-4,-0.3,0.222,0.0,0.0,0.0,400.54,0.05,0.0,0,0.0,0.0
Bbrightr,8,27.88,3,4,2.67,0.125,0.0,0.0,0.0,697.01,0.571,0.0,0,0.0,0.0,42,41.5,6,4,7.0,0.119,0.0,0.0,0.119,334.48,0.61,0.0,0,0.0,0.0,34,13.62,3,0,4.33,-0.006,0.0,0.0,0.119,-362.53,0.039,0.0,0,0.0,0.0
sidharthsudhir,6,18.0,3,3,2.0,0.0,0.0,0.0,0.0,270.32,0.6,0.0,0,0.0,0.0,14,16.0,2,1,7.0,0.0,0.0,0.0,0.0,337.09,0.846,0.0,0,0.0,0.0,8,-2.0,-1,-2,5.0,0.0,0.0,0.0,0.0,66.77,0.246,0.0,0,0.0,0.0
cmmanu,71,20.72,11,2,6.45,0.028,0.0,0.197,0.0,235.66,0.671,0.0,0,0.0,0.0,28,70.82,8,3,3.5,0.5,0.0,0.0,0.0,331.63,0.704,0.0,0,0.0,0.0,-43,50.1,-3,1,-2.95,0.472,0.0,-0.197,0.0,95.97,0.033,0.0,0,0.0,0.0
guivictorr,33,32.36,17,2,1.94,0.0,0.242,0.0,0.0,478.61,0.375,0.0,0,0.0,0.0,44,36.32,11,2,4.0,0.023,0.75,0.114,0.0,230.19,0.558,0.0,0,0.0,0.0,11,3.96,-6,0,2.06,0.023,0.508,0.114,0.0,-248.42,0.183,0.0,0,0.0,0.0
Zekiu,55,28.53,3,1,18.33,0.091,0.0,0.073,0.0,4.59,0.741,0.0,0,0.0,0.0,21,25.57,7,2,3.0,0.143,0.0,0.0,0.0,903.61,0.65,0.0,0,0.0,0.0,-34,-2.96,4,1,-15.33,0.052,0.0,-0.073,0.0,899.02,-0.091,0.0,0,0.0,0.0
Rajdeep-coder,7,37.71,2,1,3.5,0.429,0.0,0.0,0.0,118.76,0.667,0.0,0,0.0,0.0,88,42.25,2,2,44.0,0.409,0.0,0.273,0.0,43.07,0.977,0.0,0,0.0,0.0,81,4.54,0,1,40.5,-0.02,0.0,0.273,0.0,-75.69,0.31,0.0,0,0.0,0.0
Himanshu12866,28,22.11,3,4,9.33,0.179,0.0,0.0,0.0,13.58,0.741,0.0,0,0.0,0.0,48,30.83,15,2,3.2,0.125,0.0,0.0,0.0,365.05,0.553,0.0,0,0.0,0.0,20,8.72,12,-2,-6.13,-0.054,0.0,0.0,0.0,351.47,-0.188,0.0,0,0.0,0.0
mfatih7,72,20.97,7,3,10.29,0.0,0.0,0.0,0.0,45.65,0.676,0.0,0,0.0,0.0,6,12.33,1,1,6.0,0.0,0.0,0.0,0.0,0.4,1.0,0.0,0,0.0,0.0,-66,-8.64,-6,-2,-4.29,0.0,0.0,0.0,0.0,-45.25,0.324,0.0,0,0.0,0.0
Valiantsin2021,91,32.66,20,3,4.55,0.044,0.0,0.088,0.011,146.92,0.622,0.0,0,0.0,0.0,9,17.44,7,1,1.29,0.0,0.0,0.0,0.0,2217.38,0.125,0.0,0,0.0,0.0,-82,-15.22,-13,-2,-3.26,-0.044,0.0,-0.088,-0.011,2070.46,-0.497,0.0,0,0.0,0.0
hamdouni,44,13.43,16,1,2.75,0.0,0.205,0.0,0.0,289.55,0.535,0.0,0,0.0,0.0,20,46.5,13,1,1.54,0.0,0.45,0.0,0.05,929.96,0.263,0.0,0,0.0,0.0,-24,33.07,-3,0,-1.21,0.0,0.245,0.0,0.05,640.41,-0.272,0.0,0,0.0,0.0
Gabrielkaos,84,19.12,7,1,12.0,0.024,0.0,0.0,0.0,165.09,0.795,0.0,0,0.0,0.0,16,19.56,3,1,5.33,0.062,0.0,0.0,0.062,812.73,0.533,0.0,0,0.0,0.0,-68,0.44,-4,0,-6.67,0.038,0.0,0.0,0.062,647.64,-0.262,0.0,0,0.0,0.0
Le1a,45,15.71,7,2,6.43,0.0,0.0,0.0,0.0,337.61,0.864,0.0,0,0.0,0.0,26,15.96,7,1,3.71,0.0,0.0,0.0,0.0,536.68,0.64,0.0,0,0.0,0.0,-19,0.25,0,-1,-2.72,0.0,0.0,0.0,0.0,199.07,-0.224,0.0,0,0.0,0.0
Rishab87,64,15.73,6,4,10.67,0.0,0.0,0.0,0.0,47.26,0.857,0.0,0,0.0,0.0,13,19.85,8,1,1.62,0.0,0.0,0.0,0.0,576.83,0.417,0.0,0,0.0,0.0,-51,4.12,2,-3,-9.05,0.0,0.0,0.0,0.0,529.57,-0.44,0.0,0,0.0,0.0
sauravshinde007,52,26.08,3,4,17.33,0.0,0.0,0.0,0.0,25.56,0.725,0.0,0,0.0,0.0,48,32.29,11,1,4.36,0.104,0.0,0.0,0.0,243.0,0.723,0.0,0,0.0,0.0,-4,6.21,8,-3,-12.97,0.104,0.0,0.0,0.0,217.44,-0.002,0.0,0,0.0,0.0
AdvaySanketi,33,19.27,2,5,16.5,0.03,0.0,0.0,0.0,3.5,0.875,0.0,0,0.0,0.0,15,22.27,5,3,3.0,0.0,0.0,0.0,0.0,318.72,0.214,0.0,0,0.0,0.0,-18,3.0,3,-2,-13.5,-0.03,0.0,0.0,0.0,315.22,-0.661,0.0,0,0.0,0.0
sbfnk,49,38.0,6,1,8.17,0.122,0.0,0.041,0.082,276.57,0.646,0.0,0,1.5,0.0,7,91.57,3,1,2.33,0.571,0.0,0.286,0.143,2491.04,0.333,0.0,0,250.0,0.5,-42,53.57,-3,0,-5.84,0.449,0.0,0.245,0.061,2214.47,-0.313,0.0,0,248.5,0.5
omardoescode,39,30.08,6,3,6.5,0.0,0.0,0.0,0.0,65.92,0.553,0.0,0,0.0,0.0,61,34.66,13,2,4.69,0.0,0.016,0.016,0.033,107.67,0.417,0.0,0,0.0,0.0,22,4.58,7,-1,-1.81,0.0,0.016,0.016,0.033,41.75,-0.136,0.0,0,0.0,0.0
routmoute,54,37.26,11,2,4.91,0.167,0.37,0.0,0.093,242.56,0.792,0.0,0,0.0,0.0,12,43.25,8,1,1.5,0.417,0.0,0.0,0.167,1443.19,0.364,0.0,0,0.0,0.0,-42,5.99,-3,-1,-3.41,0.25,-0.37,0.0,0.074,1200.63,-0.428,0.0,0,0.0,0.0
sergiocima,6,26.0,2,1,3.0,0.0,0.0,0.0,0.0,687.07,0.6,0.0,0,0.0,0.0,12,17.08,5,1,2.4,0.0,0.0,0.0,0.0,611.03,0.545,0.0,0,0.0,0.0,6,-8.92,3,0,-0.6,0.0,0.0,0.0,0.0,-76.04,-0.055,0.0,0,0.0,0.0
VitaliyR,33,20.82,13,1,2.54,0.0,0.0,0.0,0.0,223.41,0.188,0.0,0,0.0,0.0,28,15.68,20,1,1.4,0.0,0.0,0.0,0.0,714.75,0.074,0.0,0,0.0,0.0,-5,-5.14,7,0,-1.14,0.0,0.0,0.0,0.0,491.34,-0.114,0.0,0,0.0,0.0
SergioITB,14,8.57,2,1,7.0,0.0,0.0,0.0,0.0,13.01,0.923,0.0,0,0.0,0.0,33,11.76,9,4,3.67,0.0,0.0,0.0,0.0,143.97,0.656,0.0,0,0.0,0.0,19,3.19,7,3,-3.33,0.0,0.0,0.0,0.0,130.96,-0.267,0.0,0,0.0,0.0
mxgic1337,13,29.54,5,1,2.6,0.0,0.0,0.0,0.0,135.91,0.5,0.0,0,0.0,0.0,87,42.15,33,3,2.64,0.034,0.425,0.0,0.0,219.62,0.395,0.0,0,37.73,0.182,74,12.61,28,2,0.04,0.034,0.425,0.0,0.0,83.71,-0.105,0.0,0,37.73,0.182
aaasoft,8,172.5,3,3,2.67,1.0,0.0,0.0,0.0,705.74,0.714,0.0,0,0.0,0.0,17,17.94,3,1,5.67,0.0,0.0,0.0,0.0,481.33,0.75,0.0,0,0.0,0.0,9,-154.56,0,-2,3.0,-1.0,0.0,0.0,0.0,-224.41,0.036,0.0,0,0.0,0.0
pranay-sa,17,21.06,4,4,4.25,0.059,0.0,0.0,0.0,56.69,0.625,0.0,0,0.0,0.0,5,17.4,3,1,1.67,0.0,0.0,0.2,0.0,2972.43,0.25,0.0,0,0.0,0.0,-12,-3.66,-1,-3,-2.58,-0.059,0.0,0.2,0.0,2915.74,-0.375,0.0,0,0.0,0.0
rufevean,64,22.02,11,4,5.82,0.094,0.0,0.125,0.016,132.48,0.619,0.0,0,0.0,0.0,16,16.88,8,2,2.0,0.0,0.0,0.0,0.062,416.0,0.267,0.0,0,0.0,0.0,-48,-5.14,-3,-2,-3.82,-0.094,0.0,-0.125,0.046,283.52,-0.352,0.0,0,0.0,0.0
Mathias-gt,23,23.78,1,1,23.0,0.0,0.0,0.0,0.0,4.57,0.909,0.0,0,0.0,0.0,32,25.25,8,3,4.0,0.031,0.0,0.0,0.0,186.47,0.677,0.0,0,0.0,0.0,9,1.47,7,2,-19.0,0.031,0.0,0.0,0.0,181.9,-0.232,0.0,0,0.0,0.0
gipert,33,28.61,15,2,2.2,0.061,0.0,0.0,0.0,461.12,0.5,0.0,0,0.0,0.0,5,17.2,4,1,1.25,0.0,0.0,0.0,0.0,3848.63,0.25,0.0,0,0.0,0.0,-28,-11.41,-11,-1,-0.95,-0.061,0.0,0.0,0.0,3387.51,-0.25,0.0,0,0.0,0.0
Verdone,88,19.61,16,5,5.5,0.023,0.0,0.011,0.0,122.44,0.667,0.0,0,0.0,0.0,12,16.42,8,2,1.5,0.0,0.0,0.0,0.0,534.76,0.182,0.0,0,0.0,0.0,-76,-3.19,-8,-3,-4.0,-0.023,0.0,-0.011,0.0,412.32,-0.485,0.0,0,0.0,0.0
Sociosarbis,16,29.12,12,2,1.33,0.0,1.0,0.0,0.0,916.84,0.067,0.0,0,0.0,0.0,10,22.0,7,1,1.43,0.0,1.0,0.0,0.0,2026.55,0.222,0.0,0,0.0,0.0,-6,-7.12,-5,-1,0.1,0.0,0.0,0.0,0.0,1109.71,0.155,0.0,0,0.0,0.0
TRHX,71,32.7,20,1,3.55,0.0,0.0,0.0,0.0,233.5,0.486,0.0,0,0.0,0.0,10,33.0,8,1,1.25,0.0,0.0,0.0,0.0,1480.03,0.222,0.0,0,0.0,0.0,-61,0.3,-12,0,-2.3,0.0,0.0,0.0,0.0,1246.53,-0.264,0.0,0,0.0,0.0
IzukiNo,9,18.33,1,2,9.0,0.0,0.0,0.0,0.0,0.03,1.0,0.0,0,0.0,0.0,65,80.38,23,3,2.83,0.2,0.031,0.0,0.0,213.0,0.516,0.0,0,0.0,0.0,56,62.05,22,1,-6.17,0.2,0.031,0.0,0.0,212.97,-0.484,0.0,0,0.0,0.0
logicallaw,8,13.75,3,3,2.67,0.0,0.0,0.0,0.125,149.13,0.429,0.0,0,0.0,0.0,49,21.39,21,3,2.33,0.02,0.041,0.02,0.0,407.03,0.208,0.0,0,0.0,0.0,41,7.64,18,0,-0.34,0.02,0.041,0.02,-0.125,257.9,-0.221,0.0,0,0.0,0.0
shardulkulk297,7,27.29,4,2,1.75,0.143,0.0,0.0,0.0,1054.22,0.333,0.0,0,0.0,0.0,22,30.27,4,4,5.5,0.0,0.0,0.0,0.0,99.86,0.571,0.0,0,0.0,0.0,15,2.98,0,2,3.75,-0.143,0.0,0.0,0.0,-954.36,0.238,0.0,0,0.0,0.0
Jaegg3rNat,7,16.57,1,3,7.0,0.0,0.0,0.0,0.0,15.42,0.667,0.0,0,0.0,0.0,37,24.95,9,2,4.11,0.135,0.0,0.0,0.0,252.63,0.611,0.0,0,0.0,0.0,30,8.38,8,-1,-2.89,0.135,0.0,0.0,0.0,237.21,-0.056,0.0,0,0.0,0.0
zhangkaizhao,67,80.31,18,1,3.72,0.313,0.0,0.0,0.119,78.55,0.53,0.0,0,0.0,0.0,31,54.68,20,1,1.55,0.129,0.0,0.0,0.0,604.37,0.233,0.0,0,0.0,0.0,-36,-25.63,2,0,-2.17,-0.184,0.0,0.0,-0.119,525.82,-0.297,0.0,0,0.0,0.0
HarshitKumar9030,21,16.05,6,2,3.5,0.0,0.0,0.0,0.0,287.99,0.7,0.0,0,0.0,0.0,44,27.93,18,1,2.44,0.023,0.0,0.0,0.0,393.49,0.442,0.0,0,0.0,0.0,23,11.88,12,-1,-1.06,0.023,0.0,0.0,0.0,105.5,-0.258,0.0,0,0.0,0.0
rishab2211,83,35.82,9,1,9.22,0.0,0.0,0.0,0.012,28.69,0.756,0.0,0,0.0,0.0,9,29.22,3,1,3.0,0.0,0.0,0.0,0.0,1620.03,0.625,0.0,0,0.0,0.0,-74,-6.6,-6,0,-6.22,0.0,0.0,0.0,-0.012,1591.34,-0.131,0.0,0,0.0,0.0
Farmeurimmo,72,17.35,19,1,3.79,0.0,0.0,0.0,0.0,224.41,0.62,0.0,0,0.0,0.0,28,18.75,11,1,2.55,0.0,0.0,0.0,0.0,669.6,0.593,0.0,0,0.0,0.0,-44,1.4,-8,0,-1.24,0.0,0.0,0.0,0.0,445.19,-0.027,0.0,0,0.0,0.0
SID41214,24,16.62,5,5,4.8,0.083,0.0,0.0,0.0,126.07,0.609,0.0,0,0.0,0.0,12,15.42,8,1,1.5,0.0,0.0,0.0,0.0,1619.3,0.273,0.0,0,0.0,0.0,-12,-1.2,3,-4,-3.3,-0.083,0.0,0.0,0.0,1493.23,-0.336,0.0,0,0.0,0.0
thesushantgunjal,17,17.53,3,3,5.67,0.0,0.0,0.0,0.0,76.52,0.75,0.0,0,0.0,0.0,5,16.4,1,1,5.0,0.0,0.0,0.0,0.0,0.1,1.0,0.0,0,0.0,0.0,-12,-1.13,-2,-2,-0.67,0.0,0.0,0.0,0.0,-76.42,0.25,0.0,0,0.0,0.0
jackrosenthal,15,58.6,2,1,7.5,0.333,0.133,0.133,0.0,373.79,0.857,0.0,0,7.5,0.0,43,51.58,4,1,10.75,0.186,0.07,0.209,0.0,124.64,0.905,0.0,0,0.0,0.0,28,-7.02,2,0,3.25,-0.147,-0.063,0.076,0.0,-249.15,0.048,0.0,0,-7.5,0.0
nocomplexity,44,18.82,24,1,1.83,0.0,0.0,0.0,0.068,360.55,0.209,0.0,0,0.0,0.0,42,20.88,23,2,1.83,0.024,0.0,0.0,0.095,440.07,0.122,0.0,0,0.0,0.0,-2,2.06,-1,1,0.0,0.024,0.0,0.0,0.027,79.52,-0.087,0.0,0,0.0,0.0
pascal-brand38,72,98.53,21,3,3.43,0.986,0.0,0.0,0.042,143.63,0.254,0.0,0,54.0,1.0,28,90.75,9,1,3.11,1.0,0.036,0.0,0.0,129.81,0.222,0.0,0,0.0,0.0,-44,-7.78,-12,-2,-0.32,0.014,0.036,0.0,-0.042,-13.82,-0.032,0.0,0,-54.0,-1.0
abhi23shek,17,21.0,3,3,5.67,0.0,0.0,0.0,0.0,146.25,0.812,0.0,0,0.0,0.0,12,20.58,3,3,4.0,0.0,0.0,0.0,0.0,261.42,0.818,0.0,0,0.0,0.0,-5,-0.42,0,0,-1.67,0.0,0.0,0.0,0.0,115.17,0.006,0.0,0,0.0,0.0
sunflowerseed17,18,26.22,4,2,4.5,0.0,0.0,0.0,0.0,55.03,0.529,0.0,0,0.0,0.0,82,28.88,7,5,11.71,0.012,0.0,0.037,0.0,117.32,0.679,0.0,0,0.0,0.0,64,2.66,3,3,7.21,0.012,0.0,0.037,0.0,62.29,0.15,0.0,0,0.0,0.0
HardikShah563,84,17.85,14,4,6.0,0.0,0.0,0.0,0.0,170.4,0.807,0.0,0,0.0,0.0,7,20.0,4,1,1.75,0.0,0.0,0.0,0.0,982.69,0.333,0.0,0,0.0,0.0,-77,2.15,-10,-3,-4.25,0.0,0.0,0.0,0.0,812.29,-0.474,0.0,0,0.0,0.0
parthy007,41,17.34,4,5,10.25,0.0,0.0,0.0,0.0,105.57,0.75,0.0,0,0.0,0.0,11,16.0,3,1,3.67,0.0,0.0,0.0,0.0,453.86,0.5,0.0,0,0.0,0.0,-30,-1.34,-1,-4,-6.58,0.0,0.0,0.0,0.0,348.29,-0.25,0.0,0,0.0,0.0
kamranraz28,11,15.45,2,5,5.5,0.0,0.0,0.0,0.0,284.14,0.7,0.0,0,0.0,0.0,7,69.0,3,1,2.33,0.571,0.0,0.0,0.0,2093.99,0.667,0.0,0,0.0,0.0,-4,53.55,1,-4,-3.17,0.571,0.0,0.0,0.0,1809.85,-0.033,0.0,0,0.0,0.0
TrindadeBRA,60,14.63,6,3,10.0,0.0,0.0,0.0,0.0,216.96,0.695,0.0,0,0.0,0.0,25,39.24,9,3,2.78,0.0,0.2,0.0,0.0,543.44,0.458,0.0,0,0.0,0.0,-35,24.61,3,0,-7.22,0.0,0.2,0.0,0.0,326.48,-0.237,0.0,0,0.0,0.0
jal9o3,38,35.71,3,1,12.67,0.0,0.0,0.0,0.0,8.82,0.784,0.0,0,0.0,0.0,62,52.58,4,1,15.5,0.0,0.0,0.306,0.0,12.54,0.721,0.0,0,0.0,0.0,24,16.87,1,0,2.83,0.0,0.0,0.306,0.0,3.72,-0.063,0.0,0,0.0,0.0
NickCarney,42,35.07,11,5,3.82,0.143,0.0,0.0,0.0,378.55,0.61,0.0,0,0.0,0.0,5,16.0,4,1,1.25,0.0,0.0,0.0,0.0,3575.13,0.25,0.0,0,0.0,0.0,-37,-19.07,-7,-4,-2.57,-0.143,0.0,0.0,0.0,3196.58,-0.36,0.0,0,0.0,0.0
wiseweb-works,62,24.82,24,5,2.58,0.065,0.0,0.0,0.016,259.51,0.279,0.0,0,0.0,0.0,33,20.18,21,2,1.57,0.0,0.152,0.0,0.0,567.77,0.156,0.0,0,0.0,0.0,-29,-4.64,-3,-3,-1.01,-0.065,0.152,0.0,-0.016,308.26,-0.123,0.0,0,0.0,0.0
AlexChesters,29,17.72,6,1,4.83,0.0,0.0,0.103,0.0,538.07,0.786,0.0,0,0.0,0.0,17,27.35,3,1,5.67,0.176,0.0,0.0,0.176,448.95,0.75,0.0,0,14.0,0.2,-12,9.63,-3,0,0.84,0.176,0.0,-0.103,0.176,-89.12,-0.036,0.0,0,14.0,0.2
PPeanutButter,32,16.31,9,1,3.56,0.0,0.0,0.0,0.0,289.81,0.645,0.0,0,0.0,0.0,22,13.64,2,2,11.0,0.0,0.0,0.0,0.0,320.81,0.667,0.0,0,0.0,0.0,-10,-2.67,-7,1,7.44,0.0,0.0,0.0,0.0,31.0,0.022,0.0,0,0.0,0.0
cron2,36,878.22,22,1,1.64,1.0,0.0,0.111,0.5,381.15,0.143,0.0,0,0.0,0.0,51,1048.69,28,1,1.82,1.0,0.0,0.275,0.549,378.61,0.18,0.0,0,0.0,0.0,15,170.47,6,0,0.18,0.0,0.0,0.164,0.049,-2.54,0.037,0.0,0,0.0,0.0
hendrimardani,89,13.21,15,4,5.93,0.0,0.0,0.011,0.0,92.75,0.67,0.0,0,0.0,0.0,11,16.27,5,3,2.2,0.0,0.0,0.0,0.0,862.26,0.5,0.0,0,0.0,0.0,-78,3.06,-10,-1,-3.73,0.0,0.0,-0.011,0.0,769.51,-0.17,0.0,0,0.0,0.0
tmabgdata,80,15.11,19,3,4.21,0.0,0.0,0.0,0.0,174.69,0.57,0.0,0,0.0,0.0,20,19.55,10,3,2.0,0.0,0.0,0.0,0.0,472.11,0.263,0.0,0,0.0,0.0,-60,4.44,-9,0,-2.21,0.0,0.0,0.0,0.0,297.42,-0.307,0.0,0,0.0,0.0
mahmud035,93,37.73,3,4,31.0,0.0,0.0,0.0,0.011,4.56,0.848,0.0,0,0.0,0.0,7,48.86,2,4,3.5,0.0,0.0,0.0,0.0,393.79,0.5,0.0,0,0.0,0.0,-86,11.13,-1,0,-27.5,0.0,0.0,0.0,-0.011,389.23,-0.348,0.0,0,0.0,0.0
henryperkins,43,19.28,6,1,7.17,0.023,0.0,0.0,0.0,77.42,0.643,0.0,0,0.0,0.0,57,186.35,4,3,14.25,0.351,0.632,0.053,0.175,322.58,0.839,0.0,0,2.5,0.0,14,167.07,-2,2,7.08,0.328,0.632,0.053,0.175,245.16,0.196,0.0,0,2.5,0.0
dbozec,83,25.33,30,1,2.77,0.012,0.0,0.0,0.0,170.35,0.39,0.0,0,0.0,0.0,17,28.65,11,2,1.55,0.0,0.0,0.0,0.0,1216.73,0.312,0.0,0,0.0,0.0,-66,3.32,-19,1,-1.22,-0.012,0.0,0.0,0.0,1046.38,-0.078,0.0,0,0.0,0.0
rgrantham82,27,40.33,10,2,2.7,0.037,0.0,0.0,0.0,199.04,0.462,0.0,0,0.0,0.0,19,30.74,5,2,3.8,0.0,0.0,0.0,0.0,226.33,0.611,0.0,0,0.0,0.0,-8,-9.59,-5,0,1.1,-0.037,0.0,0.0,0.0,27.29,0.149,0.0,0,0.0,0.0
g-pacheco,10,29.4,4,2,2.5,0.0,0.0,0.0,0.0,1397.58,0.667,0.0,0,0.0,0.0,30,17.13,13,2,2.31,0.033,0.0,0.067,0.0,301.27,0.414,0.0,0,0.0,0.0,20,-12.27,9,0,-0.19,0.033,0.0,0.067,0.0,-1096.31,-0.253,0.0,0,0.0,0.0
ellmetha,18,50.22,9,1,2.0,0.278,0.0,0.0,0.0,806.76,0.412,0.0,0,0.0,0.0,8,48.38,6,1,1.33,0.0,0.0,0.0,0.0,2505.67,0.286,0.0,0,0.0,0.0,-10,-1.84,-3,0,-0.67,-0.278,0.0,0.0,0.0,1698.91,-0.126,0.0,0,0.0,0.0
angchen0325,67,22.64,4,2,16.75,0.0,0.0,0.0,0.0,167.99,0.848,0.0,0,0.0,0.0,33,37.39,9,2,3.67,0.0,0.0,0.0,0.0,494.9,0.719,0.0,0,0.0,0.0,-34,14.75,5,0,-13.08,0.0,0.0,0.0,0.0,326.91,-0.129,0.0,0,0.0,0.0
timar07,58,28.88,8,3,7.25,0.0,0.0,0.0,0.0,135.59,0.579,0.0,0,0.0,0.0,39,47.51,9,4,4.33,0.051,0.744,0.154,0.0,292.53,0.526,0.0,0,0.0,0.0,-19,18.63,1,1,-2.92,0.051,0.744,0.154,0.0,156.94,-0.053,0.0,0,0.0,0.0
DavideDeRosa,75,16.67,11,2,6.82,0.0,0.0,0.013,0.08,44.03,0.608,0.0,0,0.0,0.0,25,43.0,3,1,8.33,0.0,0.0,0.04,0.0,14.95,0.875,0.0,0,0.0,0.0,-50,26.33,-8,-1,1.51,0.0,0.0,0.027,-0.08,-29.08,0.267,0.0,0,0.0,0.0
kav-hareichert,17,21.29,3,1,5.67,0.118,0.0,0.0,0.0,151.32,0.875,0.0,0,0.0,0.0,7,16.86,2,2,3.5,0.0,0.0,0.0,0.0,2180.07,0.833,0.0,0,0.0,0.0,-10,-4.43,-1,1,-2.17,-0.118,0.0,0.0,0.0,2028.75,-0.042,0.0,0,0.0,0.0
anisjkb,8,26.75,1,2,8.0,0.125,0.0,0.0,0.0,7.54,0.429,0.0,0,0.0,0.0,41,26.78,6,5,6.83,0.024,0.0,0.0,0.0,100.37,0.725,0.0,0,0.0,0.0,33,0.03,5,3,-1.17,-0.101,0.0,0.0,0.0,92.83,0.296,0.0,0,0.0,0.0
yurissz,15,15.8,2,2,7.5,0.0,0.0,0.0,0.0,22.34,0.857,0.0,0,0.0,0.0,33,19.73,8,4,4.12,0.0,0.212,0.0,0.0,134.71,0.656,0.0,0,0.0,0.0,18,3.93,6,2,-3.38,0.0,0.212,0.0,0.0,112.37,-0.201,0.0,0,0.0,0.0
qrimosa,17,84.12,8,4,2.12,0.471,0.0,0.0,0.0,126.08,0.125,0.0,0,0.0,0.0,35,36.37,4,1,8.75,0.2,0.0,0.0,0.0,16.83,0.471,0.0,0,0.0,0.0,18,-47.75,-4,-3,6.63,-0.271,0.0,0.0,0.0,-109.25,0.346,0.0,0,0.0,0.0
eladlaks,66,18.38,6,1,11.0,0.0,0.0,0.0,0.0,71.99,0.8,0.0,0,0.0,0.0,34,23.71,8,1,4.25,0.0,0.0,0.0,0.0,122.31,0.576,0.0,0,0.0,0.0,-32,5.33,2,0,-6.75,0.0,0.0,0.0,0.0,50.32,-0.224,0.0,0,0.0,0.0
IKonrad98,5,87.6,1,1,5.0,0.0,0.0,0.0,0.4,5.55,0.75,0.0,0,0.0,0.0,92,34.03,11,3,8.36,0.141,0.0,0.011,0.011,66.18,0.67,0.0,0,0.0,0.0,87,-53.57,10,2,3.36,0.141,0.0,0.011,-0.389,60.63,-0.08,0.0,0,0.0,0.0
Koushikon,19,32.79,13,3,1.46,0.158,0.105,0.0,0.0,813.3,0.167,0.0,0,0.0,0.0,11,25.18,6,3,1.83,0.0,0.0,0.0,0.0,1269.7,0.4,0.0,0,0.0,0.0,-8,-7.61,-7,0,0.37,-0.158,-0.105,0.0,0.0,456.4,0.233,0.0,0,0.0,0.0
criskkky,11,20.64,1,1,11.0,0.091,0.0,0.0,0.0,1.21,0.9,0.0,0,24.0,0.0,54,31.28,15,4,3.6,0.093,0.667,0.0,0.056,326.76,0.472,0.0,0,0.0,0.0,43,10.64,14,3,-7.4,0.002,0.667,0.0,0.056,325.55,-0.428,0.0,0,-24.0,0.0
MrD4rkne,32,67.41,3,2,10.67,0.344,0.0,0.094,0.281,10.24,0.742,0.0,0,92.25,0.5,68,70.44,3,1,22.67,0.25,0.559,0.397,0.103,5.29,0.776,0.0,0,77.22,0.444,36,3.03,0,-1,12.0,-0.094,0.559,0.303,-0.178,-4.95,0.034,0.0,0,-15.03,-0.056
benjaminastrand,14,16.36,3,4,4.67,0.0,0.0,0.0,0.0,551.11,0.846,0.0,0,0.0,0.0,8,23.12,3,1,2.67,0.0,0.0,0.0,0.0,788.46,0.714,0.0,0,0.0,0.0,-6,6.76,0,-3,-2.0,0.0,0.0,0.0,0.0,237.35,-0.132,0.0,0,0.0,0.0
AryanTapre,72,20.68,18,3,4.0,0.014,0.0,0.028,0.014,112.79,0.394,0.0,0,0.0,0.0,7,15.86,1,3,7.0,0.0,0.0,0.0,0.0,0.19,1.0,0.0,0,0.0,0.0,-65,-4.82,-17,0,3.0,-0.014,0.0,-0.028,-0.014,-112.6,0.606,0.0,0,0.0,0.0
rjv01,8,15.75,4,3,2.0,0.0,0.0,0.0,0.0,836.12,0.571,0.0,0,0.0,0.0,10,40.4,4,1,2.5,0.1,0.0,0.0,0.0,173.24,0.556,0.0,0,0.0,0.0,2,24.65,0,-2,0.5,0.1,0.0,0.0,0.0,-662.88,-0.015,0.0,0,0.0,0.0
Bhudil,33,19.76,4,4,8.25,0.0,0.0,0.0,0.0,80.27,0.906,0.0,0,0.0,0.0,28,18.39,3,2,9.33,0.0,0.0,0.0,0.0,13.92,0.852,0.0,0,0.0,0.0,-5,-1.37,-1,-2,1.08,0.0,0.0,0.0,0.0,-66.35,-0.054,0.0,0,0.0,0.0
tumashu,27,26.63,7,1,3.86,0.0,0.0,0.0,0.0,250.06,0.5,0.0,0,0.0,0.0,11,35.55,5,1,2.2,0.091,0.0,0.0,0.091,1503.09,0.4,0.0,0,0.0,0.0,-16,8.92,-2,0,-1.66,0.091,0.0,0.0,0.091,1253.03,-0.1,0.0,0,0.0,0.0
baruhifraimov,11,17.45,3,2,3.67,0.0,0.0,0.0,0.0,27.8,0.7,0.0,0,0.0,0.0,6,19.83,2,3,3.0,0.0,0.0,0.0,0.0,1080.09,0.8,0.0,0,0.0,0.0,-5,2.38,-1,1,-0.67,0.0,0.0,0.0,0.0,1052.29,0.1,0.0,0,0.0,0.0
AssembleCat,68,34.56,11,2,6.18,0.25,0.0,0.0,0.0,197.77,0.672,0.0,0,0.0,0.0,32,16.88,16,1,2.0,0.031,0.0,0.0,0.0,339.06,0.355,0.0,0,0.0,0.0,-36,-17.68,5,-1,-4.18,-0.219,0.0,0.0,0.0,141.29,-0.317,0.0,0,0.0,0.0
ckrook,22,16.5,5,2,4.4,0.0,0.0,0.0,0.0,294.69,0.619,0.0,0,0.0,0.0,68,74.32,16,1,4.25,0.147,0.838,0.0,0.074,70.99,0.612,0.0,0,16.37,0.133,46,57.82,11,-1,-0.15,0.147,0.838,0.0,0.074,-223.7,-0.007,0.0,0,16.37,0.133
jonathanlaniado,17,41.12,10,1,1.7,0.471,0.0,0.0,0.0,930.21,0.375,0.0,0,0.0,0.0,77,39.94,11,2,7.0,0.0,0.0,0.0,0.0,189.54,0.263,0.0,0,0.0,0.0,60,-1.18,1,1,5.3,-0.471,0.0,0.0,0.0,-740.67,-0.112,0.0,0,0.0,0.0
beevik,32,95.81,8,3,4.0,0.344,0.0,0.094,0.062,188.8,0.516,0.0,0,0.0,0.0,26,136.96,9,1,2.89,0.577,0.0,0.0,0.077,462.14,0.44,0.0,0,269.17,0.667,-6,41.15,1,-2,-1.11,0.233,0.0,-0.094,0.015,273.34,-0.076,0.0,0,269.17,0.667
suxiaogang223,14,22.93,5,2,2.8,0.071,0.0,0.0,0.0,554.49,0.154,0.0,0,0.0,0.0,46,73.39,7,2,6.57,0.152,0.261,0.022,0.13,377.36,0.756,0.0,0,0.0,0.0,32,50.46,2,0,3.77,0.081,0.261,0.022,0.13,-177.13,0.602,0.0,0,0.0,0.0
bnidev,8,27.62,3,1,2.67,0.0,0.0,0.0,0.0,309.37,0.714,0.0,0,0.0,0.0,87,62.55,18,1,4.83,0.057,0.966,0.011,0.023,117.25,0.64,0.0,0,870.0,1.0,79,34.93,15,0,2.16,0.057,0.966,0.011,0.023,-192.12,-0.074,0.0,0,870.0,1.0
MadeInShineA,6,17.5,2,2,3.0,0.0,0.0,0.0,0.0,37.85,0.8,0.0,0,0.0,0.0,94,33.26,11,2,8.55,0.0,0.011,0.032,0.0,57.57,0.796,0.0,0,0.0,0.0,88,15.76,9,0,5.55,0.0,0.011,0.032,0.0,19.72,-0.004,0.0,0,0.0,0.0
timniederhausen,10,41.5,3,1,3.33,0.0,1.0,0.0,0.0,785.91,0.667,0.0,0,0.0,0.0,13,57.62,5,1,2.6,0.077,1.0,0.231,0.077,659.68,0.5,0.0,0,0.0,0.0,3,16.12,2,0,-0.73,0.077,0.0,0.231,0.077,-126.23,-0.167,0.0,0,0.0,0.0
Ainges,34,32.88,7,1,4.86,0.088,0.0,0.0,0.029,28.15,0.545,0.0,0,0.0,0.0,66,46.53,6,1,11.0,0.227,0.0,0.0,0.0,20.37,0.692,0.0,0,3.05,0.024,32,13.65,-1,0,6.14,0.139,0.0,0.0,-0.029,-7.78,0.147,0.0,0,3.05,0.024
TRIYAN-SALAZAR,69,59.88,6,2,11.5,0.058,0.0,0.0,0.0,12.72,0.441,0.0,0,0.0,0.0,31,50.58,11,3,2.82,0.0,0.0,0.0,0.0,231.77,0.1,0.0,0,0.0,0.0,-38,-9.3,5,1,-8.68,-0.058,0.0,0.0,0.0,219.05,-0.341,0.0,0,0.0,0.0
Hugh-KR,36,16.97,9,2,4.0,0.028,0.0,0.0,0.0,359.07,0.571,0.0,0,0.0,0.0,5,22.4,2,1,2.5,0.0,0.0,0.0,0.0,140.08,0.75,0.0,0,0.0,0.0,-31,5.43,-7,-1,-1.5,-0.028,0.0,0.0,0.0,-218.99,0.179,0.0,0,0.0,0.0
haxybaxy,46,31.15,8,3,5.75,0.239,0.0,0.0,0.022,45.58,0.778,0.0,0,0.0,0.0,14,18.0,7,1,2.0,0.071,0.0,0.0,0.0,1179.6,0.385,0.0,0,0.0,0.0,-32,-13.15,-1,-2,-3.75,-0.168,0.0,0.0,-0.022,1134.02,-0.393,0.0,0,0.0,0.0
brunolyma,13,16.85,6,2,2.17,0.0,0.0,0.0,0.0,1177.79,0.333,0.0,0,0.0,0.0,87,16.0,35,1,2.49,0.0,0.0,0.0,0.0,111.68,0.0,0.0,0,0.0,0.0,74,-0.85,29,-1,0.32,0.0,0.0,0.0,0.0,-1066.11,-0.333,0.0,0,0.0,0.0
wroyca,46,46.02,13,1,3.54,0.196,0.0,0.0,0.022,107.3,0.533,0.0,0,0.0,0.0,54,37.2,12,1,4.5,0.0,0.667,0.0,0.0,73.86,0.623,0.0,0,0.0,0.0,8,-8.82,-1,0,0.96,-0.196,0.667,0.0,-0.022,-33.44,0.09,0.0,0,0.0,0.0
MostlyKIGuess,19,17.89,5,3,3.8,0.0,0.0,0.0,0.0,196.04,0.667,0.0,0,0.0,0.0,6,16.0,4,1,1.5,0.0,0.0,0.0,0.0,2912.87,0.4,0.0,0,0.0,0.0,-13,-1.89,-1,-2,-2.3,0.0,0.0,0.0,0.0,2716.83,-0.267,0.0,0,0.0,0.0
Razeen-Shaikh,27,32.74,9,1,3.0,0.111,0.0,0.0,0.0,493.05,0.423,0.0,0,0.0,0.0,71,31.75,18,1,3.94,0.141,0.0,0.0,0.0,276.35,0.514,0.0,0,253.75,1.0,44,-0.99,9,0,0.94,0.03,0.0,0.0,0.0,-216.7,0.091,0.0,0,253.75,1.0
lottery7,17,50.65,8,3,2.12,0.176,0.0,0.0,0.0,484.66,0.312,0.0,0,0.0,0.0,52,34.46,11,4,4.73,0.019,0.0,0.019,0.0,187.88,0.706,0.0,0,0.0,0.0,35,-16.19,3,1,2.61,-0.157,0.0,0.019,0.0,-296.78,0.394,0.0,0,0.0,0.0
chmohan5,10,18.0,3,3,3.33,0.0,0.0,0.0,0.0,161.49,0.556,0.0,0,0.0,0.0,5,38.4,1,1,5.0,0.0,0.0,0.0,0.0,0.17,1.0,0.0,0,0.0,0.0,-5,20.4,-2,-2,1.67,0.0,0.0,0.0,0.0,-161.32,0.444,0.0,0,0.0,0.0
camibarbosa,84,20.27,29,5,2.9,0.0,0.0,0.0,0.0,194.89,0.458,0.0,0,0.0,0.0,16,16.81,11,1,1.45,0.0,0.0,0.0,0.0,870.23,0.2,0.0,0,0.0,0.0,-68,-3.46,-18,-4,-1.45,0.0,0.0,0.0,0.0,675.34,-0.258,0.0,0,0.0,0.0
Chitra35006,9,4.44,2,3,4.5,0.0,0.0,0.0,0.0,6.63,0.75,0.0,0,0.0,0.0,11,20.0,4,1,2.75,0.0,0.0,0.0,0.0,220.65,0.7,0.0,0,0.0,0.0,2,15.56,2,-2,-1.75,0.0,0.0,0.0,0.0,214.02,-0.05,0.0,0,0.0,0.0
keemjoonsung,24,14.92,3,1,8.0,0.0,0.0,0.0,0.0,12.6,0.522,0.0,0,345.44,0.889,76,46.34,9,1,8.44,0.171,0.118,0.0,0.0,27.98,0.507,0.0,0,0.0,0.0,52,31.42,6,0,0.44,0.171,0.118,0.0,0.0,15.38,-0.015,0.0,0,-345.44,-0.889
Melksedeque,39,33.79,5,3,7.8,0.026,0.0,0.0,0.026,118.81,0.816,0.0,0,0.0,0.0,45,25.62,11,1,4.09,0.156,0.0,0.0,0.044,197.83,0.727,0.0,0,0.0,0.0,6,-8.17,6,-2,-3.71,0.13,0.0,0.0,0.018,79.02,-0.089,0.0,0,0.0,0.0
dorkem,8,12.12,3,1,2.67,0.0,0.0,0.0,0.0,58.63,0.0,0.0,0,0.0,0.0,92,59.92,14,1,6.57,0.0,0.0,0.0,0.043,112.89,0.516,0.0,0,0.0,0.0,84,47.8,11,0,3.9,0.0,0.0,0.0,0.043,54.26,0.516,0.0,0,0.0,0.0
lumen4723,35,19.09,6,3,5.83,0.029,0.0,0.0,0.0,105.69,0.735,0.0,0,0.0,0.0,51,24.69,10,5,5.1,0.0,0.0,0.039,0.0,205.97,0.46,0.0,0,0.0,0.0,16,5.6,4,2,-0.73,-0.029,0.0,0.039,0.0,100.28,-0.275,0.0,0,0.0,0.0
creativoma,38,16.11,15,5,2.53,0.0,0.0,0.0,0.0,410.12,0.405,0.0,0,0.0,0.0,22,41.91,14,1,1.57,0.182,0.182,0.0,0.0,957.52,0.143,0.0,0,0.0,0.0,-16,25.8,-1,-4,-0.96,0.182,0.182,0.0,0.0,547.4,-0.262,0.0,0,0.0,0.0
Maxzimmerman,15,17.13,2,2,7.5,0.0,0.0,0.0,0.0,321.91,0.357,0.0,0,0.0,0.0,28,25.93,11,3,2.55,0.0,0.0,0.0,0.0,669.11,0.296,0.0,0,0.0,0.0,13,8.8,9,1,-4.95,0.0,0.0,0.0,0.0,347.2,-0.061,0.0,0,0.0,0.0
LovkashGarg,5,23.0,1,2,5.0,0.0,0.0,0.0,0.0,21.86,0.75,0.0,0,0.0,0.0,12,15.58,3,2,4.0,0.0,0.0,0.0,0.0,127.25,0.455,0.0,0,0.0,0.0,7,-7.42,2,0,-1.0,0.0,0.0,0.0,0.0,105.39,-0.295,0.0,0,0.0,0.0
VinceFINET,15,72.4,2,1,7.5,0.4,0.0,0.0,0.0,657.97,0.929,0.0,0,0.0,0.0,5,112.2,1,1,5.0,1.0,0.0,0.0,0.0,0.01,1.0,0.0,0,0.0,0.0,-10,39.8,-1,0,-2.5,0.6,0.0,0.0,0.0,-657.96,0.071,0.0,0,0.0,0.0
dipandhali2021,15,22.0,5,5,3.0,0.133,0.0,0.0,0.0,139.07,0.571,0.0,0,0.0,0.0,24,43.0,4,2,6.0,0.375,0.0,0.0,0.0,298.85,0.696,0.0,0,0.0,0.0,9,21.0,-1,-3,3.0,0.242,0.0,0.0,0.0,159.78,0.125,0.0,0,0.0,0.0
BTejesh27,27,12.56,4,3,6.75,0.0,0.0,0.0,0.0,41.49,0.692,0.0,0,0.0,0.0,73,11.0,5,2,14.6,0.0,0.0,0.0,0.0,119.28,0.75,0.0,0,0.0,0.0,46,-1.56,1,-1,7.85,0.0,0.0,0.0,0.0,77.79,0.058,0.0,0,0.0,0.0
koduma,5,16.0,2,1,2.5,0.0,0.0,0.0,0.0,18.19,0.5,0.0,0,0.0,0.0,95,17.98,21,1,4.52,0.011,0.0,0.0,0.0,179.2,0.649,0.0,0,0.0,0.0,90,1.98,19,0,2.02,0.011,0.0,0.0,0.0,161.01,0.149,0.0,0,0.0,0.0
badnng,72,17.88,10,2,7.2,0.0,0.0,0.0,0.0,88.67,0.817,0.0,0,0.0,0.0,28,25.71,3,1,9.33,0.036,0.143,0.0,0.0,504.03,0.926,0.0,0,0.0,0.0,-44,7.83,-7,-1,2.13,0.036,0.143,0.0,0.0,415.36,0.109,0.0,0,0.0,0.0
greenzorro,16,17.62,3,4,5.33,0.0,0.0,0.0,0.0,581.32,0.867,0.0,0,0.0,0.0,28,17.57,6,5,4.67,0.0,0.0,0.107,0.0,632.78,0.815,0.0,0,0.0,0.0,12,-0.05,3,1,-0.66,0.0,0.0,0.107,0.0,51.46,-0.052,0.0,0,0.0,0.0
asifsofficial,28,18.39,2,1,14.0,0.0,0.0,0.071,0.0,9.98,0.889,0.0,0,0.0,0.0,72,19.1,8,1,9.0,0.014,0.0,0.0,0.0,198.9,0.873,0.0,0,0.0,0.0,44,0.71,6,0,-5.0,0.014,0.0,-0.071,0.0,188.92,-0.016,0.0,0,0.0,0.0
jaruizra,34,26.21,7,3,4.86,0.088,0.0,0.0,0.0,199.89,0.667,0.0,0,0.0,0.0,66,14.09,10,3,6.6,0.0,0.0,0.136,0.0,192.31,0.662,0.0,0,0.0,0.0,32,-12.12,3,0,1.74,-0.088,0.0,0.136,0.0,-7.58,-0.005,0.0,0,0.0,0.0
jblueberry,10,8.7,2,1,5.0,0.0,0.0,0.0,0.0,15.93,0.889,0.0,0,0.0,0.0,33,16.85,8,1,4.12,0.0,0.0,0.0,0.0,210.19,0.656,0.0,0,0.0,0.0,23,8.15,6,0,-0.88,0.0,0.0,0.0,0.0,194.26,-0.233,0.0,0,0.0,0.0
krish4693,8,29.25,3,3,2.67,0.0,0.0,0.0,0.0,155.66,0.571,0.0,0,0.0,0.0,15,15.93,7,1,2.14,0.0,0.0,0.0,0.0,387.72,0.357,0.0,0,0.0,0.0,7,-13.32,4,-2,-0.53,0.0,0.0,0.0,0.0,232.06,-0.214,0.0,0,0.0,0.0
ActuallyRaspy,5,27.8,3,2,1.67,0.0,0.0,0.0,0.0,262.18,0.25,0.0,0,0.0,0.0,55,74.24,12,3,4.58,0.4,0.0,0.018,0.018,50.68,0.5,0.0,0,0.0,0.0,50,46.44,9,1,2.91,0.4,0.0,0.018,0.018,-211.5,0.25,0.0,0,0.0,0.0
Abhishek-k-git,46,18.15,7,4,6.57,0.022,0.0,0.0,0.0,229.17,0.733,0.0,0,0.0,0.0,5,22.4,4,1,1.25,0.0,0.0,0.0,0.0,4401.16,0.25,0.0,0,0.0,0.0,-41,4.25,-3,-3,-5.32,-0.022,0.0,0.0,0.0,4171.99,-0.483,0.0,0,0.0,0.0
safridbhueyan,52,24.21,9,4,5.78,0.0,0.0,0.0,0.038,70.1,0.667,0.0,0,0.0,0.0,43,18.12,10,2,4.3,0.0,0.0,0.0,0.0,446.88,0.738,0.0,0,0.0,0.0,-9,-6.09,1,-2,-1.48,0.0,0.0,0.0,-0.038,376.78,0.071,0.0,0,0.0,0.0
Jarco-dev,7,48.14,2,1,3.5,0.286,0.571,0.0,0.0,873.76,0.833,0.0,0,91.0,0.5,19,45.47,6,1,3.17,0.0,1.0,0.0,0.0,233.52,0.5,0.0,0,0.0,0.0,12,-2.67,4,0,-0.33,-0.286,0.429,0.0,0.0,-640.24,-0.333,0.0,0,-91.0,-0.5
musty-codified,72,30.67,18,4,4.0,0.069,0.0,0.056,0.0,127.2,0.535,0.0,0,32.33,0.333,28,17.82,17,3,1.65,0.0,0.0,0.0,0.0,708.37,0.407,0.0,0,0.0,0.0,-44,-12.85,-1,-1,-2.35,-0.069,0.0,-0.056,0.0,581.17,-0.128,0.0,0,-32.33,-0.333
adithyaalokkan,21,33.81,6,1,3.5,0.095,0.524,0.0,0.0,338.74,0.45,0.0,0,0.0,0.0,71,29.08,11,5,6.45,0.0,0.69,0.014,0.0,194.09,0.643,0.0,0,0.0,0.0,50,-4.73,5,4,2.95,-0.095,0.166,0.014,0.0,-144.65,0.193,0.0,0,0.0,0.0
neugun,44,19.82,6,2,7.33,0.114,0.0,0.023,0.0,197.12,0.744,0.0,0,0.0,0.0,18,17.39,2,2,9.0,0.167,0.0,0.0,0.0,9.65,0.882,0.0,0,0.0,0.0,-26,-2.43,-4,0,1.67,0.053,0.0,-0.023,0.0,-187.47,0.138,0.0,0,0.0,0.0
Abujaipaul,19,26.21,2,2,9.5,0.263,0.0,0.0,0.0,36.91,0.778,0.0,0,0.0,0.0,37,45.89,11,5,3.36,0.351,0.0,0.0,0.0,550.13,0.583,0.0,0,0.0,0.0,18,19.68,9,3,-6.14,0.088,0.0,0.0,0.0,513.22,-0.195,0.0,0,0.0,0.0
bagususwanto,27,51.07,5,4,5.4,0.0,0.0,0.0,0.0,26.0,0.231,0.0,0,0.0,0.0,50,74.48,15,2,3.33,0.06,0.04,0.0,0.0,279.72,0.143,0.0,0,0.0,0.0,23,23.41,10,-2,-2.07,0.06,0.04,0.0,0.0,253.72,-0.088,0.0,0,0.0,0.0
brandonerose,61,15.72,7,5,8.71,0.0,0.0,0.115,0.0,114.62,0.8,0.0,0,0.0,0.0,21,19.52,4,1,5.25,0.0,0.0,0.0,0.0,55.16,0.85,0.0,0,0.0,0.0,-40,3.8,-3,-4,-3.46,0.0,0.0,-0.115,0.0,-59.46,0.05,0.0,0,0.0,0.0
priyanshu-k1,49,21.08,16,4,3.06,0.122,0.0,0.0,0.0,87.9,0.396,0.0,0,0.0,0.0,7,19.86,4,2,1.75,0.0,0.0,0.143,0.0,1604.29,0.167,0.0,0,0.0,0.0,-42,-1.22,-12,-2,-1.31,-0.122,0.0,0.143,0.0,1516.39,-0.229,0.0,0,0.0,0.0
tonykipkemboi,8,16.0,7,1,1.14,0.0,0.0,0.0,0.0,1912.8,0.143,0.0,0,0.0,0.0,9,26.33,8,1,1.12,0.0,0.0,0.0,0.0,1521.11,0.125,0.0,0,0.0,0.0,1,10.33,1,0,-0.02,0.0,0.0,0.0,0.0,-391.69,-0.018,0.0,0,0.0,0.0
kayleeisokay,50,26.84,8,4,6.25,0.14,0.0,0.06,0.0,174.8,0.429,0.0,0,257.0,0.4,50,44.34,6,1,8.33,0.36,0.0,0.0,0.0,16.31,0.571,0.0,0,81.93,0.286,0,17.5,-2,-3,2.08,0.22,0.0,-0.06,0.0,-158.49,0.142,0.0,0,-175.07,-0.114
TheCheese42,7,62.0,2,1,3.5,0.857,0.0,0.0,0.0,46.23,0.667,0.0,0,0.0,0.0,48,35.94,10,2,4.8,0.042,0.0,0.042,0.0,255.29,0.66,0.0,0,0.0,0.0,41,-26.06,8,1,1.3,-0.815,0.0,0.042,0.0,209.06,-0.007,0.0,0,0.0,0.0
nfroger,5,81.6,2,1,2.5,1.0,0.0,0.0,0.0,69.58,0.5,0.0,0,0.0,0.0,95,84.67,40,1,2.38,0.989,0.0,0.0,0.0,192.02,0.479,0.0,0,0.0,0.0,90,3.07,38,0,-0.12,-0.011,0.0,0.0,0.0,122.44,-0.021,0.0,0,0.0,0.0
Astronaut004,12,17.17,5,4,2.4,0.0,0.0,0.0,0.0,401.31,0.545,0.0,0,0.0,0.0,22,19.73,10,2,2.2,0.091,0.0,0.0,0.0,349.06,0.476,0.0,0,0.0,0.0,10,2.56,5,-2,-0.2,0.091,0.0,0.0,0.0,-52.25,-0.069,0.0,0,0.0,0.0
audiocomp,18,19.89,5,1,3.6,0.0,0.0,0.0,0.0,272.51,0.647,0.0,0,0.0,0.0,37,50.95,13,2,2.85,0.405,0.0,0.0,0.108,527.95,0.556,0.0,0,10.28,0.056,19,31.06,8,1,-0.75,0.405,0.0,0.0,0.108,255.44,-0.091,0.0,0,10.28,0.056
vidishraj,21,30.0,3,1,7.0,0.048,0.0,0.0,0.0,37.99,0.7,0.0,0,35.0,0.0,79,50.95,10,3,7.9,0.025,0.342,0.0,0.025,126.14,0.859,0.0,0,0.0,0.0,58,20.95,7,2,0.9,-0.023,0.342,0.0,0.025,88.15,0.159,0.0,0,-35.0,0.0
xsalazar,45,28.91,8,3,5.62,0.089,0.0,0.0,0.0,234.43,0.773,0.0,0,0.0,0.0,13,80.31,12,3,1.08,0.538,0.0,0.0,0.0,1594.4,0.083,0.0,0,0.0,0.0,-32,51.4,4,0,-4.54,0.449,0.0,0.0,0.0,1359.97,-0.69,0.0,0,0.0,0.0
kdrachtidis,29,96.31,7,2,4.14,0.759,0.0,0.0,0.0,505.57,0.75,0.0,0,0.0,0.0,22,93.14,4,2,5.5,0.636,0.0,0.0,0.045,908.68,0.81,0.0,0,0.0,0.0,-7,-3.17,-3,0,1.36,-0.123,0.0,0.0,0.045,403.11,0.06,0.0,0,0.0,0.0
DavideDiCaprio,88,29.32,6,5,14.67,0.045,0.0,0.034,0.0,13.27,0.644,0.0,0,5.6,0.0,12,30.75,6,3,2.0,0.083,0.0,0.0,0.0,852.78,0.273,0.0,0,0.0,0.0,-76,1.43,0,-2,-12.67,0.038,0.0,-0.034,0.0,839.51,-0.371,0.0,0,-5.6,0.0
devkcng,90,40.84,4,2,22.5,0.256,0.567,0.122,0.0,14.46,0.854,0.0,0,3.0,0.026,10,24.6,8,1,1.25,0.1,0.0,0.0,0.0,2135.35,0.222,0.0,0,0.0,0.0,-80,-16.24,4,-1,-21.25,-0.156,-0.567,-0.122,0.0,2120.89,-0.632,0.0,0,-3.0,-0.026
piyushrai007,52,45.44,13,4,4.0,0.173,0.0,0.0,0.019,157.19,0.686,0.0,0,0.0,0.0,6,13.17,6,2,1.0,0.0,0.0,0.0,0.0,2687.88,0.0,0.0,0,0.0,0.0,-46,-32.27,-7,-2,-3.0,-0.173,0.0,0.0,-0.019,2530.69,-0.686,0.0,0,0.0,0.0
paoloborello,21,19.0,4,1,5.25,0.095,0.0,0.0,0.0,156.93,0.8,0.0,0,0.0,0.0,27,68.67,6,2,4.5,0.444,0.0,0.074,0.0,325.16,0.423,0.0,0,0.0,0.0,6,49.67,2,1,-0.75,0.349,0.0,0.074,0.0,168.23,-0.377,0.0,0,0.0,0.0
Miteto08,16,18.0,2,3,8.0,0.0,0.0,0.0,0.0,27.16,0.467,0.0,0,0.0,0.0,84,26.25,9,1,9.33,0.0,0.0,0.0,0.488,39.59,0.783,0.0,0,0.0,0.0,68,8.25,7,-2,1.33,0.0,0.0,0.0,0.488,12.43,0.316,0.0,0,0.0,0.0
adamjstewart,52,25.94,23,1,2.26,0.0,0.0,0.0,0.0,260.07,0.431,0.0,0,0.0,0.0,48,37.12,25,1,1.92,0.167,0.0,0.0,0.0,415.36,0.362,0.0,0,0.0,0.0,-4,11.18,2,0,-0.34,0.167,0.0,0.0,0.0,155.29,-0.069,0.0,0,0.0,0.0
dkmqflx,7,32.29,3,1,2.33,0.0,0.143,0.0,0.143,47.77,0.167,0.0,0,0.0,0.0,93,27.92,27,1,3.44,0.0,0.075,0.011,0.0,206.69,0.37,0.0,0,0.0,0.0,86,-4.37,24,0,1.11,0.0,-0.068,0.011,-0.143,158.92,0.203,0.0,0,0.0,0.0
RomneyDa,73,21.26,11,3,6.64,0.0,0.0,0.014,0.014,65.54,0.694,0.0,0,0.0,0.0,14,10.07,2,2,7.0,0.0,0.071,0.0,0.0,1300.23,0.923,0.0,0,0.0,0.0,-59,-11.19,-9,-1,0.36,0.0,0.071,-0.014,-0.014,1234.69,0.229,0.0,0,0.0,0.0
sattwikeeg100,8,25.5,2,1,4.0,0.375,0.0,0.0,0.0,338.95,0.571,0.0,0,0.0,0.0,92,26.58,10,3,9.2,0.087,0.0,0.0,0.0,59.79,0.681,0.0,0,0.0,0.0,84,1.08,8,2,5.2,-0.288,0.0,0.0,0.0,-279.16,0.11,0.0,0,0.0,0.0
guyutongxue,36,16.81,22,1,1.64,0.028,0.0,0.0,0.0,387.95,0.286,0.0,0,0.0,0.0,22,13.36,10,1,2.2,0.0,0.0,0.0,0.0,842.59,0.524,0.0,0,0.0,0.0,-14,-3.45,-12,0,0.56,-0.028,0.0,0.0,0.0,454.64,0.238,0.0,0,0.0,0.0
safi-io,5,17.6,1,1,5.0,0.0,0.0,0.0,0.0,0.05,1.0,0.0,0,0.0,0.0,50,24.48,17,5,2.94,0.08,0.0,0.0,0.0,305.28,0.592,0.0,0,0.0,0.0,45,6.88,16,4,-2.06,0.08,0.0,0.0,0.0,305.23,-0.408,0.0,0,0.0,0.0
cristelleal,62,17.31,8,2,7.75,0.016,0.0,0.0,0.0,117.72,0.754,0.0,0,0.0,0.0,38,44.26,4,2,9.5,0.053,0.842,0.0,0.053,21.94,0.703,0.0,0,0.0,0.0,-24,26.95,-4,0,1.75,0.037,0.842,0.0,0.053,-95.78,-0.051,0.0,0,0.0,0.0
ashmit27j,32,36.88,4,2,8.0,0.406,0.0,0.0,0.281,40.36,0.581,0.0,0,0.0,0.0,36,20.47,19,1,1.89,0.056,0.0,0.0,0.0,516.59,0.4,0.0,0,0.0,0.0,4,-16.41,15,-1,-6.11,-0.35,0.0,0.0,-0.281,476.23,-0.181,0.0,0,0.0,0.0
Egesiapres,79,28.76,14,1,5.64,0.0,0.0,0.025,0.013,111.67,0.513,0.0,0,0.0,0.0,21,12.1,4,1,5.25,0.0,0.0,0.048,0.0,365.97,0.65,0.0,0,0.0,0.0,-58,-16.66,-10,0,-0.39,0.0,0.0,0.023,-0.013,254.3,0.137,0.0,0,0.0,0.0
rafinha2508,7,60.29,3,1,2.33,0.714,0.0,0.0,0.0,142.88,0.667,0.0,0,0.0,0.0,17,52.18,4,4,4.25,0.176,0.0,0.0,0.0,138.13,0.5,0.0,0,0.0,0.0,10,-8.11,1,3,1.92,-0.538,0.0,0.0,0.0,-4.75,-0.167,0.0,0,0.0,0.0
akshita270,10,19.1,2,3,5.0,0.0,0.0,0.0,0.0,15.61,0.889,0.0,0,0.0,0.0,11,21.82,3,1,3.67,0.0,0.0,0.0,0.0,770.92,0.8,0.0,0,0.0,0.0,1,2.72,1,-2,-1.33,0.0,0.0,0.0,0.0,755.31,-0.089,0.0,0,0.0,0.0
rkapl123,8,46.38,1,1,8.0,0.375,0.0,0.0,0.0,3.56,0.857,0.0,0,0.0,0.0,67,159.52,34,2,1.97,0.597,0.0,0.0,0.015,284.39,0.212,0.0,0,0.0,0.0,59,113.14,33,1,-6.03,0.222,0.0,0.0,0.015,280.83,-0.645,0.0,0,0.0,0.0
harsh3dev,6,14.83,2,1,3.0,0.0,0.0,0.0,0.0,546.68,0.8,0.0,0,0.0,0.0,42,15.6,6,3,7.0,0.0,0.0,0.0,0.0,53.36,0.756,0.0,0,0.0,0.0,36,0.77,4,2,4.0,0.0,0.0,0.0,0.0,-493.32,-0.044,0.0,0,0.0,0.0
eGangotri,22,14.82,8,1,2.75,0.0,0.0,0.0,0.0,92.05,0.381,0.0,0,0.0,0.0,72,38.69,27,1,2.67,0.014,0.0,0.0,0.0,269.93,0.493,0.0,0,0.0,0.0,50,23.87,19,0,-0.08,0.014,0.0,0.0,0.0,177.88,0.112,0.0,0,0.0,0.0
shyamkanth,27,18.93,8,3,3.38,0.037,0.0,0.0,0.0,426.22,0.577,0.0,0,0.0,0.0,56,31.84,8,2,7.0,0.089,0.0,0.0,0.0,293.59,0.709,0.0,0,0.0,0.0,29,12.91,0,-1,3.62,0.052,0.0,0.0,0.0,-132.63,0.132,0.0,0,0.0,0.0
jaguililla,9,19.33,6,1,1.5,0.0,0.0,0.0,0.0,695.05,0.25,0.0,0,0.0,0.0,74,19.86,29,1,2.55,0.027,0.0,0.0,0.0,271.69,0.452,0.0,0,0.0,0.0,65,0.53,23,0,1.05,0.027,0.0,0.0,0.0,-423.36,0.202,0.0,0,0.0,0.0
pragyan7,6,30.5,2,2,3.0,0.333,0.0,0.0,0.0,2099.69,0.6,0.0,0,0.0,0.0,30,35.77,9,3,3.33,0.2,0.0,0.0,0.0,580.93,0.69,0.0,0,0.0,0.0,24,5.27,7,1,0.33,-0.133,0.0,0.0,0.0,-1518.76,0.09,0.0,0,0.0,0.0
andreasneuber,52,21.33,15,5,3.47,0.019,0.0,0.0,0.0,129.87,0.451,0.0,0,0.0,0.0,48,87.0,25,5,1.92,0.188,0.0,0.021,0.021,413.71,0.319,0.0,0,0.0,0.0,-4,65.67,10,0,-1.55,0.169,0.0,0.021,0.021,283.84,-0.132,0.0,0,0.0,0.0
RomanRodionov,57,28.67,24,1,2.38,0.0,0.0,0.0,0.0,141.53,0.054,0.0,0,0.0,0.0,24,24.38,5,1,4.8,0.0,0.0,0.0,0.0,29.13,0.043,0.0,0,0.0,0.0,-33,-4.29,-19,0,2.42,0.0,0.0,0.0,0.0,-112.4,-0.011,0.0,0,0.0,0.0
megian,42,39.69,5,1,8.4,0.167,0.0,0.0,0.0,83.16,0.829,0.0,0,0.0,0.0,24,45.04,4,1,6.0,0.208,0.0,0.0,0.0,595.46,0.696,0.0,0,6.8,0.0,-18,5.35,-1,0,-2.4,0.041,0.0,0.0,0.0,512.3,-0.133,0.0,0,6.8,0.0
DavidOsezua,31,26.65,8,2,3.88,0.097,0.0,0.0,0.0,379.13,0.533,0.0,0,0.0,0.0,44,18.55,7,3,6.29,0.023,0.0,0.0,0.0,33.56,0.488,0.0,0,0.0,0.0,13,-8.1,-1,1,2.41,-0.074,0.0,0.0,0.0,-345.57,-0.045,0.0,0,0.0,0.0
leogaudin,77,16.39,17,1,4.53,0.0,0.0,0.0,0.0,75.89,0.579,0.0,0,0.0,0.0,23,16.39,12,1,1.92,0.0,0.0,0.0,0.0,418.1,0.409,0.0,0,0.0,0.0,-54,0.0,-5,0,-2.61,0.0,0.0,0.0,0.0,342.21,-0.17,0.0,0,0.0,0.0
PawelNiedzwiecki,43,69.58,4,1,10.75,0.488,0.372,0.0,0.0,35.76,0.667,0.0,0,12.6,0.0,36,42.03,4,3,9.0,0.139,0.0,0.0,0.028,214.51,0.829,0.0,0,487.67,0.667,-7,-27.55,0,2,-1.75,-0.349,-0.372,0.0,0.028,178.75,0.162,0.0,0,475.07,0.667
ShubhKulshrestha,8,19.38,1,1,8.0,0.0,0.0,0.0,0.0,0.43,1.0,0.0,0,0.0,0.0,92,18.58,27,1,3.41,0.0,0.0,0.0,0.0,62.77,0.154,0.0,0,0.0,0.0,84,-0.8,26,0,-4.59,0.0,0.0,0.0,0.0,62.34,-0.846,0.0,0,0.0,0.0
shinbae93,15,33.2,7,3,2.14,0.0,0.0,0.0,0.0,1054.74,0.357,0.0,0,0.0,0.0,14,59.71,4,1,3.5,0.143,1.0,0.0,0.143,851.6,0.538,0.0,0,0.0,0.0,-1,26.51,-3,-2,1.36,0.143,1.0,0.0,0.143,-203.14,0.181,0.0,0,0.0,0.0
bolorundurovj,24,125.67,13,2,1.85,0.958,0.0,0.0,0.0,577.2,0.348,0.0,0,0.0,0.0,17,122.41,11,1,1.55,1.0,0.0,0.0,0.0,1175.38,0.25,0.0,0,0.0,0.0,-7,-3.26,-2,-1,-0.3,0.042,0.0,0.0,0.0,598.18,-0.098,0.0,0,0.0,0.0
winstonhoyle,6,15.0,3,3,2.0,0.0,0.0,0.0,0.0,340.31,0.2,0.0,0,0.0,0.0,88,21.74,10,2,8.8,0.045,0.0,0.011,0.0,148.65,0.494,0.0,0,194.75,1.0,82,6.74,7,-1,6.8,0.045,0.0,0.011,0.0,-191.66,0.294,0.0,0,194.75,1.0
AlgorithmicPolicyIndex,32,143.34,5,1,6.4,0.844,0.0,0.062,0.0,116.03,0.387,0.0,0,0.0,0.0,68,60.81,24,2,2.83,0.265,0.0,0.0,0.0,199.01,0.313,0.0,0,0.0,0.0,36,-82.53,19,1,-3.57,-0.579,0.0,-0.062,0.0,82.98,-0.074,0.0,0,0.0,0.0
CesarMachado7,46,18.5,10,5,4.6,0.0,0.0,0.0,0.0,40.56,0.578,0.0,0,0.0,0.0,16,18.19,5,2,3.2,0.0,0.0,0.0,0.062,575.3,0.6,0.0,0,0.0,0.0,-30,-0.31,-5,-3,-1.4,0.0,0.0,0.0,0.062,534.74,0.022,0.0,0,0.0,0.0
harshit771,5,20.0,2,3,2.5,0.0,0.0,0.0,0.0,521.97,0.75,0.0,0,0.0,0.0,15,15.67,6,1,2.5,0.0,0.0,0.0,0.0,424.1,0.571,0.0,0,0.0,0.0,10,-4.33,4,-2,0.0,0.0,0.0,0.0,0.0,-97.87,-0.179,0.0,0,0.0,0.0
vbreuss,10,74.7,2,1,5.0,0.2,0.2,0.6,0.2,759.78,0.778,0.0,0,88.0,0.5,21,17.48,3,2,7.0,0.0,0.0,0.048,0.0,56.09,0.8,0.0,0,0.0,0.0,11,-57.22,1,1,2.0,-0.2,-0.2,-0.552,-0.2,-703.69,0.022,0.0,0,-88.0,-0.5
Pedrolustosa,31,28.23,15,1,2.07,0.452,0.0,0.0,0.032,550.38,0.467,0.0,0,0.0,0.0,29,56.76,9,1,3.22,0.517,0.034,0.0,0.0,697.29,0.643,0.0,0,69.09,0.182,-2,28.53,-6,0,1.15,0.065,0.034,0.0,-0.032,146.91,0.176,0.0,0,69.09,0.182
window794,16,25.31,5,3,3.2,0.25,0.0,0.0,0.0,613.56,0.667,0.0,0,0.0,0.0,8,16.0,3,1,2.67,0.0,0.0,0.0,0.0,1221.93,0.714,0.0,0,0.0,0.0,-8,-9.31,-2,-2,-0.53,-0.25,0.0,0.0,0.0,608.37,0.047,0.0,0,0.0,0.0
powerfooI,5,33.0,4,1,1.25,0.0,0.0,0.0,0.0,1599.46,0.0,0.0,0,0.0,0.0,63,33.27,17,2,3.71,0.0,0.032,0.0,0.0,296.55,0.548,0.0,0,0.0,0.0,58,0.27,13,1,2.46,0.0,0.032,0.0,0.0,-1302.91,0.548,0.0,0,0.0,0.0
giacca90,24,46.46,6,2,4.0,0.292,0.0,0.0,0.0,36.1,0.435,0.0,0,0.0,0.0,76,35.88,12,2,6.33,0.092,0.0,0.0,0.0,244.56,0.6,0.0,0,0.0,0.0,52,-10.58,6,0,2.33,-0.2,0.0,0.0,0.0,208.46,0.165,0.0,0,0.0,0.0
harishkannan05,11,19.0,2,4,5.5,0.0,0.0,0.0,0.0,76.61,0.7,0.0,0,0.0,0.0,5,15.6,2,2,2.5,0.0,0.0,0.0,0.0,159.12,0.5,0.0,0,0.0,0.0,-6,-3.4,0,-2,-3.0,0.0,0.0,0.0,0.0,82.51,-0.2,0.0,0,0.0,0.0
HunterMahmud,87,45.16,8,1,10.88,0.011,0.0,0.0,0.023,56.63,0.651,0.0,0,0.0,0.0,13,40.0,6,1,2.17,0.0,0.0,0.0,0.154,894.65,0.417,0.0,0,0.0,0.0,-74,-5.16,-2,0,-8.71,-0.011,0.0,0.0,0.131,838.02,-0.234,0.0,0,0.0,0.0
oivalian,15,21.67,1,5,15.0,0.133,0.0,0.0,0.0,3.21,0.714,0.0,0,0.0,0.0,12,20.58,2,5,6.0,0.083,0.0,0.0,0.0,611.21,0.909,0.0,0,0.0,0.0,-3,-1.09,1,0,-9.0,-0.05,0.0,0.0,0.0,608.0,0.195,0.0,0,0.0,0.0
Nabil080,94,34.49,4,1,23.5,0.202,0.0,0.0,0.0,10.31,0.817,0.0,0,0.12,0.0,6,17.33,2,1,3.0,0.0,0.0,0.0,0.0,23.39,0.4,0.0,0,0.0,0.0,-88,-17.16,-2,0,-20.5,-0.202,0.0,0.0,0.0,13.08,-0.417,0.0,0,-0.12,0.0
AdetokunAdenike,10,18.7,1,1,10.0,0.0,0.0,0.0,0.0,0.13,1.0,0.0,0,0.0,0.0,90,14.1,6,1,15.0,0.0,0.033,0.0,0.0,89.43,0.843,0.0,0,0.0,0.0,80,-4.6,5,0,5.0,0.0,0.033,0.0,0.0,89.3,-0.157,0.0,0,0.0,0.0
imselmon,43,25.4,26,1,1.65,0.023,0.0,0.0,0.0,378.98,0.19,0.0,0,0.0,0.0,9,51.89,8,1,1.12,0.0,0.0,0.0,0.0,1032.88,0.0,0.0,0,0.0,0.0,-34,26.49,-18,0,-0.53,-0.023,0.0,0.0,0.0,653.9,-0.19,0.0,0,0.0,0.0
martinpitt,32,174.84,17,1,1.88,0.781,0.094,0.406,0.031,316.63,0.452,0.0,0,125.55,0.727,68,231.41,18,1,3.78,0.838,0.103,0.426,0.147,278.63,0.567,0.0,0,342.15,0.95,36,56.57,1,0,1.9,0.057,0.009,0.02,0.116,-38.0,0.115,0.0,0,216.6,0.223
pranjaldhole,5,27.2,2,1,2.5,0.0,0.0,0.0,0.0,2544.39,0.75,0.0,0,0.0,0.0,6,31.17,4,1,1.5,0.0,0.0,0.0,0.0,3116.88,0.4,0.0,0,0.0,0.0,1,3.97,2,0,-1.0,0.0,0.0,0.0,0.0,572.49,-0.35,0.0,0,0.0,0.0
silkeholmebonnen,5,9.6,2,2,2.5,0.0,0.0,0.0,0.0,1860.41,0.75,0.0,0,0.0,0.0,95,22.21,14,1,6.79,0.126,0.0,0.074,0.0,66.19,0.681,0.0,0,183.41,0.765,90,12.61,12,-1,4.29,0.126,0.0,0.074,0.0,-1794.22,-0.069,0.0,0,183.41,0.765
Markkreel,28,23.0,8,4,3.5,0.071,0.0,0.0,0.0,449.82,0.593,0.0,0,0.0,0.0,54,56.7,3,3,18.0,0.0,0.963,0.0,0.0,162.42,0.962,0.0,0,0.0,0.0,26,33.7,-5,-1,14.5,-0.071,0.963,0.0,0.0,-287.4,0.369,0.0,0,0.0,0.0
Pratiksha-25,18,22.78,4,2,4.5,0.111,0.0,0.0,0.0,350.8,0.824,0.0,0,0.0,0.0,7,15.43,1,1,7.0,0.0,0.0,0.0,0.0,0.12,1.0,0.0,0,0.0,0.0,-11,-7.35,-3,-1,2.5,-0.111,0.0,0.0,0.0,-350.68,0.176,0.0,0,0.0,0.0
alekssamos,25,13.8,8,1,3.12,0.0,0.0,0.0,0.0,193.91,0.542,0.0,0,0.0,0.0,73,10.88,25,1,2.92,0.0,0.0,0.0,0.0,234.68,0.5,0.0,0,0.0,0.0,48,-2.92,17,0,-0.2,0.0,0.0,0.0,0.0,40.77,-0.042,0.0,0,0.0,0.0
khoidm2004,81,74.0,18,5,4.5,0.728,0.0,0.0,0.0,138.83,0.7,0.0,0,0.0,0.0,5,54.4,4,1,1.25,0.2,0.0,0.0,0.0,1182.3,0.25,0.0,0,0.0,0.0,-76,-19.6,-14,-4,-3.25,-0.528,0.0,0.0,0.0,1043.47,-0.45,0.0,0,0.0,0.0
ijromerob,34,27.65,12,1,2.83,0.0,0.0,0.0,0.118,57.09,0.424,0.0,0,0.0,0.0,66,33.09,17,3,3.88,0.0,0.0,0.015,0.076,70.27,0.462,0.0,0,0.0,0.0,32,5.44,5,2,1.05,0.0,0.0,0.015,-0.042,13.18,0.038,0.0,0,0.0,0.0
Ajmain-Fayek,8,16.5,3,3,2.67,0.0,0.0,0.0,0.0,407.44,0.429,0.0,0,0.0,0.0,13,24.46,4,3,3.25,0.077,0.0,0.0,0.077,359.54,0.667,0.0,0,0.0,0.0,5,7.96,1,0,0.58,0.077,0.0,0.0,0.077,-47.9,0.238,0.0,0,0.0,0.0
gianluigitrontini,35,33.34,5,1,7.0,0.029,0.0,0.0,0.0,294.29,0.618,0.0,0,51.0,0.5,31,40.84,2,1,15.5,0.0,0.0,0.0,0.0,291.05,0.733,0.0,0,0.0,0.0,-4,7.5,-3,0,8.5,-0.029,0.0,0.0,0.0,-3.24,0.115,0.0,0,-51.0,-0.5
rollbear,40,35.73,4,1,10.0,0.025,0.0,0.175,0.0,10.33,0.872,0.0,0,309.0,1.0,60,46.72,11,1,5.45,0.15,0.0,0.033,0.017,195.59,0.797,0.0,0,890.0,1.0,20,10.99,7,0,-4.55,0.125,0.0,-0.142,0.017,185.26,-0.075,0.0,0,581.0,0.0
MatteoOnger,34,18.29,5,2,6.8,0.0,0.0,0.0,0.0,312.13,0.788,0.0,0,0.0,0.0,45,20.56,11,3,4.09,0.044,0.0,0.022,0.0,192.74,0.568,0.0,0,0.0,0.0,11,2.27,6,1,-2.71,0.044,0.0,0.022,0.0,-119.39,-0.22,0.0,0,0.0,0.0
brmil07,65,25.78,5,3,13.0,0.0,0.0,0.0,0.0,98.26,0.797,0.0,0,0.0,0.0,8,26.25,3,1,2.67,0.0,0.0,0.0,0.0,603.85,0.429,0.0,0,0.0,0.0,-57,0.47,-2,-2,-10.33,0.0,0.0,0.0,0.0,505.59,-0.368,0.0,0,0.0,0.0
sor999,25,18.04,4,3,6.25,0.0,0.0,0.0,0.0,105.53,0.625,0.0,0,0.0,0.0,16,22.88,10,2,1.6,0.062,0.438,0.0,0.0,1323.68,0.4,0.0,0,0.0,0.0,-9,4.84,6,-1,-4.65,0.062,0.438,0.0,0.0,1218.15,-0.225,0.0,0,0.0,0.0
Johnmel15,34,18.94,2,1,17.0,0.0,0.0,0.0,0.029,3.7,0.788,0.0,0,0.0,0.0,66,17.0,5,2,13.2,0.03,0.015,0.0,0.03,129.12,0.708,0.0,0,0.0,0.0,32,-1.94,3,1,-3.8,0.03,0.015,0.0,0.001,125.42,-0.08,0.0,0,0.0,0.0
klaustopher,16,55.0,7,1,2.29,0.375,0.0,0.125,0.0,544.9,0.533,0.0,0,0.0,0.0,10,105.3,2,1,5.0,0.9,0.0,0.0,0.0,120.52,0.889,0.0,0,0.0,0.0,-6,50.3,-5,0,2.71,0.525,0.0,-0.125,0.0,-424.38,0.356,0.0,0,0.0,0.0
robin-ahn-dev,7,16.0,2,1,3.5,0.0,0.0,0.0,0.0,642.94,0.833,0.0,0,0.0,0.0,42,46.81,11,3,3.82,0.0,0.0,0.0,0.048,212.5,0.537,0.0,0,0.0,0.0,35,30.81,9,2,0.32,0.0,0.0,0.0,0.048,-430.44,-0.296,0.0,0,0.0,0.0
bkrabach,15,36.4,2,1,7.5,0.0,0.0,0.0,0.0,8.01,0.571,0.0,0,0.0,0.0,85,223.06,9,2,9.44,0.176,0.012,0.024,0.129,127.71,0.536,0.0,0,105.67,0.444,70,186.66,7,1,1.94,0.176,0.012,0.024,0.129,119.7,-0.035,0.0,0,105.67,0.444
kurays015,72,17.5,9,5,8.0,0.0,0.0,0.0,0.0,79.9,0.761,0.0,0,0.0,0.0,10,17.6,7,1,1.43,0.0,0.0,0.0,0.0,2039.2,0.222,0.0,0,0.0,0.0,-62,0.1,-2,-4,-6.57,0.0,0.0,0.0,0.0,1959.3,-0.539,0.0,0,0.0,0.0
petrknap,36,41.44,7,1,5.14,0.139,0.861,0.0,0.0,377.86,0.657,0.0,0,0.0,0.0,40,64.33,6,3,6.67,0.475,0.55,0.0,0.0,158.43,0.718,0.0,0,756.71,0.238,4,22.89,-1,2,1.53,0.336,-0.311,0.0,0.0,-219.43,0.061,0.0,0,756.71,0.238
wpwwhimself,83,24.55,19,4,4.37,0.0,0.0,0.0,0.0,152.8,0.476,0.0,0,0.0,0.0,17,36.59,4,1,4.25,0.0,0.0,0.0,0.0,29.08,0.438,0.0,0,0.0,0.0,-66,12.04,-15,-3,-0.12,0.0,0.0,0.0,0.0,-123.72,-0.038,0.0,0,0.0,0.0
sarahaglenn,37,22.27,13,1,2.85,0.0,0.0,0.0,0.0,57.79,0.528,0.0,0,0.0,0.0,63,27.13,11,2,5.73,0.0,0.0,0.0,0.032,36.53,0.516,0.0,0,0.0,0.0,26,4.86,-2,1,2.88,0.0,0.0,0.0,0.032,-21.26,-0.012,0.0,0,0.0,0.0
tboutroux,31,24.06,9,5,3.44,0.032,0.0,0.0,0.032,296.36,0.667,0.0,0,0.0,0.0,23,22.96,7,1,3.29,0.13,0.0,0.0,0.0,697.69,0.682,0.0,0,0.0,0.0,-8,-1.1,-2,-4,-0.15,0.098,0.0,0.0,-0.032,401.33,0.015,0.0,0,0.0,0.0
PowerAppsDarren,8,19.25,3,4,2.67,0.0,0.0,0.0,0.0,584.8,0.286,0.0,0,0.0,0.0,10,21.5,2,2,5.0,0.0,0.0,0.0,0.0,477.97,0.889,0.0,0,0.0,0.0,2,2.25,-1,-2,2.33,0.0,0.0,0.0,0.0,-106.83,0.603,0.0,0,0.0,0.0
eduardodsr,17,15.65,7,1,2.43,0.0,0.0,0.0,0.0,943.97,0.625,0.0,0,0.0,0.0,14,24.0,6,1,2.33,0.143,0.0,0.0,0.0,814.38,0.462,0.0,0,0.0,0.0,-3,8.35,-1,0,-0.1,0.143,0.0,0.0,0.0,-129.59,-0.163,0.0,0,0.0,0.0
raffertyuy,6,26.67,2,1,3.0,0.0,0.0,0.0,0.0,200.65,0.6,0.0,0,0.0,0.0,12,46.0,8,1,1.5,0.0,0.0,0.0,0.0,605.58,0.091,0.0,0,0.0,0.0,6,19.33,6,0,-1.5,0.0,0.0,0.0,0.0,404.93,-0.509,0.0,0,0.0,0.0
UnMugViolet,80,40.29,4,2,20.0,0.075,0.0,0.013,0.0,31.72,0.759,0.0,0,13.22,0.0,20,20.05,6,1,3.33,0.0,0.0,0.1,0.0,237.54,0.579,0.0,0,0.0,0.0,-60,-20.24,2,-1,-16.67,-0.075,0.0,0.087,0.0,205.82,-0.18,0.0,0,-13.22,0.0
ntorga,84,35.01,12,1,7.0,0.0,1.0,0.19,0.012,26.31,0.867,0.0,0,0.0,0.0,5,30.8,1,1,5.0,0.0,1.0,0.0,0.0,0.06,1.0,0.0,0,0.0,0.0,-79,-4.21,-11,0,-2.0,0.0,0.0,-0.19,-0.012,-26.25,0.133,0.0,0,0.0,0.0
mynul-islam-madhurjo,23,13.35,7,3,3.29,0.0,0.0,0.0,0.0,174.5,0.455,0.0,0,0.0,0.0,11,15.73,6,1,1.83,0.0,0.0,0.0,0.0,1373.92,0.5,0.0,0,0.0,0.0,-12,2.38,-1,-2,-1.46,0.0,0.0,0.0,0.0,1199.42,0.045,0.0,0,0.0,0.0
Noah-Samawi,38,17.71,3,2,12.67,0.0,0.0,0.0,0.0,20.38,0.865,0.0,0,0.0,0.0,62,31.11,5,1,12.4,0.0,0.0,0.016,0.016,23.08,0.672,0.0,0,0.0,0.0,24,13.4,2,-1,-0.27,0.0,0.0,0.016,0.016,2.7,-0.193,0.0,0,0.0,0.0
ArionM27,16,26.44,5,3,3.2,0.062,0.0,0.0,0.0,391.02,0.6,0.0,0,0.0,0.0,7,21.43,2,2,3.5,0.143,0.0,0.0,0.0,998.9,0.833,0.0,0,0.0,0.0,-9,-5.01,-3,-1,0.3,0.081,0.0,0.0,0.0,607.88,0.233,0.0,0,0.0,0.0
PedroDSFerreira,17,15.65,7,1,2.43,0.0,0.0,0.0,0.0,511.53,0.438,0.0,0,0.0,0.0,83,25.96,15,2,5.53,0.024,0.0,0.0,0.012,171.32,0.622,0.0,0,0.0,0.0,66,10.31,8,1,3.1,0.024,0.0,0.0,0.012,-340.21,0.184,0.0,0,0.0,0.0
thmastin,21,60.57,4,2,5.25,0.381,0.0,0.0,0.0,25.16,0.85,0.0,0,0.0,0.0,7,39.71,2,2,3.5,0.714,0.0,0.0,0.0,163.69,0.833,0.0,0,0.0,0.0,-14,-20.86,-2,0,-1.75,0.333,0.0,0.0,0.0,138.53,-0.017,0.0,0,0.0,0.0
Nayak1703,15,21.0,2,2,7.5,0.067,0.0,0.0,0.0,501.15,0.929,0.0,0,0.0,0.0,19,23.84,4,2,4.75,0.105,0.0,0.0,0.0,396.77,0.778,0.0,0,0.0,0.0,4,2.84,2,0,-2.75,0.038,0.0,0.0,0.0,-104.38,-0.151,0.0,0,0.0,0.0
Bulanklot,14,9.14,2,1,7.0,0.0,0.0,0.0,0.0,36.93,0.769,0.0,0,0.0,0.0,39,16.54,11,4,3.55,0.0,0.0,0.0,0.0,82.11,0.447,0.0,0,0.0,0.0,25,7.4,9,3,-3.45,0.0,0.0,0.0,0.0,45.18,-0.322,0.0,0,0.0,0.0
vishvamsinh28,27,14.67,4,3,6.75,0.0,0.0,0.0,0.0,102.59,0.731,0.0,0,0.0,0.0,9,27.22,2,1,4.5,0.111,0.0,0.0,0.0,1230.48,0.875,0.0,0,0.0,0.0,-18,12.55,-2,-2,-2.25,0.111,0.0,0.0,0.0,1127.89,0.144,0.0,0,0.0,0.0
AnthonyGress,33,16.03,5,1,6.6,0.0,0.0,0.0,0.0,298.03,0.75,0.0,0,0.0,0.0,11,22.45,7,1,1.57,0.091,0.0,0.0,0.0,1818.62,0.4,0.0,0,0.0,0.0,-22,6.42,2,0,-5.03,0.091,0.0,0.0,0.0,1520.59,-0.35,0.0,0,0.0,0.0
jcbhmr,10,16.1,5,1,2.0,0.0,0.0,0.0,0.0,466.28,0.556,0.0,0,0.0,0.0,90,48.64,23,2,3.91,0.144,0.0,0.033,0.0,222.72,0.607,0.0,0,0.0,0.0,80,32.54,18,1,1.91,0.144,0.0,0.033,0.0,-243.56,0.051,0.0,0,0.0,0.0
cevheri,33,117.79,13,2,2.54,0.97,0.0,0.0,0.0,279.56,0.531,0.0,0,0.0,0.0,13,38.62,8,1,1.62,0.154,0.0,0.0,0.0,1350.67,0.333,0.0,0,0.0,0.0,-20,-79.17,-5,-1,-0.92,-0.816,0.0,0.0,0.0,1071.11,-0.198,0.0,0,0.0,0.0
Wolvortex,32,16.0,6,1,5.33,0.0,0.0,0.0,0.0,421.38,0.839,0.0,0,0.0,0.0,20,30.55,3,1,6.67,0.1,0.0,0.0,0.0,72.7,0.842,0.0,0,0.0,0.0,-12,14.55,-3,0,1.34,0.1,0.0,0.0,0.0,-348.68,0.003,0.0,0,0.0,0.0
LuoMingxiang,68,17.91,3,3,22.67,0.0,0.0,0.0,0.0,5.7,0.896,0.0,0,0.0,0.0,10,15.0,4,3,2.5,0.0,0.0,0.0,0.0,847.55,0.222,0.0,0,0.0,0.0,-58,-2.91,1,0,-20.17,0.0,0.0,0.0,0.0,841.85,-0.674,0.0,0,0.0,0.0
Baptiiiiste,63,16.37,23,2,2.74,0.0,0.0,0.0,0.0,186.46,0.516,0.0,0,0.0,0.0,10,10.0,4,1,2.5,0.0,0.0,0.0,0.0,799.08,0.556,0.0,0,0.0,0.0,-53,-6.37,-19,-1,-0.24,0.0,0.0,0.0,0.0,612.62,0.04,0.0,0,0.0,0.0
HA-SEUNG-JEONG,34,16.0,19,1,1.79,0.0,0.0,0.0,0.0,318.19,0.273,0.0,0,0.0,0.0,66,10.97,12,1,5.5,0.0,0.0,0.0,0.0,298.59,0.062,0.0,0,0.0,0.0,32,-5.03,-7,0,3.71,0.0,0.0,0.0,0.0,-19.6,-0.211,0.0,0,0.0,0.0
min486,75,12.55,13,3,5.77,0.0,0.0,0.0,0.013,46.15,0.432,0.0,0,0.0,0.0,6,7.0,1,1,6.0,0.0,0.0,0.0,0.0,0.64,0.8,0.0,0,0.0,0.0,-69,-5.55,-12,-2,0.23,0.0,0.0,0.0,-0.013,-45.51,0.368,0.0,0,0.0,0.0
che2ese,15,28.27,1,1,15.0,0.2,0.0,0.0,0.0,0.51,0.929,0.0,0,0.0,0.0,85,19.55,15,3,5.67,0.0,0.0,0.0,0.0,125.93,0.738,0.0,0,0.0,0.0,70,-8.72,14,2,-9.33,-0.2,0.0,0.0,0.0,125.42,-0.191,0.0,0,0.0,0.0
KenanYusuf,42,22.74,10,1,4.2,0.0,0.0,0.0,0.0,193.43,0.585,0.0,0,0.0,0.0,14,22.64,6,1,2.33,0.0,0.0,0.0,0.0,552.69,0.538,0.0,0,0.0,0.0,-28,-0.1,-4,0,-1.87,0.0,0.0,0.0,0.0,359.26,-0.047,0.0,0,0.0,0.0
popobg,55,24.27,9,1,6.11,0.0,0.0,0.0,0.0,30.66,0.556,0.0,0,0.0,0.0,45,39.42,11,1,4.09,0.0,0.0,0.0,0.0,37.23,0.455,0.0,0,0.0,0.0,-10,15.15,2,0,-2.02,0.0,0.0,0.0,0.0,6.57,-0.101,0.0,0,0.0,0.0
MelMorette,78,15.97,8,1,9.75,0.0,0.0,0.0,0.0,134.27,0.896,0.0,0,0.0,0.0,19,34.16,5,1,3.8,0.105,0.0,0.0,0.0,746.11,0.778,0.0,0,0.0,0.0,-59,18.19,-3,0,-5.95,0.105,0.0,0.0,0.0,611.84,-0.118,0.0,0,0.0,0.0
wavefrontshaping,14,23.79,5,2,2.8,0.071,0.0,0.0,0.0,1210.64,0.615,0.0,0,0.0,0.0,15,58.53,2,1,7.5,0.2,0.333,0.0,0.0,731.96,0.857,0.0,0,0.0,0.0,1,34.74,-3,-1,4.7,0.129,0.333,0.0,0.0,-478.68,0.242,0.0,0,0.0,0.0
Otazuki004,14,16.86,4,2,3.5,0.0,0.0,0.0,0.0,448.31,0.692,0.0,0,0.0,0.0,5,14.0,2,1,2.5,0.0,0.0,0.0,0.0,456.53,0.75,0.0,0,0.0,0.0,-9,-2.86,-2,-1,-1.0,0.0,0.0,0.0,0.0,8.22,0.058,0.0,0,0.0,0.0
arthurcadore,76,27.67,9,5,8.44,0.0,0.0,0.0,0.0,204.35,0.76,0.0,0,0.0,0.0,16,18.12,2,5,8.0,0.0,0.0,0.0,0.0,1148.73,0.733,0.0,0,0.0,0.0,-60,-9.55,-7,0,-0.44,0.0,0.0,0.0,0.0,944.38,-0.027,0.0,0,0.0,0.0
schorschii,27,20.48,7,2,3.86,0.0,0.0,0.0,0.0,635.96,0.692,0.0,0,0.0,0.0,57,33.86,14,3,4.07,0.0,0.0,0.0,0.018,358.21,0.5,0.0,0,0.0,0.0,30,13.38,7,1,0.21,0.0,0.0,0.0,0.018,-277.75,-0.192,0.0,0,0.0,0.0
seckinadali,10,23.6,2,1,5.0,0.0,0.0,0.0,0.0,20.97,0.667,0.0,0,0.0,0.0,90,53.19,17,5,5.29,0.0,0.0,0.044,0.0,108.88,0.483,0.0,0,0.0,0.0,80,29.59,15,4,0.29,0.0,0.0,0.044,0.0,87.91,-0.184,0.0,0,0.0,0.0
kim-na-ram,14,16.29,2,1,7.0,0.0,0.0,0.0,0.0,8.94,0.692,0.0,0,0.0,0.0,66,57.59,5,3,13.2,0.485,0.182,0.03,0.015,26.75,0.662,0.0,0,6.27,0.067,52,41.3,3,2,6.2,0.485,0.182,0.03,0.015,17.81,-0.03,0.0,0,6.27,0.067
sindreoyen,85,22.45,8,3,10.62,0.012,0.071,0.0,0.012,127.51,0.762,0.0,0,0.0,0.0,15,17.47,7,1,2.14,0.0,0.0,0.0,0.0,916.53,0.429,0.0,0,0.0,0.0,-70,-4.98,-1,-2,-8.48,-0.012,-0.071,0.0,-0.012,789.02,-0.333,0.0,0,0.0,0.0
zbr17,18,14.0,13,3,1.38,0.0,0.0,0.0,0.0,939.89,0.294,0.0,0,0.0,0.0,22,13.82,11,1,2.0,0.0,0.0,0.0,0.0,877.27,0.429,0.0,0,0.0,0.0,4,-0.18,-2,-2,0.62,0.0,0.0,0.0,0.0,-62.62,0.135,0.0,0,0.0,0.0
ChrisioGwaan,46,21.67,14,4,3.29,0.0,0.0,0.0,0.0,252.59,0.578,0.0,0,0.0,0.0,38,38.18,11,2,3.45,0.026,0.0,0.0,0.0,453.12,0.541,0.0,0,0.0,0.0,-8,16.51,-3,-2,0.16,0.026,0.0,0.0,0.0,200.53,-0.037,0.0,0,0.0,0.0
CharmingZh,8,17.62,4,1,2.0,0.125,0.0,0.0,0.0,1818.58,0.571,0.0,0,0.0,0.0,35,26.26,9,1,3.89,0.114,0.0,0.0,0.0,157.76,0.676,0.0,0,0.0,0.0,27,8.64,5,0,1.89,-0.011,0.0,0.0,0.0,-1660.82,0.105,0.0,0,0.0,0.0
clundin55,12,28.83,6,1,2.0,0.0,0.0,0.0,0.0,753.18,0.455,0.0,0,0.0,0.0,17,34.53,8,1,2.12,0.0,0.0,0.0,0.0,583.63,0.562,0.0,0,0.0,0.0,5,5.7,2,0,0.12,0.0,0.0,0.0,0.0,-169.55,0.107,0.0,0,0.0,0.0
Muthuyuvaraj,6,17.17,2,2,3.0,0.0,0.0,0.0,0.0,1849.61,0.8,0.0,0,0.0,0.0,9,68.89,5,4,1.8,0.333,0.333,0.0,0.0,1018.12,0.5,0.0,0,0.0,0.0,3,51.72,3,2,-1.2,0.333,0.333,0.0,0.0,-831.49,-0.3,0.0,0,0.0,0.0
zhiyiYo,92,14.34,19,1,4.84,0.0,0.0,0.0,0.0,77.19,0.374,0.0,0,0.0,0.0,8,8.25,3,1,2.67,0.0,0.0,0.0,0.0,1302.14,0.571,0.0,0,0.0,0.0,-84,-6.09,-16,0,-2.17,0.0,0.0,0.0,0.0,1224.95,0.197,0.0,0,0.0,0.0
sidmohanty11,22,17.68,5,1,4.4,0.0,0.0,0.0,0.045,319.31,0.714,0.0,0,0.0,0.0,10,27.2,4,1,2.5,0.2,0.0,0.0,0.0,1994.69,0.667,0.0,0,2497.5,1.0,-12,9.52,-1,0,-1.9,0.2,0.0,0.0,-0.045,1675.38,-0.047,0.0,0,2497.5,1.0
m1m0zzz,34,17.26,10,5,3.4,0.029,0.0,0.0,0.0,273.24,0.515,0.0,0,0.0,0.0,66,87.08,16,2,4.12,0.712,0.03,0.0,0.0,299.27,0.738,0.0,0,0.0,0.0,32,69.82,6,-3,0.72,0.683,0.03,0.0,0.0,26.03,0.223,0.0,0,0.0,0.0
MikeiLL,45,39.76,8,1,5.62,0.067,0.0,0.0,0.0,130.92,0.636,0.0,0,0.0,0.0,54,37.35,10,1,5.4,0.0,0.0,0.0,0.019,339.26,0.642,0.0,0,0.0,0.0,9,-2.41,2,0,-0.22,-0.067,0.0,0.0,0.019,208.34,0.006,0.0,0,0.0,0.0
zilongzheng,8,15.12,3,1,2.67,0.0,0.0,0.0,0.0,1233.6,0.714,0.0,0,0.0,0.0,43,15.58,21,1,2.05,0.023,0.0,0.0,0.0,366.85,0.31,0.0,0,0.0,0.0,35,0.46,18,0,-0.62,0.023,0.0,0.0,0.0,-866.75,-0.404,0.0,0,0.0,0.0
georgiaturner,7,10.14,1,1,7.0,0.0,0.0,0.0,0.0,0.24,1.0,0.0,0,0.0,0.0,10,18.6,3,2,3.33,0.0,0.0,0.0,0.0,1301.67,0.778,0.0,0,0.0,0.0,3,8.46,2,1,-3.67,0.0,0.0,0.0,0.0,1301.43,-0.222,0.0,0,0.0,0.0
MiguelMartins71,6,24.67,3,3,2.0,0.0,0.0,0.0,0.167,419.38,0.2,0.0,0,0.0,0.0,11,16.91,4,4,2.75,0.0,0.0,0.0,0.0,580.03,0.6,0.0,0,0.0,0.0,5,-7.76,1,1,0.75,0.0,0.0,0.0,-0.167,160.65,0.4,0.0,0,0.0,0.0
HaoliangCheng,70,27.2,12,2,5.83,0.1,0.0,0.0,0.0,148.47,0.783,0.0,0,0.0,0.0,7,16.0,3,1,2.33,0.0,0.0,0.0,0.0,262.65,0.667,0.0,0,0.0,0.0,-63,-11.2,-9,-1,-3.5,-0.1,0.0,0.0,0.0,114.18,-0.116,0.0,0,0.0,0.0
szaimen,32,95.12,21,1,1.52,0.969,0.0,0.0,0.0,442.8,0.258,0.0,0,0.0,0.0,22,76.45,12,1,1.83,1.0,0.0,0.0,0.0,883.32,0.333,0.0,0,0.0,0.0,-10,-18.67,-9,0,0.31,0.031,0.0,0.0,0.0,440.52,0.075,0.0,0,0.0,0.0
zubkov-andrei,16,94.38,10,1,1.6,0.375,0.0,0.0,0.125,692.75,0.267,0.0,0,0.0,0.0,49,89.16,17,1,2.88,0.184,0.0,0.0,0.041,315.09,0.562,0.0,0,0.0,0.0,33,-5.22,7,0,1.28,-0.191,0.0,0.0,-0.084,-377.66,0.295,0.0,0,0.0,0.0
mateuszptak,35,46.86,6,2,5.83,0.0,0.0,0.0,0.0,320.13,0.382,0.0,0,0.0,0.0,42,27.02,7,4,6.0,0.0,0.0,0.0,0.0,53.44,0.707,0.0,0,0.0,0.0,7,-19.84,1,2,0.17,0.0,0.0,0.0,0.0,-266.69,0.325,0.0,0,0.0,0.0
pritam12426,59,53.71,13,3,4.54,0.254,0.034,0.0,0.119,127.04,0.224,0.0,0,0.0,0.0,41,22.49,7,2,5.86,0.073,0.0,0.0,0.0,81.61,0.325,0.0,0,0.0,0.0,-18,-31.22,-6,-1,1.32,-0.181,-0.034,0.0,-0.119,-45.43,0.101,0.0,0,0.0,0.0
seongjinss555,5,18.8,2,1,2.5,0.0,0.0,0.0,0.0,22.82,0.75,0.0,0,0.0,0.0,32,16.97,12,4,2.67,0.0,0.094,0.0,0.0,447.73,0.548,0.0,0,0.0,0.0,27,-1.83,10,3,0.17,0.0,0.094,0.0,0.0,424.91,-0.202,0.0,0,0.0,0.0
jchu634,6,35.83,3,2,2.0,0.0,0.0,0.0,0.0,2234.39,0.4,0.0,0,0.0,0.0,5,26.4,3,1,1.67,0.0,0.0,0.0,0.0,426.9,0.5,0.0,0,0.0,0.0,-1,-9.43,0,-1,-0.33,0.0,0.0,0.0,0.0,-1807.49,0.1,0.0,0,0.0,0.0
Saifullah-Afridi,26,13.96,8,5,3.25,0.038,0.0,0.0,0.0,69.63,0.36,0.0,0,0.0,0.0,25,46.48,4,1,6.25,0.24,0.0,0.0,0.0,240.81,0.792,0.0,0,0.0,0.0,-1,32.52,-4,-4,3.0,0.202,0.0,0.0,0.0,171.18,0.432,0.0,0,0.0,0.0
Ratim321,10,23.0,2,2,5.0,0.0,0.0,0.0,0.0,3.59,0.778,0.0,0,0.0,0.0,14,18.79,3,3,4.67,0.0,0.0,0.0,0.0,863.31,0.846,0.0,0,0.0,0.0,4,-4.21,1,1,-0.33,0.0,0.0,0.0,0.0,859.72,0.068,0.0,0,0.0,0.0
ChloeCrozier,11,24.55,3,1,3.67,0.0,0.0,0.0,0.0,368.52,0.8,0.0,0,0.0,0.0,50,12.4,12,3,4.17,0.0,0.0,0.0,0.0,285.13,0.429,0.0,0,0.0,0.0,39,-12.15,9,2,0.5,0.0,0.0,0.0,0.0,-83.39,-0.371,0.0,0,0.0,0.0
awnumar,8,36.62,6,2,1.33,0.125,0.0,0.0,0.0,2155.7,0.286,0.0,0,126.0,0.333,5,61.6,3,1,1.67,0.2,0.0,0.2,0.0,2929.32,0.25,0.0,0,0.0,0.0,-3,24.98,-3,-1,0.34,0.075,0.0,0.2,0.0,773.62,-0.036,0.0,0,-126.0,-0.333
xhuriken,11,16.73,2,2,5.5,0.0,0.0,0.0,0.0,18.61,0.7,0.0,0,0.0,0.0,8,16.0,2,3,4.0,0.0,0.0,0.0,0.0,722.36,0.857,0.0,0,0.0,0.0,-3,-0.73,0,1,-1.5,0.0,0.0,0.0,0.0,703.75,0.157,0.0,0,0.0,0.0
gorkemdaimii,21,10.29,8,3,2.62,0.0,0.0,0.0,0.0,767.92,0.45,0.0,0,0.0,0.0,79,7.61,33,1,2.39,0.013,0.0,0.0,0.0,173.24,0.295,0.0,0,0.0,0.0,58,-2.68,25,-2,-0.23,0.013,0.0,0.0,0.0,-594.68,-0.155,0.0,0,0.0,0.0
iHyunWoo,19,28.53,5,2,3.8,0.053,0.421,0.0,0.0,45.04,0.222,0.0,0,0.0,0.0,14,17.43,9,1,1.56,0.0,0.0,0.0,0.0,202.64,0.154,0.0,0,0.0,0.0,-5,-11.1,4,-1,-2.24,-0.053,-0.421,0.0,0.0,157.6,-0.068,0.0,0,0.0,0.0
cpressland,17,26.88,8,5,2.12,0.0,0.0,0.118,0.0,1001.0,0.375,0.0,0,0.0,0.0,24,28.38,12,4,2.0,0.042,0.042,0.0,0.0,866.12,0.304,0.0,0,41.0,0.25,7,1.5,4,-1,-0.12,0.042,0.042,-0.118,0.0,-134.88,-0.071,0.0,0,41.0,0.25
y-fjmt,22,21.95,3,2,7.33,0.0,0.773,0.0,0.0,202.43,0.714,0.0,0,12.22,0.0,14,28.64,4,2,3.5,0.0,0.286,0.0,0.0,188.2,0.769,0.0,0,0.0,0.0,-8,6.69,1,0,-3.83,0.0,-0.487,0.0,0.0,-14.23,0.055,0.0,0,-12.22,0.0
nicholas-abad,7,22.86,5,1,1.4,0.0,0.0,0.0,0.0,2362.66,0.167,0.0,0,0.0,0.0,13,92.85,3,1,4.33,0.231,0.0,0.0,0.154,1058.04,0.667,0.0,0,0.0,0.0,6,69.99,-2,0,2.93,0.231,0.0,0.0,0.154,-1304.62,0.5,0.0,0,0.0,0.0
lucaslpmoura,7,17.0,2,2,3.5,0.0,0.0,0.0,0.0,322.67,0.167,0.0,0,0.0,0.0,24,33.21,8,4,3.0,0.0,0.0,0.0,0.0,701.28,0.304,0.0,0,0.0,0.0,17,16.21,6,2,-0.5,0.0,0.0,0.0,0.0,378.61,0.137,0.0,0,0.0,0.0
lyszt,8,57.25,3,1,2.67,0.0,0.0,0.0,0.0,1062.02,0.429,0.0,0,0.0,0.0,92,30.26,29,2,3.17,0.12,0.0,0.0,0.0,196.14,0.626,0.0,0,0.0,0.0,84,-26.99,26,1,0.5,0.12,0.0,0.0,0.0,-865.88,0.197,0.0,0,0.0,0.0
NoName-txt,66,16.2,16,4,4.12,0.0,0.0,0.0,0.0,248.05,0.631,0.0,0,0.0,0.0,7,24.57,4,2,1.75,0.0,0.143,0.0,0.0,1155.22,0.5,0.0,0,0.0,0.0,-59,8.37,-12,-2,-2.37,0.0,0.143,0.0,0.0,907.17,-0.131,0.0,0,0.0,0.0
ashleyth0mas,72,18.54,11,5,6.55,0.0,0.0,0.0,0.0,81.58,0.775,0.0,0,0.0,0.0,5,3.6,1,1,5.0,0.0,0.0,0.0,0.0,0.01,1.0,0.0,0,0.0,0.0,-67,-14.94,-10,-4,-1.55,0.0,0.0,0.0,0.0,-81.57,0.225,0.0,0,0.0,0.0
vahlkar,32,29.91,8,2,4.0,0.0,0.0,0.0,0.0,409.62,0.742,0.0,0,0.0,0.0,15,31.67,4,2,3.75,0.067,0.0,0.0,0.0,594.93,0.714,0.0,0,0.0,0.0,-17,1.76,-4,0,-0.25,0.067,0.0,0.0,0.0,185.31,-0.028,0.0,0,0.0,0.0
ANNIZHENG,52,23.9,6,1,8.67,0.0,0.0,0.0,0.0,145.27,0.824,0.0,0,0.0,0.0,17,34.53,5,2,3.4,0.059,0.0,0.0,0.294,948.69,0.562,0.0,0,0.0,0.0,-35,10.63,-1,1,-5.27,0.059,0.0,0.0,0.294,803.42,-0.262,0.0,0,0.0,0.0
Tanishk-Modi,7,38.14,3,2,2.33,0.286,0.0,0.0,0.0,124.71,0.333,0.0,0,0.0,0.0,32,29.31,10,3,3.2,0.0,0.062,0.0,0.0,146.49,0.387,0.0,0,0.0,0.0,25,-8.83,7,1,0.87,-0.286,0.062,0.0,0.0,21.78,0.054,0.0,0,0.0,0.0
EmaMule,43,22.74,5,2,8.6,0.023,0.0,0.023,0.0,76.9,0.81,0.0,0,37.0,0.0,57,34.67,6,3,9.5,0.07,0.0,0.0,0.0,48.04,0.714,0.0,0,0.0,0.0,14,11.93,1,1,0.9,0.047,0.0,-0.023,0.0,-28.86,-0.096,0.0,0,-37.0,0.0
ParisHuth,47,35.43,10,1,4.7,0.0,0.0,0.0,0.0,40.98,0.37,0.0,0,0.0,0.0,53,29.74,15,2,3.53,0.038,0.0,0.0,0.0,176.24,0.462,0.0,0,0.0,0.0,6,-5.69,5,1,-1.17,0.038,0.0,0.0,0.0,135.26,0.092,0.0,0,0.0,0.0
Cube707,36,42.11,9,4,4.0,0.194,0.028,0.0,0.0,243.89,0.657,0.0,0,0.0,0.0,5,24.2,1,1,5.0,0.0,0.0,0.0,0.0,17.44,0.75,0.0,0,0.0,0.0,-31,-17.91,-8,-3,1.0,-0.194,-0.028,0.0,0.0,-226.45,0.093,0.0,0,0.0,0.0
RODO94,47,33.45,4,2,11.75,0.0,0.0,0.021,0.021,16.75,0.587,0.0,0,0.0,0.0,53,37.11,8,4,6.62,0.0,0.0,0.0,0.0,237.28,0.635,0.0,0,641.0,1.0,6,3.66,4,2,-5.13,0.0,0.0,-0.021,-0.021,220.53,0.048,0.0,0,641.0,1.0
nickocruzm,86,16.93,14,2,6.14,0.012,0.081,0.0,0.0,107.81,0.659,0.0,0,128.0,1.0,14,12.43,3,1,4.67,0.0,0.0,0.0,0.0,390.75,0.692,0.0,0,0.0,0.0,-72,-4.5,-11,-1,-1.47,-0.012,-0.081,0.0,0.0,282.94,0.033,0.0,0,-128.0,-1.0
Poofy1,59,8.75,25,3,2.36,0.017,0.0,0.0,0.0,108.44,0.138,0.0,0,0.0,0.0,41,21.61,4,2,10.25,0.0,0.0,0.0,0.0,146.89,0.675,0.0,0,0.0,0.0,-18,12.86,-21,-1,7.89,-0.017,0.0,0.0,0.0,38.45,0.537,0.0,0,0.0,0.0
paulglx,25,40.08,3,2,8.33,0.0,0.0,0.0,0.0,101.9,0.875,0.0,0,0.0,0.0,75,44.88,5,1,15.0,0.013,0.0,0.0,0.0,11.27,0.851,0.0,0,0.0,0.0,50,4.8,2,-1,6.67,0.013,0.0,0.0,0.0,-90.63,-0.024,0.0,0,0.0,0.0
eichiarakaki,55,15.04,20,5,2.75,0.0,0.0,0.0,0.0,251.55,0.278,0.0,0,0.0,0.0,8,18.88,6,3,1.33,0.0,0.0,0.0,0.0,1751.28,0.286,0.0,0,0.0,0.0,-47,3.84,-14,-2,-1.42,0.0,0.0,0.0,0.0,1499.73,0.008,0.0,0,0.0,0.0
GraziellaL,9,11.67,3,3,3.0,0.0,0.0,0.0,0.0,75.39,0.5,0.0,0,0.0,0.0,57,27.79,19,1,3.0,0.07,0.0,0.088,0.018,233.17,0.411,0.0,0,0.0,0.0,48,16.12,16,-2,0.0,0.07,0.0,0.088,0.018,157.78,-0.089,0.0,0,0.0,0.0
doeezy,11,16.55,3,3,3.67,0.0,0.182,0.0,0.0,332.77,0.4,0.0,0,0.0,0.0,7,66.86,4,2,1.75,0.714,0.0,0.0,0.143,959.35,0.0,0.0,0,40.0,0.5,-4,50.31,1,-1,-1.92,0.714,-0.182,0.0,0.143,626.58,-0.4,0.0,0,40.0,0.5
etozhejuicy,27,11.7,3,1,9.0,0.0,0.0,0.0,0.0,7.24,0.538,0.0,0,0.0,0.0,48,16.73,2,1,24.0,0.0,0.0,0.0,0.0,3.88,0.766,0.0,0,0.0,0.0,21,5.03,-1,0,15.0,0.0,0.0,0.0,0.0,-3.36,0.228,0.0,0,0.0,0.0
kwanzv,14,33.79,6,3,2.33,0.0,0.0,0.0,0.0,956.31,0.231,0.0,0,0.0,0.0,15,25.2,2,1,7.5,0.0,0.0,0.0,0.0,12.84,0.714,0.0,0,0.0,0.0,1,-8.59,-4,-2,5.17,0.0,0.0,0.0,0.0,-943.47,0.483,0.0,0,0.0,0.0
gigamonster256,64,22.3,15,2,4.27,0.0,0.0,0.0,0.0,259.41,0.603,0.0,0,0.0,0.0,36,26.5,6,3,6.0,0.056,0.222,0.0,0.0,505.08,0.657,0.0,0,1922.86,0.955,-28,4.2,-9,1,1.73,0.056,0.222,0.0,0.0,245.67,0.054,0.0,0,1922.86,0.955
hossainmdismail,58,17.41,22,5,2.64,0.103,0.0,0.0,0.0,141.56,0.386,0.0,0,0.0,0.0,9,13.56,3,2,3.0,0.0,0.0,0.0,0.0,605.66,0.0,0.0,0,0.0,0.0,-49,-3.85,-19,-3,0.36,-0.103,0.0,0.0,0.0,464.1,-0.386,0.0,0,0.0,0.0
bzins-app,21,30.9,4,1,5.25,0.0,0.0,0.0,0.0,181.61,0.75,0.0,0,0.0,0.0,15,17.53,5,1,3.0,0.067,0.0,0.0,0.0,202.17,0.429,0.0,0,0.0,0.0,-6,-13.37,1,0,-2.25,0.067,0.0,0.0,0.0,20.56,-0.321,0.0,0,0.0,0.0
jiazhou-garland,49,17.06,6,3,8.17,0.0,0.0,0.245,0.0,271.13,0.854,0.0,0,0.0,0.0,51,14.51,16,2,3.19,0.0,0.0,0.0,0.0,306.63,0.6,0.0,0,866.0,1.0,2,-2.55,10,-1,-4.98,0.0,0.0,-0.245,0.0,35.5,-0.254,0.0,0,866.0,1.0
wanglei4687,92,62.34,21,2,4.38,0.739,0.739,0.0,0.033,140.5,0.681,0.0,0,51.33,0.222,8,39.0,2,1,4.0,0.375,0.125,0.0,0.0,31.55,0.571,0.0,0,0.0,0.0,-84,-23.34,-19,-1,-0.38,-0.364,-0.614,0.0,-0.033,-108.95,-0.11,0.0,0,-51.33,-0.222
jacobvanschenck,66,22.3,17,3,3.88,0.0,0.0,0.0,0.0,251.55,0.538,0.0,0,0.0,0.0,32,21.75,5,3,6.4,0.0,0.125,0.0,0.0,273.83,0.581,0.0,0,0.0,0.0,-34,-0.55,-12,0,2.52,0.0,0.125,0.0,0.0,22.28,0.043,0.0,0,0.0,0.0
lutefd,89,29.12,15,5,5.93,0.0,0.843,0.011,0.0,87.52,0.705,0.0,0,0.0,0.0,11,16.0,5,1,2.2,0.0,0.0,0.0,0.0,892.72,0.6,0.0,0,0.0,0.0,-78,-13.12,-10,-4,-3.73,0.0,-0.843,-0.011,0.0,805.2,-0.105,0.0,0,0.0,0.0
nadrino,86,30.09,5,1,17.2,0.105,0.0,0.035,0.012,72.51,0.694,0.0,0,0.86,0.0,14,20.0,4,1,3.5,0.0,0.0,0.0,0.0,1435.23,0.615,0.0,0,0.0,0.0,-72,-10.09,-1,0,-13.7,-0.105,0.0,-0.035,-0.012,1362.72,-0.079,0.0,0,-0.86,0.0
DPG-Code,11,13.73,5,2,2.2,0.0,0.0,0.0,0.0,544.52,0.3,0.0,0,0.0,0.0,66,26.36,27,1,2.44,0.0,0.0,0.0,0.0,78.59,0.0,0.0,0,0.0,0.0,55,12.63,22,-1,0.24,0.0,0.0,0.0,0.0,-465.93,-0.3,0.0,0,0.0,0.0
Akkilesh-A,19,26.47,2,1,9.5,0.105,0.0,0.0,0.0,5.02,0.611,0.0,0,0.0,0.0,81,18.9,18,4,4.5,0.025,0.0,0.0,0.0,215.44,0.675,0.0,0,0.0,0.0,62,-7.57,16,3,-5.0,-0.08,0.0,0.0,0.0,210.42,0.064,0.0,0,0.0,0.0
max-ostapenko,44,133.8,16,4,2.75,0.455,0.273,0.0,0.182,395.71,0.442,0.0,0,6953.21,1.0,39,26.92,18,2,2.17,0.026,0.077,0.0,0.0,434.13,0.368,0.0,0,6780.0,1.0,-5,-106.88,2,-2,-0.58,-0.429,-0.196,0.0,-0.182,38.42,-0.074,0.0,0,-173.21,0.0
nclslbrn,27,29.07,10,1,2.7,0.037,0.0,0.0,0.0,381.47,0.538,0.0,0,0.0,0.0,72,61.01,20,1,3.6,0.25,0.0,0.028,0.0,208.8,0.437,0.0,0,0.0,0.0,45,31.94,10,0,0.9,0.213,0.0,0.028,0.0,-172.67,-0.101,0.0,0,0.0,0.0
biralavor,90,38.86,5,1,18.0,0.033,0.0,0.078,0.0,30.22,0.798,0.0,0,6.25,0.0,10,34.9,5,1,2.0,0.0,0.0,0.0,0.0,1069.19,0.556,0.0,0,0.0,0.0,-80,-3.96,0,0,-16.0,-0.033,0.0,-0.078,0.0,1038.97,-0.242,0.0,0,-6.25,0.0
kimsunho2000,10,22.5,2,1,5.0,0.1,0.0,0.0,0.0,12.0,0.556,0.0,0,0.0,0.0,81,42.1,22,3,3.68,0.025,0.0,0.012,0.0,150.01,0.388,0.0,0,0.0,0.0,71,19.6,20,2,-1.32,-0.075,0.0,0.012,0.0,138.01,-0.168,0.0,0,0.0,0.0
jchiquet,19,38.74,4,1,4.75,0.0,0.0,0.211,0.0,562.52,0.722,0.0,0,0.0,0.0,23,39.17,3,1,7.67,0.0,0.0,0.0,0.0,840.99,0.682,0.0,0,0.0,0.0,4,0.43,-1,0,2.92,0.0,0.0,-0.211,0.0,278.47,-0.04,0.0,0,0.0,0.0
AnishPillai2002,21,16.52,4,3,5.25,0.0,0.0,0.0,0.0,570.08,0.85,0.0,0,0.0,0.0,5,16.0,3,1,1.67,0.0,0.0,0.0,0.0,324.2,0.5,0.0,0,0.0,0.0,-16,-0.52,-1,-2,-3.58,0.0,0.0,0.0,0.0,-245.88,-0.35,0.0,0,0.0,0.0
dltlaos11,20,19.7,6,2,3.33,0.0,0.0,0.0,0.0,755.35,0.105,0.0,0,0.0,0.0,59,64.07,18,1,3.28,0.0,0.0,0.017,0.0,286.46,0.328,0.0,0,0.0,0.0,39,44.37,12,-1,-0.05,0.0,0.0,0.017,0.0,-468.89,0.223,0.0,0,0.0,0.0
LMH01,34,43.71,5,1,6.8,0.0,0.0,0.0,0.147,76.55,0.848,0.0,0,0.0,0.0,66,49.68,6,1,11.0,0.03,0.0,0.0,0.0,93.52,0.815,0.0,0,0.0,0.0,32,5.97,1,0,4.2,0.03,0.0,0.0,-0.147,16.97,-0.033,0.0,0,0.0,0.0
johnczito,17,21.35,4,1,4.25,0.0,0.0,0.0,0.0,314.86,0.75,0.0,0,0.0,0.0,67,25.21,16,3,4.19,0.0,0.0,0.0,0.0,266.27,0.697,0.0,0,0.0,0.0,50,3.86,12,2,-0.06,0.0,0.0,0.0,0.0,-48.59,-0.053,0.0,0,0.0,0.0
TheShadowEevee,33,30.61,7,2,4.71,0.0,0.0,0.0,0.0,477.21,0.625,0.0,0,0.0,0.0,14,36.64,4,2,3.5,0.0,0.0,0.0,0.0,1047.2,0.769,0.0,0,191.0,1.0,-19,6.03,-3,0,-1.21,0.0,0.0,0.0,0.0,569.99,0.144,0.0,0,191.0,1.0
kimsm0566,33,15.27,3,2,11.0,0.0,0.0,0.03,0.0,17.12,0.938,0.0,0,0.0,0.0,23,13.48,9,4,2.56,0.0,0.0,0.043,0.0,314.94,0.5,0.0,0,0.0,0.0,-10,-1.79,6,2,-8.44,0.0,0.0,0.013,0.0,297.82,-0.438,0.0,0,0.0,0.0
Nicostrong,11,28.09,5,3,2.2,0.0,0.0,0.0,0.0,655.23,0.6,0.0,0,0.0,0.0,5,53.0,4,3,1.25,0.2,0.0,0.0,0.0,3868.27,0.25,0.0,0,0.0,0.0,-6,24.91,-1,0,-0.95,0.2,0.0,0.0,0.0,3213.04,-0.35,0.0,0,0.0,0.0
ahmetak4n,67,24.43,5,1,13.4,0.149,0.0,0.0,0.0,38.82,0.909,0.0,0,0.0,0.0,33,50.58,12,1,2.75,0.303,0.0,0.0,0.0,288.23,0.281,0.0,0,70.09,0.727,-34,26.15,7,0,-10.65,0.154,0.0,0.0,0.0,249.41,-0.628,0.0,0,70.09,0.727
mhmdnvn18,53,47.4,5,1,10.6,0.057,0.0,0.0,0.0,46.61,0.788,0.0,0,0.0,0.0,47,46.89,11,3,4.27,0.021,0.0,0.0,0.0,227.79,0.717,0.0,0,0.0,0.0,-6,-0.51,6,2,-6.33,-0.036,0.0,0.0,0.0,181.18,-0.071,0.0,0,0.0,0.0
ZhaoQi99,62,46.0,17,1,3.65,0.0,0.0,0.0,0.0,221.24,0.541,0.0,0,0.0,0.0,26,46.0,11,1,2.36,0.0,0.0,0.0,0.0,486.86,0.44,0.0,0,0.0,0.0,-36,0.0,-6,0,-1.29,0.0,0.0,0.0,0.0,265.62,-0.101,0.0,0,0.0,0.0
lanvalird,20,31.65,5,1,4.0,0.0,0.0,0.0,0.0,70.38,0.316,0.0,0,0.0,0.0,80,29.49,25,3,3.2,0.062,0.0,0.0,0.0,246.14,0.494,0.0,0,0.0,0.0,60,-2.16,20,2,-0.8,0.062,0.0,0.0,0.0,175.76,0.178,0.0,0,0.0,0.0
23duner,12,53.5,4,2,3.0,0.583,0.0,0.0,0.0,199.11,0.364,0.0,0,0.0,0.0,17,110.41,6,5,2.83,0.176,0.0,0.0,0.0,566.0,0.438,0.0,0,0.0,0.0,5,56.91,2,3,-0.17,-0.407,0.0,0.0,0.0,366.89,0.074,0.0,0,0.0,0.0
lonewanderer27,21,36.24,7,1,3.0,0.0,0.571,0.0,0.048,434.4,0.55,0.0,0,6.0,0.0,30,52.33,5,1,6.0,0.0,0.7,0.0,0.0,243.77,0.759,0.0,0,0.0,0.0,9,16.09,-2,0,3.0,0.0,0.129,0.0,-0.048,-190.63,0.209,0.0,0,-6.0,0.0
KimJinSe0ng,21,35.43,4,4,5.25,0.381,0.238,0.0,0.0,46.27,0.65,0.0,0,0.0,0.0,7,16.0,2,1,3.5,0.0,0.0,0.0,0.0,126.27,0.5,0.0,0,0.0,0.0,-14,-19.43,-2,-3,-1.75,-0.381,-0.238,0.0,0.0,80.0,-0.15,0.0,0,0.0,0.0
sahil-1610,6,21.5,2,1,3.0,0.167,0.0,0.0,0.0,19.15,0.6,0.0,0,0.0,0.0,19,18.42,11,4,1.73,0.0,0.0,0.0,0.0,227.33,0.167,0.0,0,0.0,0.0,13,-3.08,9,3,-1.27,-0.167,0.0,0.0,0.0,208.18,-0.433,0.0,0,0.0,0.0
VeronicaAndersen,38,22.87,7,4,5.43,0.0,0.0,0.0,0.0,239.41,0.703,0.0,0,0.0,0.0,5,24.2,1,1,5.0,0.0,0.0,0.0,0.0,0.12,1.0,0.0,0,0.0,0.0,-33,1.33,-6,-3,-0.43,0.0,0.0,0.0,0.0,-239.29,0.297,0.0,0,0.0,0.0
sonramos,22,24.23,6,4,3.67,0.091,0.0,0.0,0.045,709.42,0.429,0.0,0,0.0,0.0,14,14.93,7,1,2.0,0.0,0.0,0.0,0.0,157.83,0.385,0.0,0,0.0,0.0,-8,-9.3,1,-3,-1.67,-0.091,0.0,0.0,-0.045,-551.59,-0.044,0.0,0,0.0,0.0
GitArika,14,23.36,6,3,2.33,0.0,0.643,0.071,0.0,1002.53,0.462,0.0,0,0.0,0.0,26,23.96,11,5,2.36,0.038,0.423,0.0,0.0,701.81,0.4,0.0,0,0.0,0.0,12,0.6,5,2,0.03,0.038,-0.22,-0.071,0.0,-300.72,-0.062,0.0,0,0.0,0.0
lidawei1975,9,27.89,6,1,1.5,0.0,0.0,0.0,0.0,1461.4,0.375,0.0,0,0.0,0.0,82,38.49,17,3,4.82,0.159,0.0,0.085,0.0,201.51,0.667,0.0,0,66.26,0.585,73,10.6,11,2,3.32,0.159,0.0,0.085,0.0,-1259.89,0.292,0.0,0,66.26,0.585
nielsjaspers,22,43.09,11,2,2.0,0.273,0.0,0.0,0.136,175.89,0.333,0.0,0,163.0,1.0,76,62.0,19,5,4.0,0.421,0.0,0.026,0.289,234.63,0.587,0.0,0,706.71,0.714,54,18.91,8,3,2.0,0.148,0.0,0.026,0.153,58.74,0.254,0.0,0,543.71,-0.286
BBC-Esq,54,18.41,9,3,6.0,0.019,0.0,0.0,0.037,66.14,0.811,0.0,0,0.0,0.0,46,313.24,13,4,3.54,0.326,0.0,0.043,0.087,372.43,0.711,0.0,0,42.0,0.333,-8,294.83,4,1,-2.46,0.307,0.0,0.043,0.05,306.29,-0.1,0.0,0,42.0,0.333
lgturatti,18,16.78,2,2,9.0,0.0,0.0,0.0,0.0,157.84,0.882,0.0,0,0.0,0.0,70,16.87,32,2,2.19,0.014,0.0,0.0,0.0,254.99,0.304,0.0,0,0.0,0.0,52,0.09,30,0,-6.81,0.014,0.0,0.0,0.0,97.15,-0.578,0.0,0,0.0,0.0
kasshinokun,46,38.33,6,2,7.67,0.435,0.0,0.109,0.022,161.19,0.467,0.0,0,0.0,0.0,54,31.57,13,4,4.15,0.019,0.0,0.056,0.037,135.82,0.547,0.0,0,0.0,0.0,8,-6.76,7,2,-3.52,-0.416,0.0,-0.053,0.015,-25.37,0.08,0.0,0,0.0,0.0
marc-dantas,9,10.11,3,2,3.0,0.0,0.0,0.111,0.0,1243.82,0.25,0.0,0,0.0,0.0,15,16.53,5,3,3.0,0.0,0.0,0.0,0.0,164.41,0.429,0.0,0,0.0,0.0,6,6.42,2,1,0.0,0.0,0.0,-0.111,0.0,-1079.41,0.179,0.0,0,0.0,0.0
code-arif,12,20.42,2,2,6.0,0.0,0.0,0.0,0.0,44.95,0.818,0.0,0,0.0,0.0,88,21.34,21,4,4.19,0.0,0.0,0.0,0.0,121.08,0.299,0.0,0,0.0,0.0,76,0.92,19,2,-1.81,0.0,0.0,0.0,0.0,76.13,-0.519,0.0,0,0.0,0.0
neutrinomuon,40,37.98,4,1,10.0,0.05,0.0,0.0,0.0,204.86,0.897,0.0,0,63.0,0.5,11,47.55,2,1,5.5,0.364,0.0,0.0,0.273,92.15,0.7,0.0,0,14.0,0.0,-29,9.57,-2,0,-4.5,0.314,0.0,0.0,0.273,-112.71,-0.197,0.0,0,-49.0,-0.5
IsabellaS2,30,78.23,9,4,3.33,0.767,0.0,0.0,0.0,95.96,0.138,0.0,0,198.7,0.696,17,50.59,9,3,1.89,0.471,0.0,0.0,0.0,1157.67,0.25,0.0,0,14.62,0.125,-13,-27.64,0,-1,-1.44,-0.296,0.0,0.0,0.0,1061.71,0.112,0.0,0,-184.08,-0.571
arapelle,28,52.39,7,2,4.0,0.107,0.0,0.071,0.071,417.03,0.63,0.0,0,0.0,0.0,27,44.78,5,1,5.4,0.074,0.0,0.0,0.0,119.69,0.769,0.0,0,0.0,0.0,-1,-7.61,-2,-1,1.4,-0.033,0.0,-0.071,-0.071,-297.34,0.139,0.0,0,0.0,0.0
pbain63,5,38.2,2,2,2.5,0.6,0.0,0.0,0.0,54.39,0.5,0.0,0,0.0,0.0,9,60.22,1,2,9.0,1.0,0.0,0.0,0.0,1.3,0.875,0.0,0,0.0,0.0,4,22.02,-1,0,6.5,0.4,0.0,0.0,0.0,-53.09,0.375,0.0,0,0.0,0.0
nicholasmakhija,11,17.55,1,1,11.0,0.0,0.091,0.0,0.0,3.74,0.6,0.0,0,0.0,0.0,89,43.22,23,1,3.87,0.0,1.0,0.247,0.022,150.05,0.33,0.0,0,0.0,0.0,78,25.67,22,0,-7.13,0.0,0.909,0.247,0.022,146.31,-0.27,0.0,0,0.0,0.0
vegardlu,14,27.57,7,1,2.0,0.0,0.0,0.0,0.0,786.52,0.385,0.0,0,0.0,0.0,20,152.2,5,1,4.0,0.6,0.05,0.0,0.2,841.44,0.789,0.0,0,643.0,1.0,6,124.63,-2,0,2.0,0.6,0.05,0.0,0.2,54.92,0.404,0.0,0,643.0,1.0
ko-nagai-0801,18,12.67,3,1,6.0,0.0,0.0,0.0,0.0,25.04,0.588,0.0,0,0.0,0.0,82,21.27,13,3,6.31,0.061,0.134,0.0,0.0,204.52,0.58,0.0,0,0.0,0.0,64,8.6,10,2,0.31,0.061,0.134,0.0,0.0,179.48,-0.008,0.0,0,0.0,0.0
omemoji,38,16.24,15,2,2.53,0.026,0.0,0.0,0.0,283.41,0.351,0.0,0,0.0,0.0,61,32.46,18,2,3.39,0.016,0.0,0.0,0.016,268.39,0.6,0.0,0,0.0,0.0,23,16.22,3,0,0.86,-0.01,0.0,0.0,0.016,-15.02,0.249,0.0,0,0.0,0.0
pranjalsinha1965,31,18.58,6,4,5.17,0.0,0.0,0.0,0.0,138.53,0.733,0.0,0,0.0,0.0,25,15.72,11,3,2.27,0.0,0.0,0.0,0.0,283.17,0.292,0.0,0,0.0,0.0,-6,-2.86,5,-1,-2.9,0.0,0.0,0.0,0.0,144.64,-0.441,0.0,0,0.0,0.0
kimyoda,74,27.14,11,2,6.73,0.0,0.0,0.014,0.0,38.79,0.26,0.0,0,0.0,0.0,26,33.88,3,1,8.67,0.0,0.0,0.038,0.154,15.56,0.28,0.0,0,0.0,0.0,-48,6.74,-8,-1,1.94,0.0,0.0,0.024,0.154,-23.23,0.02,0.0,0,0.0,0.0
pgmj,89,32.75,13,2,6.85,0.124,0.0,0.0,0.0,52.09,0.682,0.0,0,0.0,0.0,11,15.18,5,1,2.2,0.0,0.0,0.0,0.0,225.1,0.6,0.0,0,0.0,0.0,-78,-17.57,-8,-1,-4.65,-0.124,0.0,0.0,0.0,173.01,-0.082,0.0,0,0.0,0.0
ferasaljoudi,33,18.03,9,3,3.67,0.0,0.0,0.0,0.0,167.35,0.562,0.0,0,0.0,0.0,67,23.31,18,4,3.72,0.194,0.0,0.0,0.0,120.58,0.621,0.0,0,2.23,0.0,34,5.28,9,1,0.05,0.194,0.0,0.0,0.0,-46.77,0.059,0.0,0,2.23,0.0
EmiLy-Ly-san,15,26.6,3,2,5.0,0.267,0.0,0.067,0.0,41.42,0.714,0.0,0,12.5,0.0,85,62.13,13,3,6.54,0.259,0.0,0.047,0.0,36.84,0.679,0.0,0,5.88,0.0,70,35.53,10,1,1.54,-0.008,0.0,-0.02,0.0,-4.58,-0.035,0.0,0,-6.62,0.0
amunozo,12,12.5,7,3,1.71,0.0,0.0,0.0,0.0,872.41,0.364,0.0,0,0.0,0.0,23,59.26,4,3,5.75,0.087,0.0,0.0,0.087,777.92,0.818,0.0,0,0.0,0.0,11,46.76,-3,0,4.04,0.087,0.0,0.0,0.087,-94.49,0.454,0.0,0,0.0,0.0
naoki-00-ito,41,17.63,7,4,5.86,0.146,0.0,0.0,0.024,46.91,0.625,0.0,0,0.0,0.0,6,31.67,3,3,2.0,0.333,0.0,0.0,0.0,1184.35,0.6,0.0,0,1476.0,1.0,-35,14.04,-4,-1,-3.86,0.187,0.0,0.0,-0.024,1137.44,-0.025,0.0,0,1476.0,1.0
samuelsihotang1,82,17.55,10,4,8.2,0.024,0.0,0.024,0.0,74.69,0.691,0.0,0,0.0,0.0,18,17.67,10,1,1.8,0.0,0.056,0.0,0.0,794.56,0.353,0.0,0,0.0,0.0,-64,0.12,0,-3,-6.4,-0.024,0.056,-0.024,0.0,719.87,-0.338,0.0,0,0.0,0.0
magurh,15,19.13,3,5,5.0,0.0,0.0,0.0,0.0,349.86,0.643,0.0,0,0.0,0.0,32,17.28,7,4,4.57,0.0,0.0,0.0,0.0,229.78,0.516,0.0,0,0.0,0.0,17,-1.85,4,-1,-0.43,0.0,0.0,0.0,0.0,-120.08,-0.127,0.0,0,0.0,0.0
pyRR4,46,39.09,7,3,6.57,0.196,0.0,0.022,0.087,23.85,0.689,0.0,0,0.0,0.0,40,27.9,8,3,5.0,0.025,0.0,0.075,0.0,66.08,0.333,0.0,0,0.0,0.0,-6,-11.19,1,0,-1.57,-0.171,0.0,0.053,-0.087,42.23,-0.356,0.0,0,0.0,0.0
LuisMarioRC,75,53.73,6,1,12.5,0.04,0.0,0.16,0.96,24.65,0.743,0.0,0,0.0,0.0,25,48.04,2,1,12.5,0.0,0.0,0.0,1.0,18.53,0.875,0.0,0,0.0,0.0,-50,-5.69,-4,0,0.0,-0.04,0.0,-0.16,0.04,-6.12,0.132,0.0,0,0.0,0.0
tr41z,66,15.85,11,1,6.0,0.0,0.0,0.0,0.0,45.94,0.615,0.0,0,0.0,0.0,34,16.0,9,1,3.78,0.0,0.0,0.0,0.0,498.08,0.727,0.0,0,0.0,0.0,-32,0.15,-2,0,-2.22,0.0,0.0,0.0,0.0,452.14,0.112,0.0,0,0.0,0.0
LucasMirandaVS,79,33.05,22,2,3.59,0.114,0.0,0.0,0.025,66.38,0.359,0.0,0,0.0,0.0,21,26.33,13,1,1.62,0.0,0.0,0.0,0.048,389.63,0.15,0.0,0,0.0,0.0,-58,-6.72,-9,-1,-1.97,-0.114,0.0,0.0,0.023,323.25,-0.209,0.0,0,0.0,0.0
QuintansC,17,54.82,9,2,1.89,0.294,0.176,0.059,0.0,1084.2,0.375,0.0,0,0.0,0.0,30,28.6,10,2,3.0,0.067,0.3,0.033,0.0,635.09,0.448,0.0,0,0.0,0.0,13,-26.22,1,0,1.11,-0.227,0.124,-0.026,0.0,-449.11,0.073,0.0,0,0.0,0.0
amit954,20,9.65,1,1,20.0,0.0,0.0,0.0,0.0,0.2,1.0,0.0,0,0.0,0.0,8,20.88,2,1,4.0,0.0,0.0,0.0,0.0,11.02,0.571,0.0,0,0.0,0.0,-12,11.23,1,0,-16.0,0.0,0.0,0.0,0.0,10.82,-0.429,0.0,0,0.0,0.0
92kareeem,23,52.13,6,4,3.83,0.13,0.0,0.0,0.0,466.5,0.682,0.0,0,0.0,0.0,22,26.36,4,3,5.5,0.0,0.0,0.0,0.0,162.78,0.762,0.0,0,0.0,0.0,-1,-25.77,-2,-1,1.67,-0.13,0.0,0.0,0.0,-303.72,0.08,0.0,0,0.0,0.0
ahmed-hussein-morgan,12,16.58,1,2,12.0,0.0,0.0,0.0,0.0,2.5,0.818,0.0,0,0.0,0.0,88,10.42,11,1,8.0,0.0,0.0,0.0,0.125,29.34,0.644,0.0,0,0.0,0.0,76,-6.16,10,-1,-4.0,0.0,0.0,0.0,0.125,26.84,-0.174,0.0,0,0.0,0.0
krish1925,11,16.55,3,4,3.67,0.0,0.0,0.0,0.0,485.05,0.8,0.0,0,0.0,0.0,5,15.6,1,1,5.0,0.0,0.0,0.0,0.0,0.08,1.0,0.0,0,0.0,0.0,-6,-0.95,-2,-3,1.33,0.0,0.0,0.0,0.0,-484.97,0.2,0.0,0,0.0,0.0
cristiangreco,11,113.0,9,1,1.22,1.0,0.0,0.0,0.0,1125.31,0.2,0.0,0,0.0,0.0,27,66.44,7,1,3.86,0.556,0.0,0.0,0.0,620.46,0.731,0.0,0,0.0,0.0,16,-46.56,-2,0,2.64,-0.444,0.0,0.0,0.0,-504.85,0.531,0.0,0,0.0,0.0
jaqubm,90,27.44,19,4,4.74,0.156,0.0,0.089,0.011,98.38,0.618,0.0,0,0.0,0.0,10,27.8,5,2,2.0,0.1,0.1,0.0,0.1,597.7,0.556,0.0,0,0.0,0.0,-80,0.36,-14,-2,-2.74,-0.056,0.1,-0.089,0.089,499.32,-0.062,0.0,0,0.0,0.0
mdomnik,17,22.47,2,2,8.5,0.0,0.0,0.0,0.0,20.01,0.75,0.0,0,0.0,0.0,83,32.78,11,2,7.55,0.145,0.0,0.012,0.0,184.97,0.5,0.0,0,0.0,0.0,66,10.31,9,0,-0.95,0.145,0.0,0.012,0.0,164.96,-0.25,0.0,0,0.0,0.0
quasar1357,89,26.25,8,3,11.12,0.0,0.0,0.169,0.011,97.53,0.75,0.0,0,0.0,0.0,11,21.0,3,1,3.67,0.0,0.0,0.0,0.0,334.78,0.6,0.0,0,0.0,0.0,-78,-5.25,-5,-2,-7.45,0.0,0.0,-0.169,-0.011,237.25,-0.15,0.0,0,0.0,0.0
MagnusHaughey,23,40.87,9,2,2.56,0.0,0.0,0.0,0.043,628.36,0.545,0.0,0,0.0,0.0,46,30.3,10,2,4.6,0.0,0.0,0.0,0.0,251.07,0.622,0.0,0,0.0,0.0,23,-10.57,1,0,2.04,0.0,0.0,0.0,-0.043,-377.29,0.077,0.0,0,0.0,0.0
Fadli-Rivansyah,20,26.0,2,3,10.0,0.0,0.0,0.0,0.0,108.8,0.947,0.0,0,0.0,0.0,17,32.53,5,1,3.4,0.588,0.0,0.0,0.0,502.52,0.688,0.0,0,0.0,0.0,-3,6.53,3,-2,-6.6,0.588,0.0,0.0,0.0,393.72,-0.259,0.0,0,0.0,0.0
hidesan4869,39,16.44,2,1,19.5,0.0,0.0,0.0,0.0,119.84,0.921,0.0,0,0.0,0.0,6,16.0,3,1,2.0,0.0,0.0,0.0,0.0,631.4,0.6,0.0,0,0.0,0.0,-33,-0.44,1,0,-17.5,0.0,0.0,0.0,0.0,511.56,-0.321,0.0,0,0.0,0.0
tarsil,49,72.98,15,1,3.27,0.286,0.0,0.02,0.0,312.2,0.542,0.0,0,0.0,0.0,11,128.64,2,1,5.5,0.636,0.0,0.0,0.0,1121.81,0.9,0.0,0,0.0,0.0,-38,55.66,-13,0,2.23,0.35,0.0,-0.02,0.0,809.61,0.358,0.0,0,0.0,0.0
SeongbinJo,40,37.27,13,2,3.08,0.275,0.0,0.0,0.0,95.76,0.359,0.0,0,72.09,0.727,20,15.0,7,2,2.86,0.0,0.0,0.0,0.05,135.24,0.158,0.0,0,0.0,0.0,-20,-22.27,-6,0,-0.22,-0.275,0.0,0.0,0.05,39.48,-0.201,0.0,0,-72.09,-0.727
salmonfishycooked,94,16.43,13,4,7.23,0.0,0.0,0.0,0.0,62.45,0.43,0.0,0,0.0,0.0,6,16.0,4,1,1.5,0.0,0.0,0.0,0.0,2616.48,0.2,0.0,0,0.0,0.0,-88,-0.43,-9,-3,-5.73,0.0,0.0,0.0,0.0,2554.03,-0.23,0.0,0,0.0,0.0
GoodGuySavitar,28,13.86,3,4,9.33,0.0,0.0,0.0,0.0,201.89,0.593,0.0,0,0.0,0.0,6,45.0,3,1,2.0,0.5,0.0,0.0,0.0,146.17,0.4,0.0,0,0.0,0.0,-22,31.14,0,-3,-7.33,0.5,0.0,0.0,0.0,-55.72,-0.193,0.0,0,0.0,0.0
pehbehbeh,53,21.7,5,1,10.6,0.0,0.0,0.0,0.0,12.49,0.615,0.0,0,0.0,0.0,22,33.55,7,2,3.14,0.091,0.0,0.0,0.0,540.3,0.619,0.0,0,0.0,0.0,-31,11.85,2,1,-7.46,0.091,0.0,0.0,0.0,527.81,0.004,0.0,0,0.0,0.0
rahmanlibi47,9,23.22,4,3,2.25,0.0,0.0,0.111,0.0,909.07,0.625,0.0,0,0.0,0.0,91,27.04,7,1,13.0,0.044,0.0,0.0,0.0,195.6,0.9,0.0,0,25.0,0.0,82,3.82,3,-2,10.75,0.044,0.0,-0.111,0.0,-713.47,0.275,0.0,0,25.0,0.0
jhj0517,17,23.0,7,2,2.43,0.0,0.0,0.0,0.176,1016.7,0.438,0.0,0,0.0,0.0,16,15.25,10,2,1.6,0.0,0.0,0.0,0.0,672.27,0.333,0.0,0,0.0,0.0,-1,-7.75,3,0,-0.83,0.0,0.0,0.0,-0.176,-344.43,-0.105,0.0,0,0.0,0.0
xgarrido,7,14.86,5,1,1.4,0.0,0.0,0.0,0.0,555.78,0.167,0.0,0,0.0,0.0,35,24.29,21,1,1.67,0.0,0.0,0.0,0.0,578.76,0.353,0.0,0,0.0,0.0,28,9.43,16,0,0.27,0.0,0.0,0.0,0.0,22.98,0.186,0.0,0,0.0,0.0
alvropena,27,24.48,6,3,4.5,0.0,0.0,0.0,0.0,103.51,0.692,0.0,0,0.0,0.0,56,16.0,15,1,3.73,0.0,0.0,0.0,0.0,226.1,0.655,0.0,0,0.0,0.0,29,-8.48,9,-2,-0.77,0.0,0.0,0.0,0.0,122.59,-0.037,0.0,0,0.0,0.0
Hufeisen2,7,18.29,3,1,2.33,0.0,0.0,0.0,0.0,2316.35,0.667,0.0,0,0.0,0.0,68,34.69,9,2,7.56,0.015,0.838,0.0,0.0,234.74,0.761,0.0,0,0.0,0.0,61,16.4,6,1,5.23,0.015,0.838,0.0,0.0,-2081.61,0.094,0.0,0,0.0,0.0
YumNumm,35,22.94,14,3,2.5,0.143,0.0,0.0,0.0,238.48,0.559,0.0,0,0.0,0.0,47,139.49,5,2,9.4,0.553,0.66,0.021,0.255,415.33,0.783,0.0,0,804.67,1.0,12,116.55,-9,-1,6.9,0.41,0.66,0.021,0.255,176.85,0.224,0.0,0,804.67,1.0
expobrain,7,67.57,5,2,1.4,0.429,0.0,0.0,0.286,1905.09,0.333,0.0,0,0.0,0.0,7,88.43,4,1,1.75,0.571,0.0,0.0,0.571,2089.39,0.167,0.0,0,474.8,1.0,0,20.86,-1,-1,0.35,0.142,0.0,0.0,0.285,184.3,-0.166,0.0,0,474.8,1.0
SvetimFM,5,53.4,1,1,5.0,0.4,0.0,0.0,0.0,9.6,0.75,0.0,0,0.0,0.0,80,31.32,4,4,20.0,0.025,0.0,0.025,0.075,8.47,0.861,0.0,0,0.0,0.0,75,-22.08,3,3,15.0,-0.375,0.0,0.025,0.075,-1.13,0.111,0.0,0,0.0,0.0
davidkimighty,78,32.91,21,2,3.71,0.026,0.0,0.0,0.0,190.69,0.532,0.0,0,0.0,0.0,22,20.64,10,2,2.2,0.0,0.0,0.091,0.091,581.44,0.19,0.0,0,0.0,0.0,-56,-12.27,-11,0,-1.51,-0.026,0.0,0.091,0.091,390.75,-0.342,0.0,0,0.0,0.0
neontflame,15,28.07,3,3,5.0,0.2,0.0,0.0,0.067,246.53,0.714,0.0,0,0.0,0.0,11,15.27,9,1,1.22,0.182,0.0,0.0,0.0,1948.78,0.1,0.0,0,0.0,0.0,-4,-12.8,6,-2,-3.78,-0.018,0.0,0.0,-0.067,1702.25,-0.614,0.0,0,0.0,0.0
dev-sire,6,27.17,3,2,2.0,0.0,0.0,0.0,0.0,403.92,0.6,0.0,0,0.0,0.0,10,27.1,5,3,2.0,0.0,0.0,0.1,0.0,370.11,0.222,0.0,0,0.0,0.0,4,-0.07,2,1,0.0,0.0,0.0,0.1,0.0,-33.81,-0.378,0.0,0,0.0,0.0
NeumoNeumo,85,21.21,19,3,4.47,0.0,0.0,0.0,0.0,127.77,0.488,0.0,0,0.0,0.0,15,7.13,10,2,1.5,0.0,0.0,0.0,0.0,376.77,0.286,0.0,0,0.0,0.0,-70,-14.08,-9,-1,-2.97,0.0,0.0,0.0,0.0,249.0,-0.202,0.0,0,0.0,0.0
hlageek,24,29.96,8,1,3.0,0.0,0.0,0.0,0.0,181.71,0.478,0.0,0,0.0,0.0,11,11.55,4,1,2.75,0.0,0.0,0.091,0.0,835.25,0.4,0.0,0,0.0,0.0,-13,-18.41,-4,0,-0.25,0.0,0.0,0.091,0.0,653.54,-0.078,0.0,0,0.0,0.0
dirkjanbuter,30,15.47,4,2,7.5,0.0,0.0,0.0,0.0,85.8,0.862,0.0,0,0.0,0.0,43,15.44,9,4,4.78,0.023,0.0,0.0,0.0,378.99,0.714,0.0,0,0.0,0.0,13,-0.03,5,2,-2.72,0.023,0.0,0.0,0.0,293.19,-0.148,0.0,0,0.0,0.0
NelloRizzo,16,22.44,1,1,16.0,0.062,0.0,0.0,0.0,6.53,0.667,0.0,0,0.0,0.0,76,36.29,8,3,9.5,0.026,0.0,0.0,0.079,72.34,0.48,0.0,0,0.0,0.0,60,13.85,7,2,-6.5,-0.036,0.0,0.0,0.079,65.81,-0.187,0.0,0,0.0,0.0
juldebar,6,28.67,2,1,3.0,0.0,0.0,0.0,0.0,2415.63,0.8,0.0,0,0.0,0.0,6,55.5,3,1,2.0,0.833,0.0,0.0,0.0,596.27,0.4,0.0,0,0.0,0.0,0,26.83,1,0,-1.0,0.833,0.0,0.0,0.0,-1819.36,-0.4,0.0,0,0.0,0.0
sanjaraiy,14,19.79,3,5,4.67,0.0,0.0,0.0,0.0,313.93,0.692,0.0,0,0.0,0.0,8,16.75,4,2,2.0,0.0,0.0,0.0,0.0,267.48,0.571,0.0,0,0.0,0.0,-6,-3.04,1,-3,-2.67,0.0,0.0,0.0,0.0,-46.45,-0.121,0.0,0,0.0,0.0
wyatt-avilla,41,24.76,15,3,2.73,0.0,0.0,0.0,0.0,168.15,0.3,0.0,0,0.0,0.0,59,33.27,19,2,3.11,0.017,0.0,0.0,0.017,235.38,0.31,0.0,0,0.0,0.0,18,8.51,4,-1,0.38,0.017,0.0,0.0,0.017,67.23,0.01,0.0,0,0.0,0.0
MYXXTS,5,17.6,2,1,2.5,0.0,0.0,0.0,0.0,48.17,0.5,0.0,0,0.0,0.0,15,62.8,8,3,1.88,0.4,0.267,0.0,0.0,1353.24,0.286,0.0,0,0.0,0.0,10,45.2,6,2,-0.62,0.4,0.267,0.0,0.0,1305.07,-0.214,0.0,0,0.0,0.0
rohanhore,9,28.22,2,1,4.5,0.0,0.0,0.0,0.0,29.63,0.5,0.0,0,0.0,0.0,91,20.13,14,2,6.5,0.011,0.0,0.0,0.0,159.22,0.744,0.0,0,0.0,0.0,82,-8.09,12,1,2.0,0.011,0.0,0.0,0.0,129.59,0.244,0.0,0,0.0,0.0
thuaduc,6,15.17,2,2,3.0,0.0,0.0,0.0,0.0,591.66,0.8,0.0,0,0.0,0.0,16,21.0,6,2,2.67,0.0,0.0,0.062,0.0,51.11,0.333,0.0,0,0.0,0.0,10,5.83,4,0,-0.33,0.0,0.0,0.062,0.0,-540.55,-0.467,0.0,0,0.0,0.0
furkankapukayaa,55,16.42,19,1,2.89,0.0,0.0,0.018,0.018,311.23,0.352,0.0,0,0.0,0.0,28,15.0,15,2,1.87,0.0,0.0,0.0,0.0,698.23,0.296,0.0,0,0.0,0.0,-27,-1.42,-4,1,-1.02,0.0,0.0,-0.018,-0.018,387.0,-0.056,0.0,0,0.0,0.0
edgarrmondragon,7,181.57,3,2,2.33,0.857,0.143,0.143,0.143,1526.34,0.5,0.0,0,0.0,0.0,61,189.98,23,2,2.65,0.852,0.967,0.148,0.164,329.38,0.4,0.0,0,687.18,0.765,54,8.41,20,0,0.32,-0.005,0.824,0.005,0.021,-1196.96,-0.1,0.0,0,687.18,0.765
TuomasBorman,12,9.58,9,3,1.33,0.0,0.0,0.0,0.0,1147.51,0.182,0.0,0,0.0,0.0,26,10.62,18,2,1.44,0.0,0.0,0.0,0.0,706.61,0.2,0.0,0,0.0,0.0,14,1.04,9,-1,0.11,0.0,0.0,0.0,0.0,-440.9,0.018,0.0,0,0.0,0.0
Wamitinewton,5,23.6,2,1,2.5,0.0,0.0,0.0,0.0,55.74,0.0,0.0,0,0.0,0.0,49,12.27,11,4,4.45,0.02,0.0,0.0,0.0,405.81,0.562,0.0,0,0.0,0.0,44,-11.33,9,3,1.95,0.02,0.0,0.0,0.0,350.07,0.562,0.0,0,0.0,0.0
Dovahlore,6,24.0,2,1,3.0,0.0,0.0,0.0,0.0,1895.87,0.8,0.0,0,0.0,0.0,22,12.23,5,3,4.4,0.0,0.0,0.0,0.0,189.93,0.667,0.0,0,0.0,0.0,16,-11.77,3,2,1.4,0.0,0.0,0.0,0.0,-1705.94,-0.133,0.0,0,0.0,0.0
junotb,26,15.77,12,4,2.17,0.115,0.0,0.0,0.0,348.19,0.28,0.0,0,0.0,0.0,16,80.44,7,2,2.29,0.375,0.0,0.0,0.0,1171.23,0.467,0.0,0,0.0,0.0,-10,64.67,-5,-2,0.12,0.26,0.0,0.0,0.0,823.04,0.187,0.0,0,0.0,0.0
rushabhcodes,25,24.68,1,1,25.0,0.0,0.0,0.0,0.0,0.76,0.875,0.0,0,0.0,0.0,38,94.74,19,3,2.0,0.5,0.0,0.0,0.053,397.93,0.432,0.0,0,0.0,0.0,13,70.06,18,2,-23.0,0.5,0.0,0.0,0.053,397.17,-0.443,0.0,0,0.0,0.0
mgks,7,28.43,4,1,1.75,0.143,0.0,0.0,0.0,1551.05,0.5,0.0,0,32.23,0.154,19,76.63,5,1,3.8,0.526,0.0,0.0,0.0,129.88,0.611,0.0,0,61.71,0.143,12,48.2,1,0,2.05,0.383,0.0,0.0,0.0,-1421.17,0.111,0.0,0,29.48,-0.011
sairon,17,51.0,5,1,3.4,0.059,0.0,0.0,0.0,116.47,0.562,0.0,0,0.0,0.0,38,57.97,8,1,4.75,0.079,0.211,0.079,0.0,368.01,0.73,0.0,0,0.0,0.0,21,6.97,3,0,1.35,0.02,0.211,0.079,0.0,251.54,0.168,0.0,0,0.0,0.0
echokrist,21,56.0,4,1,5.25,0.619,0.0,0.095,0.0,106.74,0.75,0.0,0,0.0,0.0,27,36.63,2,1,13.5,0.074,0.593,0.259,0.0,5.46,0.923,0.0,0,0.0,0.0,6,-19.37,-2,0,8.25,-0.545,0.593,0.164,0.0,-101.28,0.173,0.0,0,0.0,0.0
thomas-enzlein,18,40.11,4,3,4.5,0.222,0.0,0.056,0.444,100.21,0.647,0.0,0,0.0,0.0,37,49.22,7,4,5.29,0.351,0.0,0.027,0.595,330.05,0.361,0.0,0,0.0,0.0,19,9.11,3,1,0.79,0.129,0.0,-0.029,0.151,229.84,-0.286,0.0,0,0.0,0.0
SPYmesu,6,17.33,2,4,3.0,0.0,0.0,0.0,0.0,434.21,0.8,0.0,0,0.0,0.0,12,87.92,4,3,3.0,0.167,0.0,0.083,0.0,741.32,0.727,0.0,0,0.0,0.0,6,70.59,2,-1,0.0,0.167,0.0,0.083,0.0,307.11,-0.073,0.0,0,0.0,0.0
Lucasgarcc,75,20.59,10,4,7.5,0.107,0.0,0.0,0.0,167.2,0.77,0.0,0,0.0,0.0,8,51.62,6,1,1.33,0.75,0.0,0.0,0.0,2077.67,0.286,0.0,0,0.0,0.0,-67,31.03,-4,-3,-6.17,0.643,0.0,0.0,0.0,1910.47,-0.484,0.0,0,0.0,0.0
Scarvy,32,22.38,15,3,2.13,0.125,0.0,0.0,0.0,340.72,0.484,0.0,0,0.0,0.0,22,36.95,11,1,2.0,0.091,0.0,0.0,0.045,926.54,0.476,0.0,0,0.0,0.0,-10,14.57,-4,-2,-0.13,-0.034,0.0,0.0,0.045,585.82,-0.008,0.0,0,0.0,0.0
Muthumanickam1521,7,16.29,1,1,7.0,0.0,0.0,0.0,0.0,0.1,1.0,0.0,0,0.0,0.0,93,16.2,15,3,6.2,0.0,0.0,0.011,0.0,109.13,0.663,0.0,0,0.0,0.0,86,-0.09,14,2,-0.8,0.0,0.0,0.011,0.0,109.03,-0.337,0.0,0,0.0,0.0
Guilhermefariah,39,16.15,7,1,5.57,0.0,0.0,0.0,0.0,42.71,0.763,0.0,0,0.0,0.0,61,16.11,18,1,3.39,0.016,0.0,0.0,0.0,244.74,0.367,0.0,0,0.0,0.0,22,-0.04,11,0,-2.18,0.016,0.0,0.0,0.0,202.03,-0.396,0.0,0,0.0,0.0
mohamad-jamil,14,42.71,2,1,7.0,0.0,0.0,0.0,0.0,10.52,0.769,0.0,0,0.0,0.0,85,46.07,6,3,14.17,0.0,0.0,0.0,0.0,42.77,0.69,0.0,0,0.0,0.0,71,3.36,4,2,7.17,0.0,0.0,0.0,0.0,32.25,-0.079,0.0,0,0.0,0.0
arunkumarsp-ds,9,18.22,1,5,9.0,0.0,0.0,0.0,0.0,1.71,0.875,0.0,0,0.0,0.0,33,16.0,2,3,16.5,0.0,0.0,0.0,0.0,65.44,0.938,0.0,0,0.0,0.0,24,-2.22,1,-2,7.5,0.0,0.0,0.0,0.0,63.73,0.063,0.0,0,0.0,0.0
Dreamer-Paul,7,38.71,7,2,1.0,1.0,0.857,0.0,0.0,2569.36,0.0,0.0,0,0.0,0.0,8,46.0,7,1,1.14,1.0,1.0,0.0,0.0,2398.77,0.143,0.0,0,0.0,0.0,1,7.29,0,-1,0.14,0.0,0.143,0.0,0.0,-170.59,0.143,0.0,0,0.0,0.0
WojciechCholewinski,90,36.51,15,4,6.0,0.011,0.0,0.011,0.056,77.73,0.494,0.0,0,0.0,0.0,10,16.0,7,1,1.43,0.0,0.0,0.0,0.0,1736.66,0.333,0.0,0,0.0,0.0,-80,-20.51,-8,-3,-4.57,-0.011,0.0,-0.011,-0.056,1658.93,-0.161,0.0,0,0.0,0.0
0x-Saegor,39,24.72,6,2,6.5,0.051,0.0,0.0,0.0,76.37,0.632,0.0,0,0.0,0.0,14,22.43,10,3,1.4,0.0,0.0,0.0,0.0,1419.59,0.231,0.0,0,0.0,0.0,-25,-2.29,4,1,-5.1,-0.051,0.0,0.0,0.0,1343.22,-0.401,0.0,0,0.0,0.0
subru-37,57,11.19,10,4,5.7,0.018,0.0,0.0,0.0,260.54,0.643,0.0,0,0.0,0.0,12,37.25,9,1,1.33,0.25,0.0,0.0,0.0,1534.44,0.273,0.0,0,0.0,0.0,-45,26.06,-1,-3,-4.37,0.232,0.0,0.0,0.0,1273.9,-0.37,0.0,0,0.0,0.0
yeon-jae,18,18.22,5,2,3.6,0.056,0.0,0.0,0.0,573.09,0.588,0.0,0,0.0,0.0,21,16.0,12,1,1.75,0.0,0.0,0.0,0.0,754.43,0.3,0.0,0,0.0,0.0,3,-2.22,7,-1,-1.85,-0.056,0.0,0.0,0.0,181.34,-0.288,0.0,0,0.0,0.0
piotrbielecki2727,46,132.41,14,2,3.29,0.239,0.0,0.022,0.022,131.84,0.244,0.0,0,0.0,0.0,54,192.31,15,5,3.6,0.593,0.0,0.0,0.37,75.81,0.226,0.0,0,0.0,0.0,8,59.9,1,3,0.31,0.354,0.0,-0.022,0.348,-56.03,-0.018,0.0,0,0.0,0.0
gaborbernat,8,54.0,3,3,2.67,0.75,0.0,0.0,0.0,915.59,0.714,0.0,0,0.0,0.0,17,192.41,5,2,3.4,0.529,0.0,0.0,0.118,975.04,0.5,0.0,0,385.88,1.0,9,138.41,2,-1,0.73,-0.221,0.0,0.0,0.118,59.45,-0.214,0.0,0,385.88,1.0
wxquare,51,14.9,14,1,3.64,0.0,0.0,0.0,0.0,47.38,0.42,0.0,0,0.0,0.0,49,17.94,22,1,2.23,0.0,0.0,0.0,0.0,370.99,0.312,0.0,0,0.0,0.0,-2,3.04,8,0,-1.41,0.0,0.0,0.0,0.0,323.61,-0.108,0.0,0,0.0,0.0
Nazime,24,35.0,11,3,2.18,0.125,0.0,0.083,0.167,561.34,0.565,0.0,0,0.0,0.0,48,13.75,10,2,4.8,0.021,0.0,0.021,0.0,100.56,0.574,0.0,0,0.0,0.0,24,-21.25,-1,-1,2.62,-0.104,0.0,-0.062,-0.167,-460.78,0.009,0.0,0,0.0,0.0
wgzhao,22,25.27,3,2,7.33,0.045,0.0,0.091,0.0,409.14,0.619,0.0,0,0.0,0.0,9,152.33,1,1,9.0,0.222,0.0,0.111,0.222,0.3,1.0,0.0,0,0.0,0.0,-13,127.06,-2,-1,1.67,0.177,0.0,0.02,0.222,-408.84,0.381,0.0,0,0.0,0.0
evaaldo,7,18.29,5,1,1.4,0.0,0.143,0.0,0.0,1722.56,0.167,0.0,0,0.0,0.0,81,22.2,25,5,3.24,0.0,0.333,0.0,0.0,220.65,0.225,0.0,0,0.0,0.0,74,3.91,20,4,1.84,0.0,0.19,0.0,0.0,-1501.91,0.058,0.0,0,0.0,0.0
PatrickkikALT,8,24.38,3,3,2.67,0.125,0.0,0.0,0.0,470.44,0.571,0.0,0,0.0,0.0,7,36.71,4,2,1.75,0.143,0.0,0.0,0.0,1564.53,0.5,0.0,0,0.0,0.0,-1,12.33,1,-1,-0.92,0.018,0.0,0.0,0.0,1094.09,-0.071,0.0,0,0.0,0.0
davin4sciment0,71,24.96,6,5,11.83,0.099,0.0,0.0,0.0,32.52,0.686,0.0,0,0.0,0.0,7,16.0,1,1,7.0,0.0,0.0,0.0,0.0,0.0,1.0,0.0,0,0.0,0.0,-64,-8.96,-5,-4,-4.83,-0.099,0.0,0.0,0.0,-32.52,0.314,0.0,0,0.0,0.0
ClementAver,45,56.93,7,3,6.43,0.067,0.0,0.0,0.067,55.6,0.318,0.0,0,0.0,0.0,8,14.25,1,3,8.0,0.0,0.0,0.0,0.0,14.6,0.714,0.0,0,0.0,0.0,-37,-42.68,-6,0,1.57,-0.067,0.0,0.0,-0.067,-41.0,0.396,0.0,0,0.0,0.0
sj-1911,16,19.88,3,1,5.33,0.0,0.0,0.0,0.0,45.99,0.8,0.0,0,0.0,0.0,11,30.91,2,2,5.5,0.273,0.0,0.0,0.0,13.62,0.8,0.0,0,0.0,0.0,-5,11.03,-1,1,0.17,0.273,0.0,0.0,0.0,-32.37,0.0,0.0,0,0.0,0.0
wang-xiaowu,82,21.7,30,1,2.73,0.0,0.0,0.0,0.0,75.35,0.519,0.0,0,0.0,0.0,18,22.0,9,1,2.0,0.0,0.0,0.0,0.0,403.85,0.529,0.0,0,0.0,0.0,-64,0.3,-21,0,-0.73,0.0,0.0,0.0,0.0,328.5,0.01,0.0,0,0.0,0.0
alex-e-leon,6,22.5,4,1,1.5,0.0,0.0,0.0,0.0,1860.71,0.0,0.0,0,0.0,0.0,12,29.25,7,1,1.71,0.0,0.0,0.0,0.0,1350.52,0.364,0.0,0,0.0,0.0,6,6.75,3,0,0.21,0.0,0.0,0.0,0.0,-510.19,0.364,0.0,0,0.0,0.0
g-whittington,11,36.27,2,1,5.5,0.0,0.0,0.0,0.0,2.69,0.9,0.0,0,0.0,0.0,33,37.94,3,2,11.0,0.03,0.0,0.0,0.0,119.37,0.906,0.0,0,0.0,0.0,22,1.67,1,1,5.5,0.03,0.0,0.0,0.0,116.68,0.006,0.0,0,0.0,0.0
glencoden,47,45.36,9,1,5.22,0.255,0.0,0.0,0.0,185.7,0.609,0.0,0,2.54,0.0,7,74.57,1,1,7.0,0.571,0.0,0.0,0.0,0.04,1.0,0.0,0,1.25,0.0,-40,29.21,-8,0,1.78,0.316,0.0,0.0,0.0,-185.66,0.391,0.0,0,-1.29,0.0
otavio,11,93.18,6,1,1.83,1.0,0.273,0.0,0.0,503.91,0.4,0.0,0,0.0,0.0,24,335.17,3,2,8.0,0.833,0.792,0.0,0.167,569.38,0.87,0.0,0,2151.59,1.0,13,241.99,-3,1,6.17,-0.167,0.519,0.0,0.167,65.47,0.47,0.0,0,2151.59,1.0
iamnotluka,74,26.31,7,1,10.57,0.0,0.0,0.0,0.014,26.88,0.836,0.0,0,0.0,0.0,26,31.81,7,1,3.71,0.0,0.0,0.0,0.0,643.0,0.72,0.0,0,0.0,0.0,-48,5.5,0,0,-6.86,0.0,0.0,0.0,-0.014,616.12,-0.116,0.0,0,0.0,0.0
Gael-Lopes-Da-Silva,35,15.69,5,1,7.0,0.0,0.0,0.0,0.0,35.2,0.324,0.0,0,0.0,0.0,65,16.18,10,1,6.5,0.0,0.123,0.0,0.0,298.41,0.781,0.0,0,0.0,0.0,30,0.49,5,0,-0.5,0.0,0.123,0.0,0.0,263.21,0.457,0.0,0,0.0,0.0
ArthurDev-A,66,26.11,7,4,9.43,0.0,0.0,0.0,0.0,35.46,0.723,0.0,0,0.0,0.0,9,28.89,6,2,1.5,0.0,0.0,0.0,0.0,2427.84,0.25,0.0,0,0.0,0.0,-57,2.78,-1,-2,-7.93,0.0,0.0,0.0,0.0,2392.38,-0.473,0.0,0,0.0,0.0
DreamingJohnny,43,70.51,4,2,10.75,0.302,0.0,0.0,0.0,113.3,0.643,0.0,0,72.29,0.286,5,20.8,1,1,5.0,0.2,0.0,0.0,0.0,11.8,0.75,0.0,0,0.0,0.0,-38,-49.71,-3,-1,-5.75,-0.102,0.0,0.0,0.0,-101.5,0.107,0.0,0,-72.29,-0.286
dhythm,30,16.0,17,1,1.76,0.0,0.0,0.0,0.0,566.76,0.31,0.0,0,0.0,0.0,9,19.22,8,1,1.12,0.0,0.0,0.0,0.0,2217.7,0.125,0.0,0,0.0,0.0,-21,3.22,-9,0,-0.64,0.0,0.0,0.0,0.0,1650.94,-0.185,0.0,0,0.0,0.0
daniel-pedrozo,12,5.25,7,4,1.71,0.083,0.0,0.0,0.0,603.98,0.364,0.0,0,0.0,0.0,10,50.0,5,1,2.0,0.2,0.0,0.0,0.0,1151.92,0.444,0.0,0,0.0,0.0,-2,44.75,-2,-3,0.29,0.117,0.0,0.0,0.0,547.94,0.08,0.0,0,0.0,0.0
q713,24,28.08,4,1,6.0,0.0,0.0,0.083,0.0,217.03,0.348,0.0,0,0.0,0.0,15,16.4,4,1,3.75,0.0,0.0,0.067,0.0,241.18,0.643,0.0,0,0.0,0.0,-9,-11.68,0,0,-2.25,0.0,0.0,-0.016,0.0,24.15,0.295,0.0,0,0.0,0.0
FunTimeCoding,53,28.81,23,1,2.3,0.0,0.0,0.0,0.0,298.33,0.327,0.0,0,0.0,0.0,41,15.17,24,1,1.71,0.0,0.0,0.024,0.0,421.3,0.25,0.0,0,0.0,0.0,-12,-13.64,1,0,-0.59,0.0,0.0,0.024,0.0,122.97,-0.077,0.0,0,0.0,0.0
samAd0san,67,29.25,6,5,11.17,0.045,0.0,0.0,0.0,70.99,0.788,0.0,0,0.0,0.0,9,27.78,6,2,1.5,0.111,0.111,0.0,0.0,1624.51,0.125,0.0,0,0.0,0.0,-58,-1.47,0,-3,-9.67,0.066,0.111,0.0,0.0,1553.52,-0.663,0.0,0,0.0,0.0
rvsiyad,30,35.83,5,4,6.0,0.067,0.0,0.1,0.0,43.56,0.448,0.0,0,71.5,0.5,70,34.07,5,1,14.0,0.0,0.0,0.0,0.0,12.83,0.652,0.0,0,0.0,0.0,40,-1.76,0,-3,8.0,-0.067,0.0,-0.1,0.0,-30.73,0.204,0.0,0,-71.5,-0.5
liixing,7,13.57,2,2,3.5,0.0,0.143,0.0,0.0,196.5,0.667,0.0,0,0.0,0.0,11,26.09,5,3,2.2,0.0,0.091,0.0,0.0,906.04,0.5,0.0,0,0.0,0.0,4,12.52,3,1,-1.3,0.0,-0.052,0.0,0.0,709.54,-0.167,0.0,0,0.0,0.0
tysoab,26,16.92,7,5,3.71,0.0,0.154,0.0,0.0,84.53,0.4,0.0,0,0.0,0.0,5,17.4,1,1,5.0,0.0,0.0,0.0,0.0,0.11,1.0,0.0,0,0.0,0.0,-21,0.48,-6,-4,1.29,0.0,-0.154,0.0,0.0,-84.42,0.6,0.0,0,0.0,0.0
kevin-eschbach,30,28.3,7,3,4.29,0.167,0.0,0.0,0.033,441.99,0.69,0.0,0,0.0,0.0,51,38.51,14,3,3.64,0.039,0.706,0.0,0.0,207.35,0.62,0.0,0,0.0,0.0,21,10.21,7,0,-0.65,-0.128,0.706,0.0,-0.033,-234.64,-0.07,0.0,0,0.0,0.0
Chubercik,76,41.58,18,1,4.22,0.0,0.0,0.026,0.0,85.19,0.387,0.0,0,0.0,0.0,15,39.6,2,1,7.5,0.0,0.0,0.0,0.0,10.45,0.786,0.0,0,13.0,0.0,-61,-1.98,-16,0,3.28,0.0,0.0,-0.026,0.0,-74.74,0.399,0.0,0,13.0,0.0
prisis,24,37.88,5,2,4.8,0.042,0.833,0.0,0.0,450.65,0.522,0.0,0,0.0,0.0,18,106.83,6,2,3.0,0.389,0.778,0.056,0.222,734.86,0.588,0.0,0,0.0,0.0,-6,68.95,1,0,-1.8,0.347,-0.055,0.056,0.222,284.21,0.066,0.0,0,0.0,0.0
Dehautenbas,21,26.57,6,2,3.5,0.143,0.0,0.0,0.0,75.01,0.25,0.0,0,0.0,0.0,73,36.04,22,3,3.32,0.192,0.0,0.0,0.0,273.36,0.375,0.0,0,0.0,0.0,52,9.47,16,1,-0.18,0.049,0.0,0.0,0.0,198.35,0.125,0.0,0,0.0,0.0
F0laf0lu,43,13.81,8,5,5.38,0.023,0.0,0.0,0.0,76.09,0.571,0.0,0,0.0,0.0,12,16.25,7,3,1.71,0.0,0.0,0.0,0.0,661.29,0.364,0.0,0,0.0,0.0,-31,2.44,-1,-2,-3.67,-0.023,0.0,0.0,0.0,585.2,-0.207,0.0,0,0.0,0.0
bdkma95,8,39.5,2,1,4.0,0.25,0.0,0.0,0.0,97.4,0.429,0.0,0,0.0,0.0,60,500.6,6,3,10.0,0.533,0.0,0.033,0.0,185.12,0.898,0.0,0,0.0,0.0,52,461.1,4,2,6.0,0.283,0.0,0.033,0.0,87.72,0.469,0.0,0,0.0,0.0
vuilleumierc,38,27.11,14,3,2.71,0.053,0.0,0.0,0.053,402.73,0.459,0.0,0,4.33,0.0,8,30.5,3,2,2.67,0.125,0.0,0.0,0.0,671.5,0.571,0.0,0,0.0,0.0,-30,3.39,-11,-1,-0.04,0.072,0.0,0.0,-0.053,268.77,0.112,0.0,0,-4.33,0.0
mikkosiikaniemi,17,28.88,4,1,4.25,0.0,0.0,0.0,0.0,525.55,0.688,0.0,0,0.0,0.0,49,42.8,9,1,5.44,0.082,0.0,0.02,0.0,408.99,0.562,0.0,0,0.0,0.0,32,13.92,5,0,1.19,0.082,0.0,0.02,0.0,-116.56,-0.126,0.0,0,0.0,0.0
shixiaocaia,95,9.8,27,3,3.52,0.0,0.0,0.0,0.0,109.37,0.479,0.0,0,0.0,0.0,5,24.6,2,1,2.5,0.0,0.0,0.0,0.0,1922.66,0.75,0.0,0,0.0,0.0,-90,14.8,-25,-2,-1.02,0.0,0.0,0.0,0.0,1813.29,0.271,0.0,0,0.0,0.0
shan8851,22,39.09,1,2,22.0,0.045,0.0,0.182,0.773,5.15,0.857,0.0,0,0.0,0.0,62,29.55,20,2,3.1,0.081,0.113,0.016,0.0,226.98,0.607,0.0,0,209.5,1.0,40,-9.54,19,0,-18.9,0.036,0.113,-0.166,-0.773,221.83,-0.25,0.0,0,209.5,1.0
lcallot,14,72.64,7,1,2.0,0.571,0.0,0.0,0.0,1027.21,0.462,0.0,0,0.0,0.0,30,76.27,14,1,2.14,0.5,0.0,0.0,0.033,597.26,0.483,0.0,0,0.0,0.0,16,3.63,7,0,0.14,-0.071,0.0,0.0,0.033,-429.95,0.021,0.0,0,0.0,0.0
emprestige,5,9.6,1,1,5.0,0.0,0.0,0.0,0.0,0.36,1.0,0.0,0,0.0,0.0,95,16.08,8,1,11.88,0.0,0.0,0.053,0.0,50.03,0.872,0.0,0,0.0,0.0,90,6.48,7,0,6.88,0.0,0.0,0.053,0.0,49.67,-0.128,0.0,0,0.0,0.0
afcj8,53,17.98,18,5,2.94,0.0,0.0,0.0,0.019,105.35,0.519,0.0,0,0.0,0.0,14,20.93,8,4,1.75,0.071,0.0,0.0,0.0,830.4,0.308,0.0,0,0.0,0.0,-39,2.95,-10,-1,-1.19,0.071,0.0,0.0,-0.019,725.05,-0.211,0.0,0,0.0,0.0
jyztintan,32,59.88,11,1,2.91,0.625,0.0,0.0,0.156,79.49,0.516,0.0,0,8.33,0.111,68,22.81,19,3,3.58,0.074,0.015,0.0,0.015,295.78,0.642,0.0,0,28.25,0.25,36,-37.07,8,2,0.67,-0.551,0.015,0.0,-0.141,216.29,0.126,0.0,0,19.92,0.139
diegaccio,7,18.71,2,1,3.5,0.0,0.0,0.0,0.0,28.19,0.167,0.0,0,0.0,0.0,9,25.78,1,1,9.0,0.0,0.0,0.0,0.0,10.55,0.625,0.0,0,0.0,0.0,2,7.07,-1,0,5.5,0.0,0.0,0.0,0.0,-17.64,0.458,0.0,0,0.0,0.0
sienkozuzanna,5,19.2,3,2,1.67,0.0,0.0,0.0,0.0,1422.22,0.5,0.0,0,0.0,0.0,9,18.0,2,2,4.5,0.0,0.0,0.0,0.0,1121.57,0.75,0.0,0,0.0,0.0,4,-1.2,-1,0,2.83,0.0,0.0,0.0,0.0,-300.65,0.25,0.0,0,0.0,0.0
sanghoonio,20,25.9,2,1,10.0,0.0,0.0,0.0,0.0,7.83,0.579,0.0,0,0.0,0.0,76,27.18,19,4,4.0,0.013,0.0,0.013,0.0,247.71,0.387,0.0,0,0.0,0.0,56,1.28,17,3,-6.0,0.013,0.0,0.013,0.0,239.88,-0.192,0.0,0,0.0,0.0
ronakganatra,39,27.13,18,3,2.17,0.179,0.0,0.0,0.0,442.79,0.421,0.0,0,0.0,0.0,18,59.5,13,3,1.38,0.611,0.0,0.0,0.0,1125.37,0.294,0.0,0,62.0,1.0,-21,32.37,-5,0,-0.79,0.432,0.0,0.0,0.0,682.58,-0.127,0.0,0,62.0,1.0
juliananina,6,27.83,1,1,6.0,0.0,0.0,0.0,0.0,0.03,1.0,0.0,0,0.0,0.0,9,38.67,4,2,2.25,0.333,0.0,0.0,0.0,56.39,0.625,0.0,0,44.0,0.0,3,10.84,3,1,-3.75,0.333,0.0,0.0,0.0,56.36,-0.375,0.0,0,44.0,0.0
mgtezak,82,17.65,7,1,11.71,0.0,0.0,0.0,0.0,103.39,0.457,0.0,0,0.0,0.0,18,15.83,4,1,4.5,0.0,0.0,0.0,0.0,1004.79,0.235,0.0,0,0.0,0.0,-64,-1.82,-3,0,-7.21,0.0,0.0,0.0,0.0,901.4,-0.222,0.0,0,0.0,0.0
MesachVenegas,80,34.5,4,3,20.0,0.0,0.1,0.0,0.0,150.33,0.848,0.0,0,0.0,0.0,20,18.5,4,2,5.0,0.0,0.0,0.0,0.0,297.96,0.632,0.0,0,0.0,0.0,-60,-16.0,0,-1,-15.0,0.0,-0.1,0.0,0.0,147.63,-0.216,0.0,0,0.0,0.0
JonathanRiche,32,17.0,4,3,8.0,0.0,0.0,0.0,0.0,444.63,0.903,0.0,0,0.0,0.0,59,71.76,7,2,8.43,0.085,0.102,0.034,0.034,210.36,0.741,0.0,0,0.0,0.0,27,54.76,3,-1,0.43,0.085,0.102,0.034,0.034,-234.27,-0.162,0.0,0,0.0,0.0
damlaMtn,16,21.62,4,3,4.0,0.062,0.0,0.0,0.0,30.52,0.4,0.0,0,0.0,0.0,21,17.14,12,2,1.75,0.0,0.0,0.0,0.0,1000.64,0.3,0.0,0,0.0,0.0,5,-4.48,8,-1,-2.25,-0.062,0.0,0.0,0.0,970.12,-0.1,0.0,0,0.0,0.0
3gaspo,15,35.07,4,2,3.75,0.133,0.0,0.0,0.0,1166.32,0.786,0.0,0,0.0,0.0,81,19.49,10,5,8.1,0.0,0.0,0.0,0.0,204.0,0.863,0.0,0,0.0,0.0,66,-15.58,6,3,4.35,-0.133,0.0,0.0,0.0,-962.32,0.077,0.0,0,0.0,0.0
alejnr,7,15.86,5,2,1.4,0.0,0.0,0.0,0.0,1948.81,0.333,0.0,0,0.0,0.0,5,23.2,3,2,1.67,0.0,0.0,0.0,0.0,1016.4,0.25,0.0,0,0.0,0.0,-2,7.34,-2,0,0.27,0.0,0.0,0.0,0.0,-932.41,-0.083,0.0,0,0.0,0.0
shawnyama,18,14.56,3,1,6.0,0.0,0.0,0.0,0.0,27.88,0.647,0.0,0,100.0,1.0,82,44.59,25,2,3.28,0.049,0.0,0.0,0.061,226.18,0.358,0.0,0,0.0,0.0,64,30.03,22,1,-2.72,0.049,0.0,0.0,0.061,198.3,-0.289,0.0,0,-100.0,-1.0
BrowserNeo,35,18.2,9,4,3.89,0.057,0.0,0.029,0.0,55.0,0.529,0.0,0,64.0,0.5,40,19.7,12,3,3.33,0.05,0.0,0.0,0.0,94.16,0.487,0.0,0,0.0,0.0,5,1.5,3,-1,-0.56,-0.007,0.0,-0.029,0.0,39.16,-0.042,0.0,0,-64.0,-0.5
Dracu0,61,61.75,8,1,7.62,0.262,0.0,0.016,0.033,28.62,0.467,0.0,0,0.0,0.0,39,137.13,10,3,3.9,0.385,0.0,0.0,0.0,292.05,0.579,0.0,0,0.0,0.0,-22,75.38,2,2,-3.72,0.123,0.0,-0.016,-0.033,263.43,0.112,0.0,0,0.0,0.0
frenck,73,34.64,10,1,7.3,0.0,0.0,0.0,0.0,231.72,0.722,0.0,0,0.0,0.0,17,22.24,2,1,8.5,0.0,0.0,0.0,0.0,5.4,0.875,0.0,0,0.0,0.0,-56,-12.4,-8,0,1.2,0.0,0.0,0.0,0.0,-226.32,0.153,0.0,0,0.0,0.0
ebrahimebrahim,18,60.89,3,1,6.0,0.167,0.0,0.0,0.0,60.59,0.706,0.0,0,0.0,0.0,7,101.43,1,1,7.0,0.286,0.0,0.0,0.143,0.44,1.0,0.0,0,617.0,1.0,-11,40.54,-2,0,1.0,0.119,0.0,0.0,0.143,-60.15,0.294,0.0,0,617.0,1.0
Victor-IX,5,17.0,2,1,2.5,0.0,0.0,0.0,0.0,419.08,0.75,0.0,0,0.0,0.0,95,57.99,10,2,9.5,0.2,0.189,0.0,0.011,166.99,0.809,0.0,0,158.73,0.909,90,40.99,8,1,7.0,0.2,0.189,0.0,0.011,-252.09,0.059,0.0,0,158.73,0.909
Alignof,9,40.78,3,1,3.0,0.444,0.0,0.0,0.0,222.58,0.75,0.0,0,0.0,0.0,16,38.38,11,1,1.45,0.312,0.0,0.0,0.0,1033.13,0.2,0.0,0,19.4,0.2,7,-2.4,8,0,-1.55,-0.132,0.0,0.0,0.0,810.55,-0.55,0.0,0,19.4,0.2
SubratKumarSingh2001,39,18.41,12,2,3.25,0.0,0.0,0.0,0.0,313.55,0.579,0.0,0,0.0,0.0,61,22.52,18,2,3.39,0.0,0.0,0.0,0.0,165.14,0.55,0.0,0,0.0,0.0,22,4.11,6,0,0.14,0.0,0.0,0.0,0.0,-148.41,-0.029,0.0,0,0.0,0.0
iamendless10,52,21.38,4,2,13.0,0.019,0.0,0.0,0.0,45.83,0.686,0.0,0,0.0,0.0,48,16.0,2,1,24.0,0.0,0.0,0.0,0.0,120.4,0.979,0.0,0,0.0,0.0,-4,-5.38,-2,-1,11.0,-0.019,0.0,0.0,0.0,74.57,0.293,0.0,0,0.0,0.0
MurilloDeOliveiraa,16,37.94,7,2,2.29,0.0,0.0,0.062,0.0,580.78,0.533,0.0,0,0.0,0.0,84,38.63,10,2,8.4,0.167,0.0,0.119,0.0,107.07,0.819,0.0,0,24.76,0.118,68,0.69,3,0,6.11,0.167,0.0,0.057,0.0,-473.71,0.286,0.0,0,24.76,0.118
Alejasolu,12,21.0,4,2,3.0,0.083,0.0,0.0,0.0,501.06,0.636,0.0,0,0.0,0.0,16,17.56,4,2,4.0,0.0,0.0,0.0,0.0,369.59,0.467,0.0,0,0.0,0.0,4,-3.44,0,0,1.0,-0.083,0.0,0.0,0.0,-131.47,-0.169,0.0,0,0.0,0.0
mark-hager,70,41.44,10,1,7.0,0.057,0.0,0.029,0.0,140.21,0.681,0.0,0,0.0,0.0,30,83.7,6,1,5.0,0.133,0.0,0.0,0.033,359.07,0.621,0.0,0,109.5,0.25,-40,42.26,-4,0,-2.0,0.076,0.0,-0.029,0.033,218.86,-0.06,0.0,0,109.5,0.25
eftekin,70,15.87,19,1,3.68,0.0,0.0,0.0,0.0,190.97,0.58,0.0,0,0.0,0.0,30,68.33,12,1,2.5,0.067,0.467,0.0,0.0,504.33,0.483,0.0,0,0.0,0.0,-40,52.46,-7,0,-1.18,0.067,0.467,0.0,0.0,313.36,-0.097,0.0,0,0.0,0.0
hieubui07,36,26.78,1,1,36.0,0.028,0.0,0.0,0.0,0.75,0.914,0.0,0,0.0,0.0,62,24.79,16,2,3.88,0.032,0.0,0.0,0.0,292.82,0.279,0.0,0,0.0,0.0,26,-1.99,15,1,-32.12,0.004,0.0,0.0,0.0,292.07,-0.635,0.0,0,0.0,0.0
combizera,14,18.29,9,4,1.56,0.143,0.071,0.0,0.0,871.99,0.154,0.0,0,0.0,0.0,7,15.71,5,1,1.4,0.0,0.0,0.0,0.0,964.19,0.333,0.0,0,0.0,0.0,-7,-2.58,-4,-3,-0.16,-0.143,-0.071,0.0,0.0,92.2,0.179,0.0,0,0.0,0.0
Strocs,71,26.54,9,4,7.89,0.0,0.0,0.0,0.0,109.44,0.529,0.0,0,0.0,0.0,29,17.0,5,1,5.8,0.0,0.0,0.0,0.0,555.16,0.75,0.0,0,0.0,0.0,-42,-9.54,-4,-3,-2.09,0.0,0.0,0.0,0.0,445.72,0.221,0.0,0,0.0,0.0
IrfanAnsarii,18,21.61,4,3,4.5,0.056,0.0,0.056,0.0,95.28,0.647,0.0,0,0.0,0.0,5,18.0,3,2,1.67,0.0,0.0,0.0,0.0,3566.59,0.5,0.0,0,0.0,0.0,-13,-3.61,-1,-1,-2.83,-0.056,0.0,-0.056,0.0,3471.31,-0.147,0.0,0,0.0,0.0
RadioNoiseE,23,41.74,15,1,1.53,0.13,0.0,0.0,0.0,319.64,0.182,0.0,0,4.0,0.0,34,22.88,9,5,3.78,0.118,0.0,0.029,0.0,549.18,0.455,0.0,0,75.0,0.333,11,-18.86,-6,4,2.25,-0.012,0.0,0.029,0.0,229.54,0.273,0.0,0,71.0,0.333
basille,23,37.43,10,1,2.3,0.0,0.0,0.0,0.0,740.85,0.227,0.0,0,0.0,0.0,36,37.14,12,3,3.0,0.0,0.083,0.0,0.0,348.89,0.343,0.0,0,0.0,0.0,13,-0.29,2,2,0.7,0.0,0.083,0.0,0.0,-391.96,0.116,0.0,0,0.0,0.0
larissassk,94,26.32,12,5,7.83,0.085,0.0,0.0,0.0,53.18,0.731,0.0,0,0.0,0.0,6,13.5,1,2,6.0,0.0,0.0,0.0,0.0,4.7,0.8,0.0,0,0.0,0.0,-88,-12.82,-11,-3,-1.83,-0.085,0.0,0.0,0.0,-48.48,0.069,0.0,0,0.0,0.0
ayuzaka,10,115.8,6,2,1.67,1.0,0.0,0.0,0.0,1316.2,0.333,0.0,0,0.0,0.0,90,104.71,8,3,11.25,0.189,0.878,0.0,0.056,203.52,0.506,0.0,0,253.7,0.63,80,-11.09,2,1,9.58,-0.811,0.878,0.0,0.056,-1112.68,0.173,0.0,0,253.7,0.63
ivankorobkov,8,53.25,3,1,2.67,0.375,0.0,0.0,0.0,561.87,0.571,0.0,0,0.0,0.0,20,99.05,11,1,1.82,0.9,0.0,0.15,0.0,824.0,0.316,0.0,0,0.0,0.0,12,45.8,8,0,-0.85,0.525,0.0,0.15,0.0,262.13,-0.255,0.0,0,0.0,0.0
Taylor-Brandon,12,37.08,2,4,6.0,0.25,0.0,0.0,0.0,207.19,0.455,0.0,0,58.67,0.333,22,81.86,2,1,11.0,0.409,0.0,0.0,0.0,174.96,0.81,0.0,0,24.78,0.111,10,44.78,0,-3,5.0,0.159,0.0,0.0,0.0,-32.23,0.355,0.0,0,-33.89,-0.222
SugeethJSA,22,33.82,4,3,5.5,0.273,0.0,0.045,0.045,50.4,0.81,0.0,0,0.0,0.0,46,78.76,2,1,23.0,0.478,0.0,0.043,0.022,3.85,0.844,0.0,0,0.0,0.0,24,44.94,-2,-2,17.5,0.205,0.0,-0.002,-0.023,-46.55,0.034,0.0,0,0.0,0.0
dziekiczan1,34,30.5,4,5,8.5,0.0,0.0,0.0,0.0,143.55,0.545,0.0,0,0.0,0.0,53,134.3,24,2,2.21,0.962,0.0,0.0,0.0,230.93,0.019,0.0,0,0.0,0.0,19,103.8,20,-3,-6.29,0.962,0.0,0.0,0.0,87.38,-0.526,0.0,0,0.0,0.0
SimY4,32,19.0,18,1,1.78,0.0,0.0,0.094,0.0,502.6,0.323,0.0,0,0.0,0.0,21,22.43,15,1,1.4,0.0,0.0,0.048,0.0,894.82,0.15,0.0,0,0.0,0.0,-11,3.43,-3,0,-0.38,0.0,0.0,-0.046,0.0,392.22,-0.173,0.0,0,0.0,0.0
ddkasa,92,31.28,6,1,15.33,0.011,0.0,0.011,0.0,8.14,0.604,0.0,0,0.0,0.0,8,44.88,3,1,2.67,0.25,0.375,0.125,0.0,761.89,0.429,0.0,0,0.0,0.0,-84,13.6,-3,0,-12.66,0.239,0.375,0.114,0.0,753.75,-0.175,0.0,0,0.0,0.0
hisuic,9,14.11,3,2,3.0,0.0,0.0,0.0,0.0,37.18,0.375,0.0,0,0.0,0.0,91,19.81,26,4,3.5,0.0,0.022,0.011,0.0,205.46,0.4,0.0,0,37.5,0.0,82,5.7,23,2,0.5,0.0,0.022,0.011,0.0,168.28,0.025,0.0,0,37.5,0.0
peppedilillo,43,28.44,4,1,10.75,0.0,0.0,0.0,0.0,292.99,0.833,0.0,0,74.33,0.394,57,19.56,16,2,3.56,0.0,0.0,0.0,0.0,200.09,0.607,0.0,0,0.0,0.0,14,-8.88,12,1,-7.19,0.0,0.0,0.0,0.0,-92.9,-0.226,0.0,0,-74.33,-0.394
danblock97,18,20.78,11,1,1.64,0.111,0.0,0.0,0.056,578.11,0.235,0.0,0,0.0,0.0,24,25.0,16,1,1.5,0.083,0.0,0.0,0.0,760.46,0.261,0.0,0,0.0,0.0,6,4.22,5,0,-0.14,-0.028,0.0,0.0,-0.056,182.35,0.026,0.0,0,0.0,0.0
NAMANNIMBLE1,9,19.22,1,1,9.0,0.0,0.0,0.0,0.0,10.18,0.75,0.0,0,0.0,0.0,24,22.42,8,4,3.0,0.0,0.0,0.0,0.0,212.38,0.522,0.0,0,0.0,0.0,15,3.2,7,3,-6.0,0.0,0.0,0.0,0.0,202.2,-0.228,0.0,0,0.0,0.0
ednl,15,24.73,6,1,2.5,0.0,0.0,0.0,0.0,877.51,0.5,0.0,0,0.0,0.0,6,11.0,5,1,1.2,0.0,0.0,0.0,0.0,3566.92,0.2,0.0,0,0.0,0.0,-9,-13.73,-1,0,-1.3,0.0,0.0,0.0,0.0,2689.41,-0.3,0.0,0,0.0,0.0
leomenino,8,18.12,4,1,2.0,0.0,0.0,0.0,0.0,207.76,0.571,0.0,0,0.0,0.0,83,21.73,15,5,5.53,0.048,0.0,0.0,0.0,87.13,0.598,0.0,0,0.0,0.0,75,3.61,11,4,3.53,0.048,0.0,0.0,0.0,-120.63,0.027,0.0,0,0.0,0.0
Yoseya2410,25,17.04,5,3,5.0,0.0,0.0,0.0,0.0,159.02,0.75,0.0,0,0.0,0.0,75,19.31,17,2,4.41,0.0,0.0,0.0,0.0,146.43,0.446,0.0,0,0.0,0.0,50,2.27,12,-1,-0.59,0.0,0.0,0.0,0.0,-12.59,-0.304,0.0,0,0.0,0.0
byrybdyk,7,15.57,4,1,1.75,0.286,0.0,0.0,0.0,426.12,0.5,0.0,0,0.0,0.0,77,24.45,17,4,4.53,0.052,0.299,0.169,0.0,82.09,0.605,0.0,0,0.0,0.0,70,8.88,13,3,2.78,-0.234,0.299,0.169,0.0,-344.03,0.105,0.0,0,0.0,0.0
austincondiff,30,31.83,3,1,10.0,0.0,0.0,0.0,0.0,69.27,0.69,0.0,0,0.0,0.0,21,28.1,4,1,5.25,0.0,0.0,0.0,0.0,57.53,0.5,0.0,0,0.0,0.0,-9,-3.73,1,0,-4.75,0.0,0.0,0.0,0.0,-11.74,-0.19,0.0,0,0.0,0.0
daorgest,10,41.3,4,1,2.5,0.0,0.0,0.0,0.0,449.84,0.444,0.0,0,0.0,0.0,9,36.44,4,2,2.25,0.0,0.0,0.0,0.0,1503.09,0.5,0.0,0,0.0,0.0,-1,-4.86,0,1,-0.25,0.0,0.0,0.0,0.0,1053.25,0.056,0.0,0,0.0,0.0
wilsonpaulraj,7,12.29,3,1,2.33,0.0,0.0,0.0,0.0,52.23,0.333,0.0,0,0.0,0.0,16,31.94,10,4,1.6,0.0,0.0,0.0,0.0,214.6,0.2,0.0,0,0.0,0.0,9,19.65,7,3,-0.73,0.0,0.0,0.0,0.0,162.37,-0.133,0.0,0,0.0,0.0
NaokiHori,11,15.55,7,3,1.57,0.0,0.0,0.0,0.0,785.8,0.3,0.0,0,0.0,0.0,26,24.58,13,5,2.0,0.0,0.0,0.0,0.0,632.29,0.4,0.0,0,0.0,0.0,15,9.03,6,2,0.43,0.0,0.0,0.0,0.0,-153.51,0.1,0.0,0,0.0,0.0
abdullah0300,92,19.15,12,4,7.67,0.0,0.0,0.0,0.0,43.01,0.802,0.0,0,0.0,0.0,8,16.5,5,3,1.6,0.0,0.0,0.0,0.0,457.92,0.286,0.0,0,0.0,0.0,-84,-2.65,-7,-1,-6.07,0.0,0.0,0.0,0.0,414.91,-0.516,0.0,0,0.0,0.0
kellian-puginier,51,16.92,7,1,7.29,0.0,0.0,0.118,0.0,308.24,0.84,0.0,0,0.0,0.0,33,24.76,7,3,4.71,0.061,0.0,0.0,0.0,591.85,0.781,0.0,0,0.0,0.0,-18,7.84,0,2,-2.58,0.061,0.0,-0.118,0.0,283.61,-0.059,0.0,0,0.0,0.0
Sakib963,11,17.36,7,1,1.57,0.091,0.0,0.0,0.0,574.2,0.4,0.0,0,0.0,0.0,6,76.17,3,1,2.0,0.333,0.0,0.0,0.0,2483.32,0.4,0.0,0,0.0,0.0,-5,58.81,-4,0,0.43,0.242,0.0,0.0,0.0,1909.12,0.0,0.0,0,0.0,0.0
teamcons,8,13.62,1,2,8.0,0.0,0.0,0.0,0.0,4.07,0.857,0.0,0,0.0,0.0,92,17.66,19,2,4.84,0.043,0.0,0.0,0.0,79.11,0.604,0.0,0,0.0,0.0,84,4.04,18,0,-3.16,0.043,0.0,0.0,0.0,75.04,-0.253,0.0,0,0.0,0.0
JamesYYang,32,11.34,20,1,1.6,0.0,0.0,0.0,0.0,223.69,0.161,0.0,0,0.0,0.0,49,40.29,31,1,1.58,0.143,0.041,0.0,0.0,396.77,0.208,0.0,0,0.0,0.0,17,28.95,11,0,-0.02,0.143,0.041,0.0,0.0,173.08,0.047,0.0,0,0.0,0.0
tansautn,58,78.62,17,1,3.41,0.052,0.0,0.0,0.0,214.94,0.509,0.0,0,0.0,0.0,5,65.2,4,1,1.25,0.0,0.0,0.0,0.0,2574.95,0.25,0.0,0,0.0,0.0,-53,-13.42,-13,0,-2.16,-0.052,0.0,0.0,0.0,2360.01,-0.259,0.0,0,0.0,0.0
manman4,19,13.11,3,1,6.33,0.0,0.0,0.0,0.0,299.79,0.889,0.0,0,0.0,0.0,12,12.42,4,2,3.0,0.0,0.0,0.0,0.0,1726.18,0.727,0.0,0,0.0,0.0,-7,-0.69,1,1,-3.33,0.0,0.0,0.0,0.0,1426.39,-0.162,0.0,0,0.0,0.0
paweljakubas,48,28.71,16,2,3.0,0.0,0.0,0.0,0.354,363.03,0.447,0.0,0,0.0,0.0,32,25.88,9,2,3.56,0.0,0.0,0.031,0.125,443.66,0.355,0.0,0,0.0,0.0,-16,-2.83,-7,0,0.56,0.0,0.0,0.031,-0.229,80.63,-0.092,0.0,0,0.0,0.0
5432roy,69,36.97,21,1,3.29,0.0,0.0,0.0,0.0,176.4,0.324,0.0,0,0.0,0.0,31,56.97,8,1,3.88,0.452,0.0,0.0,0.452,352.69,0.233,0.0,0,0.0,0.0,-38,20.0,-13,0,0.59,0.452,0.0,0.0,0.452,176.29,-0.091,0.0,0,0.0,0.0
benlonnqvist,8,21.88,4,1,2.0,0.0,0.0,0.0,0.0,491.1,0.143,0.0,0,0.0,0.0,15,16.33,5,1,3.0,0.0,0.0,0.0,0.0,452.91,0.571,0.0,0,0.0,0.0,7,-5.55,1,0,1.0,0.0,0.0,0.0,0.0,-38.19,0.428,0.0,0,0.0,0.0
leleliu008,54,22.0,14,1,3.86,0.241,0.0,0.0,0.0,186.56,0.509,0.0,0,0.0,0.0,28,12.57,7,1,4.0,0.071,0.0,0.0,0.0,409.63,0.556,0.0,0,0.0,0.0,-26,-9.43,-7,0,0.14,-0.17,0.0,0.0,0.0,223.07,0.047,0.0,0,0.0,0.0
JKS9,20,17.7,6,3,3.33,0.05,0.0,0.0,0.0,832.32,0.632,0.0,0,15.0,0.0,5,17.6,3,1,1.67,0.0,0.0,0.0,0.0,106.5,0.25,0.0,0,0.0,0.0,-15,-0.1,-3,-2,-1.66,-0.05,0.0,0.0,0.0,-725.82,-0.382,0.0,0,-15.0,0.0
aldoportillo,88,22.94,13,2,6.77,0.023,0.0,0.0,0.0,116.79,0.69,0.0,0,0.0,0.0,12,20.0,10,1,1.2,0.0,0.0,0.0,0.0,1690.4,0.182,0.0,0,0.0,0.0,-76,-2.94,-3,-1,-5.57,-0.023,0.0,0.0,0.0,1573.61,-0.508,0.0,0,0.0,0.0
joaocorreiaprof,38,27.32,6,3,6.33,0.132,0.0,0.0,0.0,39.61,0.568,0.0,0,0.0,0.0,27,16.0,5,1,5.4,0.0,0.0,0.0,0.0,51.73,0.692,0.0,0,0.0,0.0,-11,-11.32,-1,-2,-0.93,-0.132,0.0,0.0,0.0,12.12,0.124,0.0,0,0.0,0.0
ravig31,78,15.72,9,2,8.67,0.0,0.0,0.0,0.0,25.93,0.727,0.0,0,0.0,0.0,22,16.0,11,3,2.0,0.0,0.0,0.0,0.0,272.3,0.429,0.0,0,0.0,0.0,-56,0.28,2,1,-6.67,0.0,0.0,0.0,0.0,246.37,-0.298,0.0,0,0.0,0.0
Rirusha,6,16.0,3,1,2.0,0.0,0.0,0.0,0.0,2221.58,0.4,0.0,0,0.0,0.0,94,29.87,15,2,6.27,0.021,0.681,0.021,0.0,190.11,0.581,0.0,0,11.0,0.0,88,13.87,12,1,4.27,0.021,0.681,0.021,0.0,-2031.47,0.181,0.0,0,11.0,0.0
nizamsaltan,70,19.44,17,4,4.12,0.029,0.0,0.0,0.029,97.51,0.42,0.0,0,0.0,0.0,22,16.68,5,1,4.4,0.0,0.0,0.045,0.045,65.07,0.524,0.0,0,0.0,0.0,-48,-2.76,-12,-3,0.28,-0.029,0.0,0.045,0.016,-32.44,0.104,0.0,0,0.0,0.0
VadymMakohon,9,16.0,1,1,9.0,0.0,0.0,0.0,0.0,1.75,0.875,0.0,0,0.0,0.0,91,32.23,20,4,4.55,0.396,0.0,0.0,0.0,90.32,0.544,0.0,0,0.0,0.0,82,16.23,19,3,-4.45,0.396,0.0,0.0,0.0,88.57,-0.331,0.0,0,0.0,0.0
iamjiheehan,19,15.89,4,1,4.75,0.0,0.0,0.0,0.0,89.74,0.833,0.0,0,0.0,0.0,81,28.33,11,2,7.36,0.062,0.778,0.0,0.025,171.65,0.675,0.0,0,1435.33,1.0,62,12.44,7,1,2.61,0.062,0.778,0.0,0.025,81.91,-0.158,0.0,0,1435.33,1.0
mshuecodev,12,22.42,7,5,1.71,0.0,0.0,0.0,0.0,1108.69,0.182,0.0,0,0.0,0.0,45,12.69,7,1,6.43,0.0,0.0,0.0,0.0,24.87,0.386,0.0,0,0.0,0.0,33,-9.73,0,-4,4.72,0.0,0.0,0.0,0.0,-1083.82,0.204,0.0,0,0.0,0.0
mateusdigital,21,62.95,6,1,3.5,0.19,0.0,0.0,0.381,812.68,0.6,0.0,0,0.0,0.0,13,29.08,7,1,1.86,0.0,0.0,0.0,0.615,1060.57,0.5,0.0,0,0.0,0.0,-8,-33.87,1,0,-1.64,-0.19,0.0,0.0,0.234,247.89,-0.1,0.0,0,0.0,0.0
Zunaeed-Imran,93,27.57,16,5,5.81,0.591,0.0,0.022,0.495,59.08,0.674,0.0,0,0.0,0.0,7,38.71,7,2,1.0,0.857,0.0,0.0,0.571,1537.61,0.0,0.0,0,0.0,0.0,-86,11.14,-9,-3,-4.81,0.266,0.0,-0.022,0.076,1478.53,-0.674,0.0,0,0.0,0.0
markbeep,50,57.94,10,1,5.0,0.5,0.02,0.0,0.02,193.02,0.755,0.0,0,0.0,0.0,50,28.88,12,1,4.17,0.26,0.0,0.02,0.0,355.29,0.673,0.0,0,0.0,0.0,0,-29.06,2,0,-0.83,-0.24,-0.02,0.02,-0.02,162.27,-0.082,0.0,0,0.0,0.0
rahin21,15,14.53,7,4,2.14,0.0,0.0,0.0,0.0,1069.85,0.357,0.0,0,0.0,0.0,6,27.67,5,1,1.2,0.167,0.0,0.0,0.0,2755.37,0.2,0.0,0,0.0,0.0,-9,13.14,-2,-3,-0.94,0.167,0.0,0.0,0.0,1685.52,-0.157,0.0,0,0.0,0.0
CornWorld,28,31.54,7,1,4.0,0.0,0.0,0.0,0.0,220.2,0.556,0.0,0,0.0,0.0,20,27.0,7,1,2.86,0.05,0.25,0.0,0.0,622.68,0.632,0.0,0,0.0,0.0,-8,-4.54,0,0,-1.14,0.05,0.25,0.0,0.0,402.48,0.076,0.0,0,0.0,0.0
GizziXZ,67,31.81,11,4,6.09,0.06,0.0,0.0,0.0,185.03,0.621,0.0,0,0.0,0.0,33,36.06,10,4,3.3,0.182,0.0,0.0,0.0,581.83,0.562,0.0,0,0.0,0.0,-34,4.25,-1,0,-2.79,0.122,0.0,0.0,0.0,396.8,-0.059,0.0,0,0.0,0.0
G-m007,43,18.47,4,2,10.75,0.0,0.0,0.0,0.0,40.5,0.762,0.0,0,0.0,0.0,57,18.98,8,3,7.12,0.0,0.0,0.0,0.0,207.08,0.696,0.0,0,0.0,0.0,14,0.51,4,1,-3.63,0.0,0.0,0.0,0.0,166.58,-0.066,0.0,0,0.0,0.0
kzssc,8,14.88,7,1,1.14,0.0,0.0,0.0,0.0,2363.43,0.143,0.0,0,0.0,0.0,20,16.5,9,2,2.22,0.0,0.0,0.0,0.0,1028.03,0.579,0.0,0,0.0,0.0,12,1.62,2,1,1.08,0.0,0.0,0.0,0.0,-1335.4,0.436,0.0,0,0.0,0.0
StefanieSenger,42,30.4,13,4,3.23,0.0,0.0,0.0,0.0,300.47,0.415,0.0,0,0.0,0.0,20,27.85,13,2,1.54,0.0,0.0,0.0,0.0,767.33,0.0,0.0,0,0.0,0.0,-22,-2.55,0,-2,-1.69,0.0,0.0,0.0,0.0,466.86,-0.415,0.0,0,0.0,0.0
TheConsoleLog,31,15.84,6,3,5.17,0.0,0.0,0.0,0.0,251.64,0.8,0.0,0,0.0,0.0,11,20.0,3,3,3.67,0.0,0.364,0.0,0.0,674.7,0.7,0.0,0,0.0,0.0,-20,4.16,-3,0,-1.5,0.0,0.364,0.0,0.0,423.06,-0.1,0.0,0,0.0,0.0
sumitkumar16dec,7,23.14,2,2,3.5,0.0,0.0,0.0,0.0,216.37,0.667,0.0,0,0.0,0.0,62,43.61,6,1,10.33,0.0,0.0,0.0,0.758,102.04,0.639,0.0,0,0.0,0.0,55,20.47,4,-1,6.83,0.0,0.0,0.0,0.758,-114.33,-0.028,0.0,0,0.0,0.0
ahmed20455,7,17.14,3,1,2.33,0.0,0.0,0.0,0.0,60.41,0.667,0.0,0,0.0,0.0,93,16.02,21,1,4.43,0.0,0.0,0.0,0.0,94.06,0.109,0.0,0,0.0,0.0,86,-1.12,18,0,2.1,0.0,0.0,0.0,0.0,33.65,-0.558,0.0,0,0.0,0.0
syhner,92,43.48,11,2,8.36,0.25,0.011,0.076,0.033,118.42,0.681,0.0,0,0.0,0.0,8,26.12,2,1,4.0,0.125,0.0,0.0,0.0,733.86,0.857,0.0,0,0.0,0.0,-84,-17.36,-9,-1,-4.36,-0.125,-0.011,-0.076,-0.033,615.44,0.176,0.0,0,0.0,0.0
RajukrRaja,20,15.7,6,5,3.33,0.0,0.0,0.0,0.0,340.84,0.737,0.0,0,0.0,0.0,29,35.66,9,1,3.22,0.172,0.0,0.0,0.0,370.33,0.714,0.0,0,0.0,0.0,9,19.96,3,-4,-0.11,0.172,0.0,0.0,0.0,29.49,-0.023,0.0,0,0.0,0.0
tsujit74,40,17.0,8,4,5.0,0.0,0.0,0.0,0.0,70.34,0.513,0.0,0,0.0,0.0,15,24.6,6,2,2.5,0.0,0.0,0.0,0.0,626.92,0.286,0.0,0,0.0,0.0,-25,7.6,-2,-2,-2.5,0.0,0.0,0.0,0.0,556.58,-0.227,0.0,0,0.0,0.0
ivanagas,56,59.95,27,3,2.07,0.571,0.0,0.089,0.339,301.91,0.218,0.0,0,37.88,0.275,25,25.6,11,2,2.27,0.12,0.0,0.0,0.04,790.13,0.458,0.0,0,43.0,0.0,-31,-34.35,-16,-1,0.2,-0.451,0.0,-0.089,-0.299,488.22,0.24,0.0,0,5.12,-0.275
Ketch4n,25,8.72,7,1,3.57,0.0,0.0,0.0,0.0,43.08,0.0,0.0,0,0.0,0.0,75,19.51,31,4,2.42,0.013,0.013,0.067,0.04,143.37,0.135,0.0,0,0.0,0.0,50,10.79,24,3,-1.15,0.013,0.013,0.067,0.04,100.29,0.135,0.0,0,0.0,0.0
victormours,6,54.33,5,1,1.2,0.0,0.0,0.0,0.0,773.34,0.2,0.0,0,0.0,0.0,26,29.38,11,1,2.36,0.0,0.0,0.0,0.0,592.24,0.44,0.0,0,0.0,0.0,20,-24.95,6,0,1.16,0.0,0.0,0.0,0.0,-181.1,0.24,0.0,0,0.0,0.0
joouha,11,29.45,6,1,1.83,0.0,0.0,0.0,0.0,504.11,0.5,0.0,0,216.0,1.0,50,40.4,2,1,25.0,0.1,0.0,0.08,0.04,2.99,0.939,0.0,0,0.0,0.0,39,10.95,-4,0,23.17,0.1,0.0,0.08,0.04,-501.12,0.439,0.0,0,-216.0,-1.0
enaulad511,10,16.5,3,1,3.33,0.0,0.0,0.0,0.0,162.55,0.778,0.0,0,0.0,0.0,9,48.33,2,2,4.5,0.111,0.0,0.0,0.0,58.09,0.625,0.0,0,0.0,0.0,-1,31.83,-1,1,1.17,0.111,0.0,0.0,0.0,-104.46,-0.153,0.0,0,0.0,0.0
NishantRana07,17,14.76,1,2,17.0,0.0,0.0,0.0,0.0,0.65,0.875,0.0,0,0.0,0.0,33,22.3,3,2,11.0,0.03,0.0,0.0,0.0,206.44,0.75,0.0,0,0.0,0.0,16,7.54,2,0,-6.0,0.03,0.0,0.0,0.0,205.79,-0.125,0.0,0,0.0,0.0
jisaiaha,12,33.42,1,1,12.0,0.0,0.0,0.0,0.0,4.82,0.818,0.0,0,0.0,0.0,10,39.2,2,4,5.0,0.1,0.0,0.0,0.0,201.94,0.778,0.0,0,0.0,0.0,-2,5.78,1,3,-7.0,0.1,0.0,0.0,0.0,197.12,-0.04,0.0,0,0.0,0.0
KimDongGyun23,63,22.38,8,3,7.88,0.206,0.0,0.0,0.0,61.66,0.71,0.0,0,0.0,0.0,5,16.0,1,1,5.0,0.0,0.0,0.0,0.0,3.47,0.75,0.0,0,0.0,0.0,-58,-6.38,-7,-2,-2.88,-0.206,0.0,0.0,0.0,-58.19,0.04,0.0,0,0.0,0.0
guranshdeol,37,24.89,10,5,3.7,0.108,0.0,0.0,0.0,433.85,0.5,0.0,0,0.0,0.0,10,128.7,3,1,3.33,0.6,0.5,0.0,0.0,1887.25,0.778,0.0,0,0.0,0.0,-27,103.81,-7,-4,-0.37,0.492,0.5,0.0,0.0,1453.4,0.278,0.0,0,0.0,0.0
ezravergabera,73,32.6,17,2,4.29,0.0,0.0,0.014,0.0,102.89,0.514,0.0,0,0.0,0.0,27,30.78,13,2,2.08,0.0,0.037,0.0,0.0,734.09,0.154,0.0,0,0.0,0.0,-46,-1.82,-4,0,-2.21,0.0,0.037,-0.014,0.0,631.2,-0.36,0.0,0,0.0,0.0
wojciech-turek,19,19.89,3,1,6.33,0.053,0.0,0.0,0.0,18.69,0.5,0.0,0,14.5,0.0,21,58.0,5,1,4.2,0.524,0.0,0.0,0.095,176.24,0.7,0.0,0,0.0,0.0,2,38.11,2,0,-2.13,0.471,0.0,0.0,0.095,157.55,0.2,0.0,0,-14.5,0.0
marotipuskar,10,17.4,6,2,1.67,0.0,0.0,0.0,0.0,551.29,0.111,0.0,0,0.0,0.0,25,20.44,5,4,5.0,0.0,0.0,0.0,0.0,178.15,0.708,0.0,0,0.0,0.0,15,3.04,-1,2,3.33,0.0,0.0,0.0,0.0,-373.14,0.597,0.0,0,0.0,0.0
juan-est145,59,58.19,10,5,5.9,0.271,0.0,0.0,0.0,117.06,0.345,0.0,0,0.0,0.0,15,32.07,2,1,7.5,0.0,0.0,0.0,0.0,12.19,0.357,0.0,0,0.0,0.0,-44,-26.12,-8,-4,1.6,-0.271,0.0,0.0,0.0,-104.87,0.012,0.0,0,0.0,0.0
anjiniii,48,24.85,4,2,12.0,0.0,0.0,0.0,0.0,99.73,0.766,0.0,0,0.0,0.0,9,16.0,6,1,1.5,0.0,0.0,0.0,0.0,489.9,0.25,0.0,0,0.0,0.0,-39,-8.85,2,-1,-10.5,0.0,0.0,0.0,0.0,390.17,-0.516,0.0,0,0.0,0.0
mhbka,86,37.51,7,1,12.29,0.349,0.0,0.14,0.0,22.0,0.471,0.0,0,0.0,0.0,14,25.14,7,2,2.0,0.071,0.0,0.0,0.0,642.21,0.154,0.0,0,78.0,1.0,-72,-12.37,0,1,-10.29,-0.278,0.0,-0.14,0.0,620.21,-0.317,0.0,0,78.0,1.0
ohprettyhak,87,13.76,26,2,3.35,0.0,0.046,0.0,0.0,142.66,0.442,0.0,0,0.0,0.0,13,50.85,7,2,1.86,0.0,0.077,0.0,0.0,877.9,0.5,0.0,0,0.0,0.0,-74,37.09,-19,0,-1.49,0.0,0.031,0.0,0.0,735.24,0.058,0.0,0,0.0,0.0
AlexNesvit,82,18.67,3,4,27.33,0.0,0.0,0.0,0.0,13.31,0.864,0.0,0,0.0,0.0,18,22.89,4,4,4.5,0.111,0.0,0.111,0.0,66.82,0.588,0.0,0,4.0,0.0,-64,4.22,1,0,-22.83,0.111,0.0,0.111,0.0,53.51,-0.276,0.0,0,4.0,0.0
Mizux,38,25.82,12,1,3.17,0.079,0.0,0.0,0.026,291.89,0.297,0.0,0,0.0,0.0,62,26.76,26,1,2.38,0.065,0.0,0.0,0.016,245.64,0.279,0.0,0,0.0,0.0,24,0.94,14,0,-0.79,-0.014,0.0,0.0,-0.01,-46.25,-0.018,0.0,0,0.0,0.0
j0rd1s3rr4n0,17,14.82,6,1,2.83,0.0,0.0,0.0,0.0,519.24,0.625,0.0,0,0.0,0.0,5,23.0,2,2,2.5,0.0,0.0,0.0,0.0,2827.11,0.75,0.0,0,0.0,0.0,-12,8.18,-4,1,-0.33,0.0,0.0,0.0,0.0,2307.87,0.125,0.0,0,0.0,0.0
iflyrana,54,25.46,12,3,4.5,0.037,0.0,0.0,0.019,67.57,0.66,0.0,0,0.0,0.0,35,23.43,13,4,2.69,0.0,0.0,0.029,0.0,437.1,0.5,0.0,0,0.0,0.0,-19,-2.03,1,1,-1.81,-0.037,0.0,0.029,-0.019,369.53,-0.16,0.0,0,0.0,0.0
FrancoRegg,11,15.82,1,1,11.0,0.0,0.0,0.0,0.0,0.61,0.9,0.0,0,0.0,0.0,89,38.46,11,2,8.09,0.045,0.0,0.0,0.0,190.09,0.807,0.0,0,0.0,0.0,78,22.64,10,1,-2.91,0.045,0.0,0.0,0.0,189.48,-0.093,0.0,0,0.0,0.0
PrakharDoneria,13,19.85,3,4,4.33,0.0,0.0,0.0,0.0,124.27,0.5,0.0,0,0.0,0.0,16,37.56,4,2,4.0,0.125,0.0,0.0,0.0,802.69,0.667,0.0,0,0.0,0.0,3,17.71,1,-2,-0.33,0.125,0.0,0.0,0.0,678.42,0.167,0.0,0,0.0,0.0
Linermao,73,32.71,14,1,5.21,0.0,0.0,0.0,0.0,57.35,0.528,0.0,0,0.0,0.0,27,23.19,12,2,2.25,0.0,0.0,0.0,0.0,378.98,0.269,0.0,0,0.0,0.0,-46,-9.52,-2,1,-2.96,0.0,0.0,0.0,0.0,321.63,-0.259,0.0,0,0.0,0.0
alxndr42,29,26.03,14,3,2.07,0.0,0.0,0.0,0.0,612.77,0.357,0.0,0,0.0,0.0,30,24.4,16,3,1.88,0.0,0.0,0.0,0.0,686.65,0.31,0.0,0,0.0,0.0,1,-1.63,2,0,-0.19,0.0,0.0,0.0,0.0,73.88,-0.047,0.0,0,0.0,0.0
matthew-garrett,58,19.98,6,1,9.67,0.052,0.0,0.103,0.0,20.55,0.789,0.0,0,0.0,0.0,6,21.33,3,3,2.0,0.0,0.0,0.0,0.0,1627.81,0.6,0.0,0,0.0,0.0,-52,1.35,-3,2,-7.67,-0.052,0.0,-0.103,0.0,1607.26,-0.189,0.0,0,0.0,0.0
karim-sharkawy,44,25.77,8,1,5.5,0.0,0.0,0.0,0.0,34.82,0.605,0.0,0,0.0,0.0,56,33.5,17,1,3.29,0.018,0.0,0.0,0.0,307.75,0.673,0.0,0,0.0,0.0,12,7.73,9,0,-2.21,0.018,0.0,0.0,0.0,272.93,0.068,0.0,0,0.0,0.0
antonov1lya,82,31.32,8,2,10.25,0.293,0.0,0.049,0.0,23.68,0.728,0.0,0,0.0,0.0,18,10.78,2,1,9.0,0.0,0.0,0.0,0.0,14.13,0.353,0.0,0,0.0,0.0,-64,-20.54,-6,-1,-1.25,-0.293,0.0,-0.049,0.0,-9.55,-0.375,0.0,0,0.0,0.0
saadghori,24,21.17,5,3,4.8,0.042,0.0,0.0,0.0,70.81,0.739,0.0,0,0.0,0.0,24,22.83,4,2,6.0,0.0,0.0,0.0,0.0,65.52,0.739,0.0,0,0.0,0.0,0,1.66,-1,-1,1.2,-0.042,0.0,0.0,0.0,-5.29,0.0,0.0,0,0.0,0.0
Coho04,9,46.33,5,1,1.8,0.556,0.0,0.0,0.0,1553.11,0.375,0.0,0,0.0,0.0,90,139.29,31,2,2.9,0.878,0.0,0.0,0.0,185.55,0.337,0.0,0,0.0,0.0,81,92.96,26,1,1.1,0.322,0.0,0.0,0.0,-1367.56,-0.038,0.0,0,0.0,0.0
horizon2038,64,31.2,10,3,6.4,0.891,0.0,0.062,0.0,218.23,0.46,0.0,0,0.0,0.0,36,30.64,5,1,7.2,0.222,0.0,0.0,0.0,564.48,0.686,0.0,0,0.0,0.0,-28,-0.56,-5,-2,0.8,-0.669,0.0,-0.062,0.0,346.25,0.226,0.0,0,0.0,0.0
YangKlee,66,6.8,13,2,5.08,0.0,0.0,0.03,0.0,29.87,0.477,0.0,0,0.0,0.0,34,11.03,14,3,2.43,0.0,0.0,0.0,0.0,396.0,0.091,0.0,0,0.0,0.0,-32,4.23,1,1,-2.65,0.0,0.0,-0.03,0.0,366.13,-0.386,0.0,0,0.0,0.0
LuisAlmajano,5,85.8,4,1,1.25,0.0,0.0,0.0,0.0,1568.33,0.25,0.0,0,0.0,0.0,76,44.88,21,1,3.62,0.105,0.0,0.0,0.0,214.03,0.613,0.0,0,78.75,0.375,71,-40.92,17,0,2.37,0.105,0.0,0.0,0.0,-1354.3,0.363,0.0,0,78.75,0.375
juansebstt,6,23.33,1,1,6.0,0.0,0.0,0.0,0.0,0.16,1.0,0.0,0,0.0,0.0,36,19.61,7,2,5.14,0.0,0.0,0.25,0.0,92.31,0.657,0.0,0,0.0,0.0,30,-3.72,6,1,-0.86,0.0,0.0,0.25,0.0,92.15,-0.343,0.0,0,0.0,0.0
cdepillabout,60,34.95,26,1,2.31,0.017,0.0,0.0,0.0,232.32,0.407,0.0,0,0.0,0.0,40,36.65,26,1,1.54,0.0,0.0,0.0,0.0,485.04,0.205,0.0,0,0.0,0.0,-20,1.7,0,0,-0.77,-0.017,0.0,0.0,0.0,252.72,-0.202,0.0,0,0.0,0.0
TripleYei,6,16.0,3,3,2.0,0.0,0.0,0.0,0.0,1243.36,0.4,0.0,0,0.0,0.0,5,16.4,2,1,2.5,0.0,0.0,0.0,0.0,1950.7,0.5,0.0,0,0.0,0.0,-1,0.4,-1,-2,0.5,0.0,0.0,0.0,0.0,707.34,0.1,0.0,0,0.0,0.0
Rahul-Baradol,69,36.23,13,3,5.31,0.0,0.0,0.0,0.014,39.61,0.574,0.0,0,5.0,0.0,31,18.94,3,1,10.33,0.0,0.742,0.0,0.0,13.27,0.733,0.0,0,1.48,0.0,-38,-17.29,-10,-2,5.02,0.0,0.742,0.0,-0.014,-26.34,0.159,0.0,0,-3.52,0.0
dchae,37,11.05,12,3,3.08,0.0,0.0,0.027,0.0,438.77,0.222,0.0,0,0.0,0.0,43,18.09,16,2,2.69,0.0,0.0,0.023,0.0,222.9,0.333,0.0,0,0.0,0.0,6,7.04,4,-1,-0.39,0.0,0.0,-0.004,0.0,-215.87,0.111,0.0,0,0.0,0.0
norlove,31,23.32,7,3,4.43,0.0,0.0,0.0,0.0,72.03,0.767,0.0,0,0.0,0.0,10,29.8,3,2,3.33,0.0,0.0,0.0,0.0,786.5,0.778,0.0,0,0.0,0.0,-21,6.48,-4,-1,-1.1,0.0,0.0,0.0,0.0,714.47,0.011,0.0,0,0.0,0.0
selosele,9,9.44,3,1,3.0,0.0,0.0,0.0,0.0,2123.3,0.625,0.0,0,0.0,0.0,6,15.5,2,1,3.0,0.0,0.0,0.0,0.0,19.26,0.8,0.0,0,0.0,0.0,-3,6.06,-1,0,0.0,0.0,0.0,0.0,0.0,-2104.04,0.175,0.0,0,0.0,0.0
LorenzoSansone,11,20.36,5,2,2.2,0.0,0.0,0.0,0.0,840.28,0.3,0.0,0,0.0,0.0,87,29.49,13,3,6.69,0.0,0.0,0.115,0.023,142.85,0.547,0.0,0,0.0,0.0,76,9.13,8,1,4.49,0.0,0.0,0.115,0.023,-697.43,0.247,0.0,0,0.0,0.0
kasnerz,42,11.21,18,1,2.33,0.0,0.0,0.0,0.0,310.88,0.415,0.0,0,0.0,0.0,50,11.78,17,1,2.94,0.06,0.0,0.0,0.0,296.78,0.531,0.0,0,0.0,0.0,8,0.57,-1,0,0.61,0.06,0.0,0.0,0.0,-14.1,0.116,0.0,0,0.0,0.0
saptarshi1996,66,16.94,17,2,3.88,0.0,0.0,0.0,0.0,164.65,0.508,0.0,0,0.0,0.0,17,18.41,4,1,4.25,0.0,0.0,0.0,0.0,76.8,0.562,0.0,0,0.0,0.0,-49,1.47,-13,-1,0.37,0.0,0.0,0.0,0.0,-87.85,0.054,0.0,0,0.0,0.0
eiffelcsy,8,29.75,3,2,2.67,0.0,0.0,0.0,0.0,305.15,0.429,0.0,0,0.0,0.0,92,35.74,3,1,30.67,0.0,0.0,0.0,0.0,4.29,0.604,0.0,0,0.0,0.0,84,5.99,0,-1,28.0,0.0,0.0,0.0,0.0,-300.86,0.175,0.0,0,0.0,0.0
Elchin-Novruzov,19,16.89,2,5,9.5,0.0,0.0,0.0,0.0,17.27,0.889,0.0,0,0.0,0.0,8,16.0,3,3,2.67,0.0,0.0,0.0,0.0,99.9,0.714,0.0,0,0.0,0.0,-11,-0.89,1,-2,-6.83,0.0,0.0,0.0,0.0,82.63,-0.175,0.0,0,0.0,0.0
susannacifani,82,17.26,12,3,6.83,0.0,0.0,0.0,0.0,158.27,0.765,0.0,0,0.0,0.0,14,20.0,2,1,7.0,0.0,0.0,0.0,0.0,491.08,0.923,0.0,0,0.0,0.0,-68,2.74,-10,-2,0.17,0.0,0.0,0.0,0.0,332.81,0.158,0.0,0,0.0,0.0
toannd8302,28,35.64,5,5,5.6,0.0,0.0,0.0,0.0,198.1,0.519,0.0,0,7.5,0.0,6,16.0,3,1,2.0,0.0,0.0,0.0,0.0,2344.66,0.4,0.0,0,0.0,0.0,-22,-19.64,-2,-4,-3.6,0.0,0.0,0.0,0.0,2146.56,-0.119,0.0,0,-7.5,0.0
MarcpTr,22,16.32,4,3,5.5,0.0,0.0,0.0,0.0,344.89,0.762,0.0,0,0.0,0.0,78,12.45,21,4,3.71,0.0,0.0,0.0,0.0,257.03,0.429,0.0,0,0.0,0.0,56,-3.87,17,1,-1.79,0.0,0.0,0.0,0.0,-87.86,-0.333,0.0,0,0.0,0.0
Hecker-01,72,22.71,12,3,6.0,0.014,0.0,0.0,0.0,57.16,0.479,0.0,0,0.0,0.0,28,49.0,11,2,2.55,0.214,0.0,0.0,0.0,699.87,0.37,0.0,0,0.0,0.0,-44,26.29,-1,-1,-3.45,0.2,0.0,0.0,0.0,642.71,-0.109,0.0,0,0.0,0.0
zerkawei,12,16.33,6,3,2.0,0.0,0.0,0.083,0.0,979.82,0.545,0.0,0,0.0,0.0,31,24.94,10,2,3.1,0.065,0.0,0.0,0.0,276.59,0.333,0.0,0,0.0,0.0,19,8.61,4,-1,1.1,0.065,0.0,-0.083,0.0,-703.23,-0.212,0.0,0,0.0,0.0
toninavhd,6,17.33,2,1,3.0,0.0,0.0,0.0,0.0,464.53,0.8,0.0,0,0.0,0.0,94,13.14,14,4,6.71,0.0,0.0,0.0,0.0,175.25,0.742,0.0,0,0.0,0.0,88,-4.19,12,3,3.71,0.0,0.0,0.0,0.0,-289.28,-0.058,0.0,0,0.0,0.0
pramsey,32,48.38,17,1,1.88,0.281,0.0,0.094,0.0,465.04,0.355,0.0,0,0.0,0.0,52,55.92,19,1,2.74,0.288,0.0,0.077,0.058,363.65,0.471,0.0,0,141.0,1.0,20,7.54,2,0,0.86,0.007,0.0,-0.017,0.058,-101.39,0.116,0.0,0,141.0,1.0
michelesalvador,8,36.75,4,1,2.0,0.0,0.0,0.0,0.0,114.02,0.143,0.0,0,0.0,0.0,82,36.95,30,1,2.73,0.0,0.0,0.0,0.0,226.27,0.272,0.0,0,0.0,0.0,74,0.2,26,0,0.73,0.0,0.0,0.0,0.0,112.25,0.129,0.0,0,0.0,0.0
nicolarevelant,43,32.6,6,1,7.17,0.023,0.0,0.0,0.0,44.13,0.81,0.0,0,0.0,0.0,57,39.86,18,2,3.17,0.123,0.0,0.0,0.088,72.36,0.429,0.0,0,37.0,0.273,14,7.26,12,1,-4.0,0.1,0.0,0.0,0.088,28.23,-0.381,0.0,0,37.0,0.273
tsousa111,24,37.08,10,3,2.4,0.042,0.0,0.0,0.0,420.41,0.087,0.0,0,0.0,0.0,26,20.85,8,2,3.25,0.0,0.0,0.0,0.0,207.89,0.36,0.0,0,0.0,0.0,2,-16.23,-2,-1,0.85,-0.042,0.0,0.0,0.0,-212.52,0.273,0.0,0,0.0,0.0
OCNeve,5,28.2,2,2,2.5,0.0,0.0,0.0,0.0,1075.24,0.75,0.0,0,0.0,0.0,7,25.86,6,3,1.17,0.0,0.0,0.0,0.0,855.25,0.167,0.0,0,0.0,0.0,2,-2.34,4,1,-1.33,0.0,0.0,0.0,0.0,-219.99,-0.583,0.0,0,0.0,0.0
luis-ffe,71,14.86,8,3,8.88,0.0,0.0,0.0,0.0,22.04,0.743,0.0,0,0.0,0.0,29,16.0,6,1,4.83,0.0,0.0,0.0,0.0,372.26,0.786,0.0,0,0.0,0.0,-42,1.14,-2,-2,-4.05,0.0,0.0,0.0,0.0,350.22,0.043,0.0,0,0.0,0.0
Z3NTL3,71,16.87,12,1,5.92,0.0,0.0,0.0,0.0,214.25,0.729,0.0,0,0.0,0.0,9,18.33,9,1,1.0,0.0,0.0,0.0,0.0,2096.54,0.0,0.0,0,0.0,0.0,-62,1.46,-3,0,-4.92,0.0,0.0,0.0,0.0,1882.29,-0.729,0.0,0,0.0,0.0
Omarmoatz,32,23.5,8,5,4.0,0.0,0.0,0.0,0.0,68.38,0.387,0.0,0,0.0,0.0,68,24.24,9,5,7.56,0.0,0.0,0.015,0.0,78.49,0.552,0.0,0,0.0,0.0,36,0.74,1,0,3.56,0.0,0.0,0.015,0.0,10.11,0.165,0.0,0,0.0,0.0
tbeetech,54,13.8,8,3,6.75,0.074,0.0,0.0,0.0,240.57,0.755,0.0,0,0.0,0.0,14,19.21,4,1,3.5,0.143,0.0,0.0,0.0,431.68,0.615,0.0,0,0.0,0.0,-40,5.41,-4,-2,-3.25,0.069,0.0,0.0,0.0,191.11,-0.14,0.0,0,0.0,0.0
IgorGeneralov,19,18.58,5,1,3.8,0.0,0.0,0.0,0.0,129.0,0.722,0.0,0,0.0,0.0,63,23.4,7,3,9.0,0.048,0.0,0.0,0.0,23.54,0.806,0.0,0,0.0,0.0,44,4.82,2,2,5.2,0.048,0.0,0.0,0.0,-105.46,0.084,0.0,0,0.0,0.0
miquelflorensa,78,25.28,15,2,5.2,0.026,0.0,0.0,0.0,169.15,0.649,0.0,0,0.0,0.0,15,9.67,2,1,7.5,0.0,0.0,0.0,0.0,577.73,0.929,0.0,0,0.0,0.0,-63,-15.61,-13,-1,2.3,-0.026,0.0,0.0,0.0,408.58,0.28,0.0,0,0.0,0.0
Shahriar-Samir,22,14.91,2,2,11.0,0.0,0.0,0.0,0.0,75.7,0.905,0.0,0,0.0,0.0,15,12.67,1,3,15.0,0.0,0.0,0.0,0.0,2.9,0.857,0.0,0,0.0,0.0,-7,-2.24,-1,1,4.0,0.0,0.0,0.0,0.0,-72.8,-0.048,0.0,0,0.0,0.0
Ani2599,52,17.63,6,4,8.67,0.0,0.0,0.0,0.0,195.09,0.824,0.0,0,0.0,0.0,13,16.77,3,5,4.33,0.0,0.0,0.0,0.0,621.79,0.75,0.0,0,0.0,0.0,-39,-0.86,-3,1,-4.34,0.0,0.0,0.0,0.0,426.7,-0.074,0.0,0,0.0,0.0
DarrelA,94,31.63,21,2,4.48,0.0,0.0,0.0,0.0,164.31,0.215,0.0,0,0.0,0.0,6,16.0,6,1,1.0,0.0,0.0,0.0,0.0,1815.17,0.0,0.0,0,0.0,0.0,-88,-15.63,-15,-1,-3.48,0.0,0.0,0.0,0.0,1650.86,-0.215,0.0,0,0.0,0.0
shaikhu,5,19.4,3,2,1.67,0.0,0.0,0.0,0.0,1428.82,0.5,0.0,0,0.0,0.0,89,37.78,21,3,4.24,0.045,0.258,0.067,0.022,223.41,0.398,0.0,0,241.06,0.188,84,18.38,18,1,2.57,0.045,0.258,0.067,0.022,-1205.41,-0.102,0.0,0,241.06,0.188
kirtidasthere,7,6.14,2,4,3.5,0.0,0.0,0.0,0.0,208.97,0.5,0.0,0,0.0,0.0,14,10.36,6,1,2.33,0.0,0.0,0.0,0.0,123.83,0.077,0.0,0,0.0,0.0,7,4.22,4,-3,-1.17,0.0,0.0,0.0,0.0,-85.14,-0.423,0.0,0,0.0,0.0
Praharsha10,6,21.0,2,5,3.0,0.167,0.0,0.0,0.0,28.93,0.4,0.0,0,0.0,0.0,8,16.0,3,3,2.67,0.0,0.0,0.0,0.0,86.1,0.571,0.0,0,0.0,0.0,2,-5.0,1,-2,-0.33,-0.167,0.0,0.0,0.0,57.17,0.171,0.0,0,0.0,0.0
JayHeng,10,155.5,3,1,3.33,1.0,0.0,0.0,0.9,34.12,0.667,0.0,0,0.0,0.0,76,143.92,8,2,9.5,1.0,0.0,0.026,0.75,165.96,0.707,0.0,0,0.0,0.0,66,-11.58,5,1,6.17,0.0,0.0,0.026,-0.15,131.84,0.04,0.0,0,0.0,0.0
aaronparker,85,31.0,22,1,3.86,0.071,0.0,0.012,0.0,151.54,0.524,0.0,0,0.0,0.0,9,77.0,6,1,1.5,0.333,0.0,0.0,0.0,1700.95,0.375,0.0,0,0.0,0.0,-76,46.0,-16,0,-2.36,0.262,0.0,-0.012,0.0,1549.41,-0.149,0.0,0,0.0,0.0
pano9000,75,62.31,4,1,18.75,0.16,0.333,0.053,0.04,27.21,0.824,0.0,0,0.0,0.0,25,219.84,2,1,12.5,1.0,0.0,0.0,0.0,462.69,0.917,0.0,0,0.0,0.0,-50,157.53,-2,0,-6.25,0.84,-0.333,-0.053,-0.04,435.48,0.093,0.0,0,0.0,0.0
mete0rfish,55,12.11,13,4,4.23,0.018,0.0,0.0,0.0,223.77,0.648,0.0,0,0.0,0.0,45,18.98,24,1,1.88,0.044,0.022,0.0,0.0,400.05,0.341,0.0,0,0.0,0.0,-10,6.87,11,-3,-2.35,0.026,0.022,0.0,0.0,176.28,-0.307,0.0,0,0.0,0.0
fh2412,34,29.56,6,3,5.67,0.0,0.0,0.0,0.0,43.49,0.424,0.0,0,0.0,0.0,66,60.56,19,3,3.47,0.136,0.0,0.0,0.0,309.86,0.477,0.0,0,32.29,0.097,32,31.0,13,0,-2.2,0.136,0.0,0.0,0.0,266.37,0.053,0.0,0,32.29,0.097
Prat13k,18,16.22,7,1,2.57,0.0,0.0,0.0,0.0,377.02,0.235,0.0,0,0.0,0.0,82,24.55,11,2,7.45,0.037,0.0,0.0,0.0,150.75,0.605,0.0,0,0.0,0.0,64,8.33,4,1,4.88,0.037,0.0,0.0,0.0,-226.27,0.37,0.0,0,0.0,0.0
kevlu8,14,14.64,12,2,1.17,0.0,0.0,0.0,0.0,1139.25,0.154,0.0,0,0.0,0.0,14,30.14,12,1,1.17,0.071,0.0,0.0,0.0,1406.79,0.0,0.0,0,0.0,0.0,0,15.5,0,-1,0.0,0.071,0.0,0.0,0.0,267.54,-0.154,0.0,0,0.0,0.0
osaidalikhan,19,26.26,3,5,6.33,0.105,0.0,0.0,0.105,707.67,0.722,0.0,0,0.0,0.0,14,13.5,4,1,3.5,0.0,0.0,0.0,0.0,635.15,0.769,0.0,0,0.0,0.0,-5,-12.76,1,-4,-2.83,-0.105,0.0,0.0,-0.105,-72.52,0.047,0.0,0,0.0,0.0
fyzanahammad,15,36.73,1,1,15.0,0.2,0.0,0.0,0.0,0.3,1.0,0.0,0,0.0,0.0,27,22.0,4,3,6.75,0.037,0.0,0.0,0.0,33.33,0.538,0.0,0,0.0,0.0,12,-14.73,3,2,-8.25,-0.163,0.0,0.0,0.0,33.03,-0.462,0.0,0,0.0,0.0
bjohnso5,5,51.6,1,1,5.0,0.0,0.0,0.2,0.0,1.82,0.75,0.0,0,0.0,0.0,38,48.34,18,1,2.11,0.105,0.079,0.105,0.053,376.71,0.432,0.0,0,0.0,0.0,33,-3.26,17,0,-2.89,0.105,0.079,-0.095,0.053,374.89,-0.318,0.0,0,0.0,0.0
GeekPowered,28,30.43,11,3,2.55,0.0,0.0,0.0,0.0,388.57,0.63,0.0,0,0.0,0.0,5,21.2,5,2,1.0,0.0,0.0,0.0,0.0,4932.01,0.0,0.0,0,0.0,0.0,-23,-9.23,-6,-1,-1.55,0.0,0.0,0.0,0.0,4543.44,-0.63,0.0,0,0.0,0.0
blaineramsden,5,15.6,1,1,5.0,0.0,0.0,0.0,0.0,0.77,0.75,0.0,0,0.0,0.0,15,19.67,6,3,2.5,0.0,0.0,0.0,0.0,976.65,0.571,0.0,0,0.0,0.0,10,4.07,5,2,-2.5,0.0,0.0,0.0,0.0,975.88,-0.179,0.0,0,0.0,0.0
ghostleek,9,28.0,2,2,4.5,0.333,0.0,0.0,0.0,1196.44,0.875,0.0,0,0.0,0.0,10,40.9,2,2,5.0,0.3,0.0,0.0,0.0,1038.67,0.889,0.0,0,0.0,0.0,1,12.9,0,0,0.5,-0.033,0.0,0.0,0.0,-157.77,0.014,0.0,0,0.0,0.0
orhun,6,43.5,2,2,3.0,0.333,0.0,0.0,0.0,739.75,0.8,0.0,0,106.0,1.0,9,27.44,3,1,3.0,0.0,0.0,0.0,0.0,120.42,0.75,0.0,0,0.0,0.0,3,-16.06,1,-1,0.0,-0.333,0.0,0.0,0.0,-619.33,-0.05,0.0,0,-106.0,-1.0
poudel-bibek,83,17.58,10,3,8.3,0.0,0.0,0.0,0.0,190.02,0.744,0.0,0,0.0,0.0,17,12.94,5,1,3.4,0.0,0.0,0.0,0.0,820.3,0.688,0.0,0,0.0,0.0,-66,-4.64,-5,-2,-4.9,0.0,0.0,0.0,0.0,630.28,-0.056,0.0,0,0.0,0.0
joshre,9,41.89,4,1,2.25,0.444,0.0,0.0,0.0,828.33,0.5,0.0,0,0.0,0.0,74,93.7,17,1,4.35,0.176,0.0,0.0,0.149,246.72,0.658,0.0,0,0.0,0.0,65,51.81,13,0,2.1,-0.268,0.0,0.0,0.149,-581.61,0.158,0.0,0,0.0,0.0
haonan-li,6,8.67,1,1,6.0,0.0,0.0,0.0,0.0,4.29,0.8,0.0,0,0.0,0.0,23,18.96,8,2,2.88,0.217,0.0,0.174,0.0,791.64,0.636,0.0,0,0.0,0.0,17,10.29,7,1,-3.12,0.217,0.0,0.174,0.0,787.35,-0.164,0.0,0,0.0,0.0
YUGESHKARAN,21,19.76,4,1,5.25,0.0,0.0,0.0,0.0,33.69,0.55,0.0,0,0.0,0.0,37,20.03,15,5,2.47,0.0,0.0,0.0,0.0,472.09,0.417,0.0,0,0.0,0.0,16,0.27,11,4,-2.78,0.0,0.0,0.0,0.0,438.4,-0.133,0.0,0,0.0,0.0
marshuni,24,19.75,6,2,4.0,0.0,0.0,0.0,0.0,206.28,0.522,0.0,0,0.0,0.0,9,26.11,5,2,1.8,0.222,0.0,0.0,0.0,210.31,0.375,0.0,0,0.0,0.0,-15,6.36,-1,0,-2.2,0.222,0.0,0.0,0.0,4.03,-0.147,0.0,0,0.0,0.0
Ianu5,5,26.6,1,1,5.0,0.0,0.0,0.0,0.0,17.33,0.5,0.0,0,0.0,0.0,18,38.17,9,4,2.0,0.0,0.0,0.056,0.0,567.65,0.294,0.0,0,0.0,0.0,13,11.57,8,3,-3.0,0.0,0.0,0.056,0.0,550.32,-0.206,0.0,0,0.0,0.0
Guigui0812,49,17.22,13,5,3.77,0.02,0.0,0.0,0.0,230.16,0.583,0.0,0,0.0,0.0,6,34.17,6,1,1.0,0.167,0.0,0.0,0.0,2471.54,0.0,0.0,0,0.0,0.0,-43,16.95,-7,-4,-2.77,0.147,0.0,0.0,0.0,2241.38,-0.583,0.0,0,0.0,0.0
thomascamminady,40,28.32,10,1,4.0,0.075,0.0,0.0,0.025,317.63,0.641,0.0,0,0.0,0.0,57,255.46,6,1,9.5,0.614,0.0,0.088,0.404,224.8,0.857,0.0,0,28.5,0.167,17,227.14,-4,0,5.5,0.539,0.0,0.088,0.379,-92.83,0.216,0.0,0,28.5,0.167
lesedi-k,31,23.03,7,1,4.43,0.097,0.0,0.129,0.0,59.05,0.667,0.0,0,0.0,0.0,23,21.13,6,4,3.83,0.0,0.087,0.0,0.0,397.97,0.727,0.0,0,0.0,0.0,-8,-1.9,-1,3,-0.6,-0.097,0.087,-0.129,0.0,338.92,0.06,0.0,0,0.0,0.0
ambadran,28,29.86,10,4,2.8,0.179,0.0,0.036,0.0,376.2,0.519,0.0,0,0.0,0.0,17,17.94,6,4,2.83,0.0,0.0,0.0,0.0,844.23,0.562,0.0,0,0.0,0.0,-11,-11.92,-4,0,0.03,-0.179,0.0,-0.036,0.0,468.03,0.043,0.0,0,0.0,0.0
jonaspau,7,19.86,3,2,2.33,0.143,0.0,0.0,0.0,2055.73,0.5,0.0,0,0.0,0.0,18,27.28,4,1,4.5,0.0,0.0,0.0,0.0,441.77,0.824,0.0,0,0.0,0.0,11,7.42,1,-1,2.17,-0.143,0.0,0.0,0.0,-1613.96,0.324,0.0,0,0.0,0.0
mirhasalh,88,19.09,13,1,6.77,0.0,0.0,0.011,0.0,118.51,0.667,0.0,0,0.0,0.0,12,29.83,4,2,3.0,0.083,0.083,0.0,0.0,1325.15,0.727,0.0,0,0.0,0.0,-76,10.74,-9,1,-3.77,0.083,0.083,-0.011,0.0,1206.64,0.06,0.0,0,0.0,0.0
Hugodev88,14,16.64,2,2,7.0,0.0,0.0,0.0,0.0,507.74,0.846,0.0,0,0.0,0.0,8,14.25,3,3,2.67,0.0,0.0,0.0,0.0,312.55,0.429,0.0,0,0.0,0.0,-6,-2.39,1,1,-4.33,0.0,0.0,0.0,0.0,-195.19,-0.417,0.0,0,0.0,0.0
gbeckers,66,24.74,12,1,5.5,0.015,0.0,0.015,0.0,183.47,0.738,0.0,0,0.0,0.0,34,28.71,7,1,4.86,0.029,0.0,0.176,0.0,311.12,0.697,0.0,0,0.0,0.0,-32,3.97,-5,0,-0.64,0.014,0.0,0.161,0.0,127.65,-0.041,0.0,0,0.0,0.0
nicumicle,20,103.6,11,1,1.82,0.45,0.0,0.15,0.25,828.62,0.263,0.0,0,357.89,0.889,26,195.62,18,1,1.44,1.0,0.0,0.269,0.731,751.6,0.04,0.0,0,492.22,0.889,6,92.02,7,0,-0.38,0.55,0.0,0.119,0.481,-77.02,-0.223,0.0,0,134.33,0.0
darya-shynkevich,82,22.13,12,1,6.83,0.0,0.0,0.012,0.0,88.75,0.494,0.0,0,0.0,0.0,18,20.22,5,1,3.6,0.0,0.0,0.0,0.0,817.5,0.294,0.0,0,0.0,0.0,-64,-1.91,-7,0,-3.23,0.0,0.0,-0.012,0.0,728.75,-0.2,0.0,0,0.0,0.0
udanielnogueira,25,11.0,6,4,4.17,0.0,0.0,0.0,0.0,414.85,0.625,0.0,0,0.0,0.0,35,20.63,6,5,5.83,0.0,0.0,0.0,0.0,205.79,0.735,0.0,0,0.0,0.0,10,9.63,0,1,1.66,0.0,0.0,0.0,0.0,-209.06,0.11,0.0,0,0.0,0.0
gunesevitan,20,14.65,9,1,2.22,0.0,0.0,0.0,0.0,364.88,0.158,0.0,0,0.0,0.0,5,6.8,2,1,2.5,0.0,0.0,0.0,0.0,28.12,0.75,0.0,0,0.0,0.0,-15,-7.85,-7,0,0.28,0.0,0.0,0.0,0.0,-336.76,0.592,0.0,0,0.0,0.0
sunflow-er,33,21.3,2,1,16.5,0.03,0.0,0.0,0.0,8.98,0.906,0.0,0,0.0,0.0,67,27.09,5,1,13.4,0.0,0.0,0.0,0.0,11.12,0.682,0.0,0,0.0,0.0,34,5.79,3,0,-3.1,-0.03,0.0,0.0,0.0,2.14,-0.224,0.0,0,0.0,0.0
will-ockmore,20,27.95,7,1,2.86,0.05,0.0,0.0,0.0,681.83,0.421,0.0,0,0.0,0.0,9,6.89,6,1,1.5,0.0,0.0,0.0,0.0,1926.97,0.125,0.0,0,0.0,0.0,-11,-21.06,-1,0,-1.36,-0.05,0.0,0.0,0.0,1245.14,-0.296,0.0,0,0.0,0.0
Ayush2649,53,21.57,3,3,17.67,0.0,0.0,0.0,0.019,6.03,0.865,0.0,0,0.0,0.0,20,20.45,6,3,3.33,0.0,0.0,0.0,0.0,137.28,0.632,0.0,0,0.0,0.0,-33,-1.12,3,0,-14.34,0.0,0.0,0.0,-0.019,131.25,-0.233,0.0,0,0.0,0.0
Gautzilla,14,30.86,2,1,7.0,0.286,0.0,0.0,0.0,20.68,0.538,0.0,0,56.12,0.3,79,17.44,10,2,7.9,0.013,0.0,0.0,0.0,220.36,0.538,0.0,0,0.0,0.0,65,-13.42,8,1,0.9,-0.273,0.0,0.0,0.0,199.68,0.0,0.0,0,-56.12,-0.3
mikeee,56,79.57,14,2,4.0,0.607,0.018,0.018,0.0,155.62,0.545,0.0,0,0.0,0.0,14,117.36,11,2,1.27,0.929,0.071,0.0,0.0,553.6,0.154,0.0,0,0.0,0.0,-42,37.79,-3,0,-2.73,0.322,0.053,-0.018,0.0,397.98,-0.391,0.0,0,0.0,0.0
weetmuts,68,29.75,8,1,8.5,0.0,0.0,0.029,0.0,191.51,0.731,0.0,0,0.0,0.0,20,30.7,4,1,5.0,0.0,0.0,0.05,0.0,332.61,0.526,0.0,0,0.0,0.0,-48,0.95,-4,0,-3.5,0.0,0.0,0.021,0.0,141.1,-0.205,0.0,0,0.0,0.0
bmeinert8,5,14.4,3,2,1.67,0.0,0.0,0.0,0.0,336.35,0.5,0.0,0,0.0,0.0,18,22.33,5,4,3.6,0.0,0.0,0.0,0.0,76.31,0.294,0.0,0,0.0,0.0,13,7.93,2,2,1.93,0.0,0.0,0.0,0.0,-260.04,-0.206,0.0,0,0.0,0.0
soubhagyacodes,6,16.83,3,3,2.0,0.0,0.0,0.0,0.0,239.16,0.4,0.0,0,0.0,0.0,14,29.57,2,1,7.0,0.0,0.0,0.0,0.714,2.67,0.692,0.0,0,0.0,0.0,8,12.74,-1,-2,5.0,0.0,0.0,0.0,0.714,-236.49,0.292,0.0,0,0.0,0.0
AlexGustafsson,10,16.6,6,1,1.67,0.0,0.0,0.0,0.0,441.71,0.333,0.0,0,0.0,0.0,8,70.5,1,1,8.0,0.375,0.0,0.0,0.0,0.2,1.0,0.0,0,319.0,1.0,-2,53.9,-5,0,6.33,0.375,0.0,0.0,0.0,-441.51,0.667,0.0,0,319.0,1.0
RonMon80,20,12.65,5,4,4.0,0.0,0.0,0.0,0.0,134.21,0.316,0.0,0,0.0,0.0,41,29.83,6,3,6.83,0.0,0.0,0.0,0.0,107.39,0.75,0.0,0,0.0,0.0,21,17.18,1,-1,2.83,0.0,0.0,0.0,0.0,-26.82,0.434,0.0,0,0.0,0.0
Astrea0014,33,23.33,5,3,6.6,0.03,0.0,0.0,0.0,182.69,0.562,0.0,0,0.0,0.0,10,18.2,5,2,2.0,0.0,0.0,0.0,0.0,629.27,0.333,0.0,0,0.0,0.0,-23,-5.13,0,-1,-4.6,-0.03,0.0,0.0,0.0,446.58,-0.229,0.0,0,0.0,0.0
Neo-Diamons,91,51.33,14,2,6.5,0.0,0.868,0.132,0.0,47.11,0.678,0.0,0,0.0,0.0,9,28.11,4,1,2.25,0.0,0.222,0.0,0.0,1024.55,0.375,0.0,0,0.0,0.0,-82,-23.22,-10,-1,-4.25,0.0,-0.646,-0.132,0.0,977.44,-0.303,0.0,0,0.0,0.0
yoas30,7,69.14,2,1,3.5,0.571,0.0,0.0,0.0,46.74,0.333,0.0,0,0.0,0.0,8,1361.75,4,3,2.0,0.75,0.0,0.25,0.0,233.01,0.286,0.0,0,0.0,0.0,1,1292.61,2,2,-1.5,0.179,0.0,0.25,0.0,186.27,-0.047,0.0,0,0.0,0.0
rohanvenkatesha,32,17.31,3,5,10.67,0.0,0.0,0.0,0.0,31.99,0.935,0.0,0,0.0,0.0,52,24.52,6,2,8.67,0.077,0.0,0.0,0.0,280.08,0.863,0.0,0,0.0,0.0,20,7.21,3,-3,-2.0,0.077,0.0,0.0,0.0,248.09,-0.072,0.0,0,0.0,0.0
repryty,48,9.94,16,4,3.0,0.0,0.0,0.0,0.0,263.22,0.489,0.0,0,0.0,0.0,19,21.74,9,4,2.11,0.0,0.0,0.0,0.0,735.87,0.389,0.0,0,0.0,0.0,-29,11.8,-7,0,-0.89,0.0,0.0,0.0,0.0,472.65,-0.1,0.0,0,0.0,0.0
rmpranto,28,16.0,4,1,7.0,0.0,0.0,0.0,0.0,115.31,0.852,0.0,0,0.0,0.0,9,16.0,1,1,9.0,0.0,0.0,0.0,0.0,0.12,1.0,0.0,0,0.0,0.0,-19,0.0,-3,0,2.0,0.0,0.0,0.0,0.0,-115.19,0.148,0.0,0,0.0,0.0
EasyCanadianGamer,21,17.29,3,4,7.0,0.0,0.0,0.0,0.0,62.46,0.85,0.0,0,0.0,0.0,6,64.33,2,2,3.0,0.0,0.0,0.0,0.0,946.05,0.6,0.0,0,0.0,0.0,-15,47.04,-1,-2,-4.0,0.0,0.0,0.0,0.0,883.59,-0.25,0.0,0,0.0,0.0
filipejml,10,17.5,3,3,3.33,0.0,0.0,0.0,0.0,310.08,0.778,0.0,0,0.0,0.0,10,16.0,2,1,5.0,0.0,0.0,0.0,0.0,981.59,0.889,0.0,0,0.0,0.0,0,-1.5,-1,-2,1.67,0.0,0.0,0.0,0.0,671.51,0.111,0.0,0,0.0,0.0
devvyyxyz,63,15.92,4,4,15.75,0.016,0.0,0.0,0.0,41.49,0.855,0.0,0,0.0,0.0,21,58.52,4,1,5.25,0.0,0.0,0.0,0.0,727.95,0.85,0.0,0,0.0,0.0,-42,42.6,0,-3,-10.5,-0.016,0.0,0.0,0.0,686.46,-0.005,0.0,0,0.0,0.0
aripins,13,17.31,5,4,2.6,0.077,0.0,0.0,0.0,887.53,0.667,0.0,0,0.0,0.0,5,24.0,3,2,1.67,0.0,0.0,0.0,0.0,1283.48,0.5,0.0,0,0.0,0.0,-8,6.69,-2,-2,-0.93,-0.077,0.0,0.0,0.0,395.95,-0.167,0.0,0,0.0,0.0
devsjc,13,17.69,4,4,3.25,0.0,0.0,0.0,0.0,776.13,0.5,0.0,0,0.0,0.0,87,32.31,45,1,1.93,0.0,1.0,0.011,0.0,200.59,0.209,0.0,0,0.0,0.0,74,14.62,41,-3,-1.32,0.0,1.0,0.011,0.0,-575.54,-0.291,0.0,0,0.0,0.0
Ogwen123,60,30.37,20,5,3.0,0.017,0.0,0.033,0.0,179.54,0.373,0.0,0,0.0,0.0,11,31.91,5,2,2.2,0.182,0.0,0.0,0.0,300.03,0.3,0.0,0,0.0,0.0,-49,1.54,-15,-3,-0.8,0.165,0.0,-0.033,0.0,120.49,-0.073,0.0,0,0.0,0.0
ianhaddock,22,36.0,7,3,3.14,0.318,0.0,0.0,0.0,142.77,0.476,0.0,0,0.0,0.0,63,37.76,9,2,7.0,0.175,0.016,0.048,0.0,279.52,0.758,0.0,0,24.88,0.062,41,1.76,2,-1,3.86,-0.143,0.016,0.048,0.0,136.75,0.282,0.0,0,24.88,0.062
giovanipires,6,25.83,1,1,6.0,0.167,0.0,0.0,0.0,0.22,1.0,0.0,0,0.0,0.0,36,35.94,3,1,12.0,0.139,0.0,0.0,0.0,119.96,0.857,0.0,0,0.0,0.0,30,10.11,2,0,6.0,-0.028,0.0,0.0,0.0,119.74,-0.143,0.0,0,0.0,0.0
jcalvinowens,35,180.54,5,3,7.0,0.457,0.0,0.0,0.0,172.9,0.765,0.0,0,0.0,0.0,6,245.5,4,4,1.5,0.5,0.0,0.0,0.0,3484.34,0.2,0.0,0,0.0,0.0,-29,64.96,-1,1,-5.5,0.043,0.0,0.0,0.0,3311.44,-0.565,0.0,0,0.0,0.0
mnvr,29,26.45,20,1,1.45,0.069,0.0,0.0,0.034,474.63,0.107,0.0,0,0.0,0.0,71,21.99,23,1,3.09,0.085,0.0,0.0,0.014,184.45,0.4,0.0,0,0.0,0.0,42,-4.46,3,0,1.64,0.016,0.0,0.0,-0.02,-290.18,0.293,0.0,0,0.0,0.0
ysle0,95,27.24,10,3,9.5,0.011,0.116,0.0,0.0,114.5,0.66,0.0,0,0.0,0.0,5,24.4,2,2,2.5,0.2,0.2,0.0,0.0,1196.23,0.5,0.0,0,0.0,0.0,-90,-2.84,-8,-1,-7.0,0.189,0.084,0.0,0.0,1081.73,-0.16,0.0,0,0.0,0.0
leaffur,10,15.0,2,2,5.0,0.0,0.0,0.0,0.0,62.26,0.889,0.0,0,0.0,0.0,63,31.62,11,4,5.73,0.333,0.0,0.0,0.0,123.63,0.726,0.0,0,0.44,0.0,53,16.62,9,2,0.73,0.333,0.0,0.0,0.0,61.37,-0.163,0.0,0,0.44,0.0
tomrss,74,27.23,19,1,3.89,0.027,0.0,0.0,0.0,119.71,0.534,0.0,0,0.0,0.0,26,29.38,7,1,3.71,0.038,0.0,0.0,0.038,484.81,0.52,0.0,0,0.0,0.0,-48,2.15,-12,0,-0.18,0.011,0.0,0.0,0.038,365.1,-0.014,0.0,0,0.0,0.0
841723,51,14.98,11,1,4.64,0.02,0.0,0.0,0.0,36.91,0.44,0.0,0,0.0,0.0,49,20.22,12,5,4.08,0.0,0.0,0.224,0.0,376.62,0.729,0.0,0,65.5,0.5,-2,5.24,1,4,-0.56,-0.02,0.0,0.224,0.0,339.71,0.289,0.0,0,65.5,0.5
TakeASwing-420,7,21.57,1,1,7.0,0.0,0.0,0.0,0.0,0.58,0.833,0.0,0,0.0,0.0,81,26.19,14,3,5.79,0.123,0.0,0.0,0.0,89.52,0.637,0.0,0,233.0,1.0,74,4.62,13,2,-1.21,0.123,0.0,0.0,0.0,88.94,-0.196,0.0,0,233.0,1.0
BlueBerryBB9,93,17.81,7,1,13.29,0.0,0.0,0.0,0.0,13.0,0.696,0.0,0,0.0,0.0,7,16.57,1,1,7.0,0.0,0.0,0.0,0.0,2.56,0.833,0.0,0,0.0,0.0,-86,-1.24,-6,0,-6.29,0.0,0.0,0.0,0.0,-10.44,0.137,0.0,0,0.0,0.0
yakatyansh,84,29.48,13,2,6.46,0.083,0.0,0.0,0.0,158.78,0.639,0.0,0,0.0,0.0,16,34.5,9,1,1.78,0.188,0.0,0.0,0.0,1154.07,0.333,0.0,0,0.0,0.0,-68,5.02,-4,-1,-4.68,0.105,0.0,0.0,0.0,995.29,-0.306,0.0,0,0.0,0.0
egarrisxn,47,52.98,4,1,11.75,0.574,0.0,0.043,0.0,26.36,0.674,0.0,0,6.77,0.077,53,10.02,16,2,3.31,0.0,0.0,0.038,0.0,188.66,0.519,0.0,0,0.0,0.0,6,-42.96,12,1,-8.44,-0.574,0.0,-0.005,0.0,162.3,-0.155,0.0,0,-6.77,-0.077
shoma-mano,5,13.2,3,2,1.67,0.0,0.0,0.0,0.0,3802.52,0.5,0.0,0,0.0,0.0,28,19.25,5,2,5.6,0.0,0.393,0.036,0.0,109.39,0.815,0.0,0,0.0,0.0,23,6.05,2,0,3.93,0.0,0.393,0.036,0.0,-3693.13,0.315,0.0,0,0.0,0.0
vskode,34,71.56,7,1,4.86,0.265,0.0,0.088,0.029,61.82,0.788,0.0,0,60.7,0.5,66,93.74,22,1,3.0,0.076,0.0,0.091,0.076,301.35,0.477,0.0,0,155.14,0.571,32,22.18,15,0,-1.86,-0.189,0.0,0.003,0.047,239.53,-0.311,0.0,0,94.44,0.071
gracygulati7,22,6.32,3,1,7.33,0.0,0.0,0.0,0.0,94.61,0.619,0.0,0,0.0,0.0,78,6.53,19,2,4.11,0.0,0.0,0.0,0.0,66.25,0.156,0.0,0,0.0,0.0,56,0.21,16,1,-3.22,0.0,0.0,0.0,0.0,-28.36,-0.463,0.0,0,0.0,0.0
tmaster-terrarian,20,11.7,8,4,2.5,0.0,0.0,0.0,0.0,371.36,0.368,0.0,0,0.0,0.0,5,5.0,3,1,1.67,0.0,0.0,0.0,0.0,709.04,0.0,0.0,0,0.0,0.0,-15,-6.7,-5,-3,-0.83,0.0,0.0,0.0,0.0,337.68,-0.368,0.0,0,0.0,0.0
nnourr,58,23.5,5,2,11.6,0.017,0.0,0.0,0.0,252.54,0.772,0.0,0,0.0,0.0,14,20.5,3,2,4.67,0.071,0.0,0.0,0.0,1336.0,0.769,0.0,0,9.38,0.0,-44,-3.0,-2,0,-6.93,0.054,0.0,0.0,0.0,1083.46,-0.003,0.0,0,9.38,0.0
raimonvibe,89,17.81,10,1,8.9,0.0,0.0,0.0,0.0,115.49,0.807,0.0,0,0.0,0.0,11,22.36,4,1,2.75,0.0,0.0,0.0,0.0,160.93,0.7,0.0,0,0.0,0.0,-78,4.55,-6,0,-6.15,0.0,0.0,0.0,0.0,45.44,-0.107,0.0,0,0.0,0.0
JeelGajera,35,21.43,17,3,2.06,0.029,0.0,0.0,0.0,445.88,0.294,0.0,0,0.0,0.0,7,40.0,5,1,1.4,0.143,0.0,0.0,0.0,1315.47,0.333,0.0,0,0.0,0.0,-28,18.57,-12,-2,-0.66,0.114,0.0,0.0,0.0,869.59,0.039,0.0,0,0.0,0.0
tejas-contentstack,11,23.18,4,2,2.75,0.091,0.0,0.091,0.0,426.26,0.5,0.0,0,0.0,0.0,21,14.67,4,1,5.25,0.0,0.0,0.333,0.0,226.99,0.75,0.0,0,0.0,0.0,10,-8.51,0,-1,2.5,-0.091,0.0,0.242,0.0,-199.27,0.25,0.0,0,0.0,0.0
hojat72elect,59,68.29,8,1,7.38,0.119,0.0,0.017,0.119,47.67,0.345,0.0,0,0.0,0.0,41,30.24,11,2,3.73,0.049,0.0,0.049,0.0,381.69,0.5,0.0,0,0.0,0.0,-18,-38.05,3,1,-3.65,-0.07,0.0,0.032,-0.119,334.02,0.155,0.0,0,0.0,0.0
eukarpov,6,44.67,3,1,2.0,0.0,0.0,0.5,0.0,112.52,0.0,0.0,0,0.0,0.0,52,71.6,24,1,2.17,0.231,0.0,0.269,0.0,340.38,0.078,0.0,0,46.33,0.296,46,26.93,21,0,0.17,0.231,0.0,-0.231,0.0,227.86,0.078,0.0,0,46.33,0.296
ArthurVal,15,37.53,6,2,2.5,0.0,0.0,0.0,0.0,1062.51,0.429,0.0,0,0.0,0.0,55,37.31,9,2,6.11,0.0,0.0,0.018,0.0,280.84,0.667,0.0,0,0.0,0.0,40,-0.22,3,0,3.61,0.0,0.0,0.018,0.0,-781.67,0.238,0.0,0,0.0,0.0
berkerol,9,14.78,3,4,3.0,0.0,0.0,0.0,0.0,77.73,0.75,0.0,0,0.0,0.0,7,55.0,2,4,3.5,0.0,0.0,0.0,0.0,33.57,0.833,0.0,0,0.0,0.0,-2,40.22,-1,0,0.5,0.0,0.0,0.0,0.0,-44.16,0.083,0.0,0,0.0,0.0
juanpabloinformatica,10,23.2,2,2,5.0,0.0,0.0,0.0,0.0,462.53,0.667,0.0,0,0.0,0.0,9,37.78,5,2,1.8,0.333,0.0,0.0,0.0,177.3,0.5,0.0,0,50.0,0.333,-1,14.58,3,0,-3.2,0.333,0.0,0.0,0.0,-285.23,-0.167,0.0,0,50.0,0.333
pablomarquezb78,14,22.57,1,1,14.0,0.0,0.0,0.0,0.0,1.81,0.846,0.0,0,0.0,0.0,86,28.31,6,3,14.33,0.0,0.0,0.0,0.0,109.07,0.812,0.0,0,0.0,0.0,72,5.74,5,2,0.33,0.0,0.0,0.0,0.0,107.26,-0.034,0.0,0,0.0,0.0
athowes,38,15.87,24,2,1.58,0.0,0.0,0.0,0.0,286.69,0.27,0.0,0,0.0,0.0,62,17.32,28,1,2.21,0.016,0.0,0.0,0.0,315.54,0.443,0.0,0,0.0,0.0,24,1.45,4,-1,0.63,0.016,0.0,0.0,0.0,28.85,0.173,0.0,0,0.0,0.0
ryyseeXVI,44,31.2,6,4,7.33,0.364,0.0,0.0,0.0,101.24,0.814,0.0,0,0.0,0.0,22,27.41,14,2,1.57,0.0,0.0,0.0,0.0,758.17,0.238,0.0,0,0.0,0.0,-22,-3.79,8,-2,-5.76,-0.364,0.0,0.0,0.0,656.93,-0.576,0.0,0,0.0,0.0
1405yuga,75,26.45,19,5,3.95,0.027,0.0,0.0,0.093,206.65,0.446,0.0,0,0.0,0.0,6,28.33,4,1,1.5,0.0,0.0,0.0,0.167,1102.54,0.4,0.0,0,0.0,0.0,-69,1.88,-15,-4,-2.45,-0.027,0.0,0.0,0.074,895.89,-0.046,0.0,0,0.0,0.0
yvvki,16,44.88,5,3,3.2,0.0,0.0,0.0,0.0,753.22,0.467,0.0,0,0.0,0.0,12,21.58,2,1,6.0,0.0,0.0,0.0,0.0,185.04,0.727,0.0,0,0.0,0.0,-4,-23.3,-3,-2,2.8,0.0,0.0,0.0,0.0,-568.18,0.26,0.0,0,0.0,0.0
myungjinki,10,38.3,3,2,3.33,0.4,0.0,0.1,0.0,188.44,0.778,0.0,0,0.0,0.0,22,29.68,5,3,4.4,0.227,0.0,0.0,0.0,955.86,0.762,0.0,0,0.0,0.0,12,-8.62,2,1,1.07,-0.173,0.0,-0.1,0.0,767.42,-0.016,0.0,0,0.0,0.0
tomiaa12,6,12.33,2,1,3.0,0.0,0.167,0.0,0.0,13.36,0.4,0.0,0,0.0,0.0,93,33.09,35,2,2.66,0.075,0.817,0.0,0.022,200.95,0.293,0.0,0,0.0,0.0,87,20.76,33,1,-0.34,0.075,0.65,0.0,0.022,187.59,-0.107,0.0,0,0.0,0.0
giiuk,11,17.55,8,4,1.38,0.0,0.0,0.0,0.0,491.82,0.2,0.0,0,0.0,0.0,6,15.0,5,1,1.2,0.0,0.0,0.0,0.167,168.2,0.2,0.0,0,0.0,0.0,-5,-2.55,-3,-3,-0.18,0.0,0.0,0.0,0.167,-323.62,0.0,0.0,0,0.0,0.0
kruttko,23,16.22,4,2,5.75,0.043,0.0,0.0,0.0,165.51,0.636,0.0,0,27.0,0.0,63,9.22,15,3,4.2,0.0,0.0,0.0,0.0,292.81,0.597,0.0,0,0.0,0.0,40,-7.0,11,1,-1.55,-0.043,0.0,0.0,0.0,127.3,-0.039,0.0,0,-27.0,0.0
FAITH-ORAN,17,18.18,6,3,2.83,0.059,0.0,0.0,0.0,963.36,0.625,0.0,0,0.0,0.0,7,16.0,2,1,3.5,0.0,0.0,0.0,0.0,593.02,0.833,0.0,0,0.0,0.0,-10,-2.18,-4,-2,0.67,-0.059,0.0,0.0,0.0,-370.34,0.208,0.0,0,0.0,0.0
Paulo-Pacheco-Junior,45,15.91,9,5,5.0,0.0,0.0,0.0,0.0,266.18,0.75,0.0,0,0.0,0.0,43,16.0,12,2,3.58,0.0,0.0,0.0,0.0,279.86,0.69,0.0,0,0.0,0.0,-2,0.09,3,-3,-1.42,0.0,0.0,0.0,0.0,13.68,-0.06,0.0,0,0.0,0.0
Nebu0528,31,16.0,10,2,3.1,0.0,0.0,0.0,0.0,250.49,0.567,0.0,0,0.0,0.0,19,35.58,11,1,1.73,0.211,0.0,0.0,0.0,704.13,0.167,0.0,0,0.0,0.0,-12,19.58,1,-1,-1.37,0.211,0.0,0.0,0.0,453.64,-0.4,0.0,0,0.0,0.0
V5lMG,7,5.43,3,1,2.33,0.0,0.0,0.0,0.0,112.19,0.5,0.0,0,0.0,0.0,83,28.98,9,4,9.22,0.084,0.0,0.048,0.012,50.98,0.476,0.0,0,82.0,0.5,76,23.55,6,3,6.89,0.084,0.0,0.048,0.012,-61.21,-0.024,0.0,0,82.0,0.5
LewisLosa,21,15.33,5,2,4.2,0.0,0.0,0.0,0.0,751.73,0.8,0.0,0,0.0,0.0,20,14.75,5,4,4.0,0.0,0.0,0.05,0.0,381.45,0.684,0.0,0,0.0,0.0,-1,-0.58,0,2,-0.2,0.0,0.0,0.05,0.0,-370.28,-0.116,0.0,0,0.0,0.0
miguelklemmsilva,24,47.88,6,3,4.0,0.125,0.0,0.0,0.0,212.6,0.739,0.0,0,55.6,0.4,40,18.68,6,3,6.67,0.0,0.0,0.025,0.0,136.01,0.718,0.0,0,0.0,0.0,16,-29.2,0,0,2.67,-0.125,0.0,0.025,0.0,-76.59,-0.021,0.0,0,-55.6,-0.4
rensawamo,56,22.46,10,5,5.6,0.036,0.0,0.0,0.0,229.48,0.745,0.0,0,0.0,0.0,24,27.21,7,2,3.43,0.292,0.083,0.0,0.0,112.48,0.565,0.0,0,0.0,0.0,-32,4.75,-3,-3,-2.17,0.256,0.083,0.0,0.0,-117.0,-0.18,0.0,0,0.0,0.0
HimanshuJ011,23,15.83,15,2,1.53,0.0,0.0,0.0,0.0,364.02,0.318,0.0,0,0.0,0.0,8,36.62,4,1,2.0,0.25,0.0,0.0,0.0,2136.29,0.571,0.0,0,0.0,0.0,-15,20.79,-11,-1,0.47,0.25,0.0,0.0,0.0,1772.27,0.253,0.0,0,0.0,0.0
manish14071,7,18.0,3,5,2.33,0.0,0.0,0.0,0.0,301.19,0.333,0.0,0,0.0,0.0,10,15.5,3,1,3.33,0.0,0.0,0.0,0.0,248.44,0.667,0.0,0,0.0,0.0,3,-2.5,0,-4,1.0,0.0,0.0,0.0,0.0,-52.75,0.334,0.0,0,0.0,0.0
William-eng,6,38.33,3,2,2.0,0.167,0.0,0.0,0.0,933.8,0.8,0.0,0,0.0,0.0,10,17.6,5,2,2.0,0.0,0.0,0.0,0.0,446.18,0.556,0.0,0,0.0,0.0,4,-20.73,2,0,0.0,-0.167,0.0,0.0,0.0,-487.62,-0.244,0.0,0,0.0,0.0
AadityaPanda,24,16.83,6,4,4.0,0.0,0.0,0.0,0.0,214.73,0.739,0.0,0,0.0,0.0,37,28.51,5,5,7.4,0.108,0.0,0.0,0.0,328.45,0.583,0.0,0,0.0,0.0,13,11.68,-1,1,3.4,0.108,0.0,0.0,0.0,113.72,-0.156,0.0,0,0.0,0.0
ElliotJasper,32,56.94,13,2,2.46,0.0,0.0,0.094,0.0,195.76,0.129,0.0,0,0.0,0.0,68,42.63,12,3,5.67,0.147,0.309,0.015,0.147,140.54,0.716,0.0,0,0.0,0.0,36,-14.31,-1,1,3.21,0.147,0.309,-0.079,0.147,-55.22,0.587,0.0,0,0.0,0.0
donghyuun,78,19.62,13,4,6.0,0.09,0.0,0.0,0.0,47.07,0.714,0.0,0,0.0,0.0,22,19.59,5,2,4.4,0.0,0.0,0.0,0.091,313.34,0.81,0.0,0,0.0,0.0,-56,-0.03,-8,-2,-1.6,-0.09,0.0,0.0,0.091,266.27,0.096,0.0,0,0.0,0.0
flleeppyy,42,27.45,21,1,2.0,0.048,0.571,0.0,0.024,294.88,0.415,0.0,0,0.0,0.0,30,32.03,21,1,1.43,0.2,0.267,0.0,0.0,590.99,0.276,0.0,0,0.0,0.0,-12,4.58,0,0,-0.57,0.152,-0.304,0.0,-0.024,296.11,-0.139,0.0,0,0.0,0.0
acandrewchow,74,28.18,22,4,3.36,0.0,0.0,0.0,0.0,196.28,0.521,0.0,0,0.0,0.0,23,28.22,6,1,3.83,0.0,0.0,0.0,0.0,328.47,0.545,0.0,0,0.0,0.0,-51,0.04,-16,-3,0.47,0.0,0.0,0.0,0.0,132.19,0.024,0.0,0,0.0,0.0
dspereira,33,21.06,4,3,8.25,0.091,0.0,0.03,0.0,167.9,0.781,0.0,0,0.0,0.0,7,16.86,3,3,2.33,0.0,0.0,0.0,0.0,1103.11,0.667,0.0,0,0.0,0.0,-26,-4.2,-1,0,-5.92,-0.091,0.0,-0.03,0.0,935.21,-0.114,0.0,0,0.0,0.0
mhd329,31,24.19,16,1,1.94,0.0,0.0,0.0,0.0,351.89,0.267,0.0,0,0.0,0.0,13,19.85,4,1,3.25,0.0,0.0,0.0,0.0,256.12,0.667,0.0,0,0.0,0.0,-18,-4.34,-12,0,1.31,0.0,0.0,0.0,0.0,-95.77,0.4,0.0,0,0.0,0.0
GauravDhuri,20,32.55,2,1,10.0,0.0,0.0,0.0,0.0,8.91,0.526,0.0,0,0.0,0.0,76,30.51,9,4,8.44,0.0,0.0,0.0,0.0,37.71,0.693,0.0,0,0.0,0.0,56,-2.04,7,3,-1.56,0.0,0.0,0.0,0.0,28.8,0.167,0.0,0,0.0,0.0
MrDoe,19,26.26,8,3,2.38,0.053,0.0,0.0,0.0,605.75,0.389,0.0,0,0.0,0.0,5,191.0,2,1,2.5,0.4,0.0,0.0,0.2,1434.78,0.75,0.0,0,0.0,0.0,-14,164.74,-6,-2,0.12,0.347,0.0,0.0,0.2,829.03,0.361,0.0,0,0.0,0.0
domjos1994,8,16.25,1,1,8.0,0.0,0.0,0.0,0.0,5.26,0.571,0.0,0,0.0,0.0,16,15.75,3,2,5.33,0.0,0.0,0.0,0.0,203.29,0.467,0.0,0,0.0,0.0,8,-0.5,2,1,-2.67,0.0,0.0,0.0,0.0,198.03,-0.104,0.0,0,0.0,0.0
eggerk,26,19.46,11,1,2.36,0.0,0.0,0.0,0.0,600.17,0.52,0.0,0,0.0,0.0,38,19.34,10,1,3.8,0.0,0.0,0.0,0.0,503.89,0.676,0.0,0,0.0,0.0,12,-0.12,-1,0,1.44,0.0,0.0,0.0,0.0,-96.28,0.156,0.0,0,0.0,0.0
33jonatassilva,66,16.06,3,5,22.0,0.015,0.0,0.0,0.03,5.92,0.708,0.0,0,0.0,0.0,7,16.0,5,1,1.4,0.0,0.0,0.0,0.0,368.77,0.333,0.0,0,0.0,0.0,-59,-0.06,2,-4,-20.6,-0.015,0.0,0.0,-0.03,362.85,-0.375,0.0,0,0.0,0.0
BikashKakati,13,20.15,10,5,1.3,0.154,0.0,0.0,0.0,628.22,0.25,0.0,0,0.0,0.0,8,16.5,7,1,1.14,0.0,0.0,0.0,0.0,2068.45,0.143,0.0,0,0.0,0.0,-5,-3.65,-3,-4,-0.16,-0.154,0.0,0.0,0.0,1440.23,-0.107,0.0,0,0.0,0.0
minhjih,6,12.0,2,1,3.0,0.0,0.0,0.0,0.0,4.72,0.6,0.0,0,0.0,0.0,93,29.83,9,2,10.33,0.075,0.0,0.0,0.0,171.15,0.87,0.0,0,1875.86,0.857,87,17.83,7,1,7.33,0.075,0.0,0.0,0.0,166.43,0.27,0.0,0,1875.86,0.857
gulsaharslan,11,21.09,2,2,5.5,0.0,0.0,0.0,0.0,378.61,0.7,0.0,0,0.0,0.0,21,23.81,4,3,5.25,0.0,0.0,0.0,0.0,117.15,0.8,0.0,0,0.0,0.0,10,2.72,2,1,-0.25,0.0,0.0,0.0,0.0,-261.46,0.1,0.0,0,0.0,0.0
liuxinyu95,60,32.25,15,1,4.0,0.017,0.0,0.0,0.033,71.96,0.458,0.0,0,262.0,1.0,40,37.25,14,1,2.86,0.0,0.0,0.0,0.15,427.04,0.487,0.0,0,0.0,0.0,-20,5.0,-1,0,-1.14,-0.017,0.0,0.0,0.117,355.08,0.029,0.0,0,-262.0,-1.0
davidnixon,17,67.59,5,2,3.4,0.588,0.294,0.118,0.118,413.6,0.688,0.0,0,0.0,0.0,38,121.61,12,1,3.17,0.842,0.053,0.026,0.026,340.07,0.622,0.0,0,0.0,0.0,21,54.02,7,-1,-0.23,0.254,-0.241,-0.092,-0.092,-73.53,-0.066,0.0,0,0.0,0.0
ibproduct,14,37.36,5,2,2.8,0.5,0.0,0.0,0.071,448.81,0.538,0.0,0,9.0,0.0,26,38.85,8,4,3.25,0.192,0.0,0.0,0.0,450.54,0.68,0.0,0,8.33,0.0,12,1.49,3,2,0.45,-0.308,0.0,0.0,-0.071,1.73,0.142,0.0,0,-0.67,0.0
WolfieKnee,93,25.95,9,3,10.33,0.129,0.0,0.0,0.0,24.94,0.793,0.0,0,0.0,0.0,7,20.29,5,3,1.4,0.143,0.0,0.0,0.0,523.87,0.333,0.0,0,0.0,0.0,-86,-5.66,-4,0,-8.93,0.014,0.0,0.0,0.0,498.93,-0.46,0.0,0,0.0,0.0
hallmason17,5,13.8,1,1,5.0,0.0,0.0,0.0,0.0,0.13,1.0,0.0,0,0.0,0.0,8,28.0,5,1,1.6,0.25,0.0,0.0,0.0,1175.87,0.286,0.0,0,0.0,0.0,3,14.2,4,0,-3.4,0.25,0.0,0.0,0.0,1175.74,-0.714,0.0,0,0.0,0.0
SirJul1337,20,15.9,4,1,5.0,0.0,0.0,0.0,0.0,749.16,0.789,0.0,0,0.0,0.0,26,22.27,3,3,8.67,0.0,0.0,0.0,0.0,325.04,0.76,0.0,0,0.0,0.0,6,6.37,-1,2,3.67,0.0,0.0,0.0,0.0,-424.12,-0.029,0.0,0,0.0,0.0
NRG-BUILDS,95,19.56,19,3,5.0,0.011,0.0,0.0,0.0,90.02,0.574,0.0,0,0.0,0.0,5,34.8,3,1,1.67,0.2,0.0,0.0,0.0,4020.24,0.5,0.0,0,0.0,0.0,-90,15.24,-16,-2,-3.33,0.189,0.0,0.0,0.0,3930.22,-0.074,0.0,0,0.0,0.0
zehraseren,94,20.53,7,3,13.43,0.0,0.0,0.0,0.0,51.26,0.871,0.0,0,0.0,0.0,6,16.0,4,1,1.5,0.0,0.0,0.0,0.0,1773.8,0.4,0.0,0,0.0,0.0,-88,-4.53,-3,-2,-11.93,0.0,0.0,0.0,0.0,1722.54,-0.471,0.0,0,0.0,0.0
ThomasLuypaert,64,34.05,6,1,10.67,0.109,0.0,0.141,0.016,49.2,0.794,0.0,0,0.0,0.0,36,30.97,10,1,3.6,0.0,0.0,0.028,0.028,284.07,0.543,0.0,0,0.0,0.0,-28,-3.08,4,0,-7.07,-0.109,0.0,-0.113,0.012,234.87,-0.251,0.0,0,0.0,0.0
jhasegaw,9,15.22,7,1,1.29,0.0,0.0,0.0,0.0,222.48,0.125,0.0,0,0.0,0.0,21,9.1,9,1,2.33,0.0,0.0,0.0,0.0,262.78,0.25,0.0,0,0.0,0.0,12,-6.12,2,0,1.04,0.0,0.0,0.0,0.0,40.3,0.125,0.0,0,0.0,0.0
ShotaArima,80,21.34,16,4,5.0,0.0,0.0,0.0,0.0,63.22,0.595,0.0,0,0.0,0.0,20,23.95,6,1,3.33,0.2,0.0,0.0,0.05,506.07,0.737,0.0,0,0.0,0.0,-60,2.61,-10,-3,-1.67,0.2,0.0,0.0,0.05,442.85,0.142,0.0,0,0.0,0.0
lucasglasner,12,21.75,7,2,1.71,0.0,0.0,0.0,0.0,296.4,0.455,0.0,0,0.0,0.0,86,15.73,4,1,21.5,0.0,0.0,0.0,0.0,94.62,0.906,0.0,0,0.0,0.0,74,-6.02,-3,-1,19.79,0.0,0.0,0.0,0.0,-201.78,0.451,0.0,0,0.0,0.0
LordMax2,13,35.23,2,1,6.5,0.154,0.0,0.231,0.0,30.32,0.75,0.0,0,0.0,0.0,87,38.62,16,2,5.44,0.115,0.0,0.011,0.0,235.42,0.547,0.0,0,4.54,0.077,74,3.39,14,1,-1.06,-0.039,0.0,-0.22,0.0,205.1,-0.203,0.0,0,4.54,0.077
DhruvSuvarna,76,21.62,14,4,5.43,0.013,0.0,0.0,0.0,80.36,0.653,0.0,0,0.0,0.0,11,35.36,3,3,3.67,0.273,0.0,0.0,0.0,34.42,0.8,0.0,0,0.0,0.0,-65,13.74,-11,-1,-1.76,0.26,0.0,0.0,0.0,-45.94,0.147,0.0,0,0.0,0.0
katycat5e,24,49.96,13,2,1.85,0.25,0.0,0.0,0.0,670.91,0.13,0.0,0,1.43,0.0,55,48.38,15,2,3.67,0.382,0.0,0.0,0.0,350.42,0.444,0.0,0,26.2,0.2,31,-1.58,2,0,1.82,0.132,0.0,0.0,0.0,-320.49,0.314,0.0,0,24.77,0.2
amirrr,42,20.86,12,3,3.5,0.0,0.0,0.0,0.0,378.12,0.61,0.0,0,0.0,0.0,20,98.45,5,2,4.0,0.1,0.3,0.0,0.05,355.79,0.737,0.0,0,740.0,1.0,-22,77.59,-7,-1,0.5,0.1,0.3,0.0,0.05,-22.33,0.127,0.0,0,740.0,1.0
satrya070,23,29.83,9,4,2.56,0.261,0.0,0.0,0.0,350.98,0.227,0.0,0,5.43,0.0,42,40.0,11,1,3.82,0.238,0.0,0.0,0.0,262.81,0.463,0.0,0,17.0,0.1,19,10.17,2,-3,1.26,-0.023,0.0,0.0,0.0,-88.17,0.236,0.0,0,11.57,0.1
MuhammadIbrahimbaig,43,20.33,6,2,7.17,0.093,0.0,0.0,0.0,60.59,0.357,0.0,0,0.0,0.0,57,11.19,16,3,3.56,0.0,0.0,0.0,0.0,121.08,0.232,0.0,0,0.0,0.0,14,-9.14,10,1,-3.61,-0.093,0.0,0.0,0.0,60.49,-0.125,0.0,0,0.0,0.0
eriicdesousa,70,32.19,8,1,8.75,0.014,0.0,0.0,0.0,202.04,0.899,0.0,0,0.0,0.0,30,39.83,9,1,3.33,0.0,0.0,0.0,0.0,633.29,0.517,0.0,0,0.0,0.0,-40,7.64,1,0,-5.42,-0.014,0.0,0.0,0.0,431.25,-0.382,0.0,0,0.0,0.0
romankudravcev,52,23.37,7,3,7.43,0.038,0.0,0.0,0.019,108.48,0.706,0.0,0,359.0,1.0,16,60.62,5,1,3.2,0.375,0.0,0.062,0.0,486.67,0.6,0.0,0,0.0,0.0,-36,37.25,-2,-2,-4.23,0.337,0.0,0.062,-0.019,378.19,-0.106,0.0,0,-359.0,-1.0
Vargos98,14,35.29,7,2,2.0,0.286,0.0,0.0,0.0,411.29,0.308,0.0,0,0.0,0.0,86,28.34,12,1,7.17,0.047,0.0,0.0,0.0,132.46,0.741,0.0,0,0.0,0.0,72,-6.95,5,-1,5.17,-0.239,0.0,0.0,0.0,-278.83,0.433,0.0,0,0.0,0.0
dattali18,31,17.87,10,3,3.1,0.0,0.0,0.0,0.0,87.99,0.6,0.0,0,0.0,0.0,24,31.67,12,1,2.0,0.125,0.0,0.0,0.0,713.66,0.478,0.0,0,0.0,0.0,-7,13.8,2,-2,-1.1,0.125,0.0,0.0,0.0,625.67,-0.122,0.0,0,0.0,0.0
Lgonson,13,16.85,3,3,4.33,0.0,0.0,0.0,0.077,275.2,0.75,0.0,0,0.0,0.0,29,28.83,6,1,4.83,0.034,0.0,0.0,0.0,309.81,0.786,0.0,0,0.0,0.0,16,11.98,3,-2,0.5,0.034,0.0,0.0,-0.077,34.61,0.036,0.0,0,0.0,0.0
winstxnhdw,75,25.81,15,1,5.0,0.0,0.707,0.013,0.0,65.4,0.676,0.0,0,0.0,0.0,25,27.96,10,1,2.5,0.0,1.0,0.0,0.0,736.95,0.583,0.0,0,0.0,0.0,-50,2.15,-5,0,-2.5,0.0,0.293,-0.013,0.0,671.55,-0.093,0.0,0,0.0,0.0
pinin4fjords,7,111.29,5,1,1.4,0.286,0.0,0.143,0.286,528.14,0.333,0.0,0,194.56,0.722,19,84.84,11,1,1.73,0.368,0.0,0.053,0.368,954.94,0.278,0.0,0,690.0,1.0,12,-26.45,6,0,0.33,0.082,0.0,-0.09,0.082,426.8,-0.055,0.0,0,495.44,0.278
Vremold,13,22.85,8,3,1.62,0.077,0.0,0.0,0.0,1049.91,0.167,0.0,0,0.0,0.0,10,40.1,3,1,3.33,0.2,0.0,0.0,0.1,88.82,0.444,0.0,0,0.0,0.0,-3,17.25,-5,-2,1.71,0.123,0.0,0.0,0.1,-961.09,0.277,0.0,0,0.0,0.0
IvanaEscobar,19,28.32,6,1,3.17,0.0,0.0,0.0,0.0,60.04,0.444,0.0,0,265.08,0.821,81,30.48,37,1,2.19,0.025,0.0,0.0,0.012,242.21,0.412,0.0,0,36.73,0.182,62,2.16,31,0,-0.98,0.025,0.0,0.0,0.012,182.17,-0.032,0.0,0,-228.35,-0.639
henshingly,8,13.5,2,1,4.0,0.0,0.0,0.0,0.0,10.07,0.714,0.0,0,0.0,0.0,29,124.34,10,2,2.9,0.793,0.0,0.0,0.034,701.11,0.286,0.0,0,755.0,1.0,21,110.84,8,1,-1.1,0.793,0.0,0.0,0.034,691.04,-0.428,0.0,0,755.0,1.0
utelle,14,138.36,10,1,1.4,0.643,0.0,0.0,0.0,1296.0,0.231,0.0,0,0.0,0.0,28,150.57,14,1,2.0,0.5,0.0,0.0,0.25,553.69,0.444,0.0,0,0.0,0.0,14,12.21,4,0,0.6,-0.143,0.0,0.0,0.25,-742.31,0.213,0.0,0,0.0,0.0
HAJEKEL,40,31.62,11,3,3.64,0.05,0.0,0.0,0.0,172.91,0.41,0.0,0,0.0,0.0,38,29.03,9,3,4.22,0.026,0.0,0.0,0.0,94.69,0.541,0.0,0,0.0,0.0,-2,-2.59,-2,0,0.58,-0.024,0.0,0.0,0.0,-78.22,0.131,0.0,0,0.0,0.0
jmoenig,37,44.89,15,1,2.47,0.135,0.0,0.0,0.081,436.19,0.278,0.0,0,0.0,0.0,28,51.25,18,1,1.56,0.214,0.0,0.0,0.036,730.03,0.259,0.0,0,0.0,0.0,-9,6.36,3,0,-0.91,0.079,0.0,0.0,-0.045,293.84,-0.019,0.0,0,0.0,0.0
Surasia,12,16.83,5,1,2.4,0.0,0.0,0.0,0.0,1023.27,0.636,0.0,0,0.0,0.0,31,25.65,10,2,3.1,0.065,0.129,0.0,0.0,252.19,0.567,0.0,0,384.5,1.0,19,8.82,5,1,0.7,0.065,0.129,0.0,0.0,-771.08,-0.069,0.0,0,384.5,1.0
SuchanaNag002,14,21.21,7,3,2.0,0.143,0.0,0.0,0.0,1252.37,0.538,0.0,0,0.0,0.0,6,16.0,3,1,2.0,0.0,0.0,0.0,0.0,2073.81,0.6,0.0,0,0.0,0.0,-8,-5.21,-4,-2,0.0,-0.143,0.0,0.0,0.0,821.44,0.062,0.0,0,0.0,0.0
davidorme,49,52.57,16,1,3.06,0.02,0.0,0.0,0.122,336.48,0.562,0.0,0,763.0,1.0,22,62.68,3,1,7.33,0.136,0.0,0.0,0.091,314.35,0.714,0.0,0,307.33,1.0,-27,10.11,-13,0,4.27,0.116,0.0,0.0,-0.031,-22.13,0.152,0.0,0,-455.67,0.0
ChessZra,56,18.84,8,4,7.0,0.0,0.0,0.071,0.0,104.19,0.782,0.0,0,0.0,0.0,5,17.0,4,2,1.25,0.0,0.0,0.0,0.0,3678.25,0.25,0.0,0,0.0,0.0,-51,-1.84,-4,-2,-5.75,0.0,0.0,-0.071,0.0,3574.06,-0.532,0.0,0,0.0,0.0
namkyu1999,11,16.0,7,1,1.57,0.0,0.0,0.0,0.0,1394.79,0.3,0.0,0,0.0,0.0,15,16.0,12,1,1.25,0.0,0.0,0.0,0.0,495.2,0.143,0.0,0,0.0,0.0,4,0.0,5,0,-0.32,0.0,0.0,0.0,0.0,-899.59,-0.157,0.0,0,0.0,0.0
Ankit8848,14,29.07,7,1,2.0,0.357,0.0,0.0,0.0,670.71,0.462,0.0,0,0.0,0.0,30,16.1,6,1,5.0,0.0,0.0,0.0,0.0,686.06,0.759,0.0,0,0.0,0.0,16,-12.97,-1,0,3.0,-0.357,0.0,0.0,0.0,15.35,0.297,0.0,0,0.0,0.0
utam0k,11,34.27,7,1,1.57,0.636,0.0,0.0,0.0,1051.08,0.1,0.0,0,0.0,0.0,75,133.76,18,1,4.17,0.96,0.427,0.013,0.28,201.63,0.527,0.0,0,0.0,0.0,64,99.49,11,0,2.6,0.324,0.427,0.013,0.28,-849.45,0.427,0.0,0,0.0,0.0
joon363,6,16.67,1,2,6.0,0.0,0.0,0.0,0.0,0.03,1.0,0.0,0,0.0,0.0,40,12.18,4,4,10.0,0.0,0.0,0.0,0.0,139.15,0.821,0.0,0,0.0,0.0,34,-4.49,3,2,4.0,0.0,0.0,0.0,0.0,139.12,-0.179,0.0,0,0.0,0.0
Caiomosmy,12,14.58,6,1,2.0,0.0,0.0,0.0,0.0,151.34,0.545,0.0,0,0.0,0.0,88,20.43,14,2,6.29,0.068,0.0,0.0,0.034,127.12,0.471,0.0,0,0.0,0.0,76,5.85,8,1,4.29,0.068,0.0,0.0,0.034,-24.22,-0.074,0.0,0,0.0,0.0
Blaadam,85,18.0,11,4,7.73,0.059,0.0,0.012,0.012,163.07,0.631,0.0,0,0.0,0.0,15,21.87,9,3,1.67,0.2,0.0,0.0,0.0,941.5,0.357,0.0,0,0.0,0.0,-70,3.87,-2,-1,-6.06,0.141,0.0,-0.012,-0.012,778.43,-0.274,0.0,0,0.0,0.0
MikeStarina,11,31.09,4,3,2.75,0.273,0.0,0.0,0.0,326.21,0.4,0.0,0,0.0,0.0,89,34.45,34,1,2.62,0.348,0.0,0.034,0.0,178.07,0.489,0.0,0,2.07,0.024,78,3.36,30,-2,-0.13,0.075,0.0,0.034,0.0,-148.14,0.089,0.0,0,2.07,0.024
loafoe,38,119.26,26,1,1.46,1.0,0.0,0.026,0.0,431.31,0.243,0.0,0,0.0,0.0,9,127.67,2,1,4.5,1.0,0.0,0.0,0.0,269.45,0.875,0.0,0,0.0,0.0,-29,8.41,-24,0,3.04,0.0,0.0,-0.026,0.0,-161.86,0.632,0.0,0,0.0,0.0
1337est,9,27.22,1,1,9.0,0.0,0.0,0.0,0.0,6.43,0.5,0.0,0,0.0,0.0,46,48.09,7,3,6.57,0.043,0.0,0.0,0.0,187.77,0.578,0.0,0,0.0,0.0,37,20.87,6,2,-2.43,0.043,0.0,0.0,0.0,181.34,0.078,0.0,0,0.0,0.0
raybbian,5,14.0,4,1,1.25,0.0,0.0,0.0,0.0,3123.84,0.0,0.0,0,0.0,0.0,95,33.38,21,1,4.52,0.0,0.0,0.095,0.0,79.9,0.383,0.0,0,0.0,0.0,90,19.38,17,0,3.27,0.0,0.0,0.095,0.0,-3043.94,0.383,0.0,0,0.0,0.0
tomwyr,32,76.53,12,1,2.67,0.438,0.0,0.0,0.0,489.67,0.581,0.0,0,0.0,0.0,9,26.33,4,1,2.25,0.0,0.0,0.0,0.0,970.18,0.375,0.0,0,0.0,0.0,-23,-50.2,-8,0,-0.42,-0.438,0.0,0.0,0.0,480.51,-0.206,0.0,0,0.0,0.0
codereport,10,19.7,3,1,3.33,0.0,0.0,0.0,0.0,96.3,0.444,0.0,0,0.0,0.0,90,26.8,37,1,2.43,0.011,0.0,0.0,0.0,119.97,0.303,0.0,0,0.0,0.0,80,7.1,34,0,-0.9,0.011,0.0,0.0,0.0,23.67,-0.141,0.0,0,0.0,0.0
MarkVI2,42,27.07,6,2,7.0,0.143,0.0,0.0,0.0,110.52,0.732,0.0,0,0.0,0.0,28,44.96,7,3,4.0,0.321,0.0,0.0,0.036,294.76,0.519,0.0,0,35.5,0.5,-14,17.89,1,1,-3.0,0.178,0.0,0.0,0.036,184.24,-0.213,0.0,0,35.5,0.5
IgorSilvestre,35,24.86,8,5,4.38,0.0,0.0,0.0,0.0,283.08,0.588,0.0,0,0.0,0.0,19,33.26,5,2,3.8,0.0,0.105,0.0,0.0,582.99,0.389,0.0,0,0.0,0.0,-16,8.4,-3,-3,-0.58,0.0,0.105,0.0,0.0,299.91,-0.199,0.0,0,0.0,0.0
joanadecastro,18,15.89,3,4,6.0,0.0,0.0,0.0,0.0,28.15,0.647,0.0,0,0.0,0.0,9,26.0,4,1,2.25,0.778,0.0,0.0,0.0,1879.22,0.25,0.0,0,0.0,0.0,-9,10.11,1,-3,-3.75,0.778,0.0,0.0,0.0,1851.07,-0.397,0.0,0,0.0,0.0
realfakenerd,55,15.75,8,2,6.88,0.018,0.0,0.0,0.0,281.21,0.537,0.0,0,0.0,0.0,22,40.45,6,2,3.67,0.136,0.091,0.0,0.0,471.82,0.524,0.0,0,0.0,0.0,-33,24.7,-2,0,-3.21,0.118,0.091,0.0,0.0,190.61,-0.013,0.0,0,0.0,0.0
MatrPaivaDev,16,23.25,3,2,5.33,0.0,0.0,0.0,0.0,113.86,0.667,0.0,0,0.0,0.0,5,15.6,3,1,1.67,0.0,0.0,0.0,0.0,1419.73,0.25,0.0,0,0.0,0.0,-11,-7.65,0,-1,-3.66,0.0,0.0,0.0,0.0,1305.87,-0.417,0.0,0,0.0,0.0
joethei,34,50.97,20,3,1.7,0.235,0.0,0.029,0.029,436.92,0.303,0.0,0,0.0,0.0,13,53.54,7,2,1.86,0.385,0.0,0.0,0.231,1222.31,0.5,0.0,0,0.0,0.0,-21,2.57,-13,-1,0.16,0.15,0.0,-0.029,0.202,785.39,0.197,0.0,0,0.0,0.0
MrAlucardDante,12,46.08,4,1,3.0,0.333,0.667,0.0,0.0,227.25,0.636,0.0,0,0.0,0.0,54,36.11,25,2,2.16,0.056,0.926,0.0,0.0,252.26,0.434,0.0,0,0.0,0.0,42,-9.97,21,1,-0.84,-0.277,0.259,0.0,0.0,25.01,-0.202,0.0,0,0.0,0.0
user-jiyichen,5,16.8,2,1,2.5,0.0,0.0,0.0,0.0,46.73,0.75,0.0,0,0.0,0.0,79,64.46,11,2,7.18,0.316,0.0,0.0,0.013,159.45,0.756,0.0,0,1296.67,1.0,74,47.66,9,1,4.68,0.316,0.0,0.0,0.013,112.72,0.006,0.0,0,1296.67,1.0
lazer002,12,22.0,3,1,4.0,0.417,0.0,0.0,0.0,124.31,0.545,0.0,0,0.0,0.0,88,14.27,15,2,5.87,0.057,0.0,0.0,0.0,69.87,0.609,0.0,0,2.0,0.0,76,-7.73,12,1,1.87,-0.36,0.0,0.0,0.0,-54.44,0.064,0.0,0,2.0,0.0
ivann1302,23,23.96,7,1,3.29,0.0,0.0,0.0,0.0,175.55,0.455,0.0,0,0.0,0.0,77,66.25,14,3,5.5,0.195,0.26,0.0,0.065,197.05,0.513,0.0,0,10.75,0.0,54,42.29,7,2,2.21,0.195,0.26,0.0,0.065,21.5,0.058,0.0,0,10.75,0.0
dioclecio,25,32.04,9,4,2.78,0.04,0.0,0.0,0.0,401.93,0.583,0.0,0,0.0,0.0,10,41.0,5,2,2.0,0.0,0.0,0.0,0.1,860.24,0.222,0.0,0,0.0,0.0,-15,8.96,-4,-2,-0.78,-0.04,0.0,0.0,0.1,458.31,-0.361,0.0,0,0.0,0.0
peterweissdk,27,19.89,3,2,9.0,0.037,0.0,0.0,0.074,111.89,0.692,0.0,0,0.0,0.0,71,32.31,14,3,5.07,0.042,0.0,0.0,0.0,256.2,0.529,0.0,0,0.0,0.0,44,12.42,11,1,-3.93,0.005,0.0,0.0,-0.074,144.31,-0.163,0.0,0,0.0,0.0
JsunJ,51,36.41,19,1,2.68,0.0,0.0,0.0,0.059,292.67,0.16,0.0,0,0.0,0.0,31,39.19,12,2,2.58,0.0,0.0,0.0,0.226,330.35,0.2,0.0,0,0.0,0.0,-20,2.78,-7,1,-0.1,0.0,0.0,0.0,0.167,37.68,0.04,0.0,0,0.0,0.0
jgaehring,33,35.18,9,1,3.67,0.0,0.0,0.0,0.0,278.91,0.656,0.0,0,14.0,0.0,8,61.25,2,1,4.0,0.25,0.0,0.0,0.0,1790.69,0.714,0.0,0,0.0,0.0,-25,26.07,-7,0,0.33,0.25,0.0,0.0,0.0,1511.78,0.058,0.0,0,-14.0,0.0
Donguinha,10,15.5,1,1,10.0,0.0,0.0,0.0,0.0,0.76,0.889,0.0,0,0.0,0.0,90,17.91,14,3,6.43,0.0,0.0,0.0,0.0,172.14,0.494,0.0,0,0.0,0.0,80,2.41,13,2,-3.57,0.0,0.0,0.0,0.0,171.38,-0.395,0.0,0,0.0,0.0
leejuhanKr,83,62.12,16,2,5.19,0.0,0.06,0.0,0.0,137.74,0.476,0.0,0,0.0,0.0,17,73.88,9,1,1.89,0.0,0.0,0.0,0.0,1012.76,0.312,0.0,0,0.0,0.0,-66,11.76,-7,-1,-3.3,0.0,-0.06,0.0,0.0,875.02,-0.164,0.0,0,0.0,0.0
hazemadelkhalel,94,18.6,6,2,15.67,0.032,0.0,0.0,0.0,133.05,0.914,0.0,0,0.0,0.0,6,16.0,4,1,1.5,0.0,0.0,0.0,0.0,3563.81,0.4,0.0,0,0.0,0.0,-88,-2.6,-2,-1,-14.17,-0.032,0.0,0.0,0.0,3430.76,-0.514,0.0,0,0.0,0.0
DanielRendox,10,52.0,2,1,5.0,0.3,0.0,0.0,0.0,955.87,0.778,0.0,0,2227.8,0.8,90,90.29,11,1,8.18,0.311,0.011,0.122,0.089,29.41,0.573,0.0,0,1151.83,0.833,80,38.29,9,0,3.18,0.011,0.011,0.122,0.089,-926.46,-0.205,0.0,0,-1075.97,0.033
llinauer,81,27.07,17,5,4.76,0.012,0.0,0.025,0.0,203.16,0.762,0.0,0,0.0,0.0,14,20.57,11,1,1.27,0.0,0.071,0.0,0.0,1377.91,0.231,0.0,0,0.0,0.0,-67,-6.5,-6,-4,-3.49,-0.012,0.071,-0.025,0.0,1174.75,-0.531,0.0,0,0.0,0.0
AlienWolfX,16,16.62,11,1,1.45,0.188,0.0,0.0,0.0,765.73,0.267,0.0,0,0.0,0.0,76,21.75,23,1,3.3,0.0,0.0,0.026,0.0,245.14,0.613,0.0,0,0.0,0.0,60,5.13,12,0,1.85,-0.188,0.0,0.026,0.0,-520.59,0.346,0.0,0,0.0,0.0
SnepCnep,6,15.67,3,1,2.0,0.0,0.0,0.0,0.0,128.98,0.6,0.0,0,0.0,0.0,94,28.45,19,2,4.95,0.106,0.0,0.0,0.021,187.23,0.634,0.0,0,0.0,0.0,88,12.78,16,1,2.95,0.106,0.0,0.0,0.021,58.25,0.034,0.0,0,0.0,0.0
alex8ndr,32,26.66,7,2,4.57,0.031,0.0,0.0,0.0,231.58,0.581,0.0,0,0.0,0.0,62,20.39,17,3,3.65,0.032,0.0,0.0,0.0,283.26,0.443,0.0,0,0.0,0.0,30,-6.27,10,1,-0.92,0.001,0.0,0.0,0.0,51.68,-0.138,0.0,0,0.0,0.0
asterism0s,66,22.29,16,5,4.12,0.015,0.0,0.0,0.0,158.04,0.492,0.0,0,0.0,0.0,23,26.48,14,1,1.64,0.043,0.0,0.0,0.0,881.41,0.364,0.0,0,0.0,0.0,-43,4.19,-2,-4,-2.48,0.028,0.0,0.0,0.0,723.37,-0.128,0.0,0,0.0,0.0
J-B-Mugundh,35,20.77,11,4,3.18,0.057,0.0,0.0,0.029,189.88,0.559,0.0,0,0.0,0.0,22,21.41,6,1,3.67,0.0,0.0,0.0,0.0,531.32,0.619,0.0,0,0.0,0.0,-13,0.64,-5,-3,0.49,-0.057,0.0,0.0,-0.029,341.44,0.06,0.0,0,0.0,0.0
Hwasowl,57,23.35,15,3,3.8,0.0,0.596,0.0,0.105,217.35,0.679,0.0,0,0.0,0.0,43,52.35,9,1,4.78,0.14,0.674,0.0,0.14,233.61,0.5,0.0,0,110.31,0.562,-14,29.0,-6,-2,0.98,0.14,0.078,0.0,0.035,16.26,-0.179,0.0,0,110.31,0.562
thomasriecke,6,10.67,3,2,2.0,0.0,0.0,0.0,0.0,938.6,0.6,0.0,0,0.0,0.0,67,26.82,14,5,4.79,0.0,0.0,0.0,0.0,214.61,0.576,0.0,0,0.0,0.0,61,16.15,11,3,2.79,0.0,0.0,0.0,0.0,-723.99,-0.024,0.0,0,0.0,0.0
cedrazgabriel,21,19.38,3,2,7.0,0.0,0.0,0.0,0.0,421.83,0.45,0.0,0,0.0,0.0,5,33.8,1,1,5.0,0.0,1.0,0.0,0.0,22.36,0.5,0.0,0,0.0,0.0,-16,14.42,-2,-1,-2.0,0.0,1.0,0.0,0.0,-399.47,0.05,0.0,0,0.0,0.0
SumonPaul18,15,16.2,5,2,3.0,0.0,0.0,0.0,0.0,726.24,0.714,0.0,0,0.0,0.0,85,17.48,16,2,5.31,0.0,0.0,0.0,0.0,124.77,0.786,0.0,0,0.0,0.0,70,1.28,11,0,2.31,0.0,0.0,0.0,0.0,-601.47,0.072,0.0,0,0.0,0.0
Nauaho,58,32.64,15,3,3.87,0.0,0.0,0.034,0.017,89.34,0.281,0.0,0,0.0,0.0,16,42.94,4,2,4.0,0.062,0.0,0.375,0.0,35.86,0.333,0.0,0,0.0,0.0,-42,10.3,-11,-1,0.13,0.062,0.0,0.341,-0.017,-53.48,0.052,0.0,0,0.0,0.0
sumomo015,36,97.08,6,1,6.0,0.472,0.028,0.0,0.0,26.23,0.457,0.0,0,0.0,0.0,64,52.88,24,2,2.67,0.031,0.938,0.031,0.0,251.67,0.079,0.0,0,115.17,0.907,28,-44.2,18,1,-3.33,-0.441,0.91,0.031,0.0,225.44,-0.378,0.0,0,115.17,0.907
mrnugget,92,36.0,37,1,2.49,0.022,0.0,0.011,0.0,148.34,0.264,0.0,0,0.0,0.0,8,42.12,5,1,1.6,0.0,0.0,0.0,0.0,1315.65,0.143,0.0,0,351.0,1.0,-84,6.12,-32,0,-0.89,-0.022,0.0,-0.011,0.0,1167.31,-0.121,0.0,0,351.0,1.0
g-lippe,51,18.35,9,3,5.67,0.039,0.0,0.078,0.0,79.18,0.6,0.0,0,0.0,0.0,25,21.28,5,2,5.0,0.04,0.0,0.04,0.0,24.74,0.542,0.0,0,0.0,0.0,-26,2.93,-4,-1,-0.67,0.001,0.0,-0.038,0.0,-54.44,-0.058,0.0,0,0.0,0.0
OBookBook,90,34.4,5,2,18.0,0.0,0.0,0.0,0.0,34.81,0.775,0.0,0,0.0,0.0,10,16.0,5,1,2.0,0.0,0.0,0.0,0.0,1766.86,0.333,0.0,0,0.0,0.0,-80,-18.4,0,-1,-16.0,0.0,0.0,0.0,0.0,1732.05,-0.442,0.0,0,0.0,0.0
sumerishere,28,30.21,5,5,5.6,0.036,0.0,0.0,0.0,297.17,0.704,0.0,0,0.0,0.0,13,16.0,7,1,1.86,0.0,0.0,0.0,0.0,1465.47,0.417,0.0,0,0.0,0.0,-15,-14.21,2,-4,-3.74,-0.036,0.0,0.0,0.0,1168.3,-0.287,0.0,0,0.0,0.0
imanishpushkar,8,35.75,4,2,2.0,0.25,0.0,0.0,0.125,524.48,0.429,0.0,0,0.0,0.0,10,28.7,3,3,3.33,0.1,0.0,0.0,0.0,1331.92,0.667,0.0,0,0.0,0.0,2,-7.05,-1,1,1.33,-0.15,0.0,0.0,-0.125,807.44,0.238,0.0,0,0.0,0.0
jendrikseipp,7,35.86,3,1,2.33,0.0,0.0,0.143,0.0,429.03,0.667,0.0,0,0.0,0.0,93,37.94,27,1,3.44,0.043,0.0,0.043,0.032,198.61,0.609,0.0,0,1.29,0.0,86,2.08,24,0,1.11,0.043,0.0,-0.1,0.032,-230.42,-0.058,0.0,0,1.29,0.0
mehediinf,7,11.57,3,4,2.33,0.0,0.0,0.0,0.0,212.06,0.5,0.0,0,0.0,0.0,23,16.0,7,1,3.29,0.0,0.0,0.0,0.0,452.79,0.682,0.0,0,0.0,0.0,16,4.43,4,-3,0.96,0.0,0.0,0.0,0.0,240.73,0.182,0.0,0,0.0,0.0
luketeeeeee,50,34.94,19,4,2.63,0.04,0.0,0.0,0.0,282.48,0.388,0.0,0,0.0,0.0,10,16.0,6,1,1.67,0.0,0.0,0.0,0.0,1159.96,0.444,0.0,0,0.0,0.0,-40,-18.94,-13,-3,-0.96,-0.04,0.0,0.0,0.0,877.48,0.056,0.0,0,0.0,0.0
trsaints,71,31.42,7,2,10.14,0.099,0.0,0.014,0.211,222.49,0.6,0.0,0,266.57,1.0,28,46.04,11,3,2.55,0.036,0.571,0.0,0.0,665.28,0.481,0.0,0,0.0,0.0,-43,14.62,4,1,-7.59,-0.063,0.571,-0.014,-0.211,442.79,-0.119,0.0,0,-266.57,-1.0
EduTostes,9,16.78,4,4,2.25,0.0,0.0,0.0,0.0,272.96,0.625,0.0,0,0.0,0.0,12,15.17,4,2,3.0,0.0,0.0,0.0,0.0,126.86,0.364,0.0,0,0.0,0.0,3,-1.61,0,-2,0.75,0.0,0.0,0.0,0.0,-146.1,-0.261,0.0,0,0.0,0.0
madnaks,27,36.74,7,1,3.86,0.037,0.0,0.0,0.148,374.67,0.615,0.0,0,0.0,0.0,35,37.97,12,1,2.92,0.114,0.0,0.029,0.2,206.71,0.382,0.0,0,0.0,0.0,8,1.23,5,0,-0.94,0.077,0.0,0.029,0.052,-167.96,-0.233,0.0,0,0.0,0.0
berrysauce,48,24.65,17,2,2.82,0.104,0.0,0.0,0.0,324.74,0.596,0.0,0,0.0,0.0,27,23.48,9,2,3.0,0.037,0.185,0.0,0.0,314.06,0.654,0.0,0,0.0,0.0,-21,-1.17,-8,0,0.18,-0.067,0.185,0.0,0.0,-10.68,0.058,0.0,0,0.0,0.0
NikitaVlas,46,23.74,5,2,9.2,0.109,0.543,0.0,0.087,26.59,0.822,0.0,0,0.0,0.0,38,33.18,7,2,5.43,0.368,0.763,0.0,0.368,94.75,0.811,0.0,0,0.0,0.0,-8,9.44,2,0,-3.77,0.259,0.22,0.0,0.281,68.16,-0.011,0.0,0,0.0,0.0
sAchin-680,18,14.94,2,3,9.0,0.0,0.0,0.0,0.0,17.2,0.882,0.0,0,0.0,0.0,27,15.11,8,2,3.38,0.074,0.0,0.0,0.0,542.95,0.538,0.0,0,0.0,0.0,9,0.17,6,-1,-5.62,0.074,0.0,0.0,0.0,525.75,-0.344,0.0,0,0.0,0.0
SergeyHSE,62,25.55,2,5,31.0,0.0,0.0,0.0,0.0,39.97,0.836,0.0,0,0.0,0.0,6,29.17,3,1,2.0,0.0,0.0,0.0,0.0,120.93,0.6,0.0,0,0.0,0.0,-56,3.62,1,-4,-29.0,0.0,0.0,0.0,0.0,80.96,-0.236,0.0,0,0.0,0.0
Vylpes,21,497.33,8,1,2.62,0.381,0.0,0.333,0.333,231.66,0.55,0.0,0,13.0,0.143,63,398.9,20,1,3.15,0.524,0.0,0.27,0.429,247.71,0.629,0.0,0,23.33,0.167,42,-98.43,12,0,0.53,0.143,0.0,-0.063,0.096,16.05,0.079,0.0,0,10.33,0.024
ivuorinen,7,76.43,6,1,1.17,0.429,0.0,0.0,0.0,2288.53,0.167,0.0,0,0.0,0.0,7,425.57,4,2,1.75,0.286,1.0,0.143,0.143,2429.76,0.333,0.0,0,564.83,0.833,0,349.14,-2,1,0.58,-0.143,1.0,0.143,0.143,141.23,0.166,0.0,0,564.83,0.833
Ludzikk,89,21.16,18,5,4.94,0.0,0.0,0.0,0.0,74.97,0.25,0.0,0,0.0,0.0,11,16.0,5,1,2.2,0.0,0.0,0.0,0.0,411.69,0.6,0.0,0,0.0,0.0,-78,-5.16,-13,-4,-2.74,0.0,0.0,0.0,0.0,336.72,0.35,0.0,0,0.0,0.0
periklis,8,22.12,5,1,1.6,0.0,0.0,0.0,0.0,1693.35,0.429,0.0,0,0.0,0.0,12,20.75,7,1,1.71,0.0,0.0,0.0,0.0,1389.61,0.364,0.0,0,0.0,0.0,4,-1.37,2,0,0.11,0.0,0.0,0.0,0.0,-303.74,-0.065,0.0,0,0.0,0.0
hezhijie0327,6,74.67,1,1,6.0,1.0,0.0,0.0,0.0,4.82,0.8,0.0,0,0.0,0.0,94,30.4,12,1,7.83,0.074,0.053,0.0,0.053,197.14,0.71,0.0,0,215.8,0.2,88,-44.27,11,0,1.83,-0.926,0.053,0.0,0.053,192.32,-0.09,0.0,0,215.8,0.2
Kingrashy12,59,19.37,3,3,19.67,0.0,0.0,0.0,0.0,6.2,0.724,0.0,0,0.0,0.0,39,33.92,8,1,4.88,0.077,0.026,0.0,0.051,181.07,0.553,0.0,0,0.0,0.0,-20,14.55,5,-2,-14.79,0.077,0.026,0.0,0.051,174.87,-0.171,0.0,0,0.0,0.0
davidebalice,24,7.96,9,3,2.67,0.0,0.0,0.0,0.0,201.34,0.174,0.0,0,0.0,0.0,9,7.11,5,1,1.8,0.0,0.0,0.0,0.0,266.67,0.0,0.0,0,0.0,0.0,-15,-0.85,-4,-2,-0.87,0.0,0.0,0.0,0.0,65.33,-0.174,0.0,0,0.0,0.0
ghibli613,25,14.72,4,1,6.25,0.0,0.0,0.0,0.0,19.15,0.5,0.0,0,0.0,0.0,75,6.79,19,2,3.95,0.0,0.0,0.0,0.0,262.34,0.041,0.0,0,0.0,0.0,50,-7.93,15,1,-2.3,0.0,0.0,0.0,0.0,243.19,-0.459,0.0,0,0.0,0.0
zas512,11,10.36,4,2,2.75,0.0,0.0,0.0,0.0,89.8,0.3,0.0,0,0.0,0.0,89,15.57,4,2,22.25,0.0,0.011,0.0,0.0,205.3,0.761,0.0,0,0.0,0.0,78,5.21,0,0,19.5,0.0,0.011,0.0,0.0,115.5,0.461,0.0,0,0.0,0.0
chrishrb,24,28.71,12,3,2.0,0.083,0.0,0.0,0.0,730.77,0.435,0.0,0,0.0,0.0,12,101.67,4,2,3.0,0.833,0.0,0.0,0.0,117.55,0.727,0.0,0,0.0,0.0,-12,72.96,-8,-1,1.0,0.75,0.0,0.0,0.0,-613.22,0.292,0.0,0,0.0,0.0
Elildes,63,12.17,9,2,7.0,0.0,0.0,0.0,0.0,173.08,0.661,0.0,0,0.0,0.0,37,20.03,13,1,2.85,0.0,0.595,0.0,0.0,418.48,0.528,0.0,0,0.0,0.0,-26,7.86,4,-1,-4.15,0.0,0.595,0.0,0.0,245.4,-0.133,0.0,0,0.0,0.0
ikvk,12,9.17,8,1,1.5,0.0,0.0,0.0,0.0,1511.68,0.091,0.0,0,9.5,0.0,27,7.85,11,2,2.45,0.0,0.0,0.0,0.037,766.2,0.462,0.0,0,312.0,1.0,15,-1.32,3,1,0.95,0.0,0.0,0.0,0.037,-745.48,0.371,0.0,0,302.5,1.0
subjadeites,50,42.68,17,1,2.94,0.48,0.28,0.0,0.0,273.55,0.408,0.0,0,13.0,0.0,50,37.36,12,1,4.17,0.1,0.9,0.0,0.0,267.36,0.612,0.0,0,0.0,0.0,0,-5.32,-5,0,1.23,-0.38,0.62,0.0,0.0,-6.19,0.204,0.0,0,-13.0,0.0
aspisov,16,26.06,2,1,8.0,0.188,0.0,0.0,0.0,11.33,0.333,0.0,0,0.0,0.0,74,29.47,15,4,4.93,0.0,0.0,0.014,0.0,122.32,0.315,0.0,0,0.0,0.0,58,3.41,13,3,-3.07,-0.188,0.0,0.014,0.0,110.99,-0.018,0.0,0,0.0,0.0
dope232,15,18.07,5,4,3.0,0.0,0.0,0.0,0.0,710.15,0.643,0.0,0,0.0,0.0,11,33.36,3,2,3.67,0.273,0.0,0.0,0.0,82.36,0.7,0.0,0,0.0,0.0,-4,15.29,-2,-2,0.67,0.273,0.0,0.0,0.0,-627.79,0.057,0.0,0,0.0,0.0
NikitaChalykh,76,15.0,10,2,7.6,0.0,0.0,0.0,0.0,100.02,0.787,0.0,0,0.0,0.0,24,17.12,7,2,3.43,0.0,0.0,0.0,0.0,794.3,0.696,0.0,0,0.0,0.0,-52,2.12,-3,0,-4.17,0.0,0.0,0.0,0.0,694.28,-0.091,0.0,0,0.0,0.0
mdmohsin212,11,10.36,4,4,2.75,0.0,0.0,0.0,0.0,604.47,0.4,0.0,0,0.0,0.0,89,21.25,17,1,5.24,0.011,0.0,0.0,0.0,33.57,0.216,0.0,0,0.0,0.0,78,10.89,13,-3,2.49,0.011,0.0,0.0,0.0,-570.9,-0.184,0.0,0,0.0,0.0
TenuredCLOUD,6,95.33,3,1,2.0,0.5,0.0,0.0,0.0,150.25,0.4,0.0,0,0.0,0.0,94,616.95,19,1,4.95,0.979,0.0,0.011,0.968,63.28,0.699,0.0,0,637.67,1.0,88,521.62,16,0,2.95,0.479,0.0,0.011,0.968,-86.97,0.299,0.0,0,637.67,1.0
Nyantad,67,23.16,11,4,6.09,0.045,0.0,0.03,0.015,94.61,0.727,0.0,0,0.0,0.0,5,42.4,3,3,1.67,0.0,0.0,0.0,0.0,1716.67,0.5,0.0,0,0.0,0.0,-62,19.24,-8,-1,-4.42,-0.045,0.0,-0.03,-0.015,1622.06,-0.227,0.0,0,0.0,0.0
ctabin,68,89.1,33,1,2.06,1.0,0.0,0.029,0.0,209.37,0.388,0.0,0,5.45,0.034,8,76.0,8,1,1.0,1.0,0.0,0.0,0.0,2663.81,0.0,0.0,0,2.75,0.0,-60,-13.1,-25,0,-1.06,0.0,0.0,-0.029,0.0,2454.44,-0.388,0.0,0,-2.7,-0.034
helldeal,85,3.84,9,5,9.44,0.0,0.0,0.0,0.0,89.96,0.583,0.0,0,0.0,0.0,5,12.8,2,2,2.5,0.0,0.0,0.0,0.0,4711.52,0.5,0.0,0,0.0,0.0,-80,8.96,-7,-3,-6.94,0.0,0.0,0.0,0.0,4621.56,-0.083,0.0,0,0.0,0.0
urfos,26,25.08,6,2,4.33,0.0,0.0,0.038,0.038,84.64,0.76,0.0,0,0.0,0.0,62,20.58,11,4,5.64,0.016,0.0,0.0,0.0,294.69,0.672,0.0,0,0.0,0.0,36,-4.5,5,2,1.31,0.016,0.0,-0.038,-0.038,210.05,-0.088,0.0,0,0.0,0.0
Akash-nath29,48,19.88,25,3,1.92,0.042,0.0,0.0,0.0,331.53,0.383,0.0,0,0.0,0.0,13,26.69,7,1,1.86,0.077,0.0,0.0,0.0,1341.01,0.5,0.0,0,0.0,0.0,-35,6.81,-18,-2,-0.06,0.035,0.0,0.0,0.0,1009.48,0.117,0.0,0,0.0,0.0
Serega007RU,79,103.38,17,1,4.65,0.152,0.0,0.0,0.0,50.56,0.5,0.0,0,0.0,0.0,21,64.86,6,1,3.5,0.143,0.0,0.0,0.0,381.58,0.6,0.0,0,0.0,0.0,-58,-38.52,-11,0,-1.15,-0.009,0.0,0.0,0.0,331.02,0.1,0.0,0,0.0,0.0
lru0409,46,19.48,4,2,11.5,0.0,0.0,0.022,0.0,175.5,0.711,0.0,0,0.0,0.0,37,69.14,5,1,7.4,0.0,0.0,0.0,0.0,25.32,0.361,0.0,0,0.0,0.0,-9,49.66,1,-1,-4.1,0.0,0.0,-0.022,0.0,-150.18,-0.35,0.0,0,0.0,0.0
RappyTV,89,56.74,16,2,5.56,0.157,0.0,0.0,0.034,166.46,0.716,0.0,0,206.33,0.267,10,46.8,4,3,2.5,0.3,0.0,0.0,0.0,1262.59,0.667,0.0,0,4.0,0.0,-79,-9.94,-12,1,-3.06,0.143,0.0,0.0,-0.034,1096.13,-0.049,0.0,0,-202.33,-0.267
ibv,15,36.93,9,3,1.67,0.2,0.0,0.0,0.0,1110.9,0.357,0.0,0,0.0,0.0,15,47.2,8,2,1.88,0.267,0.0,0.0,0.133,1160.4,0.286,0.0,0,0.0,0.0,0,10.27,-1,-1,0.21,0.067,0.0,0.0,0.133,49.5,-0.071,0.0,0,0.0,0.0
mikmark95,14,18.14,4,1,3.5,0.0,0.0,0.0,0.0,49.19,0.308,0.0,0,0.0,0.0,43,48.74,4,3,10.75,0.326,0.0,0.0,0.0,150.68,0.762,0.0,0,0.0,0.0,29,30.6,0,2,7.25,0.326,0.0,0.0,0.0,101.49,0.454,0.0,0,0.0,0.0
mostafaalagamy,11,13.55,3,2,3.67,0.0,0.0,0.0,0.0,35.3,0.8,0.0,0,0.0,0.0,5,469.6,1,1,5.0,1.0,0.0,0.0,1.0,0.19,1.0,0.0,0,902.0,1.0,-6,456.05,-2,-1,1.33,1.0,0.0,0.0,1.0,-35.11,0.2,0.0,0,902.0,1.0
ajaysinhaorigin,82,22.12,12,4,6.83,0.0,0.0,0.0,0.0,79.47,0.531,0.0,0,0.0,0.0,18,24.17,6,3,3.0,0.0,0.0,0.0,0.0,321.81,0.588,0.0,0,0.0,0.0,-64,2.05,-6,-1,-3.83,0.0,0.0,0.0,0.0,242.34,0.057,0.0,0,0.0,0.0
adam-bozman,83,22.6,35,2,2.37,0.024,0.0,0.0,0.0,204.28,0.402,0.0,0,0.0,0.0,13,27.08,7,2,1.86,0.0,0.0,0.0,0.0,783.52,0.417,0.0,0,0.0,0.0,-70,4.48,-28,0,-0.51,-0.024,0.0,0.0,0.0,579.24,0.015,0.0,0,0.0,0.0
AmitJ2005,21,17.71,6,4,3.5,0.0,0.0,0.0,0.0,295.45,0.55,0.0,0,0.0,0.0,8,12.75,5,2,1.6,0.0,0.0,0.0,0.0,2318.01,0.429,0.0,0,0.0,0.0,-13,-4.96,-1,-2,-1.9,0.0,0.0,0.0,0.0,2022.56,-0.121,0.0,0,0.0,0.0
ZionC27,32,19.47,5,4,6.4,0.062,0.0,0.0,0.0,48.38,0.484,0.0,0,0.0,0.0,5,17.4,2,1,2.5,0.0,0.0,0.0,0.0,120.26,0.75,0.0,0,0.0,0.0,-27,-2.07,-3,-3,-3.9,-0.062,0.0,0.0,0.0,71.88,0.266,0.0,0,0.0,0.0
AlTROn41,48,5.6,10,3,4.8,0.0,0.0,0.0,0.021,55.39,0.553,0.0,0,0.0,0.0,13,20.69,1,2,13.0,0.0,0.0,0.0,0.0,0.08,1.0,0.0,0,0.0,0.0,-35,15.09,-9,-1,8.2,0.0,0.0,0.0,-0.021,-55.31,0.447,0.0,0,0.0,0.0
fedimser,16,21.0,8,1,2.0,0.0,0.0,0.0,0.0,979.39,0.133,0.0,0,0.0,0.0,28,14.89,12,2,2.33,0.0,0.0,0.071,0.036,608.24,0.185,0.0,0,0.0,0.0,12,-6.11,4,1,0.33,0.0,0.0,0.071,0.036,-371.15,0.052,0.0,0,0.0,0.0
carlos9917,58,77.03,17,1,3.41,0.207,0.0,0.0,0.0,146.11,0.526,0.0,0,0.0,0.0,17,75.35,8,1,2.12,0.294,0.0,0.0,0.0,907.47,0.562,0.0,0,0.0,0.0,-41,-1.68,-9,0,-1.29,0.087,0.0,0.0,0.0,761.36,0.036,0.0,0,0.0,0.0
niteshsaini9568,8,17.75,2,4,4.0,0.0,0.0,0.0,0.0,97.66,0.571,0.0,0,0.0,0.0,49,26.0,12,5,4.08,0.0,0.0,0.02,0.0,337.91,0.75,0.0,0,0.0,0.0,41,8.25,10,1,0.08,0.0,0.0,0.02,0.0,240.25,0.179,0.0,0,0.0,0.0
aaronmallen,41,68.37,13,2,3.15,0.561,0.0,0.0,0.0,391.3,0.675,0.0,0,422.14,0.682,20,67.5,7,2,2.86,0.5,0.0,0.0,0.0,283.43,0.526,0.0,0,0.0,0.0,-21,-0.87,-6,0,-0.29,-0.061,0.0,0.0,0.0,-107.87,-0.149,0.0,0,-422.14,-0.682
MarnieGrenat,75,19.0,21,1,3.57,0.053,0.0,0.0,0.0,153.29,0.581,0.0,0,0.0,0.0,25,16.0,11,1,2.27,0.0,0.0,0.0,0.0,447.87,0.417,0.0,0,0.0,0.0,-50,-3.0,-10,0,-1.3,-0.053,0.0,0.0,0.0,294.58,-0.164,0.0,0,0.0,0.0
LeCheenaX,28,32.43,19,1,1.47,0.107,0.071,0.0,0.036,599.3,0.222,0.0,0,0.0,0.0,41,54.32,13,3,3.15,0.317,0.0,0.024,0.0,418.65,0.575,0.0,0,0.0,0.0,13,21.89,-6,2,1.68,0.21,-0.071,0.024,-0.036,-180.65,0.353,0.0,0,0.0,0.0
jyk0619,42,16.69,8,4,5.25,0.119,0.0,0.0,0.0,259.76,0.561,0.0,0,5.0,0.0,9,17.44,3,1,3.0,0.0,0.0,0.0,0.0,626.93,0.75,0.0,0,0.0,0.0,-33,0.75,-5,-3,-2.25,-0.119,0.0,0.0,0.0,367.17,0.189,0.0,0,-5.0,0.0
SufyAD,12,25.67,3,2,4.0,0.0,0.0,0.0,0.0,34.74,0.636,0.0,0,0.0,0.0,17,72.06,9,4,1.89,0.118,0.0,0.0,0.059,226.8,0.188,0.0,0,90.67,0.667,5,46.39,6,2,-2.11,0.118,0.0,0.0,0.059,192.06,-0.448,0.0,0,90.67,0.667
SanjayGorurUT,12,19.42,7,1,1.71,0.0,0.0,0.0,0.0,1334.21,0.273,0.0,0,0.0,0.0,51,37.98,21,1,2.43,0.098,0.0,0.02,0.0,383.23,0.28,0.0,0,26.0,0.0,39,18.56,14,0,0.72,0.098,0.0,0.02,0.0,-950.98,0.007,0.0,0,26.0,0.0
MarzSP,11,58.09,4,3,2.75,0.273,0.0,0.0,0.0,857.11,0.7,0.0,0,0.0,0.0,6,32.67,3,2,2.0,0.167,0.0,0.0,0.0,2716.75,0.6,0.0,0,0.0,0.0,-5,-25.42,-1,-1,-0.75,-0.106,0.0,0.0,0.0,1859.64,-0.1,0.0,0,0.0,0.0
Craft485,39,21.05,8,2,4.88,0.0,0.0,0.0,0.0,244.97,0.342,0.0,0,0.0,0.0,30,26.57,7,1,4.29,0.0,0.0,0.0,0.0,589.02,0.345,0.0,0,0.0,0.0,-9,5.52,-1,-1,-0.59,0.0,0.0,0.0,0.0,344.05,0.003,0.0,0,0.0,0.0
NotSooShariff,69,16.77,17,5,4.06,0.014,0.0,0.0,0.0,147.84,0.662,0.0,0,0.0,0.0,10,16.0,2,1,5.0,0.0,0.0,0.0,0.0,39.52,0.889,0.0,0,0.0,0.0,-59,-0.77,-15,-4,0.94,-0.014,0.0,0.0,0.0,-108.32,0.227,0.0,0,0.0,0.0
MarkosComK,41,34.61,6,1,6.83,0.0,0.0,0.0,0.0,196.76,0.45,0.0,0,0.0,0.0,26,18.92,1,1,26.0,0.0,0.0,0.115,0.0,1.6,0.88,0.0,0,0.0,0.0,-15,-15.69,-5,0,19.17,0.0,0.0,0.115,0.0,-195.16,0.43,0.0,0,0.0,0.0
ailopez-o,71,13.59,16,4,4.44,0.0,0.0,0.042,0.014,111.66,0.429,0.0,0,0.0,0.0,29,20.59,5,3,5.8,0.0,0.0,0.0,0.0,663.69,0.75,0.0,0,0.0,0.0,-42,7.0,-11,-1,1.36,0.0,0.0,-0.042,-0.014,552.03,0.321,0.0,0,0.0,0.0
marsipu,81,42.35,22,1,3.68,0.074,0.123,0.099,0.037,154.2,0.463,0.0,0,93.42,0.417,19,43.21,8,1,2.38,0.158,0.105,0.053,0.0,659.91,0.333,0.0,0,126.33,0.5,-62,0.86,-14,0,-1.3,0.084,-0.018,-0.046,-0.037,505.71,-0.13,0.0,0,32.91,0.083
yyyxon,12,22.17,3,1,4.0,0.0,0.0,0.0,0.0,32.78,0.091,0.0,0,0.0,0.0,59,12.56,6,3,9.83,0.0,0.0,0.0,0.0,13.65,0.655,0.0,0,0.0,0.0,47,-9.61,3,2,5.83,0.0,0.0,0.0,0.0,-19.13,0.564,0.0,0,0.0,0.0
pprmint,49,33.04,17,4,2.88,0.102,0.0,0.0,0.0,259.66,0.521,0.0,0,0.0,0.0,51,45.22,26,2,1.96,0.294,0.0,0.0,0.0,392.15,0.3,0.0,0,0.0,0.0,2,12.18,9,-2,-0.92,0.192,0.0,0.0,0.0,132.49,-0.221,0.0,0,0.0,0.0
ForsakenAginor,15,16.27,4,3,3.75,0.0,0.0,0.0,0.0,34.96,0.357,0.0,0,0.0,0.0,85,20.94,12,3,7.08,0.047,0.0,0.047,0.0,111.6,0.571,0.0,0,0.0,0.0,70,4.67,8,0,3.33,0.047,0.0,0.047,0.0,76.64,0.214,0.0,0,0.0,0.0
KangCJ44,6,13.83,1,1,6.0,0.0,0.0,0.0,0.0,0.01,1.0,0.0,0,0.0,0.0,94,58.39,17,2,5.53,0.0,0.0,0.0,0.0,62.96,0.516,0.0,0,0.0,0.0,88,44.56,16,1,-0.47,0.0,0.0,0.0,0.0,62.95,-0.484,0.0,0,0.0,0.0
Ritbulau,64,42.73,8,2,8.0,0.281,0.0,0.0,0.172,71.69,0.778,0.0,0,0.0,0.0,22,33.55,5,4,4.4,0.091,0.0,0.0,0.045,750.66,0.714,0.0,0,0.0,0.0,-42,-9.18,-3,2,-3.6,-0.19,0.0,0.0,-0.127,678.97,-0.064,0.0,0,0.0,0.0
mrxz,10,108.2,9,1,1.11,1.0,0.0,0.0,0.0,1192.75,0.111,0.0,0,0.0,0.0,15,100.13,12,1,1.25,1.0,0.0,0.0,0.0,1356.84,0.071,0.0,0,0.0,0.0,5,-8.07,3,0,0.14,0.0,0.0,0.0,0.0,164.09,-0.04,0.0,0,0.0,0.0
n8acl,43,34.05,11,3,3.91,0.023,0.0,0.0,0.349,294.88,0.667,0.0,0,0.0,0.0,12,43.0,6,2,2.0,0.167,0.0,0.0,0.583,406.85,0.455,0.0,0,0.0,0.0,-31,8.95,-5,-1,-1.91,0.144,0.0,0.0,0.234,111.97,-0.212,0.0,0,0.0,0.0
ibowditch,65,50.63,19,1,3.42,0.092,0.0,0.015,0.0,206.34,0.438,0.0,0,0.0,0.0,15,61.8,8,2,1.88,0.4,0.0,0.0,0.0,745.58,0.286,0.0,0,0.0,0.0,-50,11.17,-11,1,-1.54,0.308,0.0,-0.015,0.0,539.24,-0.152,0.0,0,0.0,0.0
philipco,14,68.21,8,2,1.75,0.071,0.0,0.0,0.0,1202.0,0.385,0.0,0,0.0,0.0,5,94.4,5,2,1.0,0.2,0.0,0.0,0.0,1849.06,0.0,0.0,0,0.0,0.0,-9,26.19,-3,0,-0.75,0.129,0.0,0.0,0.0,647.06,-0.385,0.0,0,0.0,0.0
KNelTech,7,16.0,2,1,3.5,0.0,0.0,0.0,0.0,199.53,0.667,0.0,0,0.0,0.0,93,25.65,14,4,6.64,0.075,0.0,0.032,0.011,106.7,0.565,0.0,0,9.0,0.0,86,9.65,12,3,3.14,0.075,0.0,0.032,0.011,-92.83,-0.102,0.0,0,9.0,0.0
Hixo23,90,24.63,19,3,4.74,0.0,0.167,0.0,0.0,153.17,0.685,0.0,0,0.0,0.0,10,16.5,4,2,2.5,0.0,0.0,0.0,0.0,800.12,0.667,0.0,0,0.0,0.0,-80,-8.13,-15,-1,-2.24,0.0,-0.167,0.0,0.0,646.95,-0.018,0.0,0,0.0,0.0
sambhavsaxena,45,30.8,16,2,2.81,0.044,0.244,0.0,0.022,337.01,0.409,0.0,0,0.0,0.0,48,36.15,22,1,2.18,0.042,0.208,0.0,0.0,430.38,0.426,0.0,0,0.0,0.0,3,5.35,6,-1,-0.63,-0.002,-0.036,0.0,-0.022,93.37,0.017,0.0,0,0.0,0.0
AlizaKhan3,16,14.94,4,5,4.0,0.0,0.0,0.0,0.0,30.54,0.467,0.0,0,0.0,0.0,41,17.78,22,4,1.86,0.024,0.0,0.0,0.0,375.41,0.425,0.0,0,0.0,0.0,25,2.84,18,-1,-2.14,0.024,0.0,0.0,0.0,344.87,-0.042,0.0,0,0.0,0.0
LubabaKhalid,5,18.4,2,1,2.5,0.0,0.0,0.0,0.0,34.57,0.5,0.0,0,0.0,0.0,95,13.39,10,3,9.5,0.0,0.0,0.0,0.0,118.46,0.681,0.0,0,0.0,0.0,90,-5.01,8,2,7.0,0.0,0.0,0.0,0.0,83.89,0.181,0.0,0,0.0,0.0
isaaclins,44,29.34,12,2,3.67,0.273,0.0,0.0,0.0,203.8,0.558,0.0,0,5.0,0.0,56,69.89,16,2,3.5,0.054,0.696,0.0,0.018,320.93,0.673,0.0,0,8.12,0.062,12,40.55,4,0,-0.17,-0.219,0.696,0.0,0.018,117.13,0.115,0.0,0,3.12,0.062
tomasmrazek92,27,13.19,8,1,3.38,0.0,0.0,0.0,0.222,223.15,0.423,0.0,0,0.0,0.0,73,28.86,9,2,8.11,0.192,0.0,0.0,0.315,172.34,0.625,0.0,0,0.0,0.0,46,15.67,1,1,4.73,0.192,0.0,0.0,0.093,-50.81,0.202,0.0,0,0.0,0.0
kalebzaki4,69,21.64,26,1,2.65,0.072,0.0,0.0,0.0,153.1,0.441,0.0,0,0.0,0.0,31,31.97,12,2,2.58,0.129,0.0,0.0,0.0,597.32,0.5,0.0,0,0.0,0.0,-38,10.33,-14,1,-0.07,0.057,0.0,0.0,0.0,444.22,0.059,0.0,0,0.0,0.0
mcrimaldi,9,15.78,3,2,3.0,0.0,0.0,0.0,0.0,131.42,0.625,0.0,0,0.0,0.0,91,22.9,13,2,7.0,0.022,0.0,0.055,0.0,89.31,0.756,0.0,0,0.0,0.0,82,7.12,10,0,4.0,0.022,0.0,0.055,0.0,-42.11,0.131,0.0,0,0.0,0.0
lukasion,30,29.13,7,4,4.29,0.067,0.0,0.0,0.0,354.99,0.724,0.0,0,0.0,0.0,7,16.0,6,1,1.17,0.0,0.0,0.0,0.0,2558.91,0.167,0.0,0,0.0,0.0,-23,-13.13,-1,-3,-3.12,-0.067,0.0,0.0,0.0,2203.92,-0.557,0.0,0,0.0,0.0
devantler,27,25.93,3,1,9.0,0.0,0.0,0.0,0.0,38.93,0.885,0.0,0,32.5,0.5,73,51.9,22,1,3.32,0.205,0.178,0.0,0.0,253.84,0.528,0.0,0,0.0,0.0,46,25.97,19,0,-5.68,0.205,0.178,0.0,0.0,214.91,-0.357,0.0,0,-32.5,-0.5
matteolutz,83,31.84,18,2,4.61,0.024,0.0,0.0,0.0,179.05,0.5,0.0,0,0.0,0.0,14,36.0,5,2,2.8,0.0,0.0,0.0,0.0,559.29,0.231,0.0,0,0.0,0.0,-69,4.16,-13,0,-1.81,-0.024,0.0,0.0,0.0,380.24,-0.269,0.0,0,0.0,0.0
AmreetKumarkhuntia,13,10.0,8,2,1.62,0.0,0.0,0.0,0.0,1124.01,0.083,0.0,0,0.0,0.0,5,27.8,2,1,2.5,0.2,0.4,0.0,0.0,515.22,0.75,0.0,0,0.0,0.0,-8,17.8,-6,-1,0.88,0.2,0.4,0.0,0.0,-608.79,0.667,0.0,0,0.0,0.0
Leoningel,38,10.66,8,1,4.75,0.0,0.0,0.053,0.0,155.82,0.676,0.0,0,0.0,0.0,62,9.69,19,1,3.26,0.0,0.0,0.0,0.0,258.77,0.623,0.0,0,0.0,0.0,24,-0.97,11,0,-1.49,0.0,0.0,-0.053,0.0,102.95,-0.053,0.0,0,0.0,0.0
victoriaEssien,34,17.0,13,2,2.62,0.0,0.0,0.0,0.0,289.79,0.606,0.0,0,0.0,0.0,8,16.0,7,1,1.14,0.0,0.0,0.0,0.0,834.98,0.143,0.0,0,0.0,0.0,-26,-1.0,-6,-1,-1.48,0.0,0.0,0.0,0.0,545.19,-0.463,0.0,0,0.0,0.0
gabrielzschmitz,93,25.48,8,1,11.62,0.0,0.0,0.0,0.0,118.42,0.728,0.0,0,0.0,0.0,7,16.14,1,1,7.0,0.0,0.0,0.0,0.0,0.01,1.0,0.0,0,0.0,0.0,-86,-9.34,-7,0,-4.62,0.0,0.0,0.0,0.0,-118.41,0.272,0.0,0,0.0,0.0
certainlyWrong,40,34.62,9,2,4.44,0.125,0.0,0.0,0.0,425.93,0.513,0.0,0,0.0,0.0,9,109.67,5,1,1.8,0.667,0.111,0.0,0.0,2018.06,0.375,0.0,0,0.0,0.0,-31,75.05,-4,-1,-2.64,0.542,0.111,0.0,0.0,1592.13,-0.138,0.0,0,0.0,0.0
LinkonJT,10,22.7,2,2,5.0,0.0,0.0,0.0,0.0,30.66,0.667,0.0,0,0.0,0.0,6,18.67,1,2,6.0,0.0,0.0,0.0,0.0,0.28,1.0,0.0,0,0.0,0.0,-4,-4.03,-1,0,1.0,0.0,0.0,0.0,0.0,-30.38,0.333,0.0,0,0.0,0.0
enrperes,33,24.61,12,3,2.75,0.091,0.0,0.03,0.03,148.59,0.406,0.0,0,0.0,0.0,62,18.95,12,3,5.17,0.0,0.0,0.032,0.0,184.9,0.607,0.0,0,0.0,0.0,29,-5.66,0,0,2.42,-0.091,0.0,0.002,-0.03,36.31,0.201,0.0,0,0.0,0.0
RandomPianist,9,26.33,2,2,4.5,0.222,0.0,0.0,0.0,102.21,0.75,0.0,0,0.0,0.0,7,16.86,1,2,7.0,0.0,0.0,0.0,0.0,0.13,1.0,0.0,0,0.0,0.0,-2,-9.47,-1,0,2.5,-0.222,0.0,0.0,0.0,-102.08,0.25,0.0,0,0.0,0.0
ixrjog,72,10.18,9,1,8.0,0.0,0.0,0.0,0.0,22.32,0.437,0.0,0,0.0,0.0,28,13.36,16,1,1.75,0.0,0.0,0.0,0.0,463.33,0.222,0.0,0,0.0,0.0,-44,3.18,7,0,-6.25,0.0,0.0,0.0,0.0,441.01,-0.215,0.0,0,0.0,0.0
ZERICO2005,10,24.4,1,1,10.0,0.3,0.0,0.0,0.0,0.12,1.0,0.0,0,0.0,0.0,90,242.59,17,1,5.29,0.067,0.0,0.033,0.033,64.22,0.281,0.0,0,43.0,0.0,80,218.19,16,0,-4.71,-0.233,0.0,0.033,0.033,64.1,-0.719,0.0,0,43.0,0.0
AJCJ1,95,79.07,5,2,19.0,0.979,0.0,0.0,0.032,12.03,0.628,0.0,0,55.11,0.211,5,16.0,3,1,1.67,0.0,0.0,0.0,0.0,4329.17,0.5,0.0,0,0.0,0.0,-90,-63.07,-2,-1,-17.33,-0.979,0.0,0.0,-0.032,4317.14,-0.128,0.0,0,-55.11,-0.211
mandraghen,8,27.88,4,2,2.0,0.0,0.0,0.0,0.0,2201.24,0.143,0.0,0,0.0,0.0,39,61.13,12,2,3.25,0.051,0.0,0.0,0.051,138.34,0.342,0.0,0,0.43,0.0,31,33.25,8,0,1.25,0.051,0.0,0.0,0.051,-2062.9,0.199,0.0,0,0.43,0.0
breadkvass,84,17.23,12,3,7.0,0.0,0.0,0.0,0.0,89.65,0.494,0.0,0,17.27,0.2,16,30.81,5,2,3.2,0.188,0.0,0.0,0.0,172.36,0.667,0.0,0,7.0,0.0,-68,13.58,-7,-1,-3.8,0.188,0.0,0.0,0.0,82.71,0.173,0.0,0,-10.27,-0.2
ArthurSilv4,11,15.82,6,1,1.83,0.0,0.0,0.0,0.0,385.52,0.2,0.0,0,0.0,0.0,30,51.9,9,5,3.33,0.067,0.367,0.0,0.0,518.27,0.483,0.0,0,0.0,0.0,19,36.08,3,4,1.5,0.067,0.367,0.0,0.0,132.75,0.283,0.0,0,0.0,0.0
TygodeVries,21,27.33,4,1,5.25,0.0,0.0,0.048,0.0,35.5,0.35,0.0,0,0.0,0.0,79,36.67,12,2,6.58,0.139,0.0,0.013,0.0,216.96,0.731,0.0,0,0.0,0.0,58,9.34,8,1,1.33,0.139,0.0,-0.035,0.0,181.46,0.381,0.0,0,0.0,0.0
cloudmaker97,36,60.75,4,1,9.0,0.0,0.0,0.0,0.0,51.18,0.514,0.0,0,0.0,0.0,9,31.33,2,2,4.5,0.0,0.0,0.0,0.0,655.17,0.875,0.0,0,0.0,0.0,-27,-29.42,-2,1,-4.5,0.0,0.0,0.0,0.0,603.99,0.361,0.0,0,0.0,0.0
SAKURA-CAT,32,20.72,5,4,6.4,0.25,0.0,0.0,0.188,102.14,0.548,0.0,0,21.38,0.125,13,13.85,4,2,3.25,0.077,0.077,0.077,0.077,30.1,0.75,0.0,0,0.0,0.0,-19,-6.87,-1,-2,-3.15,-0.173,0.077,0.077,-0.111,-72.04,0.202,0.0,0,-21.38,-0.125
YoCode35,10,36.2,3,1,3.33,0.0,0.0,0.0,0.0,38.65,0.111,0.0,0,0.0,0.0,90,34.73,13,2,6.92,0.022,0.0,0.256,0.0,226.26,0.663,0.0,0,0.0,0.0,80,-1.47,10,1,3.59,0.022,0.0,0.256,0.0,187.61,0.552,0.0,0,0.0,0.0
samborek,40,10.03,2,1,20.0,0.0,0.0,0.0,0.0,4.46,0.667,0.0,0,0.0,0.0,60,144.42,8,1,7.5,0.317,0.467,0.0,0.167,29.96,0.712,0.0,0,0.67,0.0,20,134.39,6,0,-12.5,0.317,0.467,0.0,0.167,25.5,0.045,0.0,0,0.67,0.0
FilipeDellaPorta,20,51.1,3,1,6.67,0.0,0.0,0.0,0.0,23.96,0.789,0.0,0,0.0,0.0,80,29.62,18,1,4.44,0.0,0.412,0.0,0.0,155.23,0.658,0.0,0,0.0,0.0,60,-21.48,15,0,-2.23,0.0,0.412,0.0,0.0,131.27,-0.131,0.0,0,0.0,0.0
Taeil-Nam,86,373.8,18,3,4.78,0.523,0.488,0.0,0.488,54.98,0.412,0.0,0,0.0,0.0,14,17.93,2,2,7.0,0.0,0.071,0.0,0.0,11.02,0.769,0.0,0,0.0,0.0,-72,-355.87,-16,-1,2.22,-0.523,-0.417,0.0,-0.488,-43.96,0.357,0.0,0,0.0,0.0
towfique-elahe,21,13.81,6,3,3.5,0.0,0.0,0.0,0.143,841.29,0.6,0.0,0,0.0,0.0,8,65.25,6,1,1.33,0.375,0.0,0.0,0.0,2319.31,0.286,0.0,0,0.0,0.0,-13,51.44,0,-2,-2.17,0.375,0.0,0.0,-0.143,1478.02,-0.314,0.0,0,0.0,0.0
MDW-94,94,67.56,12,4,7.83,0.181,0.0,0.011,0.16,28.43,0.613,0.0,0,6.71,0.059,6,73.0,2,1,3.0,0.5,0.0,0.0,0.0,23.72,0.8,0.0,0,10.33,0.0,-88,5.44,-10,-3,-4.83,0.319,0.0,-0.011,-0.16,-4.71,0.187,0.0,0,3.62,-0.059
rick12000,14,31.21,2,1,7.0,0.0,0.0,0.071,0.0,13.24,0.769,0.0,0,0.0,0.0,86,35.02,18,2,4.78,0.093,0.0,0.07,0.081,189.62,0.259,0.0,0,405.36,0.909,72,3.81,16,1,-2.22,0.093,0.0,-0.001,0.081,176.38,-0.51,0.0,0,405.36,0.909
JacobArrow,87,47.78,18,1,4.83,0.264,0.0,0.0,0.0,142.61,0.593,0.0,0,0.0,0.0,13,189.46,2,1,6.5,0.692,0.0,0.0,0.154,294.09,0.917,0.0,0,291.0,0.333,-74,141.68,-16,0,1.67,0.428,0.0,0.0,0.154,151.48,0.324,0.0,0,291.0,0.333
FrankwaP,8,15.75,4,1,2.0,0.0,0.0,0.0,0.0,69.08,0.571,0.0,0,0.0,0.0,26,43.65,10,2,2.6,0.231,0.0,0.0,0.0,700.83,0.36,0.0,0,0.0,0.0,18,27.9,6,1,0.6,0.231,0.0,0.0,0.0,631.75,-0.211,0.0,0,0.0,0.0
KaloyankerR,20,17.25,10,1,2.0,0.05,0.0,0.0,0.0,548.27,0.316,0.0,0,0.0,0.0,7,16.0,3,1,2.33,0.0,0.0,0.0,0.0,745.66,0.333,0.0,0,0.0,0.0,-13,-1.25,-7,0,0.33,-0.05,0.0,0.0,0.0,197.39,0.017,0.0,0,0.0,0.0
bikashghimire,23,17.78,12,4,1.92,0.0,0.0,0.0,0.0,734.12,0.364,0.0,0,0.0,0.0,9,16.0,9,1,1.0,0.0,0.0,0.0,0.0,1556.09,0.0,0.0,0,0.0,0.0,-14,-1.78,-3,-3,-0.92,0.0,0.0,0.0,0.0,821.97,-0.364,0.0,0,0.0,0.0
theneonstark,10,20.5,3,5,3.33,0.1,0.0,0.0,0.0,624.46,0.778,0.0,0,0.0,0.0,16,16.0,8,1,2.0,0.0,0.0,0.0,0.0,294.39,0.267,0.0,0,0.0,0.0,6,-4.5,5,-4,-1.33,-0.1,0.0,0.0,0.0,-330.07,-0.511,0.0,0,0.0,0.0
HelloSJ00,5,15.2,1,1,5.0,0.0,0.0,0.0,0.0,1.32,0.75,0.0,0,0.0,0.0,95,67.41,14,2,6.79,0.0,0.0,0.0,0.0,136.71,0.33,0.0,0,0.0,0.0,90,52.21,13,1,1.79,0.0,0.0,0.0,0.0,135.39,-0.42,0.0,0,0.0,0.0
ThiagoCBF,65,45.38,7,5,9.29,0.662,0.0,0.0,0.092,20.99,0.797,0.0,0,0.0,0.0,15,16.0,12,2,1.25,0.0,0.0,0.0,0.0,1388.91,0.143,0.0,0,0.0,0.0,-50,-29.38,5,-3,-8.04,-0.662,0.0,0.0,-0.092,1367.92,-0.654,0.0,0,0.0,0.0
SamuelLarkin,16,32.81,2,1,8.0,0.0,0.938,0.0,0.0,19.51,0.733,0.0,0,0.0,0.0,84,41.96,24,1,3.5,0.0,0.512,0.0,0.0,54.59,0.566,0.0,0,58.0,1.0,68,9.15,22,0,-4.5,0.0,-0.426,0.0,0.0,35.08,-0.167,0.0,0,58.0,1.0
HyeonjuAn,12,27.25,9,1,1.33,0.0,0.0,0.0,0.0,310.69,0.182,0.0,0,0.0,0.0,16,17.31,10,2,1.6,0.0,0.0,0.0,0.0,1102.74,0.267,0.0,0,0.0,0.0,4,-9.94,1,1,0.27,0.0,0.0,0.0,0.0,792.05,0.085,0.0,0,0.0,0.0
zhqihang,24,11.0,8,2,3.0,0.0,0.0,0.0,0.0,386.32,0.261,0.0,0,0.0,0.0,60,12.47,21,4,2.86,0.0,0.0,0.0,0.0,101.04,0.186,0.0,0,0.0,0.0,36,1.47,13,2,-0.14,0.0,0.0,0.0,0.0,-285.28,-0.075,0.0,0,0.0,0.0
ssidikov,35,13.14,10,4,3.5,0.0,0.0,0.0,0.0,183.41,0.618,0.0,0,0.0,0.0,65,87.89,11,1,5.91,0.031,0.108,0.0,0.031,220.3,0.656,0.0,0,0.0,0.0,30,74.75,1,-3,2.41,0.031,0.108,0.0,0.031,36.89,0.038,0.0,0,0.0,0.0
safl,59,62.12,14,1,4.21,0.966,0.034,0.0,0.017,198.09,0.621,0.0,0,0.0,0.0,19,62.32,9,1,2.11,1.0,0.0,0.0,0.0,787.17,0.333,0.0,0,0.0,0.0,-40,0.2,-5,0,-2.1,0.034,-0.034,0.0,-0.017,589.08,-0.288,0.0,0,0.0,0.0
JohanAnquetil,47,17.32,5,3,9.4,0.0,0.0,0.0,0.021,52.8,0.826,0.0,0,0.0,0.0,53,63.92,12,2,4.42,0.113,0.0,0.0,0.0,181.5,0.538,0.0,0,24.12,0.25,6,46.6,7,-1,-4.98,0.113,0.0,0.0,-0.021,128.7,-0.288,0.0,0,24.12,0.25
zeze95,55,7.76,16,3,3.44,0.0,0.0,0.055,0.0,116.87,0.407,0.0,0,0.0,0.0,6,16.0,4,2,1.5,0.0,0.0,0.0,0.0,1661.39,0.4,0.0,0,0.0,0.0,-49,8.24,-12,-1,-1.94,0.0,0.0,-0.055,0.0,1544.52,-0.007,0.0,0,0.0,0.0
Samirnunes,58,15.91,12,1,4.83,0.0,0.0,0.0,0.0,220.23,0.807,0.0,0,0.0,0.0,42,18.26,11,2,3.82,0.0,0.0,0.0,0.0,260.74,0.683,0.0,0,0.0,0.0,-16,2.35,-1,1,-1.01,0.0,0.0,0.0,0.0,40.51,-0.124,0.0,0,0.0,0.0
ToruNiina,6,42.0,1,1,6.0,0.0,0.0,0.0,0.0,4.74,0.8,0.0,0,0.0,0.0,16,29.25,3,1,5.33,0.0,1.0,0.0,0.0,156.73,0.8,0.0,0,0.0,0.0,10,-12.75,2,0,-0.67,0.0,1.0,0.0,0.0,151.99,0.0,0.0,0,0.0,0.0
KR-HS,20,16.65,5,4,4.0,0.05,0.0,0.0,0.0,109.96,0.737,0.0,0,0.0,0.0,16,9.12,1,1,16.0,0.0,0.0,0.0,0.0,0.14,1.0,0.0,0,0.0,0.0,-4,-7.53,-4,-3,12.0,-0.05,0.0,0.0,0.0,-109.82,0.263,0.0,0,0.0,0.0
damien-masse,12,31.08,7,2,1.71,0.0,0.0,0.083,0.0,1298.46,0.364,0.0,0,0.0,0.0,16,36.62,6,2,2.67,0.062,0.0,0.125,0.0,783.78,0.267,0.0,0,0.0,0.0,4,5.54,-1,0,0.96,0.062,0.0,0.042,0.0,-514.68,-0.097,0.0,0,0.0,0.0
Chinweike99,69,19.2,6,3,11.5,0.101,0.0,0.0,0.0,66.03,0.853,0.0,0,0.0,0.0,31,18.26,3,1,10.33,0.0,0.0,0.0,0.0,10.97,0.733,0.0,0,0.0,0.0,-38,-0.94,-3,-2,-1.17,-0.101,0.0,0.0,0.0,-55.06,-0.12,0.0,0,0.0,0.0
Ruhrozz,21,15.52,3,2,7.0,0.0,0.0,0.0,0.0,15.82,0.65,0.0,0,0.0,0.0,66,32.29,22,4,3.0,0.015,0.97,0.0,0.0,124.48,0.477,0.0,0,0.0,0.0,45,16.77,19,2,-4.0,0.015,0.97,0.0,0.0,108.66,-0.173,0.0,0,0.0,0.0
CharlesTaylor7,13,21.77,1,1,13.0,0.0,0.0,0.0,0.0,0.14,1.0,0.0,0,0.0,0.0,30,11.0,3,2,10.0,0.0,0.0,0.0,0.033,11.34,0.828,0.0,0,0.0,0.0,17,-10.77,2,1,-3.0,0.0,0.0,0.0,0.033,11.2,-0.172,0.0,0,0.0,0.0
xXBuilderBXx,61,21.33,13,3,4.69,0.0,0.0,0.0,0.0,244.29,0.6,0.0,0,0.0,0.0,8,17.12,3,3,2.67,0.0,0.0,0.0,0.0,516.03,0.714,0.0,0,0.0,0.0,-53,-4.21,-10,0,-2.02,0.0,0.0,0.0,0.0,271.74,0.114,0.0,0,0.0,0.0
m13v,10,18.1,2,1,5.0,0.0,0.0,0.0,0.0,5.17,0.556,0.0,0,0.0,0.0,6,19.5,2,2,3.0,0.0,0.0,0.0,0.0,91.46,0.2,0.0,0,0.0,0.0,-4,1.4,0,1,-2.0,0.0,0.0,0.0,0.0,86.29,-0.356,0.0,0,0.0,0.0
martinvisser,39,32.41,15,2,2.6,0.077,0.0,0.051,0.0,383.13,0.553,0.0,0,0.0,0.0,17,23.65,9,1,1.89,0.0,0.0,0.0,0.0,750.02,0.5,0.0,0,0.0,0.0,-22,-8.76,-6,-1,-0.71,-0.077,0.0,-0.051,0.0,366.89,-0.053,0.0,0,0.0,0.0
amit-webkul,7,15.71,2,1,3.5,0.0,0.0,0.0,0.0,272.2,0.833,0.0,0,0.0,0.0,16,16.0,4,1,4.0,0.0,0.0,0.0,0.0,549.09,0.733,0.0,0,0.0,0.0,9,0.29,2,0,0.5,0.0,0.0,0.0,0.0,276.89,-0.1,0.0,0,0.0,0.0
uditamujumdar,7,18.43,3,2,2.33,0.0,0.0,0.0,0.0,316.64,0.5,0.0,0,0.0,0.0,93,46.04,19,3,4.89,0.0,0.0,0.0,0.344,148.85,0.663,0.0,0,0.0,0.0,86,27.61,16,1,2.56,0.0,0.0,0.0,0.344,-167.79,0.163,0.0,0,0.0,0.0
4jamesccraven,7,19.14,3,1,2.33,0.0,0.0,0.0,0.0,77.88,0.167,0.0,0,0.0,0.0,93,34.19,19,5,4.89,0.086,0.215,0.0,0.065,218.16,0.435,0.0,0,0.0,0.0,86,15.05,16,4,2.56,0.086,0.215,0.0,0.065,140.28,0.268,0.0,0,0.0,0.0
jarogumulec,9,22.11,2,2,4.5,0.111,0.0,0.0,0.0,559.61,0.875,0.0,0,0.0,0.0,86,27.17,14,3,6.14,0.023,0.0,0.058,0.012,182.6,0.565,0.0,0,0.0,0.0,77,5.06,12,1,1.64,-0.088,0.0,0.058,0.012,-377.01,-0.31,0.0,0,0.0,0.0
OndrejMottl,49,30.9,11,3,4.45,0.0,0.0,0.0,0.204,141.44,0.396,0.0,0,147.89,0.702,47,44.79,27,1,1.74,0.0,0.0,0.0,0.085,374.74,0.217,0.0,0,14.04,0.08,-2,13.89,16,-2,-2.71,0.0,0.0,0.0,-0.119,233.3,-0.179,0.0,0,-133.85,-0.622
wbvguo,28,8.96,11,4,2.55,0.0,0.0,0.071,0.0,426.5,0.333,0.0,0,0.0,0.0,10,13.1,5,4,2.0,0.0,0.0,0.0,0.0,892.71,0.444,0.0,0,0.0,0.0,-18,4.14,-6,0,-0.55,0.0,0.0,-0.071,0.0,466.21,0.111,0.0,0,0.0,0.0
jake161,7,13.43,3,2,2.33,0.143,0.0,0.0,0.0,650.56,0.667,0.0,0,0.0,0.0,51,17.59,11,3,4.64,0.02,0.0,0.0,0.0,154.62,0.48,0.0,0,60.0,1.0,44,4.16,8,1,2.31,-0.123,0.0,0.0,0.0,-495.94,-0.187,0.0,0,60.0,1.0
krulsefty,5,15.6,2,1,2.5,0.0,0.0,0.0,0.0,18.86,0.75,0.0,0,0.0,0.0,7,16.0,2,1,3.5,0.0,0.0,0.0,0.0,39.86,0.833,0.0,0,0.0,0.0,2,0.4,0,0,1.0,0.0,0.0,0.0,0.0,21.0,0.083,0.0,0,0.0,0.0
rafidrahman1,67,19.58,11,4,6.09,0.0,0.0,0.0,0.0,132.81,0.742,0.0,0,0.0,0.0,13,28.92,5,3,2.6,0.0,0.0,0.0,0.0,1555.07,0.417,0.0,0,0.0,0.0,-54,9.34,-6,-1,-3.49,0.0,0.0,0.0,0.0,1422.26,-0.325,0.0,0,0.0,0.0
ksubramanyeshwara,67,38.06,18,3,3.72,0.0,0.0,0.0,0.0,71.63,0.242,0.0,0,0.0,0.0,33,28.55,17,3,1.94,0.03,0.0,0.0,0.0,528.26,0.25,0.0,0,0.0,0.0,-34,-9.51,-1,0,-1.78,0.03,0.0,0.0,0.0,456.63,0.008,0.0,0,0.0,0.0
frozen-tempo,36,33.42,12,3,3.0,0.0,0.0,0.056,0.0,150.62,0.343,0.0,0,0.0,0.0,20,37.05,8,3,2.5,0.0,0.0,0.0,0.0,551.57,0.263,0.0,0,0.0,0.0,-16,3.63,-4,0,-0.5,0.0,0.0,-0.056,0.0,400.95,-0.08,0.0,0,0.0,0.0
dcaribou,30,42.4,18,1,1.67,0.033,0.033,0.0,0.0,542.92,0.241,0.0,0,158.58,0.628,13,369.62,7,2,1.86,0.615,0.0,0.308,0.154,1623.3,0.25,0.0,0,578.0,0.529,-17,327.22,-11,1,0.19,0.582,-0.033,0.308,0.154,1080.38,0.009,0.0,0,419.42,-0.099
angshuman-web,8,18.38,1,1,8.0,0.0,0.0,0.0,0.0,0.03,1.0,0.0,0,0.0,0.0,87,19.56,5,4,17.4,0.0,0.0,0.0,0.0,58.87,0.826,0.0,0,0.0,0.0,79,1.18,4,3,9.4,0.0,0.0,0.0,0.0,58.84,-0.174,0.0,0,0.0,0.0
frang75,6,44.83,6,1,1.0,0.0,0.0,0.0,0.0,1387.74,0.0,0.0,0,0.0,0.0,18,39.78,14,1,1.29,0.0,0.0,0.0,0.0,217.22,0.059,0.0,0,0.0,0.0,12,-5.05,8,0,0.29,0.0,0.0,0.0,0.0,-1170.52,0.059,0.0,0,0.0,0.0
sstallion,20,22.3,7,1,2.86,0.0,0.0,0.0,0.0,190.68,0.316,0.0,0,0.0,0.0,41,21.59,22,1,1.86,0.0,0.0,0.0,0.0,497.07,0.2,0.0,0,0.0,0.0,21,-0.71,15,0,-1.0,0.0,0.0,0.0,0.0,306.39,-0.116,0.0,0,0.0,0.0
yet3,57,26.75,8,3,7.12,0.053,0.579,0.035,0.0,50.99,0.768,0.0,0,6029.33,0.667,43,45.6,7,2,6.14,0.256,0.605,0.07,0.0,284.88,0.738,0.0,0,93.89,0.444,-14,18.85,-1,-1,-0.98,0.203,0.026,0.035,0.0,233.89,-0.03,0.0,0,-5935.44,-0.223
hensen2,25,29.16,8,4,3.12,0.0,0.0,0.0,0.0,111.24,0.333,0.0,0,0.0,0.0,50,17.66,12,1,4.17,0.0,0.0,0.04,0.0,249.7,0.245,0.0,0,0.0,0.0,25,-11.5,4,-3,1.05,0.0,0.0,0.04,0.0,138.46,-0.088,0.0,0,0.0,0.0
JeserylMae,16,18.12,2,1,8.0,0.0,0.0,0.0,0.0,7.19,0.867,0.0,0,0.0,0.0,84,19.43,13,2,6.46,0.0,0.0,0.0,0.0,96.01,0.687,0.0,0,0.0,0.0,68,1.31,11,1,-1.54,0.0,0.0,0.0,0.0,88.82,-0.18,0.0,0,0.0,0.0
Madhav4466,17,36.18,4,1,4.25,0.059,0.0,0.0,0.0,343.96,0.75,0.0,0,0.0,0.0,5,21.4,3,3,1.67,0.0,0.0,0.0,0.0,2755.95,0.5,0.0,0,163.0,1.0,-12,-14.78,-1,2,-2.58,-0.059,0.0,0.0,0.0,2411.99,-0.25,0.0,0,163.0,1.0
thongle321,29,14.59,8,5,3.62,0.0,0.0,0.0,0.0,131.12,0.536,0.0,0,0.0,0.0,9,16.0,3,2,3.0,0.0,0.0,0.0,0.0,66.24,0.75,0.0,0,0.0,0.0,-20,1.41,-5,-3,-0.62,0.0,0.0,0.0,0.0,-64.88,0.214,0.0,0,0.0,0.0
arkq,6,60.83,4,1,1.5,0.167,0.0,0.0,0.0,1961.57,0.4,0.0,0,0.0,0.0,14,44.64,8,2,1.75,0.143,0.0,0.214,0.0,679.17,0.077,0.0,0,0.0,0.0,8,-16.19,4,1,0.25,-0.024,0.0,0.214,0.0,-1282.4,-0.323,0.0,0,0.0,0.0
ExtremeFiretop,36,28.03,7,3,5.14,0.0,0.0,0.056,0.0,438.11,0.657,0.0,0,0.0,0.0,64,91.12,22,4,2.91,0.766,0.0,0.0,0.016,229.27,0.286,0.0,0,981.5,0.625,28,63.09,15,1,-2.23,0.766,0.0,-0.056,0.016,-208.84,-0.371,0.0,0,981.5,0.625
Atharva0506,61,13.64,14,5,4.36,0.0,0.0,0.0,0.0,165.28,0.667,0.0,0,0.0,0.0,19,53.84,10,1,1.9,0.316,0.0,0.0,0.0,1037.06,0.333,0.0,0,0.0,0.0,-42,40.2,-4,-4,-2.46,0.316,0.0,0.0,0.0,871.78,-0.334,0.0,0,0.0,0.0
Leonardo-Luz,37,43.27,10,3,3.7,0.459,0.0,0.0,0.0,47.48,0.25,0.0,0,0.0,0.0,63,19.33,10,3,6.3,0.016,0.365,0.0,0.0,133.91,0.742,0.0,0,0.0,0.0,26,-23.94,0,0,2.6,-0.443,0.365,0.0,0.0,86.43,0.492,0.0,0,0.0,0.0
2u841r,34,40.0,3,2,11.33,0.235,0.0,0.0,0.0,23.52,0.727,0.0,0,0.0,0.0,66,22.64,27,2,2.44,0.076,0.0,0.0,0.0,290.68,0.338,0.0,0,0.0,0.0,32,-17.36,24,0,-8.89,-0.159,0.0,0.0,0.0,267.16,-0.389,0.0,0,0.0,0.0
KIMGEONUNG,7,12.0,2,1,3.5,0.0,0.0,0.0,0.0,63.52,0.5,0.0,0,0.0,0.0,78,12.58,29,1,2.69,0.0,0.0,0.0,0.0,253.06,0.325,0.0,0,0.0,0.0,71,0.58,27,0,-0.81,0.0,0.0,0.0,0.0,189.54,-0.175,0.0,0,0.0,0.0
goafabric,42,17.62,16,2,2.62,0.024,0.0,0.0,0.0,327.74,0.512,0.0,0,0.0,0.0,38,59.5,25,1,1.52,0.079,0.0,0.0,0.0,227.2,0.0,0.0,0,7539.45,1.0,-4,41.88,9,-1,-1.1,0.055,0.0,0.0,0.0,-100.54,-0.512,0.0,0,7539.45,1.0
ansh3108,6,17.67,5,4,1.2,0.0,0.0,0.0,0.0,1865.99,0.2,0.0,0,0.0,0.0,9,33.0,2,2,4.5,0.222,0.0,0.0,0.0,26.4,0.75,0.0,0,0.0,0.0,3,15.33,-3,-2,3.3,0.222,0.0,0.0,0.0,-1839.59,0.55,0.0,0,0.0,0.0
arjun-ms,23,20.61,8,1,2.88,0.0,0.0,0.0,0.0,418.94,0.636,0.0,0,0.0,0.0,6,16.0,1,1,6.0,0.0,0.0,0.0,0.0,0.04,1.0,0.0,0,0.0,0.0,-17,-4.61,-7,0,3.12,0.0,0.0,0.0,0.0,-418.9,0.364,0.0,0,0.0,0.0
JaerryLee,20,16.0,7,1,2.86,0.0,0.0,0.0,0.0,430.13,0.579,0.0,0,0.0,0.0,12,791.92,1,1,12.0,0.917,1.0,0.333,0.667,0.1,1.0,0.0,0,0.0,0.0,-8,775.92,-6,0,9.14,0.917,1.0,0.333,0.667,-430.03,0.421,0.0,0,0.0,0.0
Prateek22672,15,28.47,5,3,3.0,0.133,0.0,0.0,0.0,149.71,0.571,0.0,0,0.0,0.0,18,16.11,4,2,4.5,0.0,0.0,0.0,0.0,365.5,0.824,0.0,0,0.0,0.0,3,-12.36,-1,-1,1.5,-0.133,0.0,0.0,0.0,215.79,0.253,0.0,0,0.0,0.0
bkkmw,5,37.6,3,1,1.67,0.0,0.0,0.0,0.2,72.0,0.25,0.0,0,0.0,0.0,79,28.84,23,1,3.43,0.0,0.0,0.0,0.013,178.56,0.359,0.0,0,0.0,0.0,74,-8.76,20,0,1.76,0.0,0.0,0.0,-0.187,106.56,0.109,0.0,0,0.0,0.0
abegel,35,24.86,13,1,2.69,0.086,0.0,0.0,0.0,380.4,0.471,0.0,0,0.0,0.0,37,20.05,21,1,1.76,0.0,0.0,0.0,0.0,527.99,0.333,0.0,0,0.0,0.0,2,-4.81,8,0,-0.93,-0.086,0.0,0.0,0.0,147.59,-0.138,0.0,0,0.0,0.0
deepak748030,5,14.0,1,1,5.0,0.0,0.0,0.0,0.0,0.12,1.0,0.0,0,0.0,0.0,95,20.84,11,3,8.64,0.032,0.0,0.0,0.0,97.05,0.553,0.0,0,0.0,0.0,90,6.84,10,2,3.64,0.032,0.0,0.0,0.0,96.93,-0.447,0.0,0,0.0,0.0
suinkimme,26,21.08,5,3,5.2,0.115,0.0,0.0,0.0,40.76,0.64,0.0,0,0.0,0.0,66,14.15,5,1,13.2,0.015,0.0,0.0,0.015,8.84,0.615,0.0,0,0.0,0.0,40,-6.93,0,-2,8.0,-0.1,0.0,0.0,0.015,-31.92,-0.025,0.0,0,0.0,0.0
JosunLP,25,17.24,16,1,1.56,0.0,0.0,0.0,0.0,496.22,0.25,0.0,0,0.0,0.0,28,44.79,13,1,2.15,0.214,0.0,0.0,0.0,630.26,0.519,0.0,0,0.0,0.0,3,27.55,-3,0,0.59,0.214,0.0,0.0,0.0,134.04,0.269,0.0,0,0.0,0.0
Suryansh-Dey,36,20.83,5,4,7.2,0.0,0.0,0.0,0.0,104.26,0.743,0.0,0,0.0,0.0,7,50.0,4,2,1.75,0.571,0.0,0.0,0.0,3077.08,0.5,0.0,0,0.0,0.0,-29,29.17,-1,-2,-5.45,0.571,0.0,0.0,0.0,2972.82,-0.243,0.0,0,0.0,0.0
heliopmart,7,28.57,3,1,2.33,0.0,0.0,0.0,0.0,44.71,0.333,0.0,0,0.0,0.0,90,32.13,10,3,9.0,0.022,0.0,0.033,0.022,112.39,0.64,0.0,0,0.0,0.0,83,3.56,7,2,6.67,0.022,0.0,0.033,0.022,67.68,0.307,0.0,0,0.0,0.0
hashemmm96,20,40.1,8,1,2.5,0.15,0.9,0.0,0.0,387.33,0.368,0.0,0,0.0,0.0,46,30.76,25,1,1.84,0.022,0.891,0.0,0.022,434.53,0.244,0.0,0,0.0,0.0,26,-9.34,17,0,-0.66,-0.128,-0.009,0.0,0.022,47.2,-0.124,0.0,0,0.0,0.0
ahmadrazanawab,5,23.0,3,2,1.67,0.0,0.0,0.0,0.0,972.86,0.5,0.0,0,0.0,0.0,24,28.21,8,5,3.0,0.042,0.0,0.0,0.0,248.32,0.609,0.0,0,0.0,0.0,19,5.21,5,3,1.33,0.042,0.0,0.0,0.0,-724.54,0.109,0.0,0,0.0,0.0
thomhurst,18,118.94,4,1,4.5,0.778,0.0,0.056,0.0,66.81,0.765,0.0,0,0.0,0.0,30,106.53,7,1,4.29,0.8,0.0,0.133,0.0,460.19,0.724,0.0,0,3115.02,1.0,12,-12.41,3,0,-0.21,0.022,0.0,0.077,0.0,393.38,-0.041,0.0,0,3115.02,1.0
mdxabu,71,22.2,17,3,4.18,0.0,0.0,0.0,0.0,47.91,0.329,0.0,0,0.0,0.0,29,30.24,19,3,1.53,0.172,0.0,0.0,0.0,571.73,0.071,0.0,0,0.0,0.0,-42,8.04,2,0,-2.65,0.172,0.0,0.0,0.0,523.82,-0.258,0.0,0,0.0,0.0
samie,28,26.04,7,2,4.0,0.036,0.0,0.0,0.0,463.74,0.741,0.0,0,0.0,0.0,19,39.05,5,2,3.8,0.158,0.0,0.053,0.105,961.29,0.722,0.0,0,0.0,0.0,-9,13.01,-2,0,-0.2,0.122,0.0,0.053,0.105,497.55,-0.019,0.0,0,0.0,0.0
mattgerken,5,21.0,2,1,2.5,0.0,0.0,0.0,0.0,17.9,0.75,0.0,0,0.0,0.0,33,15.55,9,4,3.67,0.0,0.0,0.0,0.0,269.74,0.656,0.0,0,0.0,0.0,28,-5.45,7,3,1.17,0.0,0.0,0.0,0.0,251.84,-0.094,0.0,0,0.0,0.0
tschoonj,19,68.47,6,1,3.17,0.579,0.0,0.0,0.0,657.03,0.5,0.0,0,0.0,0.0,81,79.22,12,1,6.75,0.395,0.012,0.086,0.086,155.38,0.7,0.0,0,380.11,0.444,62,10.75,6,0,3.58,-0.184,0.012,0.086,0.086,-501.65,0.2,0.0,0,380.11,0.444
cclvi256,75,27.01,6,1,12.5,0.067,0.0,0.0,0.0,11.74,0.473,0.0,0,0.0,0.0,25,29.96,3,2,8.33,0.0,0.0,0.0,0.2,329.42,0.792,0.0,0,0.0,0.0,-50,2.95,-3,1,-4.17,-0.067,0.0,0.0,0.2,317.68,0.319,0.0,0,0.0,0.0
B-Galati,44,31.45,25,1,1.76,0.0,0.0,0.0,0.0,388.77,0.186,0.0,0,0.0,0.0,39,147.38,33,1,1.18,0.359,0.718,0.051,0.282,520.08,0.053,0.0,0,0.0,0.0,-5,115.93,8,0,-0.58,0.359,0.718,0.051,0.282,131.31,-0.133,0.0,0,0.0,0.0
MarcinOrl,12,11.92,5,3,2.4,0.0,0.0,0.0,0.0,602.06,0.545,0.0,0,0.0,0.0,8,16.0,6,1,1.33,0.0,0.0,0.0,0.0,1968.74,0.143,0.0,0,0.0,0.0,-4,4.08,1,-2,-1.07,0.0,0.0,0.0,0.0,1366.68,-0.402,0.0,0,0.0,0.0
MarceTT,8,25.5,3,4,2.67,0.0,0.0,0.0,0.0,330.85,0.429,0.0,0,0.0,0.0,6,17.0,1,2,6.0,0.0,0.0,0.0,0.0,0.01,1.0,0.0,0,0.0,0.0,-2,-8.5,-2,-2,3.33,0.0,0.0,0.0,0.0,-330.84,0.571,0.0,0,0.0,0.0
xavierleroy,36,43.44,8,1,4.5,0.167,0.0,0.083,0.0,420.51,0.629,0.0,0,0.0,0.0,27,88.37,9,1,3.0,0.296,0.0,0.0,0.037,529.16,0.538,0.0,0,320.67,0.667,-9,44.93,1,0,-1.5,0.129,0.0,-0.083,0.037,108.65,-0.091,0.0,0,320.67,0.667
KitKat4191,25,46.68,7,2,3.57,0.28,0.0,0.0,0.0,245.16,0.708,0.0,0,0.0,0.0,20,44.75,4,2,5.0,0.45,0.0,0.0,0.05,505.06,0.842,0.0,0,0.0,0.0,-5,-1.93,-3,0,1.43,0.17,0.0,0.0,0.05,259.9,0.134,0.0,0,0.0,0.0
zaesur,9,19.33,2,2,4.5,0.111,0.0,0.0,0.0,27.44,0.75,0.0,0,0.0,0.0,14,24.14,3,3,4.67,0.143,0.0,0.0,0.0,786.23,0.769,0.0,0,0.0,0.0,5,4.81,1,1,0.17,0.032,0.0,0.0,0.0,758.79,0.019,0.0,0,0.0,0.0
aamoyel,16,36.25,9,4,1.78,0.062,0.75,0.0,0.0,534.07,0.267,0.0,0,0.0,0.0,7,43.14,5,2,1.4,0.143,0.143,0.0,0.0,2315.55,0.333,0.0,0,0.0,0.0,-9,6.89,-4,-2,-0.38,0.081,-0.607,0.0,0.0,1781.48,0.066,0.0,0,0.0,0.0
MuhangTian,94,15.46,11,2,8.55,0.0,0.0,0.0,0.0,87.64,0.806,0.0,0,0.0,0.0,6,16.0,3,1,2.0,0.0,0.0,0.0,0.0,577.82,0.4,0.0,0,0.0,0.0,-88,0.54,-8,-1,-6.55,0.0,0.0,0.0,0.0,490.18,-0.406,0.0,0,0.0,0.0
SiddhantDas18,12,19.67,3,3,4.0,0.083,0.0,0.0,0.0,794.48,0.727,0.0,0,0.0,0.0,28,27.75,10,5,2.8,0.071,0.0,0.0,0.0,609.78,0.667,0.0,0,35.0,0.0,16,8.08,7,2,-1.2,-0.012,0.0,0.0,0.0,-184.7,-0.06,0.0,0,35.0,0.0
Duaa-Fatima,10,18.4,1,1,10.0,0.0,0.0,0.0,0.0,0.01,1.0,0.0,0,0.0,0.0,20,17.15,4,4,5.0,0.0,0.0,0.0,0.0,679.3,0.842,0.0,0,0.0,0.0,10,-1.25,3,3,-5.0,0.0,0.0,0.0,0.0,679.29,-0.158,0.0,0,0.0,0.0
PakoAraya,37,74.68,9,1,4.11,0.135,0.0,0.0,0.0,53.97,0.306,0.0,0,0.0,0.0,11,61.18,1,1,11.0,0.182,0.0,0.0,0.0,2.56,0.9,0.0,0,0.0,0.0,-26,-13.5,-8,0,6.89,0.047,0.0,0.0,0.0,-51.41,0.594,0.0,0,0.0,0.0
Faralha,19,41.84,3,2,6.33,0.316,0.0,0.0,0.0,151.86,0.722,0.0,0,0.0,0.0,6,16.83,3,1,2.0,0.0,0.0,0.0,0.0,984.59,0.6,0.0,0,0.0,0.0,-13,-25.01,0,-1,-4.33,-0.316,0.0,0.0,0.0,832.73,-0.122,0.0,0,0.0,0.0
vollate,80,64.97,18,4,4.44,0.188,0.062,0.025,0.05,146.41,0.316,0.0,0,53.0,0.111,17,25.94,13,3,1.31,0.118,0.0,0.0,0.0,1100.32,0.188,0.0,0,0.0,0.0,-63,-39.03,-5,-1,-3.13,-0.07,-0.062,-0.025,-0.05,953.91,-0.128,0.0,0,-53.0,-0.111
bjucs,45,26.71,13,2,3.46,0.022,0.022,0.0,0.0,134.64,0.568,0.0,0,0.0,0.0,55,43.87,12,3,4.58,0.0,0.636,0.018,0.018,222.85,0.481,0.0,0,0.0,0.0,10,17.16,-1,1,1.12,-0.022,0.614,0.018,0.018,88.21,-0.087,0.0,0,0.0,0.0
NyuB,16,25.94,5,2,3.2,0.0,0.0,0.312,0.0,598.47,0.6,0.0,0,0.0,0.0,14,27.43,2,1,7.0,0.0,0.0,0.0,0.0,12.88,0.769,0.0,0,0.0,0.0,-2,1.49,-3,-1,3.8,0.0,0.0,-0.312,0.0,-585.59,0.169,0.0,0,0.0,0.0
ehclark,38,23.16,4,1,9.5,0.0,0.0,0.026,0.0,22.51,0.73,0.0,0,0.0,0.0,16,32.69,2,2,8.0,0.125,0.0,0.062,0.062,600.15,0.867,0.0,0,0.0,0.0,-22,9.53,-2,1,-1.5,0.125,0.0,0.036,0.062,577.64,0.137,0.0,0,0.0,0.0
nguyenpanda,18,26.94,3,2,6.0,0.111,0.0,0.0,0.0,13.66,0.647,0.0,0,0.0,0.0,82,24.9,20,3,4.1,0.037,0.0,0.0,0.024,176.33,0.593,0.0,0,0.0,0.0,64,-2.04,17,1,-1.9,-0.074,0.0,0.0,0.024,162.67,-0.054,0.0,0,0.0,0.0
sabihanjum,22,9.95,9,2,2.44,0.0,0.0,0.0,0.0,106.35,0.143,0.0,0,0.0,0.0,78,24.06,8,1,9.75,0.0,0.0,0.0,0.0,15.56,0.364,0.0,0,0.0,0.0,56,14.11,-1,-1,7.31,0.0,0.0,0.0,0.0,-90.79,0.221,0.0,0,0.0,0.0
rickywizard,15,20.2,6,4,2.5,0.0,0.0,0.0,0.0,525.43,0.571,0.0,0,0.0,0.0,37,16.0,7,1,5.29,0.0,0.0,0.0,0.0,324.47,0.75,0.0,0,0.0,0.0,22,-4.2,1,-3,2.79,0.0,0.0,0.0,0.0,-200.96,0.179,0.0,0,0.0,0.0
tjblackheart,34,19.41,6,3,5.67,0.0,0.088,0.029,0.0,218.27,0.727,0.0,0,0.0,0.0,65,69.71,23,3,2.83,0.4,0.092,0.185,0.385,174.09,0.344,0.0,0,4.3,0.022,31,50.3,17,0,-2.84,0.4,0.004,0.156,0.385,-44.18,-0.383,0.0,0,4.3,0.022
James-Livesey,12,29.75,4,1,3.0,0.0,0.0,0.0,0.0,1211.15,0.545,0.0,0,0.0,0.0,11,33.0,8,1,1.38,0.0,0.0,0.0,0.0,1498.22,0.3,0.0,0,0.0,0.0,-1,3.25,4,0,-1.62,0.0,0.0,0.0,0.0,287.07,-0.245,0.0,0,0.0,0.0
kuchbhi-kunal,7,16.0,4,1,1.75,0.0,0.0,0.0,0.0,503.51,0.167,0.0,0,0.0,0.0,7,18.57,6,1,1.17,0.0,0.0,0.0,0.0,3084.61,0.0,0.0,0,0.0,0.0,0,2.57,2,0,-0.58,0.0,0.0,0.0,0.0,2581.1,-0.167,0.0,0,0.0,0.0
chasingegg,13,8.23,11,1,1.18,0.0,0.0,0.077,0.0,1323.29,0.167,0.0,0,0.0,0.0,6,104.17,5,1,1.2,0.167,0.0,0.0,0.167,2487.12,0.2,0.0,0,0.0,0.0,-7,95.94,-6,0,0.02,0.167,0.0,-0.077,0.167,1163.83,0.033,0.0,0,0.0,0.0
jakewdr,38,26.92,17,2,2.24,0.026,0.0,0.0,0.0,450.2,0.378,0.0,0,0.0,0.0,62,47.39,22,2,2.82,0.081,0.0,0.0,0.048,237.98,0.426,0.0,0,0.0,0.0,24,20.47,5,0,0.58,0.055,0.0,0.0,0.048,-212.22,0.048,0.0,0,0.0,0.0
marcelo-m7,6,23.83,1,1,6.0,0.0,0.0,0.0,0.0,0.02,1.0,0.0,0,0.0,0.0,94,88.35,10,3,9.4,0.298,0.0,0.0,0.0,175.73,0.602,0.0,0,1089.89,0.778,88,64.52,9,2,3.4,0.298,0.0,0.0,0.0,175.71,-0.398,0.0,0,1089.89,0.778
IvanMao714,28,11.93,7,4,4.0,0.0,0.0,0.0,0.0,336.03,0.556,0.0,0,0.0,0.0,13,13.54,3,2,4.33,0.0,0.0,0.0,0.0,812.32,0.333,0.0,0,0.0,0.0,-15,1.61,-4,-2,0.33,0.0,0.0,0.0,0.0,476.29,-0.223,0.0,0,0.0,0.0
tsmalu,11,23.36,4,1,2.75,0.364,0.0,0.0,0.0,578.44,0.7,0.0,0,0.0,0.0,48,26.92,10,5,4.8,0.104,0.0,0.0,0.021,331.43,0.574,0.0,0,0.0,0.0,37,3.56,6,4,2.05,-0.26,0.0,0.0,0.021,-247.01,-0.126,0.0,0,0.0,0.0
jontsai,15,45.27,7,1,2.14,0.2,0.0,0.0,0.0,689.22,0.357,0.0,0,0.0,0.0,10,92.2,4,1,2.5,0.3,0.0,0.0,0.1,1195.3,0.667,0.0,0,0.0,0.0,-5,46.93,-3,0,0.36,0.1,0.0,0.0,0.1,506.08,0.31,0.0,0,0.0,0.0
tph-kds,19,25.37,5,4,3.8,0.105,0.0,0.0,0.0,117.08,0.611,0.0,0,0.0,0.0,29,16.69,4,1,7.25,0.0,0.0,0.0,0.0,117.15,0.857,0.0,0,0.0,0.0,10,-8.68,-1,-3,3.45,-0.105,0.0,0.0,0.0,0.07,0.246,0.0,0,0.0,0.0
CodeWithSushil,42,17.71,16,1,2.62,0.143,0.0,0.0,0.0,340.62,0.537,0.0,0,0.0,0.0,47,59.77,21,3,2.24,0.213,0.0,0.0,0.0,404.68,0.478,0.0,0,0.0,0.0,5,42.06,5,2,-0.38,0.07,0.0,0.0,0.0,64.06,-0.059,0.0,0,0.0,0.0
EPoY74,13,78.46,4,1,3.25,0.308,0.0,0.0,0.154,39.91,0.333,0.0,0,0.0,0.0,87,56.67,10,2,8.7,0.126,0.586,0.057,0.011,165.77,0.779,0.0,0,15.0,0.0,74,-21.79,6,1,5.45,-0.182,0.586,0.057,-0.143,125.86,0.446,0.0,0,15.0,0.0
wichan7,78,21.71,16,1,4.88,0.013,0.397,0.0,0.013,43.32,0.455,0.0,0,0.0,0.0,22,21.55,14,1,1.57,0.045,0.818,0.0,0.0,637.53,0.095,0.0,0,553.0,1.0,-56,-0.16,-2,0,-3.31,0.032,0.421,0.0,-0.013,594.21,-0.36,0.0,0,553.0,1.0
diegotty,5,14.0,2,1,2.5,0.0,0.0,0.0,0.0,25.75,0.5,0.0,0,0.0,0.0,95,32.03,11,2,8.64,0.0,0.0,0.0,0.0,20.6,0.745,0.0,0,0.0,0.0,90,18.03,9,1,6.14,0.0,0.0,0.0,0.0,-5.15,0.245,0.0,0,0.0,0.0
allenmagic,8,16.75,5,1,1.6,0.25,0.0,0.0,0.0,1821.12,0.429,0.0,0,0.0,0.0,92,35.26,13,4,7.08,0.022,0.0,0.011,0.0,144.49,0.637,0.0,0,0.0,0.0,84,18.51,8,3,5.48,-0.228,0.0,0.011,0.0,-1676.63,0.208,0.0,0,0.0,0.0
navharsh,63,26.24,20,3,3.15,0.175,0.0,0.0,0.0,241.83,0.484,0.0,0,0.0,0.0,10,26.3,4,1,2.5,0.1,0.0,0.0,0.0,1185.07,0.667,0.0,0,0.0,0.0,-53,0.06,-16,-2,-0.65,-0.075,0.0,0.0,0.0,943.24,0.183,0.0,0,0.0,0.0
NazarovMichail,34,13.47,3,3,11.33,0.0,0.0,0.0,0.0,47.31,0.758,0.0,0,0.0,0.0,66,13.14,12,1,5.5,0.0,0.0,0.0,0.0,121.05,0.769,0.0,0,0.0,0.0,32,-0.33,9,-2,-5.83,0.0,0.0,0.0,0.0,73.74,0.011,0.0,0,0.0,0.0
amankrs21,26,16.23,6,4,4.33,0.0,0.0,0.0,0.0,168.86,0.72,0.0,0,0.0,0.0,33,32.36,6,4,5.5,0.091,0.0,0.0,0.0,314.33,0.719,0.0,0,4.0,0.0,7,16.13,0,0,1.17,0.091,0.0,0.0,0.0,145.47,-0.001,0.0,0,4.0,0.0
wdhdev,12,20.5,6,1,2.0,0.0,0.333,0.0,0.0,219.38,0.455,0.0,0,0.0,0.0,88,21.36,35,1,2.51,0.034,0.023,0.0,0.011,222.71,0.46,0.0,0,0.0,0.0,76,0.86,29,0,0.51,0.034,-0.31,0.0,0.011,3.33,0.005,0.0,0,0.0,0.0
Autherain,19,70.42,8,2,2.38,0.105,0.0,0.263,0.0,114.74,0.222,0.0,0,0.0,0.0,26,54.92,9,4,2.89,0.077,0.0,0.154,0.0,103.5,0.4,0.0,0,0.0,0.0,7,-15.5,1,2,0.51,-0.028,0.0,-0.109,0.0,-11.24,0.178,0.0,0,0.0,0.0
smdlabtech,45,16.71,9,2,5.0,0.0,0.0,0.0,0.0,375.15,0.773,0.0,0,0.0,0.0,23,16.65,9,2,2.56,0.0,0.0,0.0,0.0,395.46,0.545,0.0,0,0.0,0.0,-22,-0.06,0,0,-2.44,0.0,0.0,0.0,0.0,20.31,-0.228,0.0,0,0.0,0.0
aspizu,7,19.57,3,1,2.33,0.0,0.0,0.0,0.0,1156.85,0.167,0.0,0,0.0,0.0,93,79.49,5,1,18.6,0.097,0.839,0.022,0.032,6.81,0.761,0.0,0,173.39,0.361,86,59.92,2,0,16.27,0.097,0.839,0.022,0.032,-1150.04,0.594,0.0,0,173.39,0.361
saeram00,56,129.62,20,3,2.8,0.804,0.0,0.036,0.732,264.31,0.4,0.0,0,0.0,0.0,7,127.86,4,2,1.75,0.714,0.0,0.0,0.429,717.78,0.0,0.0,0,0.0,0.0,-49,-1.76,-16,-1,-1.05,-0.09,0.0,-0.036,-0.303,453.47,-0.4,0.0,0,0.0,0.0
druhasu,13,58.46,8,1,1.62,0.077,0.0,0.077,0.154,634.46,0.167,0.0,0,24.0,0.0,66,71.59,31,2,2.13,0.212,0.0,0.106,0.0,240.99,0.338,0.0,0,0.0,0.0,53,13.13,23,1,0.51,0.135,0.0,0.029,-0.154,-393.47,0.171,0.0,0,-24.0,0.0
nisar2,57,63.89,25,1,2.28,0.0,0.0,0.018,0.0,153.93,0.304,0.0,0,0.0,0.0,26,67.58,3,1,8.67,0.0,0.308,0.0,0.0,16.57,0.72,0.0,0,0.0,0.0,-31,3.69,-22,0,6.39,0.0,0.308,-0.018,0.0,-137.36,0.416,0.0,0,0.0,0.0
Builder256,49,17.86,9,1,5.44,0.0,0.0,0.02,0.0,262.68,0.812,0.0,0,0.0,0.0,10,27.9,4,1,2.5,0.3,0.0,0.0,0.0,361.7,0.667,0.0,0,0.0,0.0,-39,10.04,-5,0,-2.94,0.3,0.0,-0.02,0.0,99.02,-0.145,0.0,0,0.0,0.0
westonclark,82,25.87,8,2,10.25,0.0,0.0,0.0,0.024,48.3,0.667,0.0,0,0.0,0.0,18,17.39,5,2,3.6,0.0,0.0,0.0,0.0,946.22,0.176,0.0,0,0.0,0.0,-64,-8.48,-3,0,-6.65,0.0,0.0,0.0,-0.024,897.92,-0.491,0.0,0,0.0,0.0
KKould,27,20.26,14,2,1.93,0.259,0.148,0.0,0.0,530.79,0.462,0.0,0,0.0,0.0,18,16.61,11,1,1.64,0.0,0.0,0.0,0.0,976.47,0.412,0.0,0,0.0,0.0,-9,-3.65,-3,-1,-0.29,-0.259,-0.148,0.0,0.0,445.68,-0.05,0.0,0,0.0,0.0
turek9933,18,48.94,5,4,3.6,0.278,0.0,0.0,0.111,886.55,0.471,0.0,0,8.0,0.0,11,21.82,2,1,5.5,0.0,0.0,0.0,0.0,16.78,0.9,0.0,0,0.0,0.0,-7,-27.12,-3,-3,1.9,-0.278,0.0,0.0,-0.111,-869.77,0.429,0.0,0,-8.0,0.0
fabiopulvirenti,8,19.62,2,2,4.0,0.0,0.0,0.0,0.0,181.4,0.571,0.0,0,0.0,0.0,7,22.29,2,2,3.5,0.0,1.0,0.0,0.0,32.04,0.833,0.0,0,0.0,0.0,-1,2.67,0,0,-0.5,0.0,1.0,0.0,0.0,-149.36,0.262,0.0,0,0.0,0.0
kingkaminseo,6,16.33,2,3,3.0,0.0,0.0,0.0,0.167,22.99,0.6,0.0,0,0.0,0.0,17,8.41,6,3,2.83,0.0,0.0,0.0,0.0,631.11,0.438,0.0,0,0.0,0.0,11,-7.92,4,0,-0.17,0.0,0.0,0.0,-0.167,608.12,-0.162,0.0,0,0.0,0.0
pipetoroc,56,39.91,13,3,4.31,0.0,0.643,0.0,0.0,193.23,0.491,0.0,0,0.0,0.0,44,25.61,7,1,6.29,0.0,0.455,0.0,0.0,180.11,0.605,0.0,0,0.0,0.0,-12,-14.3,-6,-2,1.98,0.0,-0.188,0.0,0.0,-13.12,0.114,0.0,0,0.0,0.0
SteeleDynamics,55,222.4,13,2,4.23,0.909,0.0,0.091,0.127,214.65,0.185,0.0,0,0.0,0.0,25,85.76,14,2,1.79,0.36,0.0,0.04,0.08,538.39,0.125,0.0,0,0.0,0.0,-30,-136.64,1,0,-2.44,-0.549,0.0,-0.051,-0.047,323.74,-0.06,0.0,0,0.0,0.0
eeuuais,57,18.4,10,3,5.7,0.0,0.0,0.0,0.0,80.99,0.661,0.0,0,0.0,0.0,43,25.95,9,5,4.78,0.116,0.209,0.0,0.047,344.03,0.643,0.0,0,0.0,0.0,-14,7.55,-1,2,-0.92,0.116,0.209,0.0,0.047,263.04,-0.018,0.0,0,0.0,0.0
semanurbilada,79,16.99,20,4,3.95,0.0,0.0,0.0,0.0,164.34,0.692,0.0,0,0.0,0.0,21,28.62,12,2,1.75,0.0,0.0,0.0,0.0,859.54,0.25,0.0,0,0.0,0.0,-58,11.63,-8,-2,-2.2,0.0,0.0,0.0,0.0,695.2,-0.442,0.0,0,0.0,0.0
nileshsn,22,17.64,3,5,7.33,0.0,0.0,0.0,0.0,318.83,0.857,0.0,0,0.0,0.0,10,15.3,4,2,2.5,0.0,0.0,0.0,0.0,1116.83,0.444,0.0,0,0.0,0.0,-12,-2.34,1,-3,-4.83,0.0,0.0,0.0,0.0,798.0,-0.413,0.0,0,0.0,0.0
leandruko,11,42.82,5,5,2.2,0.364,0.0,0.0,0.0,472.45,0.3,0.0,0,0.0,0.0,25,10.12,2,1,12.5,0.0,0.0,0.0,0.0,8.31,0.542,0.0,0,0.0,0.0,14,-32.7,-3,-4,10.3,-0.364,0.0,0.0,0.0,-464.14,0.242,0.0,0,0.0,0.0
abdiaelema76,15,15.93,6,5,2.5,0.0,0.0,0.0,0.0,681.63,0.429,0.0,0,0.0,0.0,7,16.0,2,1,3.5,0.0,0.0,0.0,0.0,29.42,0.833,0.0,0,0.0,0.0,-8,0.07,-4,-4,1.0,0.0,0.0,0.0,0.0,-652.21,0.404,0.0,0,0.0,0.0
Zahkklm,11,15.18,4,4,2.75,0.091,0.0,0.0,0.0,91.84,0.7,0.0,0,0.0,0.0,17,18.12,13,1,1.31,0.059,0.0,0.0,0.0,709.97,0.25,0.0,0,0.0,0.0,6,2.94,9,-3,-1.44,-0.032,0.0,0.0,0.0,618.13,-0.45,0.0,0,0.0,0.0
geo-ant,28,79.14,11,1,2.55,0.321,0.0,0.0,0.071,138.63,0.37,0.0,0,30.53,0.333,72,89.88,22,1,3.27,0.292,0.0,0.0,0.264,276.85,0.408,0.0,0,22.73,0.192,44,10.74,11,0,0.72,-0.029,0.0,0.0,0.193,138.22,0.038,0.0,0,-7.8,-0.141
Powershooter83,14,23.43,2,1,7.0,0.143,0.0,0.0,0.0,8.97,0.538,0.0,0,0.0,0.0,77,47.25,19,4,4.05,0.429,0.0,0.0,0.0,146.77,0.487,0.0,0,3.96,0.04,63,23.82,17,3,-2.95,0.286,0.0,0.0,0.0,137.8,-0.051,0.0,0,3.96,0.04
oliverspeer,42,45.45,15,1,2.8,0.405,0.0,0.0,0.0,141.67,0.22,0.0,0,51.0,1.0,58,34.95,11,1,5.27,0.103,0.0,0.0,0.0,156.64,0.439,0.0,0,0.0,0.0,16,-10.5,-4,0,2.47,-0.302,0.0,0.0,0.0,14.97,0.219,0.0,0,-51.0,-1.0
IIRoan,9,56.33,5,3,1.8,0.444,0.0,0.0,0.0,1561.24,0.375,0.0,0,0.0,0.0,20,32.5,8,3,2.5,0.35,0.0,0.0,0.0,558.14,0.579,0.0,0,0.0,0.0,11,-23.83,3,0,0.7,-0.094,0.0,0.0,0.0,-1003.1,0.204,0.0,0,0.0,0.0
DaniilMurzin,59,34.07,15,1,3.93,0.254,0.0,0.119,0.017,100.98,0.362,0.0,0,19.36,0.182,9,19.44,3,3,3.0,0.111,0.0,0.0,0.0,66.34,0.125,0.0,0,0.0,0.0,-50,-14.63,-12,2,-0.93,-0.143,0.0,-0.119,-0.017,-34.64,-0.237,0.0,0,-19.36,-0.182
blackshirt,47,24.23,8,3,5.88,0.085,0.0,0.0,0.0,342.44,0.609,0.0,0,3.33,0.0,30,22.77,5,3,6.0,0.167,0.0,0.067,0.0,517.8,0.517,0.0,0,10.0,0.0,-17,-1.46,-3,0,0.12,0.082,0.0,0.067,0.0,175.36,-0.092,0.0,0,6.67,0.0
Sikriet,39,66.67,8,2,4.88,0.41,0.0,0.0,0.487,240.59,0.447,0.0,0,0.0,0.0,16,27.69,12,1,1.33,0.062,0.438,0.0,0.062,876.58,0.267,0.0,0,0.0,0.0,-23,-38.98,4,-1,-3.55,-0.348,0.438,0.0,-0.425,635.99,-0.18,0.0,0,0.0,0.0
Anser2,9,18.11,2,3,4.5,0.0,0.0,0.0,0.0,381.74,0.75,0.0,0,0.0,0.0,16,29.81,5,5,3.2,0.062,0.0,0.0,0.0,582.67,0.6,0.0,0,0.0,0.0,7,11.7,3,2,-1.3,0.062,0.0,0.0,0.0,200.93,-0.15,0.0,0,0.0,0.0
nvadera-sc,13,25.54,5,3,2.6,0.077,0.0,0.0,0.0,811.23,0.5,0.0,0,0.0,0.0,5,23.4,3,2,1.67,0.0,0.0,0.0,0.0,1127.61,0.5,0.0,0,0.0,0.0,-8,-2.14,-2,-1,-0.93,-0.077,0.0,0.0,0.0,316.38,0.0,0.0,0,0.0,0.0
condmatr,59,22.51,15,2,3.93,0.034,0.0,0.0,0.0,204.0,0.586,0.0,0,0.0,0.0,41,35.44,15,2,2.73,0.073,0.0,0.0,0.024,316.2,0.5,0.0,0,0.0,0.0,-18,12.93,0,0,-1.2,0.039,0.0,0.0,0.024,112.2,-0.086,0.0,0,0.0,0.0
DevTroli,38,23.95,7,5,5.43,0.132,0.0,0.0,0.0,79.25,0.703,0.0,0,0.0,0.0,49,24.51,18,2,2.72,0.041,0.0,0.0,0.0,389.0,0.542,0.0,0,0.0,0.0,11,0.56,11,-3,-2.71,-0.091,0.0,0.0,0.0,309.75,-0.161,0.0,0,0.0,0.0
AlejandroGLo,19,24.74,5,3,3.8,0.053,0.0,0.0,0.0,66.78,0.556,0.0,0,0.0,0.0,81,15.07,22,3,3.68,0.0,0.0,0.012,0.049,152.72,0.312,0.0,0,0.0,0.0,62,-9.67,17,0,-0.12,-0.053,0.0,0.012,0.049,85.94,-0.244,0.0,0,0.0,0.0
seandrewsr,42,36.95,11,1,3.82,0.071,0.0,0.0,0.119,360.08,0.634,0.0,0,0.0,0.0,58,30.81,3,1,19.33,0.0,0.0,0.0,0.086,46.71,0.912,0.0,0,0.0,0.0,16,-6.14,-8,0,15.51,-0.071,0.0,0.0,-0.033,-313.37,0.278,0.0,0,0.0,0.0
nigelperis,25,24.88,6,3,4.17,0.04,0.0,0.04,0.0,122.15,0.583,0.0,0,0.0,0.0,49,26.04,13,3,3.77,0.041,0.469,0.041,0.0,263.99,0.438,0.0,0,18.0,0.0,24,1.16,7,0,-0.4,0.001,0.469,0.001,0.0,141.84,-0.145,0.0,0,18.0,0.0
keferson-github,95,30.54,7,1,13.57,0.0,0.0,0.0,0.011,32.5,0.798,0.0,0,0.0,0.0,5,21.6,4,2,1.25,0.2,0.0,0.0,0.0,3616.65,0.0,0.0,0,0.0,0.0,-90,-8.94,-3,1,-12.32,0.2,0.0,0.0,-0.011,3584.15,-0.798,0.0,0,0.0,0.0
myntsu,94,25.54,18,4,5.22,0.021,0.0,0.0,0.074,126.08,0.452,0.0,0,0.0,0.0,6,23.33,2,1,3.0,0.167,0.0,0.0,0.0,1065.85,0.8,0.0,0,0.0,0.0,-88,-2.21,-16,-3,-2.22,0.146,0.0,0.0,-0.074,939.77,0.348,0.0,0,0.0,0.0
cions,8,6.0,8,1,1.0,0.0,0.0,0.0,0.0,1553.66,0.0,0.0,0,0.0,0.0,24,22.83,12,2,2.0,0.0,0.0,0.0,0.0,323.48,0.348,0.0,0,0.0,0.0,16,16.83,4,1,1.0,0.0,0.0,0.0,0.0,-1230.18,0.348,0.0,0,0.0,0.0
Mark-EC-2023,72,21.53,6,2,12.0,0.0,0.0,0.0,0.0,44.9,0.845,0.0,0,0.0,0.0,8,40.5,2,2,4.0,0.375,0.0,0.25,0.0,673.27,0.714,0.0,0,0.0,0.0,-64,18.97,-4,0,-8.0,0.375,0.0,0.25,0.0,628.37,-0.131,0.0,0,0.0,0.0
bitSheriff,17,19.06,8,2,2.12,0.0,0.0,0.0,0.0,929.87,0.562,0.0,0,0.0,0.0,15,16.53,8,1,1.88,0.0,0.0,0.0,0.0,1074.74,0.5,0.0,0,0.0,0.0,-2,-2.53,0,-1,-0.24,0.0,0.0,0.0,0.0,144.87,-0.062,0.0,0,0.0,0.0
JasonLannel,18,18.11,6,2,3.0,0.0,0.0,0.0,0.0,349.69,0.471,0.0,0,0.0,0.0,37,28.65,13,2,2.85,0.027,0.0,0.0,0.0,513.32,0.444,0.0,0,0.0,0.0,19,10.54,7,0,-0.15,0.027,0.0,0.0,0.0,163.63,-0.027,0.0,0,0.0,0.0
Dhvanitmonpara,6,23.33,2,1,3.0,0.0,0.0,0.0,0.0,289.63,0.2,0.0,0,0.0,0.0,87,17.6,34,5,2.56,0.0,0.0,0.0,0.0,210.73,0.337,0.0,0,0.0,0.0,81,-5.73,32,4,-0.44,0.0,0.0,0.0,0.0,-78.9,0.137,0.0,0,0.0,0.0
braddf,16,36.44,2,2,8.0,0.0,0.0,0.0,0.0,283.61,0.8,0.0,0,0.0,0.0,9,504.89,2,1,4.5,0.556,1.0,0.0,0.556,12.44,0.5,0.0,0,0.0,0.0,-7,468.45,0,-1,-3.5,0.556,1.0,0.0,0.556,-271.17,-0.3,0.0,0,0.0,0.0
istiak19,5,12.8,3,3,1.67,0.0,0.0,0.0,0.0,1856.28,0.5,0.0,0,0.0,0.0,7,11.0,1,1,7.0,0.0,0.0,0.0,0.0,5.92,0.5,0.0,0,0.0,0.0,2,-1.8,-2,-2,5.33,0.0,0.0,0.0,0.0,-1850.36,0.0,0.0,0,0.0,0.0
shubhamsLinesOfCode,7,44.43,3,3,2.33,0.143,0.0,0.0,0.0,231.4,0.667,0.0,0,0.0,0.0,14,27.0,4,2,3.5,0.071,0.0,0.0,0.0,98.07,0.538,0.0,0,0.0,0.0,7,-17.43,1,-1,1.17,-0.072,0.0,0.0,0.0,-133.33,-0.129,0.0,0,0.0,0.0
shreyash3087,5,29.4,2,2,2.5,0.0,0.0,0.0,0.0,53.03,0.75,0.0,0,0.0,0.0,47,20.23,9,1,5.22,0.021,0.0,0.0,0.0,174.88,0.761,0.0,0,331.0,1.0,42,-9.17,7,-1,2.72,0.021,0.0,0.0,0.0,121.85,0.011,0.0,0,331.0,1.0
Mauricio-NCB,78,40.5,12,2,6.5,0.141,0.0,0.026,0.0,129.17,0.571,0.0,0,0.0,0.0,22,44.45,4,1,5.5,0.182,0.0,0.0,0.0,405.86,0.476,0.0,0,0.0,0.0,-56,3.95,-8,-1,-1.0,0.041,0.0,-0.026,0.0,276.69,-0.095,0.0,0,0.0,0.0
fanghsiu,9,20.33,6,1,1.5,0.111,0.0,0.0,0.0,1574.84,0.25,0.0,0,0.0,0.0,91,18.02,32,3,2.84,0.0,0.0,0.0,0.0,202.4,0.367,0.0,0,0.0,0.0,82,-2.31,26,2,1.34,-0.111,0.0,0.0,0.0,-1372.44,0.117,0.0,0,0.0,0.0
AngelBravoS,5,63.4,5,1,1.0,0.0,0.0,0.0,0.0,1924.7,0.0,0.0,0,0.0,0.0,12,39.92,8,1,1.5,0.0,0.0,0.0,0.0,811.5,0.182,0.0,0,0.0,0.0,7,-23.48,3,0,0.5,0.0,0.0,0.0,0.0,-1113.2,0.182,0.0,0,0.0,0.0
AlessandroZappatore,53,16.43,6,1,8.83,0.0,0.0,0.057,0.0,64.51,0.654,0.0,0,0.0,0.0,47,19.23,10,3,4.7,0.0,0.085,0.043,0.0,200.9,0.652,0.0,0,0.0,0.0,-6,2.8,4,2,-4.13,0.0,0.085,-0.014,0.0,136.39,-0.002,0.0,0,0.0,0.0
ThaysMariano,13,17.15,3,2,4.33,0.0,0.0,0.0,0.0,148.3,0.667,0.0,0,0.0,0.0,31,29.26,12,5,2.58,0.161,0.0,0.0,0.032,610.56,0.533,0.0,0,0.0,0.0,18,12.11,9,3,-1.75,0.161,0.0,0.0,0.032,462.26,-0.134,0.0,0,0.0,0.0
gavinr-maps,27,23.26,9,4,3.0,0.185,0.0,0.0,0.0,583.69,0.654,0.0,0,241.67,0.333,28,32.5,13,3,2.15,0.107,0.071,0.0,0.0,674.4,0.519,0.0,0,0.0,0.0,1,9.24,4,-1,-0.85,-0.078,0.071,0.0,0.0,90.71,-0.135,0.0,0,-241.67,-0.333
LTEnjoy,43,17.51,6,1,7.17,0.0,0.0,0.0,0.0,35.95,0.643,0.0,0,0.0,0.0,57,30.39,25,1,2.28,0.105,0.0,0.0,0.0,236.92,0.357,0.0,0,51.0,0.5,14,12.88,19,0,-4.89,0.105,0.0,0.0,0.0,200.97,-0.286,0.0,0,51.0,0.5
paulohl,6,68.0,2,2,3.0,0.667,0.0,0.0,0.0,134.75,0.8,0.0,0,0.0,0.0,6,70.33,1,1,6.0,0.667,0.0,0.0,0.0,0.04,1.0,0.0,0,0.0,0.0,0,2.33,-1,-1,3.0,0.0,0.0,0.0,0.0,-134.71,0.2,0.0,0,0.0,0.0
kjyyjk,8,15.88,3,1,2.67,0.0,0.0,0.0,0.0,676.93,0.429,0.0,0,0.0,0.0,92,36.23,22,2,4.18,0.207,0.0,0.0,0.196,216.97,0.297,0.0,0,0.0,0.0,84,20.35,19,1,1.51,0.207,0.0,0.0,0.196,-459.96,-0.132,0.0,0,0.0,0.0
SachinBhardwaj1,5,29.2,1,1,5.0,0.0,0.0,0.0,0.0,0.19,1.0,0.0,0,0.0,0.0,39,51.95,7,3,5.57,0.308,0.0,0.0,0.051,37.33,0.632,0.0,0,32.5,0.083,34,22.75,6,2,0.57,0.308,0.0,0.0,0.051,37.14,-0.368,0.0,0,32.5,0.083
ben-du-pont,21,14.33,5,3,4.2,0.048,0.0,0.0,0.0,298.93,0.55,0.0,0,0.0,0.0,50,30.48,11,5,4.55,0.0,0.0,0.0,0.0,307.66,0.612,0.0,0,0.0,0.0,29,16.15,6,2,0.35,-0.048,0.0,0.0,0.0,8.73,0.062,0.0,0,0.0,0.0
Achen718,9,51.11,2,1,4.5,0.889,0.0,0.0,0.0,27.64,0.5,0.0,0,13.25,0.0,43,29.3,7,2,6.14,0.07,0.0,0.023,0.0,167.95,0.381,0.0,0,0.0,0.0,34,-21.81,5,1,1.64,-0.819,0.0,0.023,0.0,140.31,-0.119,0.0,0,-13.25,0.0
botbw,62,23.0,11,2,5.64,0.032,0.0,0.0,0.0,245.1,0.574,0.0,0,3.0,0.0,14,18.07,3,1,4.67,0.0,0.0,0.0,0.0,26.19,0.846,0.0,0,0.0,0.0,-48,-4.93,-8,-1,-0.97,-0.032,0.0,0.0,0.0,-218.91,0.272,0.0,0,-3.0,0.0
JayCC1,25,22.56,7,2,3.57,0.0,0.88,0.08,0.0,199.03,0.708,0.0,0,0.0,0.0,42,25.19,3,1,14.0,0.0,1.0,0.0,0.0,8.03,0.683,0.0,0,0.0,0.0,17,2.63,-4,-1,10.43,0.0,0.12,-0.08,0.0,-191.0,-0.025,0.0,0,0.0,0.0
Pete-Andrew,68,27.91,10,5,6.8,0.118,0.0,0.0,0.0,47.57,0.478,0.0,0,46.62,0.375,6,21.5,4,5,1.5,0.167,0.0,0.0,0.0,1862.09,0.4,0.0,0,0.0,0.0,-62,-6.41,-6,0,-5.3,0.049,0.0,0.0,0.0,1814.52,-0.078,0.0,0,-46.62,-0.375
architmadankar,15,16.07,2,2,7.5,0.0,0.0,0.0,0.0,24.54,0.857,0.0,0,0.0,0.0,43,18.19,5,2,8.6,0.023,0.0,0.0,0.0,165.36,0.786,0.0,0,0.0,0.0,28,2.12,3,0,1.1,0.023,0.0,0.0,0.0,140.82,-0.071,0.0,0,0.0,0.0
RRMaximiliano,12,22.5,6,1,2.0,0.0,0.0,0.0,0.083,1089.94,0.455,0.0,0,0.0,0.0,23,28.74,7,1,3.29,0.0,0.087,0.0,0.0,655.99,0.455,0.0,0,0.0,0.0,11,6.24,1,0,1.29,0.0,0.087,0.0,-0.083,-433.95,0.0,0.0,0,0.0,0.0
Rakemoon,52,36.92,8,3,6.5,0.115,0.885,0.0,0.038,32.2,0.49,0.0,0,81.0,1.0,5,20.6,4,4,1.25,0.0,1.0,0.0,0.0,844.75,0.25,0.0,0,0.0,0.0,-47,-16.32,-4,1,-5.25,-0.115,0.115,0.0,-0.038,812.55,-0.24,0.0,0,-81.0,-1.0
mihirhebalkar,56,29.5,10,1,5.6,0.0,0.0,0.0,0.0,40.84,0.655,0.0,0,0.0,0.0,44,25.25,10,1,4.4,0.023,0.0,0.0,0.0,238.84,0.628,0.0,0,0.0,0.0,-12,-4.25,0,0,-1.2,0.023,0.0,0.0,0.0,198.0,-0.027,0.0,0,0.0,0.0
Khadaassi,91,15.54,2,2,45.5,0.0,0.0,0.0,0.0,2.09,0.9,0.0,0,0.0,0.0,9,19.0,2,2,4.5,0.0,0.0,0.0,0.0,440.56,0.875,0.0,0,0.0,0.0,-82,3.46,0,0,-41.0,0.0,0.0,0.0,0.0,438.47,-0.025,0.0,0,0.0,0.0
spapanik,29,28.48,11,1,2.64,0.069,0.0,0.103,0.034,476.55,0.5,0.0,0,0.0,0.0,37,23.0,12,1,3.08,0.0,0.0,0.0,0.0,466.83,0.611,0.0,0,0.0,0.0,8,-5.48,1,0,0.44,-0.069,0.0,-0.103,-0.034,-9.72,0.111,0.0,0,0.0,0.0
NikitaR041,30,5.87,13,2,2.31,0.0,0.0,0.0,0.033,126.16,0.034,0.0,0,0.0,0.0,70,17.0,22,2,3.18,0.0,0.0,0.0,0.0,76.95,0.217,0.0,0,0.0,0.0,40,11.13,9,0,0.87,0.0,0.0,0.0,-0.033,-49.21,0.183,0.0,0,0.0,0.0
aquaheyday,19,19.53,5,1,3.8,0.0,0.0,0.0,0.0,142.14,0.556,0.0,0,0.0,0.0,81,20.59,11,2,7.36,0.0,0.0,0.0,0.0,182.8,0.75,0.0,0,0.0,0.0,62,1.06,6,1,3.56,0.0,0.0,0.0,0.0,40.66,0.194,0.0,0,0.0,0.0
henzoparahua,25,16.12,8,1,3.12,0.04,0.0,0.0,0.0,437.53,0.667,0.0,0,0.0,0.0,69,97.12,14,3,4.93,0.304,0.029,0.0,0.0,275.54,0.515,0.0,0,7.33,0.0,44,81.0,6,2,1.81,0.264,0.029,0.0,0.0,-161.99,-0.152,0.0,0,7.33,0.0
LucasC78,37,15.76,10,4,3.7,0.0,0.0,0.0,0.0,73.32,0.444,0.0,0,0.0,0.0,27,15.93,2,1,13.5,0.0,0.0,0.0,0.0,220.65,0.923,0.0,0,0.0,0.0,-10,0.17,-8,-3,9.8,0.0,0.0,0.0,0.0,147.33,0.479,0.0,0,0.0,0.0
nguyenhoanganh1808,58,34.81,12,5,4.83,0.172,0.0,0.0,0.0,115.18,0.474,0.0,0,0.0,0.0,42,61.74,3,1,14.0,0.548,0.0,0.0,0.024,6.18,0.634,0.0,0,0.0,0.0,-16,26.93,-9,-4,9.17,0.376,0.0,0.0,0.024,-109.0,0.16,0.0,0,0.0,0.0
dominiksmolinski3,76,16.71,2,4,38.0,0.013,0.0,0.0,0.0,2.03,0.84,0.0,0,0.0,0.0,24,48.0,9,2,2.67,0.125,0.0,0.0,0.0,216.02,0.217,0.0,0,0.0,0.0,-52,31.29,7,-2,-35.33,0.112,0.0,0.0,0.0,213.99,-0.623,0.0,0,0.0,0.0
oskip0906,14,9.5,10,2,1.4,0.0,0.0,0.0,0.0,561.48,0.154,0.0,0,0.0,0.0,26,19.12,5,2,5.2,0.0,0.0,0.0,0.0,376.23,0.64,0.0,0,0.0,0.0,12,9.62,-5,0,3.8,0.0,0.0,0.0,0.0,-185.25,0.486,0.0,0,0.0,0.0
subhajitorrin,8,12.75,2,3,4.0,0.0,0.0,0.0,0.0,47.9,0.714,0.0,0,0.0,0.0,73,12.79,14,3,5.21,0.0,0.0,0.0,0.0,185.46,0.722,0.0,0,0.0,0.0,65,0.04,12,0,1.21,0.0,0.0,0.0,0.0,137.56,0.008,0.0,0,0.0,0.0
felfeng,6,25.0,2,1,3.0,0.0,0.0,0.0,0.0,19.59,0.4,0.0,0,0.0,0.0,14,16.86,5,4,2.8,0.0,0.0,0.0,0.0,147.62,0.462,0.0,0,0.0,0.0,8,-8.14,3,3,-0.2,0.0,0.0,0.0,0.0,128.03,0.062,0.0,0,0.0,0.0
farzinsh7,57,9.6,14,5,4.07,0.0,0.0,0.053,0.0,196.23,0.5,0.0,0,0.0,0.0,13,21.23,4,2,3.25,0.154,0.0,0.0,0.0,683.9,0.5,0.0,0,0.0,0.0,-44,11.63,-10,-3,-0.82,0.154,0.0,-0.053,0.0,487.67,0.0,0.0,0,0.0,0.0
vinhor,84,27.79,5,1,16.8,0.107,0.0,0.0,0.012,33.28,0.867,0.0,0,0.0,0.0,16,33.81,4,2,4.0,0.188,0.0,0.0,0.0,202.85,0.6,0.0,0,0.0,0.0,-68,6.02,-1,1,-12.8,0.081,0.0,0.0,-0.012,169.57,-0.267,0.0,0,0.0,0.0
goDlin86,26,15.92,12,2,2.17,0.0,0.0,0.0,0.0,530.97,0.24,0.0,0,0.0,0.0,5,15.4,5,1,1.0,0.0,0.0,0.0,0.0,4881.17,0.0,0.0,0,0.0,0.0,-21,-0.52,-7,-1,-1.17,0.0,0.0,0.0,0.0,4350.2,-0.24,0.0,0,0.0,0.0
Fahd-O,22,23.5,4,3,5.5,0.091,0.0,0.0,0.0,597.75,0.762,0.0,0,0.0,0.0,43,48.56,9,2,4.78,0.0,0.0,0.0,0.0,220.71,0.31,0.0,0,0.0,0.0,21,25.06,5,-1,-0.72,-0.091,0.0,0.0,0.0,-377.04,-0.452,0.0,0,0.0,0.0
prasifka,11,18.27,1,1,11.0,0.0,0.0,0.0,0.0,0.06,1.0,0.0,0,0.0,0.0,89,21.24,22,3,4.05,0.045,0.0,0.0,0.0,103.57,0.477,0.0,0,0.0,0.0,78,2.97,21,2,-6.95,0.045,0.0,0.0,0.0,103.51,-0.523,0.0,0,0.0,0.0
seanmorley15,41,29.37,6,3,6.83,0.22,0.0,0.195,0.0,133.09,0.825,0.0,0,0.0,0.0,15,29.07,7,2,2.14,0.133,0.0,0.0,0.0,1335.93,0.571,0.0,0,0.0,0.0,-26,-0.3,1,-1,-4.69,-0.087,0.0,-0.195,0.0,1202.84,-0.254,0.0,0,0.0,0.0
duncanmwanik,10,16.0,8,2,1.25,0.0,0.0,0.0,0.0,1349.44,0.222,0.0,0,0.0,0.0,21,16.0,9,1,2.33,0.0,0.0,0.0,0.0,489.54,0.45,0.0,0,0.0,0.0,11,0.0,1,-1,1.08,0.0,0.0,0.0,0.0,-859.9,0.228,0.0,0,0.0,0.0
omro0107,43,41.67,9,2,4.78,0.047,0.0,0.0,0.0,39.35,0.595,0.0,0,0.0,0.0,33,22.27,5,5,6.6,0.091,0.0,0.03,0.0,354.77,0.688,0.0,0,0.0,0.0,-10,-19.4,-4,3,1.82,0.044,0.0,0.03,0.0,315.42,0.093,0.0,0,0.0,0.0
jonghwa3471,50,26.84,14,5,3.57,0.8,0.0,0.02,0.0,110.37,0.245,0.0,0,0.0,0.0,20,16.4,2,3,10.0,0.0,0.0,0.0,0.0,11.16,0.947,0.0,0,0.0,0.0,-30,-10.44,-12,-2,6.43,-0.8,0.0,-0.02,0.0,-99.21,0.702,0.0,0,0.0,0.0
chonton,21,42.19,11,3,1.91,0.333,0.0,0.048,0.0,819.48,0.35,0.0,0,8034.58,1.0,22,76.36,9,2,2.44,0.455,0.0,0.0,0.0,633.4,0.619,0.0,0,4086.0,1.0,1,34.17,-2,-1,0.53,0.122,0.0,-0.048,0.0,-186.08,0.269,0.0,0,-3948.58,0.0
MaheshKShetty,8,16.38,3,4,2.67,0.0,0.0,0.0,0.0,781.65,0.286,0.0,0,0.0,0.0,5,20.8,4,3,1.25,0.0,0.0,0.0,0.0,1751.7,0.25,0.0,0,0.0,0.0,-3,4.42,1,-1,-1.42,0.0,0.0,0.0,0.0,970.05,-0.036,0.0,0,0.0,0.0
villeruokonen,56,34.54,4,3,14.0,0.125,0.0,0.036,0.0,68.43,0.782,0.0,0,14.5,0.25,11,36.27,3,1,3.67,0.273,0.0,0.0,0.0,31.17,0.6,0.0,0,9.71,0.143,-45,1.73,-1,-2,-10.33,0.148,0.0,-0.036,0.0,-37.26,-0.182,0.0,0,-4.79,-0.107
PrathameshDhande22,91,19.51,27,3,3.37,0.0,0.0,0.0,0.0,162.95,0.611,0.0,0,0.0,0.0,9,21.44,9,1,1.0,0.0,0.0,0.0,0.0,2229.87,0.0,0.0,0,0.0,0.0,-82,1.93,-18,-2,-2.37,0.0,0.0,0.0,0.0,2066.92,-0.611,0.0,0,0.0,0.0
Fleny113,63,30.16,21,2,3.0,0.095,0.0,0.016,0.016,238.79,0.387,0.0,0,0.0,0.0,16,24.56,6,2,2.67,0.062,0.0,0.062,0.0,1177.39,0.6,0.0,0,0.0,0.0,-47,-5.6,-15,0,-0.33,-0.033,0.0,0.046,-0.016,938.6,0.213,0.0,0,0.0,0.0
mlwauben,27,18.7,4,3,6.75,0.074,0.0,0.111,0.0,104.32,0.692,0.0,0,0.0,0.0,33,19.52,10,3,3.3,0.0,0.0,0.0,0.0,252.02,0.531,0.0,0,0.0,0.0,6,0.82,6,0,-3.45,-0.074,0.0,-0.111,0.0,147.7,-0.161,0.0,0,0.0,0.0
stephanlukasczyk,40,58.38,5,2,8.0,0.15,0.0,0.0,0.075,311.46,0.718,0.0,0,0.0,0.0,10,47.4,6,2,1.67,0.2,0.0,0.0,0.1,1831.36,0.444,0.0,0,0.0,0.0,-30,-10.98,1,0,-6.33,0.05,0.0,0.0,0.025,1519.9,-0.274,0.0,0,0.0,0.0
inci1kabak,5,21.6,2,3,2.5,0.2,0.0,0.0,0.0,2125.68,0.5,0.0,0,0.0,0.0,16,16.25,9,1,1.78,0.0,0.0,0.0,0.0,567.12,0.067,0.0,0,0.0,0.0,11,-5.35,7,-2,-0.72,-0.2,0.0,0.0,0.0,-1558.56,-0.433,0.0,0,0.0,0.0
msaeedsaeedi,94,40.63,7,4,13.43,0.362,0.0,0.0,0.383,20.13,0.667,0.0,0,21.0,0.0,6,46.67,5,1,1.2,0.667,0.0,0.0,0.0,3257.45,0.2,0.0,0,0.0,0.0,-88,6.04,-2,-3,-12.23,0.305,0.0,0.0,-0.383,3237.32,-0.467,0.0,0,-21.0,0.0
jaideraf,23,17.83,5,2,4.6,0.0,0.0,0.0,0.0,201.33,0.818,0.0,0,0.0,0.0,6,11.67,2,2,3.0,0.0,0.0,0.0,0.0,1522.09,0.6,0.0,0,0.0,0.0,-17,-6.16,-3,0,-1.6,0.0,0.0,0.0,0.0,1320.76,-0.218,0.0,0,0.0,0.0
masterkey-07,54,7.31,23,1,2.35,0.0,0.019,0.0,0.0,179.37,0.189,0.0,0,0.0,0.0,36,7.75,20,1,1.8,0.028,0.0,0.0,0.0,492.83,0.286,0.0,0,0.0,0.0,-18,0.44,-3,0,-0.55,0.028,-0.019,0.0,0.0,313.46,0.097,0.0,0,0.0,0.0
johnsh9656,11,21.36,1,3,11.0,0.0,0.0,0.0,0.091,2.47,0.9,0.0,0,0.0,0.0,8,23.0,5,2,1.6,0.125,0.0,0.0,0.0,511.27,0.429,0.0,0,0.0,0.0,-3,1.64,4,-1,-9.4,0.125,0.0,0.0,-0.091,508.8,-0.471,0.0,0,0.0,0.0
jchome,43,26.98,17,1,2.53,0.0,0.0,0.0,0.0,349.38,0.238,0.0,0,0.0,0.0,56,23.18,28,1,2.0,0.018,0.0,0.0,0.018,308.13,0.127,0.0,0,0.0,0.0,13,-3.8,11,0,-0.53,0.018,0.0,0.0,0.018,-41.25,-0.111,0.0,0,0.0,0.0
p-ortilho,25,16.72,9,5,2.78,0.0,0.0,0.0,0.0,214.38,0.583,0.0,0,0.0,0.0,12,18.67,7,3,1.71,0.0,0.0,0.0,0.0,798.49,0.455,0.0,0,0.0,0.0,-13,1.95,-2,-2,-1.07,0.0,0.0,0.0,0.0,584.11,-0.128,0.0,0,0.0,0.0
Spilios06,19,10.68,6,2,3.17,0.0,0.0,0.105,0.0,420.96,0.611,0.0,0,0.0,0.0,60,29.87,17,2,3.53,0.033,0.0,0.133,0.0,304.31,0.492,0.0,0,0.0,0.0,41,19.19,11,0,0.36,0.033,0.0,0.028,0.0,-116.65,-0.119,0.0,0,0.0,0.0
Kishan-Ved,52,17.63,8,1,6.5,0.019,0.0,0.0,0.0,141.6,0.667,0.0,0,0.0,0.0,48,17.38,25,1,1.92,0.021,0.0,0.0,0.0,404.32,0.255,0.0,0,0.0,0.0,-4,-0.25,17,0,-4.58,0.002,0.0,0.0,0.0,262.72,-0.412,0.0,0,0.0,0.0
TruePadawan,28,16.0,18,1,1.56,0.0,0.0,0.0,0.0,546.75,0.222,0.0,0,0.0,0.0,26,29.54,16,1,1.62,0.154,0.0,0.0,0.0,750.83,0.28,0.0,0,0.0,0.0,-2,13.54,-2,0,0.06,0.154,0.0,0.0,0.0,204.08,0.058,0.0,0,0.0,0.0
PMC,6,23.5,1,1,6.0,0.333,0.0,0.0,0.0,0.07,1.0,0.0,0,0.0,0.0,13,25.46,2,1,6.5,0.0,0.0,0.0,0.0,14.96,0.583,0.0,0,0.0,0.0,7,1.96,1,0,0.5,-0.333,0.0,0.0,0.0,14.89,-0.417,0.0,0,0.0,0.0
MattKobayashi,38,46.29,11,1,3.45,0.289,0.0,0.0,0.0,322.72,0.595,0.0,0,0.0,0.0,62,70.77,24,1,2.58,0.145,0.645,0.097,0.097,303.38,0.295,0.0,0,0.0,0.0,24,24.48,13,0,-0.87,-0.144,0.645,0.097,0.097,-19.34,-0.3,0.0,0,0.0,0.0
timfarkas,5,16.0,1,1,5.0,0.0,0.0,0.0,0.0,0.11,1.0,0.0,0,0.0,0.0,95,48.04,7,2,13.57,0.221,0.0,0.0,0.011,56.91,0.702,0.0,0,26.83,0.167,90,32.04,6,1,8.57,0.221,0.0,0.0,0.011,56.8,-0.298,0.0,0,26.83,0.167
eriveltondasilva,61,21.61,7,3,8.71,0.0,0.0,0.0,0.0,141.8,0.767,0.0,0,0.0,0.0,39,21.03,6,1,6.5,0.026,0.051,0.0,0.0,447.45,0.868,0.0,0,0.0,0.0,-22,-0.58,-1,-2,-2.21,0.026,0.051,0.0,0.0,305.65,0.101,0.0,0,0.0,0.0
FabioLolix,39,21.36,11,1,3.55,0.026,0.0,0.0,0.0,190.19,0.632,0.0,0,0.0,0.0,14,26.29,4,1,3.5,0.0,0.0,0.0,0.0,816.47,0.615,0.0,0,0.0,0.0,-25,4.93,-7,0,-0.05,-0.026,0.0,0.0,0.0,626.28,-0.017,0.0,0,0.0,0.0
janmichek,30,32.57,7,1,4.29,0.167,0.0,0.0,0.0,164.43,0.552,0.0,0,0.0,0.0,9,95.44,6,2,1.5,0.222,0.0,0.0,0.222,449.74,0.25,0.0,0,576.0,0.75,-21,62.87,-1,1,-2.79,0.055,0.0,0.0,0.222,285.31,-0.302,0.0,0,576.0,0.75
schoero,76,52.95,4,1,19.0,0.118,0.921,0.039,0.013,11.42,0.8,0.0,0,76.08,0.5,24,85.08,11,1,2.18,0.333,0.958,0.042,0.25,755.0,0.565,0.0,0,133.33,0.833,-52,32.13,7,0,-16.82,0.215,0.037,0.003,0.237,743.58,-0.235,0.0,0,57.25,0.333
VitoIanhis,31,22.84,5,2,6.2,0.032,0.0,0.0,0.0,55.22,0.533,0.0,0,0.0,0.0,56,24.57,11,4,5.09,0.125,0.0,0.0,0.0,227.35,0.782,0.0,0,0.0,0.0,25,1.73,6,2,-1.11,0.093,0.0,0.0,0.0,172.13,0.249,0.0,0,0.0,0.0
KangGeonyoung,14,16.0,4,1,3.5,0.0,0.0,0.0,0.0,975.56,0.769,0.0,0,0.0,0.0,12,16.0,6,1,2.0,0.0,0.0,0.0,0.0,1189.66,0.545,0.0,0,0.0,0.0,-2,0.0,2,0,-1.5,0.0,0.0,0.0,0.0,214.1,-0.224,0.0,0,0.0,0.0
anphongdoa5,54,15.69,14,1,3.86,0.0,0.0,0.759,0.0,122.57,0.604,0.0,0,0.0,0.0,5,15.6,1,1,5.0,0.0,0.0,0.2,0.0,0.01,1.0,0.0,0,0.0,0.0,-49,-0.09,-13,0,1.14,0.0,0.0,-0.559,0.0,-122.56,0.396,0.0,0,0.0,0.0
iTenerai,24,16.92,4,3,6.0,0.0,0.0,0.0,0.0,120.09,0.696,0.0,0,0.0,0.0,5,15.6,2,1,2.5,0.0,0.0,0.0,0.0,1775.62,0.75,0.0,0,0.0,0.0,-19,-1.32,-2,-2,-3.5,0.0,0.0,0.0,0.0,1655.53,0.054,0.0,0,0.0,0.0
ThanhWii,8,29.62,2,1,4.0,0.25,0.0,0.25,0.0,23.37,0.714,0.0,0,0.0,0.0,19,19.37,4,4,4.75,0.0,0.0,0.0,0.0,31.82,0.556,0.0,0,0.0,0.0,11,-10.25,2,3,0.75,-0.25,0.0,-0.25,0.0,8.45,-0.158,0.0,0,0.0,0.0
Vaibhav-kesarwani,94,12.19,6,4,15.67,0.0,0.0,0.0,0.0,59.44,0.839,0.0,0,0.0,0.0,6,16.33,5,2,1.2,0.0,0.0,0.0,0.0,933.07,0.2,0.0,0,0.0,0.0,-88,4.14,-1,-2,-14.47,0.0,0.0,0.0,0.0,873.63,-0.639,0.0,0,0.0,0.0
Maxime-juncker,16,98.06,4,2,4.0,0.812,0.0,0.062,0.0,43.41,0.2,0.0,0,0.0,0.0,84,37.42,24,3,3.5,0.155,0.024,0.048,0.0,138.87,0.349,0.0,0,0.0,0.0,68,-60.64,20,1,-0.5,-0.657,0.024,-0.014,0.0,95.46,0.149,0.0,0,0.0,0.0
AntonLED,19,29.89,5,1,3.8,0.0,0.0,0.0,0.0,89.47,0.444,0.0,0,0.0,0.0,11,33.82,3,2,3.67,0.091,0.0,0.091,0.0,452.88,0.5,0.0,0,57.0,1.0,-8,3.93,-2,1,-0.13,0.091,0.0,0.091,0.0,363.41,0.056,0.0,0,57.0,1.0
Dave-Ed-Cast,16,17.5,4,3,4.0,0.188,0.0,0.0,0.0,31.89,0.333,0.0,0,0.0,0.0,42,35.33,3,2,14.0,0.286,0.0,0.0,0.286,12.92,0.61,0.0,0,0.0,0.0,26,17.83,-1,-1,10.0,0.098,0.0,0.0,0.286,-18.97,0.277,0.0,0,0.0,0.0
wujastyk,49,27.2,15,2,3.27,0.02,0.0,0.0,0.02,200.4,0.521,0.0,0,0.0,0.0,27,26.48,14,2,1.93,0.037,0.0,0.037,0.0,708.74,0.5,0.0,0,0.0,0.0,-22,-0.72,-1,0,-1.34,0.017,0.0,0.037,-0.02,508.34,-0.021,0.0,0,0.0,0.0
stanleykaris,7,18.71,2,2,3.5,0.0,0.0,0.0,0.0,26.91,0.333,0.0,0,31.67,0.333,13,17.77,5,1,2.6,0.0,0.0,0.0,0.0,815.56,0.583,0.0,0,6.07,0.0,6,-0.94,3,-1,-0.9,0.0,0.0,0.0,0.0,788.65,0.25,0.0,0,-25.6,-0.333
ranisedangbekerja,13,21.85,1,1,13.0,0.0,0.0,0.0,0.0,0.5,0.917,0.0,0,0.0,0.0,9,35.89,4,4,2.25,0.111,0.0,0.0,0.0,88.66,0.625,0.0,0,0.0,0.0,-4,14.04,3,3,-10.75,0.111,0.0,0.0,0.0,88.16,-0.292,0.0,0,0.0,0.0
kabary,6,16.0,2,1,3.0,0.0,0.0,0.0,0.0,868.42,0.8,0.0,0,0.0,0.0,28,13.79,2,2,14.0,0.0,0.0,0.0,0.0,269.33,0.852,0.0,0,0.0,0.0,22,-2.21,0,1,11.0,0.0,0.0,0.0,0.0,-599.09,0.052,0.0,0,0.0,0.0
24Ravikirankc,6,22.5,1,1,6.0,0.0,0.0,0.0,0.0,19.44,0.6,0.0,0,0.0,0.0,72,17.78,19,5,3.79,0.556,0.0,0.014,0.0,253.98,0.479,0.0,0,0.0,0.0,66,-4.72,18,4,-2.21,0.556,0.0,0.014,0.0,234.54,-0.121,0.0,0,0.0,0.0
jaehyun513,15,17.4,2,1,7.5,0.0,0.0,0.0,0.0,51.35,0.857,0.0,0,0.0,0.0,44,24.52,5,3,8.8,0.0,0.0,0.0,0.0,214.74,0.907,0.0,0,0.0,0.0,29,7.12,3,2,1.3,0.0,0.0,0.0,0.0,163.39,0.05,0.0,0,0.0,0.0
Siddheshkr,10,17.0,2,1,5.0,0.0,0.0,0.0,0.0,76.7,0.667,0.0,0,0.0,0.0,90,55.86,11,1,8.18,0.0,0.0,0.0,0.478,74.26,0.697,0.0,0,0.0,0.0,80,38.86,9,0,3.18,0.0,0.0,0.0,0.478,-2.44,0.03,0.0,0,0.0,0.0
Rubelefsky,12,15.83,5,1,2.4,0.0,0.0,0.0,0.0,1141.81,0.636,0.0,0,0.0,0.0,30,33.0,13,2,2.31,0.2,0.0,0.033,0.0,618.75,0.379,0.0,0,0.0,0.0,18,17.17,8,1,-0.09,0.2,0.0,0.033,0.0,-523.06,-0.257,0.0,0,0.0,0.0
RKUsamaAli,13,14.77,5,3,2.6,0.0,0.0,0.0,0.0,283.13,0.5,0.0,0,0.0,0.0,16,10.75,6,1,2.67,0.0,0.0,0.0,0.0,1269.31,0.533,0.0,0,0.0,0.0,3,-4.02,1,-2,0.07,0.0,0.0,0.0,0.0,986.18,0.033,0.0,0,0.0,0.0
dalldrit13,19,43.53,7,2,2.71,0.105,0.0,0.053,0.0,772.36,0.5,0.0,0,10995.43,0.857,11,43.73,9,2,1.22,0.091,0.0,0.0,0.0,1348.63,0.1,0.0,0,123.43,0.571,-8,0.2,2,0,-1.49,-0.014,0.0,-0.053,0.0,576.27,-0.4,0.0,0,-10872.0,-0.286
hsbasu,15,38.6,7,2,2.14,0.0,0.0,0.0,0.0,1007.91,0.429,0.0,0,0.0,0.0,14,81.79,7,2,2.0,0.571,0.0,0.0,0.571,1515.96,0.385,0.0,0,58.0,0.5,-1,43.19,0,0,-0.14,0.571,0.0,0.0,0.571,508.05,-0.044,0.0,0,58.0,0.5
erwanngat,68,16.96,10,2,6.8,0.0,0.0,0.015,0.0,21.46,0.328,0.0,0,0.0,0.0,32,11.97,11,3,2.91,0.0,0.0,0.0,0.0,429.62,0.29,0.0,0,0.0,0.0,-36,-4.99,1,1,-3.89,0.0,0.0,-0.015,0.0,408.16,-0.038,0.0,0,0.0,0.0
lucas-ioliveira,50,17.16,20,5,2.5,0.0,0.0,0.0,0.0,250.03,0.531,0.0,0,0.0,0.0,32,16.0,19,1,1.68,0.0,0.0,0.0,0.0,640.31,0.323,0.0,0,0.0,0.0,-18,-1.16,-1,-4,-0.82,0.0,0.0,0.0,0.0,390.28,-0.208,0.0,0,0.0,0.0
gabrielLaino,43,40.3,3,2,14.33,0.326,0.0,0.0,0.0,6.87,0.69,0.0,0,0.0,0.0,21,32.14,4,5,5.25,0.238,0.0,0.0,0.0,49.97,0.6,0.0,0,0.0,0.0,-22,-8.16,1,3,-9.08,-0.088,0.0,0.0,0.0,43.1,-0.09,0.0,0,0.0,0.0
LeoAoun,79,16.91,14,2,5.64,0.013,0.0,0.0,0.0,179.26,0.679,0.0,0,0.0,0.0,21,16.9,10,1,2.1,0.0,0.0,0.0,0.0,899.1,0.5,0.0,0,0.0,0.0,-58,-0.01,-4,-1,-3.54,-0.013,0.0,0.0,0.0,719.84,-0.179,0.0,0,0.0,0.0
bolst,9,3.44,2,1,4.5,0.0,0.0,0.0,0.0,0.81,0.875,0.0,0,0.0,0.0,91,25.19,12,2,7.58,0.033,0.011,0.0,0.077,223.01,0.744,0.0,0,3.54,0.0,82,21.75,10,1,3.08,0.033,0.011,0.0,0.077,222.2,-0.131,0.0,0,3.54,0.0
dion-zebua,9,16.22,3,3,3.0,0.0,0.0,0.0,0.0,444.95,0.75,0.0,0,0.0,0.0,91,5.0,15,1,6.07,0.0,0.0,0.0,0.0,100.67,0.511,0.0,0,0.0,0.0,82,-11.22,12,-2,3.07,0.0,0.0,0.0,0.0,-344.28,-0.239,0.0,0,0.0,0.0
antonymerle,31,22.42,5,2,6.2,0.0,0.0,0.0,0.0,370.53,0.6,0.0,0,0.0,0.0,8,19.88,2,2,4.0,0.0,0.0,0.0,0.0,1447.55,0.857,0.0,0,0.0,0.0,-23,-2.54,-3,0,-2.2,0.0,0.0,0.0,0.0,1077.02,0.257,0.0,0,0.0,0.0
theNareshofficial,25,13.84,6,5,4.17,0.04,0.0,0.0,0.0,58.83,0.708,0.0,0,0.0,0.0,24,12.67,6,2,4.0,0.0,0.0,0.0,0.0,226.06,0.652,0.0,0,0.0,0.0,-1,-1.17,0,-3,-0.17,-0.04,0.0,0.0,0.0,167.23,-0.056,0.0,0,0.0,0.0
niklastreml,24,35.75,3,2,8.0,0.167,0.417,0.0,0.083,464.97,0.783,0.0,0,25.5,0.167,76,74.61,21,1,3.62,0.921,0.197,0.0,0.0,125.43,0.427,0.0,0,0.0,0.0,52,38.86,18,-1,-4.38,0.754,-0.22,0.0,-0.083,-339.54,-0.356,0.0,0,-25.5,-0.167
Utsav-7,72,29.21,4,3,18.0,0.0,0.0,0.0,0.014,18.86,0.944,0.0,0,0.0,0.0,28,37.43,1,1,28.0,0.036,0.0,0.0,0.0,0.02,1.0,0.0,0,0.0,0.0,-44,8.22,-3,-2,10.0,0.036,0.0,0.0,-0.014,-18.84,0.056,0.0,0,0.0,0.0
torbendury,64,47.27,25,2,2.56,0.359,0.094,0.0,0.016,252.35,0.476,0.0,0,0.0,0.0,27,72.07,11,2,2.45,0.778,0.926,0.0,0.0,629.15,0.615,0.0,0,0.0,0.0,-37,24.8,-14,0,-0.11,0.419,0.832,0.0,-0.016,376.8,0.139,0.0,0,0.0,0.0
tttc3,45,25.47,12,2,3.75,0.0,0.0,0.178,0.0,272.46,0.477,0.0,0,0.0,0.0,19,36.05,3,1,6.33,0.053,0.0,0.263,0.0,42.24,0.667,0.0,0,43.33,0.333,-26,10.58,-9,-1,2.58,0.053,0.0,0.085,0.0,-230.22,0.19,0.0,0,43.33,0.333
kvncrtr,89,30.38,7,4,12.71,0.011,0.0,0.0,0.0,43.86,0.784,0.0,0,0.0,0.0,11,23.36,5,1,2.2,0.0,0.0,0.0,0.0,559.26,0.5,0.0,0,0.0,0.0,-78,-7.02,-2,-3,-10.51,-0.011,0.0,0.0,0.0,515.4,-0.284,0.0,0,0.0,0.0
xytpai,40,12.35,4,1,10.0,0.0,0.0,0.025,0.0,49.33,0.487,0.0,0,0.0,0.0,60,20.32,13,2,4.62,0.017,0.0,0.05,0.0,229.24,0.576,0.0,0,1.83,0.0,20,7.97,9,1,-5.38,0.017,0.0,0.025,0.0,179.91,0.089,0.0,0,1.83,0.0
kdrakibbd,18,36.17,5,5,3.6,0.056,0.0,0.0,0.0,152.06,0.471,0.0,0,0.0,0.0,20,46.45,7,2,2.86,0.05,0.0,0.0,0.0,449.48,0.368,0.0,0,0.0,0.0,2,10.28,2,-3,-0.74,-0.006,0.0,0.0,0.0,297.42,-0.103,0.0,0,0.0,0.0
carloitaben,66,58.76,9,2,7.33,0.106,0.985,0.0,0.061,156.39,0.646,0.0,0,251.77,0.545,34,32.74,7,2,4.86,0.029,0.971,0.0,0.029,351.49,0.667,0.0,0,0.0,0.0,-32,-26.02,-2,0,-2.47,-0.077,-0.014,0.0,-0.032,195.1,0.021,0.0,0,-251.77,-0.545
thomaszwagerman,27,19.78,11,2,2.45,0.0,0.0,0.0,0.0,604.86,0.577,0.0,0,0.0,0.0,12,49.58,7,1,1.71,0.333,0.0,0.0,0.0,1756.29,0.455,0.0,0,0.0,0.0,-15,29.8,-4,-1,-0.74,0.333,0.0,0.0,0.0,1151.43,-0.122,0.0,0,0.0,0.0
bastistician,20,48.5,6,1,3.33,0.1,0.0,0.05,0.0,797.86,0.526,0.0,0,0.0,0.0,43,46.49,13,1,3.31,0.14,0.0,0.0,0.07,475.88,0.5,0.0,0,0.0,0.0,23,-2.01,7,0,-0.02,0.04,0.0,-0.05,0.07,-321.98,-0.026,0.0,0,0.0,0.0
MBvisti,24,48.92,7,3,3.43,0.208,0.083,0.292,0.0,622.81,0.652,0.0,0,14.1,0.1,58,12.6,20,3,2.9,0.0,0.0,0.0,0.0,280.43,0.456,0.0,0,0.0,0.0,34,-36.32,13,0,-0.53,-0.208,-0.083,-0.292,0.0,-342.38,-0.196,0.0,0,-14.1,-0.1
cykoravish,9,17.0,6,5,1.5,0.0,0.0,0.0,0.0,1115.3,0.125,0.0,0,0.0,0.0,12,52.58,4,1,3.0,0.5,0.0,0.0,0.0,1215.6,0.727,0.0,0,0.0,0.0,3,35.58,-2,-4,1.5,0.5,0.0,0.0,0.0,100.3,0.602,0.0,0,0.0,0.0
filipe-jsales,83,21.08,17,4,4.88,0.0,0.012,0.0,0.0,136.93,0.5,0.0,0,0.0,0.0,7,16.86,5,1,1.4,0.0,0.0,0.0,0.0,1616.07,0.333,0.0,0,0.0,0.0,-76,-4.22,-12,-3,-3.48,0.0,-0.012,0.0,0.0,1479.14,-0.167,0.0,0,0.0,0.0
OfficialPixelBrush,21,10.62,11,1,1.91,0.0,0.0,0.0,0.0,675.65,0.35,0.0,0,0.0,0.0,73,27.62,30,1,2.43,0.082,0.0,0.0,0.055,277.04,0.403,0.0,0,0.0,0.0,52,17.0,19,0,0.52,0.082,0.0,0.0,0.055,-398.61,0.053,0.0,0,0.0,0.0
NguyenMaiDuyKHOA,10,23.5,5,4,2.0,0.2,0.0,0.0,0.0,1654.93,0.333,0.0,0,0.0,0.0,18,17.11,2,1,9.0,0.056,0.0,0.0,0.0,18.12,0.706,0.0,0,0.0,0.0,8,-6.39,-3,-3,7.0,-0.144,0.0,0.0,0.0,-1636.81,0.373,0.0,0,0.0,0.0
Pelochus,7,24.29,3,1,2.33,0.0,0.0,0.0,0.0,100.73,0.5,0.0,0,0.0,0.0,9,29.22,8,1,1.12,0.111,0.0,0.0,0.0,2147.58,0.125,0.0,0,0.0,0.0,2,4.93,5,0,-1.21,0.111,0.0,0.0,0.0,2046.85,-0.375,0.0,0,0.0,0.0
wassim-slimane,10,17.4,4,3,2.5,0.0,0.0,0.0,0.0,1062.62,0.444,0.0,0,0.0,0.0,53,43.08,10,1,5.3,0.151,0.113,0.0,0.0,277.14,0.692,0.0,0,9.38,0.125,43,25.68,6,-2,2.8,0.151,0.113,0.0,0.0,-785.48,0.248,0.0,0,9.38,0.125
elizasviel,53,18.28,2,1,26.5,0.0,0.0,0.057,0.0,20.33,0.885,0.0,0,0.0,0.0,47,23.96,7,1,6.71,0.213,0.0,0.0,0.0,83.46,0.783,0.0,0,0.0,0.0,-6,5.68,5,0,-19.79,0.213,0.0,-0.057,0.0,63.13,-0.102,0.0,0,0.0,0.0
Ce11an,86,60.67,10,2,8.6,0.372,0.0,0.0,0.012,200.2,0.859,0.0,0,0.0,0.0,9,16.0,7,1,1.29,0.0,0.0,0.0,0.0,1905.28,0.25,0.0,0,0.0,0.0,-77,-44.67,-3,-1,-7.31,-0.372,0.0,0.0,-0.012,1705.08,-0.609,0.0,0,0.0,0.0
gvbsxmoon,19,29.21,2,1,9.5,0.158,0.0,0.158,0.0,6.67,0.667,0.0,0,0.0,0.0,49,19.69,9,3,5.44,0.061,0.0,0.163,0.0,192.22,0.688,0.0,0,0.0,0.0,30,-9.52,7,2,-4.06,-0.097,0.0,0.005,0.0,185.55,0.021,0.0,0,0.0,0.0
Mytyai,30,23.27,2,2,15.0,0.0,0.0,0.0,0.0,182.45,0.931,0.0,0,0.0,0.0,70,5.97,20,2,3.5,0.0,0.0,0.014,0.0,172.19,0.449,0.0,0,0.0,0.0,40,-17.3,18,0,-11.5,0.0,0.0,0.014,0.0,-10.26,-0.482,0.0,0,0.0,0.0
CharlieMcLarty,19,43.63,4,2,4.75,0.211,0.0,0.0,0.0,69.54,0.444,0.0,0,13.6,0.0,34,26.56,8,2,4.25,0.0,0.0,0.0,0.0,189.83,0.515,0.0,0,0.0,0.0,15,-17.07,4,0,-0.5,-0.211,0.0,0.0,0.0,120.29,0.071,0.0,0,-13.6,0.0
haseebulamin,49,23.55,6,3,8.17,0.0,0.0,0.0,0.0,60.59,0.646,0.0,0,0.0,0.0,51,11.18,10,5,5.1,0.0,0.0,0.0,0.0,180.52,0.7,0.0,0,0.0,0.0,2,-12.37,4,2,-3.07,0.0,0.0,0.0,0.0,119.93,0.054,0.0,0,0.0,0.0
enewcombe30,60,54.25,5,2,12.0,0.217,0.0,0.0,0.067,27.16,0.729,0.0,0,0.0,0.0,7,27.14,2,1,3.5,0.0,0.0,0.0,0.0,206.47,0.5,0.0,0,0.0,0.0,-53,-27.11,-3,-1,-8.5,-0.217,0.0,0.0,-0.067,179.31,-0.229,0.0,0,0.0,0.0
paulbrenker,19,42.58,3,1,6.33,0.211,0.0,0.0,0.0,42.01,0.722,0.0,0,89.0,1.0,81,41.0,9,2,9.0,0.284,0.0,0.0,0.0,182.37,0.762,0.0,0,21.5,0.132,62,-1.58,6,1,2.67,0.073,0.0,0.0,0.0,140.36,0.04,0.0,0,-67.5,-0.868
doyouwantsometea,89,21.99,15,1,5.93,0.0,0.0,0.0,0.0,150.74,0.784,0.0,0,0.0,0.0,11,15.82,6,1,1.83,0.0,0.0,0.0,0.0,1021.39,0.4,0.0,0,0.0,0.0,-78,-6.17,-9,0,-4.1,0.0,0.0,0.0,0.0,870.65,-0.384,0.0,0,0.0,0.0
creachadair,5,31.2,3,1,1.67,0.0,0.0,0.0,0.0,3046.28,0.5,0.0,0,0.0,0.0,11,137.91,5,1,2.2,0.545,0.0,0.545,0.182,1722.2,0.6,0.0,0,105.0,1.0,6,106.71,2,0,0.53,0.545,0.0,0.545,0.182,-1324.08,0.1,0.0,0,105.0,1.0
clandais,30,44.1,9,2,3.33,0.133,0.0,0.0,0.033,465.21,0.517,0.0,0,0.0,0.0,8,42.38,2,1,4.0,0.0,0.0,0.0,0.0,30.51,0.857,0.0,0,0.0,0.0,-22,-1.72,-7,-1,0.67,-0.133,0.0,0.0,-0.033,-434.7,0.34,0.0,0,0.0,0.0
cjtapper,23,17.13,6,2,3.83,0.0,0.0,0.043,0.0,488.92,0.636,0.0,0,0.0,0.0,17,20.06,4,1,4.25,0.0,0.0,0.0,0.0,661.01,0.75,0.0,0,0.0,0.0,-6,2.93,-2,-1,0.42,0.0,0.0,-0.043,0.0,172.09,0.114,0.0,0,0.0,0.0
zad-sixstrings,33,25.52,3,5,11.0,0.0,0.0,0.0,0.0,30.26,0.938,0.0,0,0.0,0.0,6,53.83,1,1,6.0,0.0,0.0,0.0,0.0,0.6,0.8,0.0,0,0.0,0.0,-27,28.31,-2,-4,-5.0,0.0,0.0,0.0,0.0,-29.66,-0.138,0.0,0,0.0,0.0
pdfosborne,23,32.13,4,1,5.75,0.087,0.0,0.0,0.174,128.48,0.636,0.0,0,0.0,0.0,77,44.01,14,2,5.5,0.013,0.0,0.013,0.649,189.83,0.658,0.0,0,171.0,1.0,54,11.88,10,1,-0.25,-0.074,0.0,0.013,0.475,61.35,0.022,0.0,0,171.0,1.0
luc-ass,83,51.27,24,1,3.46,0.313,0.0,0.012,0.0,140.48,0.561,0.0,0,0.0,0.0,17,93.24,9,1,1.89,0.824,0.0,0.0,0.0,896.92,0.25,0.0,0,82.0,0.5,-66,41.97,-15,0,-1.57,0.511,0.0,-0.012,0.0,756.44,-0.311,0.0,0,82.0,0.5
Aravestia,7,13.71,3,2,2.33,0.0,0.0,0.0,0.0,87.31,0.667,0.0,0,0.0,0.0,93,16.48,16,3,5.81,0.0,0.0,0.032,0.011,79.14,0.446,0.0,0,0.0,0.0,86,2.77,13,1,3.48,0.0,0.0,0.032,0.011,-8.17,-0.221,0.0,0,0.0,0.0
Stanleyt25,7,18.86,2,2,3.5,0.143,0.0,0.0,0.0,1467.96,0.833,0.0,0,0.0,0.0,14,27.36,3,4,4.67,0.214,0.0,0.071,0.0,134.88,0.769,0.0,0,0.0,0.0,7,8.5,1,2,1.17,0.071,0.0,0.071,0.0,-1333.08,-0.064,0.0,0,0.0,0.0
ggeerraarrdd,39,19.46,6,2,6.5,0.026,0.0,0.0,0.0,129.25,0.684,0.0,0,0.0,0.0,61,20.51,4,3,15.25,0.0,0.0,0.049,0.0,22.13,0.767,0.0,0,0.0,0.0,22,1.05,-2,1,8.75,-0.026,0.0,0.049,0.0,-107.12,0.083,0.0,0,0.0,0.0
emirace,90,11.32,17,1,5.29,0.0,0.0,0.0,0.0,43.44,0.404,0.0,0,0.0,0.0,10,14.9,6,1,1.67,0.0,0.0,0.0,0.0,1154.76,0.333,0.0,0,0.0,0.0,-80,3.58,-11,0,-3.62,0.0,0.0,0.0,0.0,1111.32,-0.071,0.0,0,0.0,0.0
heidkaemper,56,22.54,10,3,5.6,0.071,0.0,0.0,0.0,257.86,0.709,0.0,0,0.0,0.0,44,27.23,11,3,4.0,0.045,0.0,0.045,0.0,230.45,0.628,0.0,0,0.0,0.0,-12,4.69,1,0,-1.6,-0.026,0.0,0.045,0.0,-27.41,-0.081,0.0,0,0.0,0.0
mesenev,56,26.05,19,1,2.95,0.018,0.0,0.0,0.0,152.78,0.364,0.0,0,0.0,0.0,17,25.24,9,1,1.89,0.059,0.0,0.0,0.0,1031.02,0.125,0.0,0,0.0,0.0,-39,-0.81,-10,0,-1.06,0.041,0.0,0.0,0.0,878.24,-0.239,0.0,0,0.0,0.0
Nogiback,59,42.78,9,4,6.56,0.034,0.0,0.017,0.0,74.98,0.621,0.0,0,0.0,0.0,12,16.0,9,1,1.33,0.0,0.0,0.0,0.0,1385.38,0.182,0.0,0,0.0,0.0,-47,-26.78,0,-3,-5.23,-0.034,0.0,-0.017,0.0,1310.4,-0.439,0.0,0,0.0,0.0
K-Phoen,25,18.4,7,1,3.57,0.0,0.0,0.0,0.0,509.41,0.5,0.0,0,0.0,0.0,56,23.62,15,1,3.73,0.0,0.0,0.0,0.0,349.17,0.473,0.0,0,0.0,0.0,31,5.22,8,0,0.16,0.0,0.0,0.0,0.0,-160.24,-0.027,0.0,0,0.0,0.0
hiraddlz,35,16.57,7,3,5.0,0.0,0.0,0.029,0.0,433.87,0.765,0.0,0,0.0,0.0,13,18.31,6,3,2.17,0.077,0.0,0.0,0.0,989.53,0.5,0.0,0,0.0,0.0,-22,1.74,-1,0,-2.83,0.077,0.0,-0.029,0.0,555.66,-0.265,0.0,0,0.0,0.0
Dilettante258,32,17.5,5,4,6.4,0.0,0.0,0.0,0.0,244.25,0.806,0.0,0,0.0,0.0,8,16.0,6,2,1.33,0.0,0.0,0.0,0.0,2533.87,0.143,0.0,0,0.0,0.0,-24,-1.5,1,-2,-5.07,0.0,0.0,0.0,0.0,2289.62,-0.663,0.0,0,0.0,0.0
zahradnik-ondrej,48,18.92,3,1,16.0,0.0,0.0,0.0,0.0,22.98,0.851,0.0,0,0.0,0.0,52,14.46,11,1,4.73,0.0,0.115,0.0,0.0,167.6,0.588,0.0,0,0.0,0.0,4,-4.46,8,0,-11.27,0.0,0.115,0.0,0.0,144.62,-0.263,0.0,0,0.0,0.0
MiguelHigueraDev,78,23.85,5,2,15.6,0.0,0.0,0.0,0.0,52.59,0.818,0.0,0,0.0,0.0,22,16.5,11,1,2.0,0.0,0.0,0.0,0.0,396.57,0.143,0.0,0,0.0,0.0,-56,-7.35,6,-1,-13.6,0.0,0.0,0.0,0.0,343.98,-0.675,0.0,0,0.0,0.0
christopherwhitley,23,35.52,10,1,2.3,0.043,0.0,0.0,0.043,740.75,0.409,0.0,0,4.0,0.0,37,62.16,16,1,2.31,0.297,0.0,0.081,0.0,289.27,0.333,0.0,0,0.0,0.0,14,26.64,6,0,0.01,0.254,0.0,0.081,-0.043,-451.48,-0.076,0.0,0,-4.0,0.0
Naeemi7,77,16.95,9,2,8.56,0.0,0.0,0.0,0.0,120.03,0.763,0.0,0,0.0,0.0,23,17.13,3,1,7.67,0.0,0.0,0.0,0.0,13.21,0.864,0.0,0,0.0,0.0,-54,0.18,-6,-1,-0.89,0.0,0.0,0.0,0.0,-106.82,0.101,0.0,0,0.0,0.0
morfidon,47,15.28,7,2,6.71,0.0,0.0,0.0,0.0,23.38,0.457,0.0,0,0.0,0.0,51,22.73,4,2,12.75,0.039,0.0,0.0,0.0,15.38,0.66,0.0,0,0.0,0.0,4,7.45,-3,0,6.04,0.039,0.0,0.0,0.0,-8.0,0.203,0.0,0,0.0,0.0
pjgreer,65,20.97,12,2,5.42,0.062,0.0,0.0,0.0,146.77,0.75,0.0,0,0.0,0.0,12,24.42,6,2,2.0,0.0,0.0,0.0,0.0,1529.45,0.545,0.0,0,0.0,0.0,-53,3.45,-6,0,-3.42,-0.062,0.0,0.0,0.0,1382.68,-0.205,0.0,0,0.0,0.0
Al0den,70,25.69,8,2,8.75,0.071,0.157,0.0,0.0,35.79,0.71,0.0,0,0.0,0.0,30,43.0,12,2,2.5,0.2,0.567,0.0,0.033,357.1,0.414,0.0,0,0.0,0.0,-40,17.31,4,0,-6.25,0.129,0.41,0.0,0.033,321.31,-0.296,0.0,0,0.0,0.0
sanket1105,72,26.79,18,4,4.0,0.0,0.0,0.0,0.0,140.14,0.62,0.0,0,0.0,0.0,18,15.0,3,1,6.0,0.0,0.0,0.0,0.0,94.99,0.824,0.0,0,0.0,0.0,-54,-11.79,-15,-3,2.0,0.0,0.0,0.0,0.0,-45.15,0.204,0.0,0,0.0,0.0
Calvvnono,20,15.9,1,1,20.0,0.0,0.0,0.0,0.0,0.95,0.947,0.0,0,0.0,0.0,77,15.04,17,3,4.53,0.065,0.0,0.0,0.0,226.88,0.763,0.0,0,0.0,0.0,57,-0.86,16,2,-15.47,0.065,0.0,0.0,0.0,225.93,-0.184,0.0,0,0.0,0.0
luiz7686,30,20.53,4,2,7.5,0.0,0.0,0.0,0.0,278.83,0.69,0.0,0,0.0,0.0,54,25.2,5,3,10.8,0.0,0.0,0.0,0.0,188.1,0.868,0.0,0,0.0,0.0,24,4.67,1,1,3.3,0.0,0.0,0.0,0.0,-90.73,0.178,0.0,0,0.0,0.0
charliemarshall1996,57,40.26,15,2,3.8,0.298,0.0,0.0,0.035,88.61,0.429,0.0,0,30.0,0.5,35,22.23,9,3,3.89,0.029,0.0,0.0,0.0,266.13,0.441,0.0,0,0.0,0.0,-22,-18.03,-6,1,0.09,-0.269,0.0,0.0,-0.035,177.52,0.012,0.0,0,-30.0,-0.5
nafirk99,9,4.78,1,1,9.0,0.0,0.0,0.0,0.0,6.1,0.625,0.0,0,0.0,0.0,24,13.67,4,4,6.0,0.0,0.0,0.0,0.0,22.92,0.609,0.0,0,0.0,0.0,15,8.89,3,3,-3.0,0.0,0.0,0.0,0.0,16.82,-0.016,0.0,0,0.0,0.0
0-harshit-0,78,16.27,9,1,8.67,0.026,0.0,0.0,0.0,37.77,0.61,0.0,0,0.0,0.0,22,15.77,8,1,2.75,0.045,0.0,0.0,0.0,502.61,0.571,0.0,0,0.0,0.0,-56,-0.5,-1,0,-5.92,0.019,0.0,0.0,0.0,464.84,-0.039,0.0,0,0.0,0.0
Debraj-Das,31,35.9,3,1,10.33,0.032,0.0,0.0,0.0,158.53,0.733,0.0,0,0.0,0.0,69,30.43,24,2,2.88,0.029,0.0,0.014,0.0,279.94,0.279,0.0,0,0.0,0.0,38,-5.47,21,1,-7.45,-0.003,0.0,0.014,0.0,121.41,-0.454,0.0,0,0.0,0.0
pelinbingl,54,21.37,7,4,7.71,0.0,0.0,0.0,0.0,61.96,0.811,0.0,0,0.0,0.0,11,28.0,5,3,2.2,0.0,0.364,0.0,0.0,233.22,0.4,0.0,0,0.0,0.0,-43,6.63,-2,-1,-5.51,0.0,0.364,0.0,0.0,171.26,-0.411,0.0,0,0.0,0.0
sergiocerq,58,52.93,12,1,4.83,0.155,0.0,0.0,0.052,86.09,0.596,0.0,0,0.0,0.0,42,43.86,8,2,5.25,0.024,0.714,0.0,0.0,100.59,0.585,0.0,0,0.0,0.0,-16,-9.07,-4,1,0.42,-0.131,0.714,0.0,-0.052,14.5,-0.011,0.0,0,0.0,0.0
JLMenegotto,20,17.55,6,2,3.33,0.0,0.0,0.0,0.0,626.26,0.632,0.0,0,0.0,0.0,73,30.51,9,3,8.11,0.11,0.0,0.0,0.0,225.75,0.778,0.0,0,0.0,0.0,53,12.96,3,1,4.78,0.11,0.0,0.0,0.0,-400.51,0.146,0.0,0,0.0,0.0
Zhoucheng133,14,15.29,11,2,1.27,0.0,0.0,0.0,0.0,1304.64,0.154,0.0,0,0.0,0.0,86,8.03,41,2,2.1,0.012,0.0,0.0,0.0,220.27,0.235,0.0,0,0.0,0.0,72,-7.26,30,0,0.83,0.012,0.0,0.0,0.0,-1084.37,0.081,0.0,0,0.0,0.0
NurikDen,68,64.76,18,5,3.78,0.309,0.0,0.0,0.0,98.08,0.552,0.0,0,0.0,0.0,8,16.0,4,1,2.0,0.0,0.0,0.0,0.0,2211.46,0.571,0.0,0,0.0,0.0,-60,-48.76,-14,-4,-1.78,-0.309,0.0,0.0,0.0,2113.38,0.019,0.0,0,0.0,0.0
dshuais,49,12.35,10,2,4.9,0.02,0.0,0.0,0.0,137.43,0.396,0.0,0,0.0,0.0,51,16.16,18,2,2.83,0.0,0.0,0.0,0.0,275.21,0.46,0.0,0,0.0,0.0,2,3.81,8,0,-2.07,-0.02,0.0,0.0,0.0,137.78,0.064,0.0,0,0.0,0.0
seangoogoo,56,18.29,4,2,14.0,0.0,0.0,0.0,0.018,53.8,0.764,0.0,0,0.0,0.0,44,66.84,14,3,3.14,0.045,0.0,0.023,0.023,217.39,0.372,0.0,0,0.0,0.0,-12,48.55,10,1,-10.86,0.045,0.0,0.023,0.005,163.59,-0.392,0.0,0,0.0,0.0
karan-modh-5,29,21.0,4,1,7.25,0.241,0.0,0.0,0.0,18.28,0.821,0.0,0,0.0,0.0,70,31.49,22,5,3.18,0.371,0.0,0.0,0.143,222.38,0.565,0.0,0,0.0,0.0,41,10.49,18,4,-4.07,0.13,0.0,0.0,0.143,204.1,-0.256,0.0,0,0.0,0.0
DavidGamba,42,20.19,11,1,3.82,0.0,0.0,0.0,0.0,152.59,0.659,0.0,0,0.0,0.0,44,24.91,18,1,2.44,0.0,0.0,0.0,0.0,382.8,0.488,0.0,0,0.0,0.0,2,4.72,7,0,-1.38,0.0,0.0,0.0,0.0,230.21,-0.171,0.0,0,0.0,0.0
dormant-user,15,19.6,11,1,1.36,0.067,0.0,0.0,0.0,910.34,0.143,0.0,0,0.0,0.0,16,32.06,8,1,2.0,0.125,0.0,0.0,0.0,1236.78,0.333,0.0,0,0.0,0.0,1,12.46,-3,0,0.64,0.058,0.0,0.0,0.0,326.44,0.19,0.0,0,0.0,0.0
brianobot,37,20.54,13,1,2.85,0.081,0.0,0.0,0.0,107.34,0.444,0.0,0,0.0,0.0,62,18.87,26,1,2.38,0.016,0.0,0.0,0.0,321.45,0.393,0.0,0,0.0,0.0,25,-1.67,13,0,-0.47,-0.065,0.0,0.0,0.0,214.11,-0.051,0.0,0,0.0,0.0
WillsterJohnson,43,18.77,19,5,2.26,0.023,0.419,0.0,0.0,326.4,0.476,0.0,0,0.0,0.0,7,18.29,5,1,1.4,0.0,0.0,0.0,0.0,718.35,0.333,0.0,0,0.0,0.0,-36,-0.48,-14,-4,-0.86,-0.023,-0.419,0.0,0.0,391.95,-0.143,0.0,0,0.0,0.0
teresi,29,31.17,12,1,2.42,0.138,0.0,0.0,0.138,94.19,0.464,0.0,0,0.0,0.0,71,57.85,34,1,2.09,0.239,0.0,0.0,0.239,251.94,0.3,0.0,0,0.0,0.0,42,26.68,22,0,-0.33,0.101,0.0,0.0,0.101,157.75,-0.164,0.0,0,0.0,0.0
Kachi1001,68,13.51,11,4,6.18,0.088,0.0,0.059,0.0,43.16,0.716,0.0,0,0.0,0.0,9,17.78,2,2,4.5,0.0,0.0,0.0,0.0,393.76,0.875,0.0,0,0.0,0.0,-59,4.27,-9,-2,-1.68,-0.088,0.0,-0.059,0.0,350.6,0.159,0.0,0,0.0,0.0
ValdsonSilva,34,28.15,6,5,5.67,0.0,0.029,0.0,0.0,159.87,0.545,0.0,0,0.0,0.0,24,17.04,8,1,3.0,0.0,0.0,0.0,0.0,608.71,0.696,0.0,0,0.0,0.0,-10,-11.11,2,-4,-2.67,0.0,-0.029,0.0,0.0,448.84,0.151,0.0,0,0.0,0.0
mineTomek,50,37.28,8,2,6.25,0.24,0.0,0.0,0.0,129.08,0.776,0.0,0,67.0,0.5,50,41.94,3,2,16.67,0.12,0.0,0.0,0.0,177.6,0.898,0.0,0,261.25,0.875,0,4.66,-5,0,10.42,-0.12,0.0,0.0,0.0,48.52,0.122,0.0,0,194.25,0.375
Circout-sudo,20,28.7,7,2,2.86,0.1,0.0,0.0,0.0,254.9,0.368,0.0,0,0.0,0.0,58,32.05,9,4,6.44,0.362,0.0,0.0,0.0,129.2,0.825,0.0,0,0.0,0.0,38,3.35,2,2,3.58,0.262,0.0,0.0,0.0,-125.7,0.457,0.0,0,0.0,0.0
batuhangokalp,77,18.0,10,5,7.7,0.026,0.0,0.104,0.0,154.89,0.763,0.0,0,0.0,0.0,23,20.0,5,1,4.6,0.0,0.0,0.0,0.0,324.0,0.773,0.0,0,0.0,0.0,-54,2.0,-5,-4,-3.1,-0.026,0.0,-0.104,0.0,169.11,0.01,0.0,0,0.0,0.0
kananniftiyev,79,41.9,10,3,7.9,0.203,0.0,0.025,0.051,98.74,0.641,0.0,0,0.0,0.0,20,31.35,6,2,3.33,0.15,0.0,0.0,0.15,306.47,0.579,0.0,0,0.0,0.0,-59,-10.55,-4,-1,-4.57,-0.053,0.0,-0.025,0.099,207.73,-0.062,0.0,0,0.0,0.0
Pigney,9,71.33,2,1,4.5,0.333,0.0,0.0,0.0,337.48,0.5,0.0,0,0.0,0.0,25,63.28,12,1,2.08,0.08,0.0,0.0,0.0,769.35,0.292,0.0,0,11.0,0.0,16,-8.05,10,0,-2.42,-0.253,0.0,0.0,0.0,431.87,-0.208,0.0,0,11.0,0.0
cwallenwein,41,43.9,6,1,6.83,0.146,0.0,0.0,0.0,182.99,0.675,0.0,0,115.67,0.667,9,36.78,1,1,9.0,0.111,0.0,0.0,0.0,3.0,0.875,0.0,0,0.0,0.0,-32,-7.12,-5,0,2.17,-0.035,0.0,0.0,0.0,-179.99,0.2,0.0,0,-115.67,-0.667
mkondratek,31,30.58,9,1,3.44,0.0,0.0,0.032,0.065,61.5,0.533,0.0,0,0.0,0.0,58,17.28,16,1,3.62,0.0,0.0,0.0,0.052,271.12,0.491,0.0,0,0.0,0.0,27,-13.3,7,0,0.18,0.0,0.0,-0.032,-0.013,209.62,-0.042,0.0,0,0.0,0.0
sumanmaiti1,5,31.0,2,1,2.5,0.0,0.0,0.0,0.0,557.22,0.75,0.0,0,0.0,0.0,64,31.02,19,5,3.37,0.031,0.0,0.0,0.016,131.88,0.429,0.0,0,0.0,0.0,59,0.02,17,4,0.87,0.031,0.0,0.0,0.016,-425.34,-0.321,0.0,0,0.0,0.0
robeecodes,32,26.84,6,3,5.33,0.0,0.0,0.0,0.0,42.58,0.484,0.0,0,0.0,0.0,9,18.56,4,1,2.25,0.0,0.111,0.0,0.0,1427.28,0.625,0.0,0,0.0,0.0,-23,-8.28,-2,-2,-3.08,0.0,0.111,0.0,0.0,1384.7,0.141,0.0,0,0.0,0.0
tutam1232,34,18.09,5,5,6.8,0.0,0.0,0.059,0.029,138.37,0.576,0.0,0,0.0,0.0,5,17.6,3,3,1.67,0.0,0.0,0.0,0.0,694.06,0.5,0.0,0,0.0,0.0,-29,-0.49,-2,-2,-5.13,0.0,0.0,-0.059,-0.029,555.69,-0.076,0.0,0,0.0,0.0
Tomeczeqq,16,36.69,4,2,4.0,0.125,0.0,0.0,0.125,60.48,0.4,0.0,0,0.0,0.0,34,20.97,9,5,3.78,0.029,0.0,0.0,0.0,104.62,0.515,0.0,0,0.0,0.0,18,-15.72,5,3,-0.22,-0.096,0.0,0.0,-0.125,44.14,0.115,0.0,0,0.0,0.0
Nouman-Usman,25,24.4,6,5,4.17,0.2,0.0,0.0,0.0,179.07,0.75,0.0,0,0.0,0.0,5,66.6,4,1,1.25,0.4,0.0,0.0,0.0,3349.84,0.25,0.0,0,0.0,0.0,-20,42.2,-2,-4,-2.92,0.2,0.0,0.0,0.0,3170.77,-0.5,0.0,0,0.0,0.0
Lseoksee,73,13.86,12,1,6.08,0.0,0.0,0.014,0.0,97.18,0.542,0.0,0,0.0,0.0,27,12.93,3,1,9.0,0.0,0.0,0.0,0.0,340.85,0.769,0.0,0,0.0,0.0,-46,-0.93,-9,0,2.92,0.0,0.0,-0.014,0.0,243.67,0.227,0.0,0,0.0,0.0
Ziad507,15,12.33,1,2,15.0,0.0,0.0,0.2,0.0,0.21,1.0,0.0,0,0.0,0.0,19,9.53,3,2,6.33,0.0,0.0,0.0,0.0,89.42,0.611,0.0,0,0.0,0.0,4,-2.8,2,0,-8.67,0.0,0.0,-0.2,0.0,89.21,-0.389,0.0,0,0.0,0.0
hofbi,33,23.7,19,2,1.74,0.03,0.0,0.03,0.0,519.62,0.344,0.0,0,0.0,0.0,39,27.15,21,2,1.86,0.026,0.0,0.0,0.0,500.33,0.368,0.0,0,0.0,0.0,6,3.45,2,0,0.12,-0.004,0.0,-0.03,0.0,-19.29,0.024,0.0,0,0.0,0.0
Idan-sh,78,20.76,13,4,6.0,0.026,0.0,0.0,0.0,120.04,0.701,0.0,0,0.0,0.0,22,36.23,9,2,2.44,0.136,0.0,0.0,0.0,890.57,0.524,0.0,0,0.0,0.0,-56,15.47,-4,-2,-3.56,0.11,0.0,0.0,0.0,770.53,-0.177,0.0,0,0.0,0.0
lukas-frey,45,67.44,10,1,4.5,0.689,0.667,0.0,0.0,239.93,0.682,0.0,0,0.0,0.0,51,37.65,14,1,3.64,0.196,0.686,0.0,0.0,349.5,0.64,0.0,0,0.0,0.0,6,-29.79,4,0,-0.86,-0.493,0.019,0.0,0.0,109.57,-0.042,0.0,0,0.0,0.0
grindheim,11,15.09,3,1,3.67,0.0,0.0,0.0,0.0,156.08,0.7,0.0,0,0.0,0.0,6,16.0,5,1,1.2,0.0,0.0,0.0,0.0,1093.78,0.2,0.0,0,0.0,0.0,-5,0.91,2,0,-2.47,0.0,0.0,0.0,0.0,937.7,-0.5,0.0,0,0.0,0.0
pulo0,22,34.09,6,3,3.67,0.091,0.364,0.0,0.0,466.81,0.429,0.0,0,0.0,0.0,24,26.42,5,2,4.8,0.0,0.708,0.0,0.0,374.56,0.217,0.0,0,0.0,0.0,2,-7.67,-1,-1,1.13,-0.091,0.344,0.0,0.0,-92.25,-0.212,0.0,0,0.0,0.0
halephu01,23,29.17,8,4,2.88,0.087,0.0,0.0,0.0,232.05,0.273,0.0,0,0.0,0.0,20,60.6,6,2,3.33,0.1,0.0,0.1,0.0,230.76,0.316,0.0,0,0.0,0.0,-3,31.43,-2,-2,0.45,0.013,0.0,0.1,0.0,-1.29,0.043,0.0,0,0.0,0.0
ACDrafahl,22,33.55,1,1,22.0,0.0,0.0,0.0,0.955,3.46,0.905,0.0,0,0.0,0.0,78,39.79,4,1,19.5,0.0,0.0,0.0,0.962,116.61,0.844,0.0,0,0.0,0.0,56,6.24,3,0,-2.5,0.0,0.0,0.0,0.007,113.15,-0.061,0.0,0,0.0,0.0
googleboy-byte,6,28.67,1,1,6.0,0.167,0.0,0.0,0.0,14.68,0.8,0.0,0,0.0,0.0,16,28.88,5,3,3.2,0.062,0.0,0.0,0.0,215.03,0.733,0.0,0,0.0,0.0,10,0.21,4,2,-2.8,-0.105,0.0,0.0,0.0,200.35,-0.067,0.0,0,0.0,0.0
jflinchbaugh,34,23.32,19,1,1.79,0.0,0.0,0.0,0.0,482.2,0.455,0.0,0,0.0,0.0,25,22.68,17,1,1.47,0.0,0.0,0.0,0.0,811.84,0.292,0.0,0,0.0,0.0,-9,-0.64,-2,0,-0.32,0.0,0.0,0.0,0.0,329.64,-0.163,0.0,0,0.0,0.0
awesomepossumgirl,58,60.76,2,1,29.0,0.0,0.0,0.0,0.034,4.62,0.737,0.0,0,0.0,0.0,42,60.76,11,1,3.82,0.024,0.0,0.0,0.095,294.06,0.39,0.0,0,0.0,0.0,-16,0.0,9,0,-25.18,0.024,0.0,0.0,0.061,289.44,-0.347,0.0,0,0.0,0.0
Kennius7,43,30.88,10,5,4.3,0.0,0.0,0.0,0.0,99.82,0.405,0.0,0,0.0,0.0,6,108.0,1,1,6.0,1.0,0.0,0.0,0.0,0.16,1.0,0.0,0,0.0,0.0,-37,77.12,-9,-4,1.7,1.0,0.0,0.0,0.0,-99.66,0.595,0.0,0,0.0,0.0
eitsupi,34,19.68,12,2,2.83,0.0,0.0,0.0,0.0,463.19,0.545,0.0,0,0.0,0.0,5,24.2,4,1,1.25,0.0,0.0,0.0,0.0,3568.43,0.0,0.0,0,0.0,0.0,-29,4.52,-8,-1,-1.58,0.0,0.0,0.0,0.0,3105.24,-0.545,0.0,0,0.0,0.0
Thulium-Drake,59,54.61,17,4,3.47,0.051,0.0,0.017,0.051,233.7,0.586,0.0,0,0.0,0.0,30,40.23,14,4,2.14,0.1,0.0,0.067,0.0,643.02,0.483,0.0,0,0.0,0.0,-29,-14.38,-3,0,-1.33,0.049,0.0,0.05,-0.051,409.32,-0.103,0.0,0,0.0,0.0
furqonm,34,24.32,10,1,3.4,0.059,0.0,0.029,0.0,457.49,0.576,0.0,0,0.0,0.0,16,61.94,4,1,4.0,0.312,0.0,0.062,0.0,368.7,0.8,0.0,0,0.0,0.0,-18,37.62,-6,0,0.6,0.253,0.0,0.033,0.0,-88.79,0.224,0.0,0,0.0,0.0
mehmetalbyrak,27,26.04,5,4,5.4,0.148,0.0,0.0,0.0,196.38,0.692,0.0,0,12.67,0.0,13,16.0,8,1,1.62,0.0,0.0,0.0,0.0,722.14,0.417,0.0,0,0.0,0.0,-14,-10.04,3,-3,-3.78,-0.148,0.0,0.0,0.0,525.76,-0.275,0.0,0,-12.67,0.0
ManuelCBR,46,21.93,10,2,4.6,0.0,0.0,0.0,0.0,52.75,0.244,0.0,0,0.0,0.0,54,57.7,14,2,3.86,0.037,0.0,0.0,0.0,265.85,0.264,0.0,0,0.0,0.0,8,35.77,4,0,-0.74,0.037,0.0,0.0,0.0,213.1,0.02,0.0,0,0.0,0.0
ahmadhabibi14,87,12.8,26,2,3.35,0.0,0.0,0.0,0.0,189.3,0.407,0.0,0,0.0,0.0,13,23.85,8,1,1.62,0.0,0.0,0.0,0.0,1480.62,0.417,0.0,0,0.0,0.0,-74,11.05,-18,-1,-1.73,0.0,0.0,0.0,0.0,1291.32,0.01,0.0,0,0.0,0.0
Atmajo,43,16.98,8,4,5.38,0.0,0.0,0.0,0.0,188.61,0.714,0.0,0,0.0,0.0,5,16.0,3,1,1.67,0.0,0.0,0.0,0.0,1848.75,0.5,0.0,0,0.0,0.0,-38,-0.98,-5,-3,-3.71,0.0,0.0,0.0,0.0,1660.14,-0.214,0.0,0,0.0,0.0
Beehive324,5,26.8,1,1,5.0,0.0,0.0,0.0,0.0,0.1,1.0,0.0,0,0.0,0.0,59,16.0,9,1,6.56,0.0,0.0,0.0,0.0,35.05,0.759,0.0,0,0.0,0.0,54,-10.8,8,0,1.56,0.0,0.0,0.0,0.0,34.95,-0.241,0.0,0,0.0,0.0
liebenholz,16,45.0,1,1,16.0,0.062,0.0,0.062,0.0,1.46,0.867,0.0,0,0.0,0.0,21,16.86,3,4,7.0,0.0,0.0,0.0,0.0,22.76,0.4,0.0,0,0.0,0.0,5,-28.14,2,3,-9.0,-0.062,0.0,-0.062,0.0,21.3,-0.467,0.0,0,0.0,0.0
hazavi,10,13.8,4,2,2.5,0.0,0.0,0.0,0.0,301.96,0.556,0.0,0,0.0,0.0,90,9.24,13,2,6.92,0.0,0.0,0.0,0.0,62.52,0.629,0.0,0,0.0,0.0,80,-4.56,9,0,4.42,0.0,0.0,0.0,0.0,-239.44,0.073,0.0,0,0.0,0.0
dyabasdi,23,23.52,2,2,11.5,0.0,0.0,0.0,0.087,6.22,0.955,0.0,0,0.0,0.0,34,28.74,3,4,11.33,0.0,0.0,0.029,0.0,166.34,0.848,0.0,0,0.0,0.0,11,5.22,1,2,-0.17,0.0,0.0,0.029,-0.087,160.12,-0.107,0.0,0,0.0,0.0
LincolnKermit,30,21.83,8,2,3.75,0.0,0.0,0.0,0.0,477.45,0.448,0.0,0,0.0,0.0,70,18.93,33,2,2.12,0.014,0.0,0.0,0.014,257.24,0.391,0.0,0,0.0,0.0,40,-2.9,25,0,-1.63,0.014,0.0,0.0,0.014,-220.21,-0.057,0.0,0,0.0,0.0
Yug2op,7,27.43,2,2,3.5,0.571,0.0,0.0,0.0,156.08,0.667,0.0,0,0.0,0.0,10,32.9,6,4,1.67,0.3,0.0,0.0,0.1,938.03,0.333,0.0,0,0.0,0.0,3,5.47,4,2,-1.83,-0.271,0.0,0.0,0.1,781.95,-0.334,0.0,0,0.0,0.0
danielngira,10,16.7,2,2,5.0,0.0,0.0,0.0,0.0,60.84,0.778,0.0,0,0.0,0.0,10,27.2,2,1,5.0,0.0,0.0,0.0,0.0,436.85,0.778,0.0,0,0.0,0.0,0,10.5,0,-1,0.0,0.0,0.0,0.0,0.0,376.01,0.0,0.0,0,0.0,0.0
thebasilugo,70,51.74,18,3,3.89,0.357,0.0,0.0,0.043,133.82,0.464,0.0,0,143.67,1.0,30,14.9,14,1,2.14,0.0,0.0,0.0,0.0,493.24,0.517,0.0,0,0.0,0.0,-40,-36.84,-4,-2,-1.75,-0.357,0.0,0.0,-0.043,359.42,0.053,0.0,0,-143.67,-1.0
isobelmcrae,23,19.09,1,2,23.0,0.0,0.0,0.0,0.0,1.84,0.909,0.0,0,0.0,0.0,29,32.17,7,4,4.14,0.103,0.034,0.0,0.0,514.02,0.357,0.0,0,0.0,0.0,6,13.08,6,2,-18.86,0.103,0.034,0.0,0.0,512.18,-0.552,0.0,0,0.0,0.0
grahambell,10,66.9,5,1,2.0,0.3,0.0,0.0,0.0,1312.16,0.444,0.0,0,0.0,0.0,25,164.08,5,1,5.0,0.48,0.0,0.0,0.0,802.9,0.458,0.0,0,0.0,0.0,15,97.18,0,0,3.0,0.18,0.0,0.0,0.0,-509.26,0.014,0.0,0,0.0,0.0
AmirUr,56,19.32,5,2,11.2,0.0,0.0,0.054,0.0,21.13,0.855,0.0,0,0.0,0.0,44,18.43,5,3,8.8,0.0,0.295,0.0,0.0,287.35,0.744,0.0,0,0.0,0.0,-12,-0.89,0,1,-2.4,0.0,0.295,-0.054,0.0,266.22,-0.111,0.0,0,0.0,0.0
ezgisenak,7,22.14,3,3,2.33,0.0,0.0,0.0,0.0,565.2,0.167,0.0,0,0.0,0.0,38,28.34,2,3,19.0,0.0,0.0,0.0,0.0,27.29,0.946,0.0,0,0.0,0.0,31,6.2,-1,0,16.67,0.0,0.0,0.0,0.0,-537.91,0.779,0.0,0,0.0,0.0
tramdhan,27,70.22,20,1,1.35,0.481,0.0,0.0,0.074,514.95,0.154,0.0,0,0.0,0.0,73,113.66,48,2,1.52,1.0,0.0,0.0,0.0,266.52,0.0,0.0,0,0.0,0.0,46,43.44,28,1,0.17,0.519,0.0,0.0,-0.074,-248.43,-0.154,0.0,0,0.0,0.0
bpbond,19,31.58,2,1,9.5,0.158,0.0,0.0,0.0,198.91,0.833,0.0,0,12.0,0.0,30,42.8,13,1,2.31,0.233,0.0,0.0,0.167,395.36,0.31,0.0,0,4.92,0.0,11,11.22,11,0,-7.19,0.075,0.0,0.0,0.167,196.45,-0.523,0.0,0,-7.08,0.0
putra4648,42,40.52,6,2,7.0,0.31,0.167,0.095,0.0,21.22,0.756,0.0,0,433.0,0.6,47,39.74,19,2,2.47,0.255,0.128,0.085,0.0,417.21,0.478,0.0,0,669.71,1.0,5,-0.78,13,0,-4.53,-0.055,-0.039,-0.01,0.0,395.99,-0.278,0.0,0,236.71,0.4
AmirYunus,14,18.86,2,1,7.0,0.0,0.0,0.0,0.0,7.03,0.846,0.0,0,0.0,0.0,67,19.79,11,5,6.09,0.0,0.0,0.0,0.0,78.63,0.742,0.0,0,0.0,0.0,53,0.93,9,4,-0.91,0.0,0.0,0.0,0.0,71.6,-0.104,0.0,0,0.0,0.0
aguilalv,9,41.0,2,1,4.5,0.0,0.0,0.444,0.0,60.46,0.5,0.0,0,0.0,0.0,91,56.64,7,2,13.0,0.0,0.0,0.33,0.033,100.01,0.667,0.0,0,0.0,0.0,82,15.64,5,1,8.5,0.0,0.0,-0.114,0.033,39.55,0.167,0.0,0,0.0,0.0
JuneYoungDo,62,25.52,13,1,4.77,0.0,0.0,0.0,0.0,221.03,0.426,0.0,0,0.0,0.0,10,19.3,7,1,1.43,0.0,0.0,0.0,0.0,1152.09,0.111,0.0,0,0.0,0.0,-52,-6.22,-6,0,-3.34,0.0,0.0,0.0,0.0,931.06,-0.315,0.0,0,0.0,0.0
MustfaAshraf,19,14.84,3,5,6.33,0.0,0.0,0.0,0.0,207.5,0.778,0.0,0,0.0,0.0,10,26.9,7,1,1.43,0.1,0.0,0.0,0.0,2165.21,0.333,0.0,0,0.0,0.0,-9,12.06,4,-4,-4.9,0.1,0.0,0.0,0.0,1957.71,-0.445,0.0,0,0.0,0.0
jamesdiffeycoding,13,56.15,4,2,3.25,0.538,0.0,0.077,0.0,52.16,0.167,0.0,0,27.0,0.286,87,16.0,19,3,4.58,0.0,0.0,0.0,0.0,136.82,0.791,0.0,0,0.0,0.0,74,-40.15,15,1,1.33,-0.538,0.0,-0.077,0.0,84.66,0.624,0.0,0,-27.0,-0.286
QuaRang1225,74,34.53,11,4,6.73,0.257,0.0,0.0,0.23,183.47,0.781,0.0,0,30.67,0.333,26,14.77,6,2,4.33,0.038,0.0,0.0,0.038,164.13,0.48,0.0,0,0.0,0.0,-48,-19.76,-5,-2,-2.4,-0.219,0.0,0.0,-0.192,-19.34,-0.301,0.0,0,-30.67,-0.333
Kinglord1090,27,20.11,2,5,13.5,0.0,0.0,0.0,0.0,24.56,0.923,0.0,0,0.0,0.0,37,28.57,3,5,12.33,0.0,0.0,0.0,0.0,56.29,0.861,0.0,0,0.0,0.0,10,8.46,1,0,-1.17,0.0,0.0,0.0,0.0,31.73,-0.062,0.0,0,0.0,0.0
aprius,72,8.39,12,1,6.0,0.0,0.0,0.0,0.0,74.85,0.634,0.0,0,0.0,0.0,28,8.79,7,1,4.0,0.0,0.0,0.0,0.0,229.94,0.778,0.0,0,0.0,0.0,-44,0.4,-5,0,-2.0,0.0,0.0,0.0,0.0,155.09,0.144,0.0,0,0.0,0.0
xaiyadev,24,34.38,4,2,6.0,0.0,0.0,0.0,0.0,41.77,0.435,0.0,0,0.0,0.0,76,95.18,18,1,4.22,0.974,0.0,0.0,0.368,37.48,0.28,0.0,0,28.33,0.333,52,60.8,14,-1,-1.78,0.974,0.0,0.0,0.368,-4.29,-0.155,0.0,0,28.33,0.333
hellosunking,29,20.14,16,1,1.81,0.0,0.0,0.0,0.0,453.47,0.429,0.0,0,0.0,0.0,19,16.42,11,1,1.73,0.0,0.0,0.0,0.0,921.03,0.444,0.0,0,0.0,0.0,-10,-3.72,-5,0,-0.08,0.0,0.0,0.0,0.0,467.56,0.015,0.0,0,0.0,0.0
RobertHumolli,23,15.3,1,3,23.0,0.0,0.0,0.0,0.0,5.4,0.955,0.0,0,0.0,0.0,13,12.0,2,2,6.5,0.0,0.0,0.0,0.0,361.68,0.75,0.0,0,0.0,0.0,-10,-3.3,1,-1,-16.5,0.0,0.0,0.0,0.0,356.28,-0.205,0.0,0,0.0,0.0
99yuseong,30,18.83,7,2,4.29,0.0,0.0,0.0,0.0,205.14,0.552,0.0,0,0.0,0.0,16,16.0,5,1,3.2,0.0,0.0,0.0,0.0,786.78,0.533,0.0,0,0.0,0.0,-14,-2.83,-2,-1,-1.09,0.0,0.0,0.0,0.0,581.64,-0.019,0.0,0,0.0,0.0
achedon12,24,23.75,13,3,1.85,0.125,0.0,0.0,0.0,683.11,0.391,0.0,0,0.0,0.0,7,16.0,4,1,1.75,0.0,0.0,0.0,0.0,1458.54,0.333,0.0,0,0.0,0.0,-17,-7.75,-9,-2,-0.1,-0.125,0.0,0.0,0.0,775.43,-0.058,0.0,0,0.0,0.0
nt74,27,16.7,14,2,1.93,0.0,0.0,0.0,0.0,413.9,0.423,0.0,0,0.0,0.0,57,16.84,11,3,5.18,0.0,0.0,0.0,0.0,326.59,0.125,0.0,0,0.0,0.0,30,0.14,-3,1,3.25,0.0,0.0,0.0,0.0,-87.31,-0.298,0.0,0,0.0,0.0
stevalkr,61,9.84,17,2,3.59,0.016,0.0,0.082,0.0,200.43,0.283,0.0,0,0.0,0.0,39,19.97,17,1,2.29,0.026,0.0,0.0,0.0,410.24,0.342,0.0,0,0.0,0.0,-22,10.13,0,-1,-1.3,0.01,0.0,-0.082,0.0,209.81,0.059,0.0,0,0.0,0.0
Kharonus,19,16.37,4,1,4.75,0.0,0.0,0.0,0.0,28.2,0.056,0.0,0,0.0,0.0,21,18.57,4,2,5.25,0.0,0.0,0.048,0.0,23.14,0.45,0.0,0,0.0,0.0,2,2.2,0,1,0.5,0.0,0.0,0.048,0.0,-5.06,0.394,0.0,0,0.0,0.0
brendenehlers,38,22.95,8,3,4.75,0.026,0.0,0.0,0.0,297.4,0.595,0.0,0,0.0,0.0,6,32.5,2,1,3.0,0.0,0.0,0.0,0.0,100.06,0.8,0.0,0,0.0,0.0,-32,9.55,-6,-2,-1.75,-0.026,0.0,0.0,0.0,-197.34,0.205,0.0,0,0.0,0.0
wolfcw,49,71.0,22,1,2.23,0.367,0.0,0.082,0.0,283.24,0.354,0.0,0,0.0,0.0,40,90.28,24,1,1.67,0.85,0.0,0.1,0.025,503.47,0.154,0.0,0,0.0,0.0,-9,19.28,2,0,-0.56,0.483,0.0,0.018,0.025,220.23,-0.2,0.0,0,0.0,0.0
WillemVanCaspel,53,20.36,4,1,13.25,0.0,0.0,0.0,0.0,131.21,0.808,0.0,0,0.0,0.0,12,12.92,2,1,6.0,0.0,0.0,0.0,0.0,38.87,0.727,0.0,0,0.0,0.0,-41,-7.44,-2,0,-7.25,0.0,0.0,0.0,0.0,-92.34,-0.081,0.0,0,0.0,0.0
arayofcode,38,18.47,13,4,2.92,0.026,0.0,0.0,0.0,441.82,0.622,0.0,0,0.0,0.0,10,32.7,6,3,1.67,0.0,0.0,0.0,0.0,2094.82,0.222,0.0,0,0.0,0.0,-28,14.23,-7,-1,-1.25,-0.026,0.0,0.0,0.0,1653.0,-0.4,0.0,0,0.0,0.0
georgefst,21,55.05,11,1,1.91,0.381,0.0,0.0,0.0,758.6,0.3,0.0,0,0.0,0.0,17,66.47,6,1,2.83,0.294,0.0,0.0,0.0,888.3,0.562,0.0,0,461.75,1.0,-4,11.42,-5,0,0.92,-0.087,0.0,0.0,0.0,129.7,0.262,0.0,0,461.75,1.0
ahasverus,15,19.0,6,1,2.5,0.0,0.067,0.0,0.0,980.59,0.571,0.0,0,0.0,0.0,7,19.57,6,1,1.17,0.0,0.0,0.0,0.0,798.85,0.0,0.0,0,0.0,0.0,-8,0.57,0,0,-1.33,0.0,-0.067,0.0,0.0,-181.74,-0.571,0.0,0,0.0,0.0
rajudonkeshwar,42,16.81,4,1,10.5,0.024,0.0,0.0,0.0,22.57,0.878,0.0,0,0.0,0.0,58,20.5,4,3,14.5,0.0,0.0,0.0,0.0,187.05,0.825,0.0,0,0.0,0.0,16,3.69,0,2,4.0,-0.024,0.0,0.0,0.0,164.48,-0.053,0.0,0,0.0,0.0
codecxAb,26,95.85,4,5,6.5,0.077,0.0,0.0,0.462,95.43,0.88,0.0,0,0.0,0.0,6,16.17,4,2,1.5,0.0,0.0,0.0,0.0,890.71,0.4,0.0,0,0.0,0.0,-20,-79.68,0,-3,-5.0,-0.077,0.0,0.0,-0.462,795.28,-0.48,0.0,0,0.0,0.0
thedantonn,9,28.22,2,2,4.5,0.222,0.0,0.0,0.0,20.82,0.875,0.0,0,0.0,0.0,24,19.29,7,3,3.43,0.042,0.0,0.0,0.0,328.0,0.435,0.0,0,0.0,0.0,15,-8.93,5,1,-1.07,-0.18,0.0,0.0,0.0,307.18,-0.44,0.0,0,0.0,0.0
safstromo,92,15.46,13,4,7.08,0.011,0.0,0.0,0.0,71.96,0.67,0.0,0,0.0,0.0,8,16.0,5,1,1.6,0.0,0.0,0.0,0.0,722.44,0.286,0.0,0,0.0,0.0,-84,0.54,-8,-3,-5.48,-0.011,0.0,0.0,0.0,650.48,-0.384,0.0,0,0.0,0.0
tapoban123,44,25.5,5,3,8.8,0.045,0.0,0.0,0.0,87.35,0.837,0.0,0,0.0,0.0,51,17.51,5,2,10.2,0.0,0.0,0.0,0.0,246.22,0.86,0.0,0,0.0,0.0,7,-7.99,0,-1,1.4,-0.045,0.0,0.0,0.0,158.87,0.023,0.0,0,0.0,0.0
veer-kalpit,52,7.21,8,1,6.5,0.0,0.0,0.0,0.0,25.44,0.451,0.0,0,0.0,0.0,24,7.58,8,4,3.0,0.0,0.0,0.0,0.0,149.58,0.217,0.0,0,0.0,0.0,-28,0.37,0,3,-3.5,0.0,0.0,0.0,0.0,124.14,-0.234,0.0,0,0.0,0.0
Cyb3r-Jak3,22,67.0,9,1,2.44,0.273,0.0,0.0,0.273,578.35,0.571,0.0,0,16.38,0.0,6,39.17,4,1,1.5,0.167,0.0,0.0,0.167,2529.38,0.4,0.0,0,13.5,0.0,-16,-27.83,-5,0,-0.94,-0.106,0.0,0.0,-0.106,1951.03,-0.171,0.0,0,-2.88,0.0
wxyhgk,84,16.46,15,2,5.6,0.0,0.0,0.0,0.0,63.43,0.627,0.0,0,0.0,0.0,13,29.38,2,1,6.5,0.0,0.0,0.0,0.0,25.88,0.833,0.0,0,0.0,0.0,-71,12.92,-13,-1,0.9,0.0,0.0,0.0,0.0,-37.55,0.206,0.0,0,0.0,0.0
jeftepl,95,16.86,5,3,19.0,0.126,0.011,0.011,0.0,21.3,0.883,0.0,0,0.0,0.0,5,165.0,1,1,5.0,1.0,0.6,0.0,0.6,0.24,1.0,0.0,0,87.0,1.0,-90,148.14,-4,-2,-14.0,0.874,0.589,-0.011,0.6,-21.06,0.117,0.0,0,87.0,1.0
aittalam,51,42.57,17,4,3.0,0.02,0.0,0.059,0.078,188.42,0.48,0.0,0,0.0,0.0,12,35.42,2,2,6.0,0.0,0.0,0.0,0.0,838.72,0.727,0.0,0,0.0,0.0,-39,-7.15,-15,-2,3.0,-0.02,0.0,-0.059,-0.078,650.3,0.247,0.0,0,0.0,0.0
walker84837,21,36.14,8,4,2.62,0.286,0.0,0.0,0.095,304.83,0.5,0.0,0,23.27,0.2,24,36.67,7,3,3.43,0.083,0.625,0.0,0.042,736.54,0.609,0.0,0,0.0,0.0,3,0.53,-1,-1,0.81,-0.203,0.625,0.0,-0.053,431.71,0.109,0.0,0,-23.27,-0.2
wolexyg,36,23.53,8,4,4.5,0.028,0.0,0.0,0.0,150.97,0.6,0.0,0,0.0,0.0,64,21.06,5,2,12.8,0.0,0.0,0.0,0.0,109.95,0.794,0.0,0,0.0,0.0,28,-2.47,-3,-2,8.3,-0.028,0.0,0.0,0.0,-41.02,0.194,0.0,0,0.0,0.0
yannmazita,75,45.96,18,1,4.17,0.173,0.0,0.0,0.133,84.5,0.5,0.0,0,75.0,0.417,25,66.48,8,2,3.12,0.12,0.0,0.0,0.08,174.0,0.542,0.0,0,168.55,0.818,-50,20.52,-10,1,-1.05,-0.053,0.0,0.0,-0.053,89.5,0.042,0.0,0,93.55,0.401
virtualxiaoman,23,18.09,3,1,7.67,0.0,0.0,0.0,0.0,24.07,0.591,0.0,0,0.0,0.0,77,15.16,24,2,3.21,0.0,0.0,0.0,0.0,127.99,0.171,0.0,0,0.0,0.0,54,-2.93,21,1,-4.46,0.0,0.0,0.0,0.0,103.92,-0.42,0.0,0,0.0,0.0
wasifns,13,18.23,4,2,3.25,0.0,0.0,0.0,0.0,216.6,0.5,0.0,0,0.0,0.0,87,19.14,19,3,4.58,0.023,0.0,0.0,0.0,99.07,0.43,0.0,0,0.0,0.0,74,0.91,15,1,1.33,0.023,0.0,0.0,0.0,-117.53,-0.07,0.0,0,0.0,0.0
Mutoy-choi,88,22.84,14,3,6.29,0.0,0.0,0.0,0.0,33.36,0.575,0.0,0,0.0,0.0,12,31.75,4,3,3.0,0.25,0.0,0.0,0.0,615.29,0.455,0.0,0,0.0,0.0,-76,8.91,-10,0,-3.29,0.25,0.0,0.0,0.0,581.93,-0.12,0.0,0,0.0,0.0
PetrCala,46,48.0,4,1,11.5,0.0,0.0,0.043,0.0,14.41,0.822,0.0,0,0.0,0.0,43,42.51,11,1,3.91,0.0,0.0,0.0,0.0,172.58,0.548,0.0,0,0.0,0.0,-3,-5.49,7,0,-7.59,0.0,0.0,-0.043,0.0,158.17,-0.274,0.0,0,0.0,0.0
dennis-hash,48,14.9,13,3,3.69,0.0,0.0,0.0,0.0,282.28,0.66,0.0,0,0.0,0.0,17,16.41,9,1,1.89,0.118,0.0,0.0,0.0,598.91,0.375,0.0,0,0.0,0.0,-31,1.51,-4,-2,-1.8,0.118,0.0,0.0,0.0,316.63,-0.285,0.0,0,0.0,0.0
dev-chenxing,82,34.06,13,2,6.31,0.305,0.0,0.0,0.268,30.71,0.519,0.0,0,0.0,0.0,18,14.33,5,2,3.6,0.0,0.0,0.0,0.0,302.79,0.647,0.0,0,0.0,0.0,-64,-19.73,-8,0,-2.71,-0.305,0.0,0.0,-0.268,272.08,0.128,0.0,0,0.0,0.0
pskl,20,15.95,12,1,1.67,0.0,0.0,0.0,0.0,345.81,0.263,0.0,0,0.0,0.0,24,19.25,13,1,1.85,0.0,0.0,0.0,0.0,678.14,0.391,0.0,0,0.0,0.0,4,3.3,1,0,0.18,0.0,0.0,0.0,0.0,332.33,0.128,0.0,0,0.0,0.0
emilker10,31,30.65,8,2,3.88,0.0,0.0,0.0,0.0,43.98,0.167,0.0,0,0.0,0.0,69,30.65,26,2,2.65,0.0,0.0,0.0,0.0,156.81,0.118,0.0,0,0.0,0.0,38,0.0,18,0,-1.23,0.0,0.0,0.0,0.0,112.83,-0.049,0.0,0,0.0,0.0
virhuiai,77,12.43,4,1,19.25,0.013,0.0,0.0,0.0,6.69,0.671,0.0,0,0.0,0.0,11,4.82,2,1,5.5,0.0,0.0,0.0,0.0,5.02,0.8,0.0,0,0.0,0.0,-66,-7.61,-2,0,-13.75,-0.013,0.0,0.0,0.0,-1.67,0.129,0.0,0,0.0,0.0
Mistereptil09,20,18.35,3,2,6.67,0.0,0.0,0.0,0.0,15.49,0.842,0.0,0,0.0,0.0,21,22.05,6,4,3.5,0.0,0.0,0.0,0.0,204.83,0.65,0.0,0,0.0,0.0,1,3.7,3,2,-3.17,0.0,0.0,0.0,0.0,189.34,-0.192,0.0,0,0.0,0.0
garciadias,15,17.07,8,1,1.88,0.0,0.0,0.0,0.0,1166.1,0.357,0.0,0,0.0,0.0,6,17.83,5,1,1.2,0.0,0.0,0.0,0.0,691.04,0.2,0.0,0,0.0,0.0,-9,0.76,-3,0,-0.68,0.0,0.0,0.0,0.0,-475.06,-0.157,0.0,0,0.0,0.0
LC-02s,38,20.05,4,2,9.5,0.0,0.0,0.026,0.0,147.83,0.595,0.0,0,0.0,0.0,42,20.33,3,3,14.0,0.024,0.0,0.0,0.0,161.88,0.732,0.0,0,0.0,0.0,4,0.28,-1,1,4.5,0.024,0.0,-0.026,0.0,14.05,0.137,0.0,0,0.0,0.0
rammpeter,35,51.8,4,1,8.75,0.0,0.0,0.0,0.0,42.29,0.882,0.0,0,0.0,0.0,65,44.22,17,1,3.82,0.0,0.0,0.0,0.015,299.98,0.672,0.0,0,0.0,0.0,30,-7.58,13,0,-4.93,0.0,0.0,0.0,0.015,257.69,-0.21,0.0,0,0.0,0.0
Nevojt,45,19.87,9,1,5.0,0.089,0.0,0.0,0.0,152.71,0.5,0.0,0,0.0,0.0,55,11.87,25,1,2.2,0.0,0.0,0.0,0.0,88.14,0.204,0.0,0,0.0,0.0,10,-8.0,16,0,-2.8,-0.089,0.0,0.0,0.0,-64.57,-0.296,0.0,0,0.0,0.0
netomi,12,86.25,6,1,2.0,0.75,0.0,0.0,0.0,1111.03,0.545,0.0,0,0.0,0.0,24,47.25,4,1,6.0,0.25,0.708,0.0,0.0,101.22,0.652,0.0,0,0.0,0.0,12,-39.0,-2,0,4.0,-0.5,0.708,0.0,0.0,-1009.81,0.107,0.0,0,0.0,0.0
artP2,25,27.28,8,3,3.12,0.08,0.04,0.0,0.0,395.08,0.417,0.0,0,0.0,0.0,5,16.8,2,2,2.5,0.0,0.0,0.0,0.0,220.46,0.75,0.0,0,0.0,0.0,-20,-10.48,-6,-1,-0.62,-0.08,-0.04,0.0,0.0,-174.62,0.333,0.0,0,0.0,0.0
JeongMinIsBest,49,28.69,15,5,3.27,0.469,0.0,0.0,0.041,156.24,0.375,0.0,0,20.0,0.0,46,20.83,11,5,4.18,0.022,0.0,0.0,0.0,371.29,0.6,0.0,0,0.0,0.0,-3,-7.86,-4,0,0.91,-0.447,0.0,0.0,-0.041,215.05,0.225,0.0,0,-20.0,0.0
forderud,6,36.5,3,1,2.0,0.833,0.0,0.0,0.0,296.6,0.4,0.0,0,299.0,1.0,73,20.0,7,2,10.43,0.082,0.014,0.014,0.0,260.97,0.889,0.0,0,128.0,0.5,67,-16.5,4,1,8.43,-0.751,0.014,0.014,0.0,-35.63,0.489,0.0,0,-171.0,-0.5
nekomangini,19,13.79,6,3,3.17,0.0,0.0,0.105,0.0,374.4,0.722,0.0,0,0.0,0.0,81,24.21,23,3,3.52,0.049,0.012,0.012,0.0,202.82,0.575,0.0,0,0.0,0.0,62,10.42,17,0,0.35,0.049,0.012,-0.093,0.0,-171.58,-0.147,0.0,0,0.0,0.0
KaGaSi,12,23.92,3,1,4.0,0.0,0.0,0.0,0.0,836.28,0.545,0.0,0,0.0,0.0,48,35.04,15,1,3.2,0.042,0.0,0.0,0.083,73.01,0.468,0.0,0,0.0,0.0,36,11.12,12,0,-0.8,0.042,0.0,0.0,0.083,-763.27,-0.077,0.0,0,0.0,0.0
vntero,15,19.67,6,3,2.5,0.0,0.0,0.0,0.0,608.14,0.357,0.0,0,0.0,0.0,9,28.78,4,1,2.25,0.222,0.0,0.0,0.0,1565.27,0.5,0.0,0,0.0,0.0,-6,9.11,-2,-2,-0.25,0.222,0.0,0.0,0.0,957.13,0.143,0.0,0,0.0,0.0
LowisWano,14,19.64,5,5,2.8,0.0,0.0,0.0,0.0,454.69,0.692,0.0,0,0.0,0.0,45,19.47,18,1,2.5,0.022,0.222,0.0,0.0,399.46,0.386,0.0,0,0.0,0.0,31,-0.17,13,-4,-0.3,0.022,0.222,0.0,0.0,-55.23,-0.306,0.0,0,0.0,0.0
dev-shreyash,31,8.9,6,4,5.17,0.0,0.0,0.0,0.0,189.73,0.567,0.0,0,0.0,0.0,18,18.89,2,2,9.0,0.0,0.0,0.0,0.0,478.36,0.882,0.0,0,0.0,0.0,-13,9.99,-4,-2,3.83,0.0,0.0,0.0,0.0,288.63,0.315,0.0,0,0.0,0.0
janohirmas,30,24.33,18,1,1.67,0.0,0.0,0.0,0.0,539.68,0.276,0.0,0,0.0,0.0,36,22.92,15,1,2.4,0.056,0.0,0.0,0.0,535.68,0.314,0.0,0,0.0,0.0,6,-1.41,-3,0,0.73,0.056,0.0,0.0,0.0,-4.0,0.038,0.0,0,0.0,0.0
yym1623,77,17.39,8,2,9.62,0.0,0.0,0.026,0.0,70.49,0.684,0.0,0,0.0,0.0,23,17.74,6,2,3.83,0.0,0.0,0.0,0.0,862.63,0.773,0.0,0,0.0,0.0,-54,0.35,-2,0,-5.79,0.0,0.0,-0.026,0.0,792.14,0.089,0.0,0,0.0,0.0
La-guajolota,39,16.05,1,1,39.0,0.0,0.0,0.0,0.0,0.61,0.974,0.0,0,0.0,0.0,61,18.67,4,1,15.25,0.016,0.0,0.0,0.0,289.64,0.85,0.0,0,0.0,0.0,22,2.62,3,0,-23.75,0.016,0.0,0.0,0.0,289.03,-0.124,0.0,0,0.0,0.0
mikemwai,91,285.22,20,5,4.55,0.769,0.0,0.022,0.0,80.49,0.6,0.0,0,96.67,0.667,9,17.56,4,2,2.25,0.0,0.111,0.0,0.0,1652.65,0.5,0.0,0,0.0,0.0,-82,-267.66,-16,-3,-2.3,-0.769,0.111,-0.022,0.0,1572.16,-0.1,0.0,0,-96.67,-0.667
codethestudent,25,16.76,4,1,6.25,0.0,0.0,0.0,0.0,93.06,0.833,0.0,0,0.0,0.0,75,25.19,12,1,6.25,0.04,0.093,0.0,0.0,55.64,0.392,0.0,0,0.0,0.0,50,8.43,8,0,0.0,0.04,0.093,0.0,0.0,-37.42,-0.441,0.0,0,0.0,0.0
SDS-2704,10,55.6,5,1,2.0,0.0,0.0,0.0,0.0,117.64,0.333,0.0,0,0.0,0.0,28,41.68,7,2,4.0,0.036,0.0,0.0,0.036,338.09,0.37,0.0,0,0.0,0.0,18,-13.92,2,1,2.0,0.036,0.0,0.0,0.036,220.45,0.037,0.0,0,0.0,0.0
toshimaru,53,20.64,24,1,2.21,0.019,0.038,0.019,0.0,296.36,0.346,0.0,0,0.0,0.0,27,71.41,11,1,2.45,0.074,0.111,0.0,0.074,214.79,0.308,0.0,0,0.0,0.0,-26,50.77,-13,0,0.24,0.055,0.073,-0.019,0.074,-81.57,-0.038,0.0,0,0.0,0.0
KJ-Min,8,29.75,3,2,2.67,0.125,0.0,0.25,0.0,193.65,0.714,0.0,0,0.0,0.0,14,24.5,4,2,3.5,0.0,0.0,0.071,0.0,694.54,0.231,0.0,0,0.0,0.0,6,-5.25,1,0,0.83,-0.125,0.0,-0.179,0.0,500.89,-0.483,0.0,0,0.0,0.0
rodrigols89,18,29.94,6,1,3.0,0.0,0.222,0.0,0.0,1003.58,0.647,0.0,0,0.0,0.0,31,22.0,12,1,2.58,0.0,0.0,0.0,0.0,333.19,0.633,0.0,0,0.0,0.0,13,-7.94,6,0,-0.42,0.0,-0.222,0.0,0.0,-670.39,-0.014,0.0,0,0.0,0.0
duanyespindola,10,50.2,3,2,3.33,0.2,0.0,0.4,0.2,32.33,0.333,0.0,0,0.0,0.0,15,127.07,4,1,3.75,0.733,0.0,0.267,0.067,46.17,0.357,0.0,0,0.0,0.0,5,76.87,1,-1,0.42,0.533,0.0,-0.133,-0.133,13.84,0.024,0.0,0,0.0,0.0
lmcrean,48,35.4,9,2,5.33,0.0,0.0,0.0,0.0,74.96,0.574,0.0,0,0.0,0.0,52,94.12,19,1,2.74,0.288,0.327,0.0,0.154,387.51,0.49,0.0,0,527.29,0.857,4,58.72,10,-1,-2.59,0.288,0.327,0.0,0.154,312.55,-0.084,0.0,0,527.29,0.857
ua4wne,16,21.81,7,4,2.29,0.0,0.0,0.062,0.0,424.11,0.333,0.0,0,0.0,0.0,7,18.86,5,2,1.4,0.0,0.0,0.0,0.0,1695.78,0.0,0.0,0,0.0,0.0,-9,-2.95,-2,-2,-0.89,0.0,0.0,-0.062,0.0,1271.67,-0.333,0.0,0,0.0,0.0
diviyeshpatel,22,15.59,2,1,11.0,0.0,0.0,0.0,0.0,33.26,0.952,0.0,0,0.0,0.0,78,21.53,7,1,11.14,0.013,0.0,0.026,0.0,146.96,0.896,0.0,0,0.0,0.0,56,5.94,5,0,0.14,0.013,0.0,0.026,0.0,113.7,-0.056,0.0,0,0.0,0.0
vincent-pochet,7,20.57,4,2,1.75,0.0,0.0,0.0,0.0,236.08,0.333,0.0,0,0.0,0.0,20,25.95,12,2,1.67,0.0,0.0,0.0,0.0,715.77,0.368,0.0,0,0.0,0.0,13,5.38,8,0,-0.08,0.0,0.0,0.0,0.0,479.69,0.035,0.0,0,0.0,0.0
zhal7779,84,67.25,22,2,3.82,0.0,0.0,0.0,0.0,158.3,0.205,0.0,0,0.0,0.0,16,68.88,12,1,1.33,0.0,0.0,0.0,0.0,720.04,0.0,0.0,0,0.0,0.0,-68,1.63,-10,-1,-2.49,0.0,0.0,0.0,0.0,561.74,-0.205,0.0,0,0.0,0.0
mozerpol,14,26.71,6,1,2.33,0.0,0.0,0.0,0.0,273.11,0.154,0.0,0,0.0,0.0,28,19.14,8,1,3.5,0.0,0.0,0.0,0.0,105.86,0.556,0.0,0,0.0,0.0,14,-7.57,2,0,1.17,0.0,0.0,0.0,0.0,-167.25,0.402,0.0,0,0.0,0.0
BFragel44,14,37.79,7,3,2.0,0.286,0.0,0.0,0.0,961.9,0.308,0.0,0,82.0,1.0,45,44.22,22,4,2.05,0.044,0.0,0.022,0.022,448.59,0.182,0.0,0,30.0,0.0,31,6.43,15,1,0.05,-0.242,0.0,0.022,0.022,-513.31,-0.126,0.0,0,-52.0,-1.0
tuthanika,48,26.17,15,1,3.2,0.0,0.0,0.0,0.0,170.32,0.574,0.0,0,0.0,0.0,21,19.48,19,1,1.11,0.0,0.0,0.0,0.0,644.84,0.05,0.0,0,0.0,0.0,-27,-6.69,4,0,-2.09,0.0,0.0,0.0,0.0,474.52,-0.524,0.0,0,0.0,0.0
Timeraa,6,29.83,4,2,1.5,0.167,0.667,0.0,0.0,1837.98,0.2,0.0,0,0.0,0.0,6,24.5,5,1,1.2,0.0,0.833,0.0,0.0,3539.64,0.2,0.0,0,250.0,1.0,0,-5.33,1,-1,-0.3,-0.167,0.166,0.0,0.0,1701.66,0.0,0.0,0,250.0,1.0
kimkee,42,8.83,14,1,3.0,0.0,0.0,0.024,0.0,81.9,0.366,0.0,0,0.0,0.0,23,58.91,5,2,4.6,0.304,0.0,0.0,0.043,643.72,0.682,0.0,0,0.0,0.0,-19,50.08,-9,1,1.6,0.304,0.0,-0.024,0.043,561.82,0.316,0.0,0,0.0,0.0
nigelhorne,26,44.92,14,2,1.86,0.154,0.0,0.0,0.0,659.84,0.36,0.0,0,0.0,0.0,10,54.9,7,2,1.43,0.3,0.0,0.0,0.0,1066.88,0.333,0.0,0,0.0,0.0,-16,9.98,-7,0,-0.43,0.146,0.0,0.0,0.0,407.04,-0.027,0.0,0,0.0,0.0
cowtowncoder,61,42.38,16,1,3.81,0.049,0.0,0.016,0.0,202.74,0.65,0.0,0,0.0,0.0,36,45.58,12,1,3.0,0.0,0.0,0.056,0.0,448.2,0.6,0.0,0,0.0,0.0,-25,3.2,-4,0,-0.81,-0.049,0.0,0.04,0.0,245.46,-0.05,0.0,0,0.0,0.0
sankhya007,19,19.89,5,4,3.8,0.0,0.0,0.0,0.0,157.28,0.333,0.0,0,0.0,0.0,9,18.56,2,1,4.5,0.0,0.111,0.0,0.0,1876.75,0.75,0.0,0,0.0,0.0,-10,-1.33,-3,-3,0.7,0.0,0.111,0.0,0.0,1719.47,0.417,0.0,0,0.0,0.0
SuryaSekhar14,27,13.78,9,2,3.0,0.0,0.0,0.0,0.0,538.98,0.654,0.0,0,0.0,0.0,10,16.0,6,1,1.67,0.0,0.0,0.0,0.0,1294.84,0.333,0.0,0,0.0,0.0,-17,2.22,-3,-1,-1.33,0.0,0.0,0.0,0.0,755.86,-0.321,0.0,0,0.0,0.0
benetkiewicz,5,14.8,2,2,2.5,0.0,0.0,0.0,0.0,4259.52,0.75,0.0,0,0.0,0.0,8,20.75,4,1,2.0,0.0,0.0,0.125,0.0,2279.06,0.429,0.0,0,0.0,0.0,3,5.95,2,-1,-0.5,0.0,0.0,0.125,0.0,-1980.46,-0.321,0.0,0,0.0,0.0
Nutan22341,17,18.88,5,2,3.4,0.0,0.0,0.0,0.0,326.0,0.562,0.0,0,0.0,0.0,27,18.04,7,4,3.86,0.0,0.0,0.0,0.0,375.32,0.731,0.0,0,0.0,0.0,10,-0.84,2,2,0.46,0.0,0.0,0.0,0.0,49.32,0.169,0.0,0,0.0,0.0
gustavosouzaz,83,15.36,13,4,6.38,0.0,0.0,0.0,0.0,77.74,0.646,0.0,0,0.0,0.0,11,21.18,6,2,1.83,0.0,0.0,0.0,0.0,873.79,0.6,0.0,0,0.0,0.0,-72,5.82,-7,-2,-4.55,0.0,0.0,0.0,0.0,796.05,-0.046,0.0,0,0.0,0.0
NMC-TBone,51,79.16,14,2,3.64,0.275,0.0,0.0,0.059,335.52,0.66,0.0,0,53.57,0.261,49,90.18,16,1,3.06,0.224,0.633,0.0,0.041,325.45,0.5,0.0,0,1.6,0.0,-2,11.02,2,-1,-0.58,-0.051,0.633,0.0,-0.018,-10.07,-0.16,0.0,0,-51.97,-0.261
YunussEmree,19,19.63,8,3,2.38,0.105,0.0,0.0,0.0,624.28,0.389,0.0,0,0.0,0.0,81,65.78,22,3,3.68,0.333,0.0,0.012,0.0,220.42,0.562,0.0,0,58.0,0.5,62,46.15,14,0,1.3,0.228,0.0,0.012,0.0,-403.86,0.173,0.0,0,58.0,0.5
jaironeto,52,30.98,6,3,8.67,0.038,0.0,0.0,0.0,52.79,0.863,0.0,0,0.0,0.0,19,26.37,4,2,4.75,0.0,0.0,0.0,0.0,205.93,0.111,0.0,0,0.0,0.0,-33,-4.61,-2,-1,-3.92,-0.038,0.0,0.0,0.0,153.14,-0.752,0.0,0,0.0,0.0
TaehyunJeon0203,64,15.69,7,2,9.14,0.0,0.0,0.0,0.0,132.76,0.857,0.0,0,0.0,0.0,36,14.92,11,2,3.27,0.0,0.0,0.0,0.028,371.1,0.629,0.0,0,0.0,0.0,-28,-0.77,4,0,-5.87,0.0,0.0,0.0,0.028,238.34,-0.228,0.0,0,0.0,0.0
RLAlpha49,75,61.21,12,3,6.25,0.32,0.0,0.0,0.053,90.17,0.622,0.0,0,114.5,1.0,25,67.32,5,3,5.0,0.08,0.44,0.0,0.08,650.16,0.708,0.0,0,396.82,1.0,-50,6.11,-7,0,-1.25,-0.24,0.44,0.0,0.027,559.99,0.086,0.0,0,282.32,0.0
2394425147,10,33.3,8,1,1.25,0.3,0.0,0.0,0.0,1634.83,0.222,0.0,0,0.0,0.0,15,48.87,9,1,1.67,0.4,0.0,0.0,0.0,1220.47,0.357,0.0,0,0.0,0.0,5,15.57,1,0,0.42,0.1,0.0,0.0,0.0,-414.36,0.135,0.0,0,0.0,0.0
owolabijunior12,32,15.75,15,5,2.13,0.0,0.0,0.0,0.0,354.35,0.452,0.0,0,0.0,0.0,21,16.0,10,1,2.1,0.0,0.0,0.0,0.0,729.22,0.35,0.0,0,0.0,0.0,-11,0.25,-5,-4,-0.03,0.0,0.0,0.0,0.0,374.87,-0.102,0.0,0,0.0,0.0
viniciusNoleto,88,21.33,18,5,4.89,0.102,0.0,0.0,0.023,158.08,0.632,0.0,0,0.0,0.0,8,16.0,4,1,2.0,0.0,0.0,0.0,0.0,758.01,0.571,0.0,0,0.0,0.0,-80,-5.33,-14,-4,-2.89,-0.102,0.0,0.0,-0.023,599.93,-0.061,0.0,0,0.0,0.0
midhun776,13,15.62,3,3,4.33,0.0,0.0,0.154,0.0,652.33,0.583,0.0,0,0.0,0.0,12,15.08,4,2,3.0,0.0,0.0,0.0,0.0,88.91,0.364,0.0,0,0.0,0.0,-1,-0.54,1,-1,-1.33,0.0,0.0,-0.154,0.0,-563.42,-0.219,0.0,0,0.0,0.0
arpsn123,6,17.33,2,3,3.0,0.0,0.0,0.0,0.0,1324.83,0.8,0.0,0,0.0,0.0,40,22.02,7,5,5.71,0.0,0.0,0.0,0.0,192.65,0.692,0.0,0,0.0,0.0,34,4.69,5,2,2.71,0.0,0.0,0.0,0.0,-1132.18,-0.108,0.0,0,0.0,0.0
AlexAaqil,29,47.76,8,4,3.62,0.0,0.0,0.0,0.0,335.9,0.5,0.0,0,0.0,0.0,5,43.4,3,4,1.67,0.0,0.0,0.0,0.0,2788.92,0.5,0.0,0,0.0,0.0,-24,-4.36,-5,0,-1.95,0.0,0.0,0.0,0.0,2453.02,0.0,0.0,0,0.0,0.0
L1m3Kun,41,12.83,11,5,3.73,0.0,0.0,0.0,0.0,185.32,0.425,0.0,0,0.0,0.0,9,17.44,6,1,1.5,0.111,0.0,0.0,0.0,2340.84,0.25,0.0,0,0.0,0.0,-32,4.61,-5,-4,-2.23,0.111,0.0,0.0,0.0,2155.52,-0.175,0.0,0,0.0,0.0
Nafisarkar,73,18.62,13,4,5.62,0.014,0.0,0.0,0.0,230.27,0.431,0.0,0,0.0,0.0,27,34.0,12,3,2.25,0.037,0.0,0.0,0.0,511.29,0.538,0.0,0,0.0,0.0,-46,15.38,-1,-1,-3.37,0.023,0.0,0.0,0.0,281.02,0.107,0.0,0,0.0,0.0
Guillaumebeuzeboc,10,25.1,5,1,2.0,0.1,0.1,0.0,0.0,717.7,0.556,0.0,0,0.0,0.0,36,21.19,14,1,2.57,0.0,0.167,0.0,0.0,430.57,0.6,0.0,0,0.0,0.0,26,-3.91,9,0,0.57,-0.1,0.067,0.0,0.0,-287.13,0.044,0.0,0,0.0,0.0
maxboettinger,65,58.54,10,1,6.5,0.308,0.0,0.0,0.0,195.76,0.766,0.0,0,0.0,0.0,35,175.63,3,1,11.67,0.714,0.114,0.057,0.057,370.99,0.912,0.0,0,0.0,0.0,-30,117.09,-7,0,5.17,0.406,0.114,0.057,0.057,175.23,0.146,0.0,0,0.0,0.0
yeeun426,49,19.33,10,4,4.9,0.0,0.0,0.0,0.0,320.88,0.521,0.0,0,0.0,0.0,9,16.44,7,3,1.29,0.0,0.0,0.0,0.0,1961.1,0.0,0.0,0,0.0,0.0,-40,-2.89,-3,-1,-3.61,0.0,0.0,0.0,0.0,1640.22,-0.521,0.0,0,0.0,0.0
Tarow,67,19.42,20,1,3.35,0.0,0.0,0.0,0.0,137.8,0.545,0.0,0,0.0,0.0,33,68.12,17,2,1.94,0.364,0.424,0.0,0.0,541.94,0.375,0.0,0,30.5,0.25,-34,48.7,-3,1,-1.41,0.364,0.424,0.0,0.0,404.14,-0.17,0.0,0,30.5,0.25
Clembs,13,30.54,10,3,1.3,0.0,0.538,0.0,0.0,1192.89,0.25,0.0,0,0.0,0.0,78,32.23,10,2,7.8,0.0,0.692,0.0,0.0,198.02,0.779,0.0,0,0.0,0.0,65,1.69,0,-1,6.5,0.0,0.154,0.0,0.0,-994.87,0.529,0.0,0,0.0,0.0
dthisner,43,16.72,2,2,21.5,0.0,0.0,0.0,0.0,306.25,0.952,0.0,0,0.0,0.0,16,30.5,7,1,2.29,0.0,0.0,0.0,0.0,319.59,0.6,0.0,0,0.0,0.0,-27,13.78,5,-1,-19.21,0.0,0.0,0.0,0.0,13.34,-0.352,0.0,0,0.0,0.0
leodedeus,37,33.51,12,3,3.08,0.081,0.0,0.0,0.0,264.28,0.389,0.0,0,0.0,0.0,63,27.33,15,2,4.2,0.175,0.0,0.0,0.0,61.17,0.242,0.0,0,0.0,0.0,26,-6.18,3,-1,1.12,0.094,0.0,0.0,0.0,-203.11,-0.147,0.0,0,0.0,0.0
osagie-amadasun,10,15.2,3,1,3.33,0.0,0.0,0.0,0.0,38.61,0.111,0.0,0,0.0,0.0,57,38.47,6,2,9.5,0.0,0.0,0.035,0.0,15.47,0.482,0.0,0,0.0,0.0,47,23.27,3,1,6.17,0.0,0.0,0.035,0.0,-23.14,0.371,0.0,0,0.0,0.0
GrahamCampbell,9,17.33,5,1,1.8,0.0,0.0,0.0,0.0,2037.13,0.5,0.0,0,0.0,0.0,5,14.4,2,1,2.5,0.0,0.0,0.2,0.0,2099.92,0.75,0.0,0,0.0,0.0,-4,-2.93,-3,0,0.7,0.0,0.0,0.2,0.0,62.79,0.25,0.0,0,0.0,0.0
Earth-kun,12,11.25,2,1,6.0,0.0,0.0,0.0,0.0,14.61,0.636,0.0,0,0.0,0.0,88,46.25,11,1,8.0,0.023,0.011,0.045,0.0,30.32,0.713,0.0,0,0.0,0.0,76,35.0,9,0,2.0,0.023,0.011,0.045,0.0,15.71,0.077,0.0,0,0.0,0.0
WojtekFront,63,32.33,11,2,5.73,0.27,0.0,0.0,0.0,199.86,0.516,0.0,0,6.0,0.0,37,61.73,13,2,2.85,0.162,0.0,0.0,0.0,123.82,0.167,0.0,0,0.0,0.0,-26,29.4,2,0,-2.88,-0.108,0.0,0.0,0.0,-76.04,-0.349,0.0,0,-6.0,0.0
eblondel,27,19.22,7,1,3.86,0.0,0.0,0.111,0.0,432.81,0.654,0.0,0,0.0,0.0,50,38.06,12,1,4.17,0.22,0.0,0.08,0.02,211.54,0.592,0.0,0,0.0,0.0,23,18.84,5,0,0.31,0.22,0.0,-0.031,0.02,-221.27,-0.062,0.0,0,0.0,0.0
iolite312,72,30.47,12,5,6.0,0.097,0.0,0.0,0.0,206.54,0.789,0.0,0,2.36,0.0,15,125.6,8,2,1.88,1.0,0.0,0.0,0.0,394.41,0.357,0.0,0,0.0,0.0,-57,95.13,-4,-3,-4.12,0.903,0.0,0.0,0.0,187.87,-0.432,0.0,0,-2.36,0.0
ac2cz,86,43.37,17,1,5.06,0.035,0.0,0.0,0.012,114.34,0.376,0.0,0,0.0,0.0,13,36.46,5,1,2.6,0.0,0.0,0.0,0.0,135.41,0.5,0.0,0,0.0,0.0,-73,-6.91,-12,0,-2.46,-0.035,0.0,0.0,-0.012,21.07,0.124,0.0,0,0.0,0.0
TheBrandonDelgado,77,43.75,15,2,5.13,0.883,0.0,0.013,0.026,43.52,0.158,0.0,0,0.0,0.0,23,46.91,14,1,1.64,0.783,0.0,0.0,0.0,418.8,0.136,0.0,0,0.0,0.0,-54,3.16,-1,-1,-3.49,-0.1,0.0,-0.013,-0.026,375.28,-0.022,0.0,0,0.0,0.0
RugungDaimary,7,19.43,3,1,2.33,0.0,0.0,0.0,0.0,878.73,0.5,0.0,0,0.0,0.0,93,7.69,36,2,2.58,0.011,0.0,0.0,0.0,115.39,0.217,0.0,0,0.0,0.0,86,-11.74,33,1,0.25,0.011,0.0,0.0,0.0,-763.34,-0.283,0.0,0,0.0,0.0
seung365,35,29.51,4,1,8.75,0.029,0.0,0.0,0.0,37.92,0.618,0.0,0,0.0,0.0,65,18.2,29,2,2.24,0.015,0.046,0.0,0.0,261.13,0.516,0.0,0,0.0,0.0,30,-11.31,25,1,-6.51,-0.014,0.046,0.0,0.0,223.21,-0.102,0.0,0,0.0,0.0
THENHKHAN,13,24.46,4,4,3.25,0.231,0.0,0.0,0.0,1191.4,0.667,0.0,0,0.0,0.0,16,16.0,11,1,1.45,0.0,0.0,0.0,0.0,761.1,0.067,0.0,0,0.0,0.0,3,-8.46,7,-3,-1.8,-0.231,0.0,0.0,0.0,-430.3,-0.6,0.0,0,0.0,0.0
adityakiwi,12,23.67,2,2,6.0,0.0,0.0,0.0,0.0,424.99,0.636,0.0,0,0.0,0.0,5,64.6,2,1,2.5,0.0,0.0,0.0,0.0,442.58,0.75,0.0,0,0.0,0.0,-7,40.93,0,-1,-3.5,0.0,0.0,0.0,0.0,17.59,0.114,0.0,0,0.0,0.0
maze404,18,51.11,5,2,3.6,0.222,0.0,0.0,0.167,805.34,0.588,0.0,0,0.0,0.0,26,66.92,4,2,6.5,0.423,0.0,0.0,0.038,467.39,0.64,0.0,0,81.5,0.5,8,15.81,-1,0,2.9,0.201,0.0,0.0,-0.129,-337.95,0.052,0.0,0,81.5,0.5
oddish3,58,16.98,13,2,4.46,0.034,0.0,0.0,0.0,96.56,0.491,0.0,0,0.0,0.0,42,34.48,7,1,6.0,0.0,0.0,0.0,0.0,51.27,0.415,0.0,0,0.0,0.0,-16,17.5,-6,-1,1.54,-0.034,0.0,0.0,0.0,-45.29,-0.076,0.0,0,0.0,0.0
pedrootoniel,48,16.0,3,1,16.0,0.0,0.0,0.0,0.0,320.66,0.957,0.0,0,0.0,0.0,12,13.33,5,1,2.4,0.0,0.0,0.0,0.0,966.01,0.636,0.0,0,0.0,0.0,-36,-2.67,2,0,-13.6,0.0,0.0,0.0,0.0,645.35,-0.321,0.0,0,0.0,0.0
anowarulkarim,13,22.85,5,3,2.6,0.0,0.0,0.0,0.0,166.09,0.417,0.0,0,0.0,0.0,6,13.5,4,3,1.5,0.0,0.0,0.0,0.0,408.73,0.4,0.0,0,0.0,0.0,-7,-9.35,-1,0,-1.1,0.0,0.0,0.0,0.0,242.64,-0.017,0.0,0,0.0,0.0
bhanwarpsrathore,22,18.45,4,3,5.5,0.0,0.0,0.045,0.0,132.91,0.667,0.0,0,0.0,0.0,50,48.48,11,4,4.55,0.4,0.0,0.16,0.0,278.67,0.51,0.0,0,0.0,0.0,28,30.03,7,1,-0.95,0.4,0.0,0.115,0.0,145.76,-0.157,0.0,0,0.0,0.0
sabghat90,29,26.17,8,3,3.62,0.103,0.0,0.0,0.0,534.0,0.429,0.0,0,0.0,0.0,7,26.43,6,2,1.17,0.143,0.0,0.0,0.0,771.5,0.167,0.0,0,0.0,0.0,-22,0.26,-2,-1,-2.45,0.04,0.0,0.0,0.0,237.5,-0.262,0.0,0,0.0,0.0
re1,10,37.0,2,1,5.0,0.1,0.0,0.0,0.0,453.18,0.889,0.0,0,0.0,0.0,46,34.54,13,1,3.54,0.022,0.0,0.0,0.022,230.86,0.556,0.0,0,0.0,0.0,36,-2.46,11,0,-1.46,-0.078,0.0,0.0,0.022,-222.32,-0.333,0.0,0,0.0,0.0
tformatix,19,39.32,6,5,3.17,0.053,0.0,0.053,0.0,833.52,0.722,0.0,0,0.0,0.0,5,21.2,3,4,1.67,0.0,0.0,0.0,0.0,1181.52,0.25,0.0,0,0.0,0.0,-14,-18.12,-3,-1,-1.5,-0.053,0.0,-0.053,0.0,348.0,-0.472,0.0,0,0.0,0.0
haeun9634,16,9.88,1,1,16.0,0.0,0.0,0.0,0.0,0.36,0.933,0.0,0,0.0,0.0,84,17.06,24,3,3.5,0.024,0.0,0.024,0.0,208.49,0.482,0.0,0,0.0,0.0,68,7.18,23,2,-12.5,0.024,0.0,0.024,0.0,208.13,-0.451,0.0,0,0.0,0.0
RK-41,33,23.48,2,2,16.5,0.03,0.0,0.0,0.0,2.93,0.875,0.0,0,0.0,0.0,67,59.49,12,2,5.58,0.0,0.0,0.0,0.403,287.2,0.409,0.0,0,0.0,0.0,34,36.01,10,0,-10.92,-0.03,0.0,0.0,0.403,284.27,-0.466,0.0,0,0.0,0.0
bardram,8,28.12,2,1,4.0,0.0,0.0,0.0,0.0,23.19,0.571,0.0,0,0.0,0.0,26,29.73,6,1,4.33,0.038,0.0,0.0,0.0,716.98,0.36,0.0,0,0.0,0.0,18,1.61,4,0,0.33,0.038,0.0,0.0,0.0,693.79,-0.211,0.0,0,0.0,0.0
OnkarSudrik,26,18.04,2,2,13.0,0.0,0.0,0.0,0.0,19.75,0.92,0.0,0,0.0,0.0,38,23.32,4,3,9.5,0.105,0.0,0.0,0.0,12.64,0.865,0.0,0,0.0,0.0,12,5.28,2,1,-3.5,0.105,0.0,0.0,0.0,-7.11,-0.055,0.0,0,0.0,0.0
Mbelenga,14,21.21,2,1,7.0,0.0,0.0,0.0,0.0,7.8,0.692,0.0,0,0.0,0.0,86,21.63,8,1,10.75,0.0,0.0,0.0,0.0,15.59,0.682,0.0,0,0.0,0.0,72,0.42,6,0,3.75,0.0,0.0,0.0,0.0,7.79,-0.01,0.0,0,0.0,0.0
loganmc10,8,23.5,5,1,1.6,0.125,0.0,0.0,0.125,356.2,0.286,0.0,0,19.95,0.095,53,22.45,24,1,2.21,0.019,0.0,0.0,0.019,355.89,0.288,0.0,0,8.79,0.042,45,-1.05,19,0,0.61,-0.106,0.0,0.0,-0.106,-0.31,0.002,0.0,0,-11.16,-0.053
oliver-weare,32,15.94,5,1,6.4,0.0,0.0,0.0,0.0,65.88,0.839,0.0,0,0.0,0.0,29,19.03,16,1,1.81,0.034,0.0,0.0,0.0,661.28,0.357,0.0,0,0.0,0.0,-3,3.09,11,0,-4.59,0.034,0.0,0.0,0.0,595.4,-0.482,0.0,0,0.0,0.0
priyanshudash589,57,29.26,8,5,7.12,0.386,0.0,0.0,0.0,146.58,0.589,0.0,0,0.0,0.0,6,34.33,2,1,3.0,0.333,0.0,0.0,0.0,1776.84,0.8,0.0,0,0.0,0.0,-51,5.07,-6,-4,-4.12,-0.053,0.0,0.0,0.0,1630.26,0.211,0.0,0,0.0,0.0
erickvenom99,6,16.5,1,1,6.0,0.0,0.0,0.0,0.0,14.54,0.8,0.0,0,0.0,0.0,94,12.74,6,1,15.67,0.0,0.0,0.0,0.0,11.61,0.763,0.0,0,0.0,0.0,88,-3.76,5,0,9.67,0.0,0.0,0.0,0.0,-2.93,-0.037,0.0,0,0.0,0.0
JohnDizzle,6,18.5,2,1,3.0,0.0,0.0,0.0,0.0,2551.33,0.6,0.0,0,0.0,0.0,44,30.75,6,2,7.33,0.068,0.0,0.0,0.0,122.42,0.791,0.0,0,0.0,0.0,38,12.25,4,1,4.33,0.068,0.0,0.0,0.0,-2428.91,0.191,0.0,0,0.0,0.0
HeroLeam,58,25.31,10,3,5.8,0.172,0.0,0.0,0.0,95.16,0.649,0.0,0,0.0,0.0,42,15.52,11,3,3.82,0.0,0.0,0.0,0.0,453.1,0.61,0.0,0,0.0,0.0,-16,-9.79,1,0,-1.98,-0.172,0.0,0.0,0.0,357.94,-0.039,0.0,0,0.0,0.0
Seo-Jangwon,17,25.65,3,2,5.67,0.059,0.0,0.0,0.0,693.22,0.688,0.0,0,0.0,0.0,83,74.81,7,1,11.86,0.0,0.0,0.0,0.0,15.22,0.378,0.0,0,0.0,0.0,66,49.16,4,-1,6.19,-0.059,0.0,0.0,0.0,-678.0,-0.31,0.0,0,0.0,0.0
Rexicon226,58,20.03,7,2,8.29,0.052,0.0,0.0,0.0,273.31,0.702,0.0,0,0.0,0.0,21,33.19,5,2,4.2,0.19,0.0,0.0,0.0,743.94,0.7,0.0,0,23.33,0.333,-37,13.16,-2,0,-4.09,0.138,0.0,0.0,0.0,470.63,-0.002,0.0,0,23.33,0.333
daohainam,15,16.67,8,4,1.88,0.0,0.0,0.0,0.0,624.08,0.357,0.0,0,0.0,0.0,6,24.0,3,2,2.0,0.0,0.0,0.0,0.0,3403.66,0.6,0.0,0,0.0,0.0,-9,7.33,-5,-2,0.12,0.0,0.0,0.0,0.0,2779.58,0.243,0.0,0,0.0,0.0
alperozturk96,16,30.19,5,2,3.2,0.188,0.0,0.0,0.0,297.57,0.733,0.0,0,0.0,0.0,18,14.5,3,3,6.0,0.056,0.0,0.0,0.0,523.77,0.824,0.0,0,0.0,0.0,2,-15.69,-2,1,2.8,-0.132,0.0,0.0,0.0,226.2,0.091,0.0,0,0.0,0.0
bnorum,46,18.11,10,2,4.6,0.043,0.0,0.0,0.0,229.49,0.689,0.0,0,0.0,0.0,54,14.7,25,1,2.16,0.0,0.0,0.056,0.0,321.06,0.34,0.0,0,0.0,0.0,8,-3.41,15,-1,-2.44,-0.043,0.0,0.056,0.0,91.57,-0.349,0.0,0,0.0,0.0
junggamyeon,10,15.8,1,1,10.0,0.0,0.0,0.0,0.0,0.08,1.0,0.0,0,0.0,0.0,90,31.81,3,1,30.0,0.0,0.0,0.0,0.0,3.62,0.854,0.0,0,0.0,0.0,80,16.01,2,0,20.0,0.0,0.0,0.0,0.0,3.54,-0.146,0.0,0,0.0,0.0
Im-Beast,90,46.7,15,1,6.0,0.1,1.0,0.0,0.011,163.9,0.775,0.0,0,147.0,0.333,8,69.62,5,1,1.6,0.5,1.0,0.0,0.0,1188.04,0.429,0.0,0,0.0,0.0,-82,22.92,-10,0,-4.4,0.4,0.0,0.0,-0.011,1024.14,-0.346,0.0,0,-147.0,-0.333
AntoineAugusti,8,15.38,6,1,1.33,0.0,0.0,0.0,0.0,2348.43,0.0,0.0,0,0.0,0.0,8,19.25,5,1,1.6,0.0,0.0,0.0,0.0,2186.71,0.429,0.0,0,0.0,0.0,0,3.87,-1,0,0.27,0.0,0.0,0.0,0.0,-161.72,0.429,0.0,0,0.0,0.0
Axel927,39,38.87,13,2,3.0,0.205,0.0,0.026,0.0,217.27,0.237,0.0,0,0.0,0.0,17,28.24,6,1,2.83,0.0,0.0,0.0,0.0,59.92,0.375,0.0,0,0.0,0.0,-22,-10.63,-7,-1,-0.17,-0.205,0.0,-0.026,0.0,-157.35,0.138,0.0,0,0.0,0.0
benggri,26,15.62,5,2,5.2,0.0,0.0,0.0,0.0,651.78,0.76,0.0,0,0.0,0.0,74,19.46,26,2,2.85,0.0,0.0,0.0,0.0,189.07,0.562,0.0,0,0.0,0.0,48,3.84,21,0,-2.35,0.0,0.0,0.0,0.0,-462.71,-0.198,0.0,0,0.0,0.0
Sha1rholder,8,18.12,5,1,1.6,0.125,0.0,0.0,0.0,577.54,0.429,0.0,0,0.0,0.0,92,10.68,35,1,2.63,0.0,0.0,0.0,0.0,205.08,0.22,0.0,0,0.0,0.0,84,-7.44,30,0,1.03,-0.125,0.0,0.0,0.0,-372.46,-0.209,0.0,0,0.0,0.0
dongheechoi,5,20.4,2,1,2.5,0.0,0.0,0.0,0.0,234.71,0.75,0.0,0,0.0,0.0,92,18.82,31,1,2.97,0.0,0.0,0.0,0.043,140.72,0.571,0.0,0,0.0,0.0,87,-1.58,29,0,0.47,0.0,0.0,0.0,0.043,-93.99,-0.179,0.0,0,0.0,0.0
sauravney,8,14.75,1,4,8.0,0.0,0.0,0.0,0.0,1.16,0.857,0.0,0,0.0,0.0,9,15.11,4,2,2.25,0.0,0.0,0.0,0.0,523.3,0.5,0.0,0,0.0,0.0,1,0.36,3,-2,-5.75,0.0,0.0,0.0,0.0,522.14,-0.357,0.0,0,0.0,0.0
elveahuang,19,20.11,13,1,1.46,0.053,0.0,0.0,0.0,780.09,0.111,0.0,0,0.0,0.0,80,9.6,37,5,2.16,0.0,0.0,0.0,0.013,220.19,0.241,0.0,0,0.0,0.0,61,-10.51,24,4,0.7,-0.053,0.0,0.0,0.013,-559.9,0.13,0.0,0,0.0,0.0
Azeemuddin3126,11,20.0,5,1,2.2,0.0,0.0,0.0,0.0,66.37,0.0,0.0,0,0.0,0.0,89,20.01,41,1,2.17,0.0,0.0,0.0,0.0,109.43,0.0,0.0,0,0.0,0.0,78,0.01,36,0,-0.03,0.0,0.0,0.0,0.0,43.06,0.0,0.0,0,0.0,0.0
kristifidani,17,22.29,6,3,2.83,0.0,0.0,0.0,0.0,772.68,0.625,0.0,0,0.0,0.0,47,654.74,16,2,2.94,0.83,0.489,0.319,0.83,102.46,0.304,0.0,0,627.2,0.86,30,632.45,10,-1,0.11,0.83,0.489,0.319,0.83,-670.22,-0.321,0.0,0,627.2,0.86
Strange500,77,28.26,8,1,9.62,0.195,0.0,0.0,0.0,41.0,0.711,0.0,0,5.69,0.031,23,30.09,11,2,2.09,0.13,0.0,0.0,0.0,841.51,0.455,0.0,0,0.0,0.0,-54,1.83,3,1,-7.53,-0.065,0.0,0.0,0.0,800.51,-0.256,0.0,0,-5.69,-0.031
hu1won,18,16.06,7,1,2.57,0.0,0.0,0.111,0.0,760.82,0.588,0.0,0,0.0,0.0,10,34.8,5,1,2.0,0.2,0.0,0.0,0.0,1220.7,0.333,0.0,0,0.0,0.0,-8,18.74,-2,0,-0.57,0.2,0.0,-0.111,0.0,459.88,-0.255,0.0,0,0.0,0.0
MartinianoGomes,9,20.44,1,2,9.0,0.0,0.0,0.0,0.0,5.89,0.625,0.0,0,0.0,0.0,91,32.11,7,4,13.0,0.121,0.209,0.0,0.0,189.89,0.833,0.0,0,2.46,0.0,82,11.67,6,2,4.0,0.121,0.209,0.0,0.0,184.0,0.208,0.0,0,2.46,0.0
kartavkun,35,20.83,7,1,5.0,0.057,0.0,0.0,0.0,339.51,0.676,0.0,0,0.0,0.0,65,23.78,20,2,3.25,0.062,0.0,0.015,0.0,296.48,0.562,0.0,0,0.0,0.0,30,2.95,13,1,-1.75,0.005,0.0,0.015,0.0,-43.03,-0.114,0.0,0,0.0,0.0
ankit6686510,5,21.0,2,2,2.5,0.4,0.0,0.0,0.0,248.01,0.75,0.0,0,0.0,0.0,37,9.54,8,4,4.62,0.0,0.0,0.0,0.0,34.75,0.417,0.0,0,0.0,0.0,32,-11.46,6,2,2.12,-0.4,0.0,0.0,0.0,-213.26,-0.333,0.0,0,0.0,0.0
MamunKhan71,19,24.42,5,2,3.8,0.053,0.0,0.0,0.0,203.34,0.667,0.0,0,0.0,0.0,9,16.0,3,1,3.0,0.0,0.0,0.0,0.0,369.16,0.75,0.0,0,0.0,0.0,-10,-8.42,-2,-1,-0.8,-0.053,0.0,0.0,0.0,165.82,0.083,0.0,0,0.0,0.0
jadeeechen,20,33.7,6,1,3.33,0.0,0.0,0.0,0.1,50.74,0.421,0.0,0,0.0,0.0,18,32.67,4,3,4.5,0.056,0.0,0.056,0.056,560.41,0.706,0.0,0,0.0,0.0,-2,-1.03,-2,2,1.17,0.056,0.0,0.056,-0.044,509.67,0.285,0.0,0,0.0,0.0
seanwolfe,65,43.77,20,2,3.25,0.246,0.0,0.015,0.015,105.68,0.359,0.0,0,14.11,0.222,20,29.45,4,4,5.0,0.55,0.0,0.05,0.0,266.74,0.789,0.0,0,0.0,0.0,-45,-14.32,-16,2,1.75,0.304,0.0,0.035,-0.015,161.06,0.43,0.0,0,-14.11,-0.222
yashar2028,7,14.86,1,1,7.0,0.0,0.0,0.0,0.0,0.84,0.833,0.0,0,0.0,0.0,5,12.4,2,2,2.5,0.0,0.0,0.0,0.0,76.63,0.75,0.0,0,0.0,0.0,-2,-2.46,1,1,-4.5,0.0,0.0,0.0,0.0,75.79,-0.083,0.0,0,0.0,0.0
SouthEndMusic,61,32.07,7,4,8.71,0.131,0.0,0.131,0.0,195.21,0.617,0.0,0,75.62,0.647,11,33.27,1,1,11.0,0.091,0.0,0.182,0.0,5.71,0.4,0.0,0,54.0,1.0,-50,1.2,-6,-3,2.29,-0.04,0.0,0.051,0.0,-189.5,-0.217,0.0,0,-21.62,0.353
eximido,42,21.98,25,1,1.68,0.0,0.0,0.0,0.0,266.44,0.073,0.0,0,0.0,0.0,58,28.79,28,1,2.07,0.086,0.0,0.0,0.0,309.61,0.281,0.0,0,0.0,0.0,16,6.81,3,0,0.39,0.086,0.0,0.0,0.0,43.17,0.208,0.0,0,0.0,0.0
hnyoojin,6,15.67,2,1,3.0,0.0,0.0,0.0,0.0,26.59,0.8,0.0,0,0.0,0.0,94,45.12,10,4,9.4,0.67,0.0,0.0,0.053,131.58,0.753,0.0,0,8.67,0.0,88,29.45,8,3,6.4,0.67,0.0,0.0,0.053,104.99,-0.047,0.0,0,8.67,0.0
Isaiah1810,25,20.56,3,2,8.33,0.0,0.0,0.0,0.0,151.13,0.917,0.0,0,0.0,0.0,16,16.62,3,2,5.33,0.0,0.0,0.0,0.0,852.82,0.733,0.0,0,0.0,0.0,-9,-3.94,0,0,-3.0,0.0,0.0,0.0,0.0,701.69,-0.184,0.0,0,0.0,0.0
waleed0537,8,16.5,1,3,8.0,0.0,0.0,0.0,0.0,3.62,0.714,0.0,0,0.0,0.0,7,17.14,1,2,7.0,0.0,0.0,0.0,0.0,0.08,1.0,0.0,0,0.0,0.0,-1,0.64,0,-1,-1.0,0.0,0.0,0.0,0.0,-3.54,0.286,0.0,0,0.0,0.0
hhz0328,56,16.32,5,2,11.2,0.0,0.0,0.0,0.0,26.97,0.782,0.0,0,0.0,0.0,44,16.66,9,2,4.89,0.0,0.0,0.0,0.0,120.44,0.674,0.0,0,0.0,0.0,-12,0.34,4,0,-6.31,0.0,0.0,0.0,0.0,93.47,-0.108,0.0,0,0.0,0.0
tjoetmuty,25,15.64,6,5,4.17,0.0,0.0,0.0,0.0,179.91,0.583,0.0,0,0.0,0.0,19,16.11,12,1,1.58,0.0,0.0,0.053,0.0,1044.09,0.167,0.0,0,0.0,0.0,-6,0.47,6,-4,-2.59,0.0,0.0,0.053,0.0,864.18,-0.416,0.0,0,0.0,0.0
swiftlydesigner,38,30.66,8,2,4.75,0.237,0.0,0.079,0.0,213.89,0.568,0.0,0,0.0,0.0,62,34.89,26,2,2.38,0.113,0.0,0.065,0.032,187.55,0.328,0.0,0,0.0,0.0,24,4.23,18,0,-2.37,-0.124,0.0,-0.014,0.032,-26.34,-0.24,0.0,0,0.0,0.0
XuehaoSun,6,50.83,1,1,6.0,0.833,0.0,0.833,0.0,8.72,0.8,0.0,0,16.33,0.0,94,55.94,12,1,7.83,0.979,0.0,0.872,0.0,108.95,0.753,0.0,0,12.71,0.143,88,5.11,11,0,1.83,0.146,0.0,0.039,0.0,100.23,-0.047,0.0,0,-3.62,0.143
McKay42,81,45.33,20,1,4.05,0.123,0.0,0.0,0.0,141.26,0.65,0.0,0,0.0,0.0,15,68.07,9,1,1.67,1.0,0.0,0.0,0.0,1335.96,0.143,0.0,0,5.6,0.1,-66,22.74,-11,0,-2.38,0.877,0.0,0.0,0.0,1194.7,-0.507,0.0,0,5.6,0.1
jR4dh3y,53,18.28,11,4,4.82,0.038,0.0,0.019,0.0,136.12,0.538,0.0,0,0.0,0.0,22,17.55,9,2,2.44,0.091,0.0,0.0,0.0,866.56,0.619,0.0,0,0.0,0.0,-31,-0.73,-2,-2,-2.38,0.053,0.0,-0.019,0.0,730.44,0.081,0.0,0,0.0,0.0
samimosmansabuj,33,65.88,4,5,8.25,0.0,0.0,0.0,0.0,158.18,0.719,0.0,0,0.0,0.0,8,16.0,1,1,8.0,0.0,0.0,0.0,0.0,5.96,0.571,0.0,0,0.0,0.0,-25,-49.88,-3,-4,-0.25,0.0,0.0,0.0,0.0,-152.22,-0.148,0.0,0,0.0,0.0
ohno,23,16.0,14,2,1.64,0.0,0.0,0.0,0.0,252.87,0.227,0.0,0,0.0,0.0,20,19.15,10,2,2.0,0.05,0.0,0.0,0.0,1023.66,0.368,0.0,0,0.0,0.0,-3,3.15,-4,0,0.36,0.05,0.0,0.0,0.0,770.79,0.141,0.0,0,0.0,0.0
AyusGup,53,17.6,11,3,4.82,0.057,0.0,0.0,0.0,134.1,0.654,0.0,0,31.5,0.0,30,17.63,10,2,3.0,0.0,0.0,0.0,0.0,660.46,0.621,0.0,0,0.0,0.0,-23,0.03,-1,-1,-1.82,-0.057,0.0,0.0,0.0,526.36,-0.033,0.0,0,-31.5,0.0
manNomi,77,14.39,6,3,12.83,0.0,0.0,0.0,0.0,63.18,0.75,0.0,0,0.0,0.0,23,24.52,9,2,2.56,0.087,0.0,0.0,0.0,614.67,0.545,0.0,0,0.0,0.0,-54,10.13,3,-1,-10.27,0.087,0.0,0.0,0.0,551.49,-0.205,0.0,0,0.0,0.0
led0nk,5,19.6,1,1,5.0,0.0,0.0,0.0,0.0,1.2,0.75,0.0,0,0.0,0.0,95,18.86,40,1,2.38,0.063,0.011,0.011,0.011,161.9,0.245,0.0,0,0.0,0.0,90,-0.74,39,0,-2.62,0.063,0.011,0.011,0.011,160.7,-0.505,0.0,0,0.0,0.0
Blindside-Studios,22,189.45,6,1,3.67,0.955,0.0,0.0,0.091,98.83,0.381,0.0,0,0.0,0.0,78,140.46,15,1,5.2,0.872,0.0,0.026,0.154,72.28,0.519,0.0,0,0.0,0.0,56,-48.99,9,0,1.53,-0.083,0.0,0.026,0.063,-26.55,0.138,0.0,0,0.0,0.0
splconline,62,22.39,29,1,2.14,0.016,0.0,0.0,0.0,252.51,0.328,0.0,0,0.0,0.0,38,22.82,5,1,7.6,0.0,0.0,0.0,0.0,366.33,0.811,0.0,0,0.0,0.0,-24,0.43,-24,0,5.46,-0.016,0.0,0.0,0.0,113.82,0.483,0.0,0,0.0,0.0
Jeios8,34,66.03,3,1,11.33,0.529,0.0,0.0,0.088,8.21,0.697,0.0,0,8.08,0.0,10,22.8,4,3,2.5,0.0,0.0,0.0,0.0,573.93,0.556,0.0,0,0.0,0.0,-24,-43.23,1,2,-8.83,-0.529,0.0,0.0,-0.088,565.72,-0.141,0.0,0,-8.08,0.0
josiahwiebe,42,31.9,4,1,10.5,0.071,0.762,0.0,0.0,217.34,0.683,0.0,0,0.0,0.0,9,23.67,1,1,9.0,0.0,1.0,0.0,0.0,0.2,1.0,0.0,0,0.0,0.0,-33,-8.23,-3,0,-1.5,-0.071,0.238,0.0,0.0,-217.14,0.317,0.0,0,0.0,0.0
HarromPS,5,12.0,5,3,1.0,0.0,0.0,0.0,0.0,1424.72,0.0,0.0,0,0.0,0.0,8,20.25,4,2,2.0,0.0,0.0,0.0,0.0,609.88,0.286,0.0,0,0.0,0.0,3,8.25,-1,-1,1.0,0.0,0.0,0.0,0.0,-814.84,0.286,0.0,0,0.0,0.0
Ivan-Yeh,8,17.38,2,2,4.0,0.0,0.0,0.0,0.0,211.41,0.714,0.0,0,0.0,0.0,10,37.7,3,2,3.33,0.2,0.0,0.0,0.0,861.43,0.556,0.0,0,27.67,0.333,2,20.32,1,0,-0.67,0.2,0.0,0.0,0.0,650.02,-0.158,0.0,0,27.67,0.333
t0m3kz,59,8.25,4,2,14.75,0.0,0.0,0.254,0.0,56.15,0.776,0.0,0,0.0,0.0,41,41.24,4,2,10.25,0.39,0.0,0.146,0.0,191.23,0.8,0.0,0,22.25,0.0,-18,32.99,0,0,-4.5,0.39,0.0,-0.108,0.0,135.08,0.024,0.0,0,22.25,0.0
matteobonotto,43,20.47,6,4,7.17,0.0,0.0,0.023,0.0,312.7,0.643,0.0,0,0.0,0.0,46,21.26,12,2,3.83,0.022,0.0,0.022,0.0,362.01,0.578,0.0,0,0.0,0.0,3,0.79,6,-2,-3.34,0.022,0.0,-0.001,0.0,49.31,-0.065,0.0,0,0.0,0.0
ryu878,81,15.78,11,2,7.36,0.0,0.0,0.0,0.0,166.31,0.838,0.0,0,0.0,0.0,19,16.0,8,2,2.38,0.0,0.0,0.0,0.0,706.73,0.5,0.0,0,0.0,0.0,-62,0.22,-3,0,-4.98,0.0,0.0,0.0,0.0,540.42,-0.338,0.0,0,0.0,0.0
William-italia,61,15.25,18,1,3.39,0.0,0.0,0.0,0.0,257.93,0.517,0.0,0,0.0,0.0,9,16.0,7,1,1.29,0.0,0.0,0.0,0.0,1232.38,0.25,0.0,0,0.0,0.0,-52,0.75,-11,0,-2.1,0.0,0.0,0.0,0.0,974.45,-0.267,0.0,0,0.0,0.0
Vickabu,30,22.07,4,1,7.5,0.3,0.0,0.0,0.067,18.6,0.552,0.0,0,0.0,0.0,44,19.14,6,4,7.33,0.045,0.0,0.0,0.0,366.97,0.651,0.0,0,1743.0,1.0,14,-2.93,2,3,-0.17,-0.255,0.0,0.0,-0.067,348.37,0.099,0.0,0,1743.0,1.0
ThaisHolz,7,16.0,2,3,3.5,0.0,0.0,0.0,0.0,84.46,0.5,0.0,0,0.0,0.0,66,30.2,8,3,8.25,0.015,0.0,0.0,0.0,42.18,0.677,0.0,0,0.0,0.0,59,14.2,6,0,4.75,0.015,0.0,0.0,0.0,-42.28,0.177,0.0,0,0.0,0.0
jullienl,56,28.46,15,1,3.73,0.0,0.0,0.0,0.0,144.07,0.618,0.0,0,0.0,0.0,44,23.39,20,1,2.2,0.0,0.0,0.0,0.0,337.17,0.326,0.0,0,0.0,0.0,-12,-5.07,5,0,-1.53,0.0,0.0,0.0,0.0,193.1,-0.292,0.0,0,0.0,0.0
Skamlo,25,23.72,7,3,3.57,0.0,0.0,0.08,0.0,94.16,0.25,0.0,0,0.0,0.0,67,25.06,23,4,2.91,0.0,0.0,0.0,0.0,160.04,0.318,0.0,0,0.0,0.0,42,1.34,16,1,-0.66,0.0,0.0,-0.08,0.0,65.88,0.068,0.0,0,0.0,0.0
Rello,15,25.53,4,2,3.75,0.0,0.0,0.0,0.0,1188.2,0.571,0.0,0,0.0,0.0,62,54.48,8,1,7.75,0.226,0.081,0.0,0.226,195.08,0.639,0.0,0,334.12,0.969,47,28.95,4,-1,4.0,0.226,0.081,0.0,0.226,-993.12,0.068,0.0,0,334.12,0.969
eirikhanasand,41,21.15,11,5,3.73,0.098,0.0,0.0,0.0,224.99,0.6,0.0,0,0.0,0.0,24,18.04,6,1,4.0,0.0,0.0,0.0,0.0,170.89,0.652,0.0,0,0.0,0.0,-17,-3.11,-5,-4,0.27,-0.098,0.0,0.0,0.0,-54.1,0.052,0.0,0,0.0,0.0
rohimoz28,20,31.15,7,2,2.86,0.0,0.0,0.0,0.0,146.44,0.474,0.0,0,0.0,0.0,9,39.11,6,3,1.5,0.333,0.0,0.0,0.0,1520.26,0.375,0.0,0,0.0,0.0,-11,7.96,-1,1,-1.36,0.333,0.0,0.0,0.0,1373.82,-0.099,0.0,0,0.0,0.0
kazifahim7,9,15.67,1,2,9.0,0.0,0.0,0.0,0.0,8.38,0.875,0.0,0,0.0,0.0,13,28.46,7,2,1.86,0.077,0.0,0.0,0.0,1584.17,0.5,0.0,0,0.0,0.0,4,12.79,6,0,-7.14,0.077,0.0,0.0,0.0,1575.79,-0.375,0.0,0,0.0,0.0
SobanAnjum,5,13.6,2,2,2.5,0.0,0.0,0.0,0.0,860.03,0.5,0.0,0,0.0,0.0,21,26.62,3,2,7.0,0.0,0.0,0.0,0.0,352.81,0.3,0.0,0,0.0,0.0,16,13.02,1,0,4.5,0.0,0.0,0.0,0.0,-507.22,-0.2,0.0,0,0.0,0.0
Char7otte,66,49.44,2,4,33.0,0.273,0.0,0.0,0.0,4.05,0.677,0.0,0,18.45,0.1,34,32.62,1,1,34.0,0.118,0.0,0.0,0.0,0.25,0.97,0.0,0,0.0,0.0,-32,-16.82,-1,-3,1.0,-0.155,0.0,0.0,0.0,-3.8,0.293,0.0,0,-18.45,-0.1
ProTeni,33,24.21,5,1,6.6,0.0,0.0,0.0,0.0,35.03,0.719,0.0,0,0.0,0.0,19,22.32,6,3,3.17,0.105,0.0,0.0,0.0,512.75,0.667,0.0,0,0.0,0.0,-14,-1.89,1,2,-3.43,0.105,0.0,0.0,0.0,477.72,-0.052,0.0,0,0.0,0.0
kota-Git,15,26.47,4,2,3.75,0.0,0.0,0.0,0.0,1072.56,0.643,0.0,0,0.0,0.0,11,16.0,5,1,2.2,0.0,0.0,0.0,0.0,1345.4,0.5,0.0,0,0.0,0.0,-4,-10.47,1,-1,-1.55,0.0,0.0,0.0,0.0,272.84,-0.143,0.0,0,0.0,0.0
gadfly3173,37,13.62,9,1,4.11,0.0,0.73,0.0,0.0,342.98,0.417,0.0,0,0.0,0.0,16,24.31,7,1,2.29,0.062,0.688,0.0,0.062,1057.16,0.4,0.0,0,0.0,0.0,-21,10.69,-2,0,-1.82,0.062,-0.042,0.0,0.062,714.18,-0.017,0.0,0,0.0,0.0
Pritom-Paul,11,14.09,4,3,2.75,0.0,0.0,0.0,0.0,1603.05,0.6,0.0,0,0.0,0.0,28,22.04,10,1,2.8,0.0,0.0,0.0,0.0,530.66,0.519,0.0,0,0.0,0.0,17,7.95,6,-2,0.05,0.0,0.0,0.0,0.0,-1072.39,-0.081,0.0,0,0.0,0.0
Zexal0807,15,15.13,6,1,2.5,0.0,0.0,0.0,0.0,869.42,0.5,0.0,0,0.0,0.0,15,22.6,5,1,3.0,0.067,0.0,0.0,0.067,768.27,0.5,0.0,0,0.0,0.0,0,7.47,-1,0,0.5,0.067,0.0,0.0,0.067,-101.15,0.0,0.0,0,0.0,0.0
Inma0711,11,17.55,3,1,3.67,0.0,0.0,0.0,0.0,53.7,0.4,0.0,0,0.0,0.0,19,13.11,4,4,4.75,0.0,0.0,0.0,0.0,248.2,0.722,0.0,0,0.0,0.0,8,-4.44,1,3,1.08,0.0,0.0,0.0,0.0,194.5,0.322,0.0,0,0.0,0.0
sylbarth,10,19.7,2,2,5.0,0.0,0.0,0.0,0.0,767.4,0.556,0.0,0,0.0,0.0,5,20.8,4,1,1.25,0.0,0.0,0.0,0.0,1962.01,0.25,0.0,0,0.0,0.0,-5,1.1,2,-1,-3.75,0.0,0.0,0.0,0.0,1194.61,-0.306,0.0,0,0.0,0.0
Aman-Kumar-Gautam,12,15.17,4,4,3.0,0.0,0.0,0.0,0.0,1067.87,0.636,0.0,0,0.0,0.0,8,16.0,3,1,2.67,0.0,0.0,0.0,0.0,1255.8,0.571,0.0,0,0.0,0.0,-4,0.83,-1,-3,-0.33,0.0,0.0,0.0,0.0,187.93,-0.065,0.0,0,0.0,0.0
Rinfella,77,18.82,3,1,25.67,0.065,0.0,0.0,0.0,23.94,0.921,0.0,0,0.0,0.0,23,36.87,11,1,2.09,0.261,0.0,0.0,0.0,630.32,0.5,0.0,0,0.0,0.0,-54,18.05,8,0,-23.58,0.196,0.0,0.0,0.0,606.38,-0.421,0.0,0,0.0,0.0
mebusy,10,25.7,6,1,1.67,0.0,0.0,0.3,0.0,1402.69,0.222,0.0,0,0.0,0.0,36,13.94,17,1,2.12,0.0,0.0,0.0,0.0,299.32,0.343,0.0,0,0.0,0.0,26,-11.76,11,0,0.45,0.0,0.0,-0.3,0.0,-1103.37,0.121,0.0,0,0.0,0.0
haoran-mc,35,17.86,13,3,2.69,0.0,0.0,0.0,0.0,480.64,0.324,0.0,0,0.0,0.0,33,21.3,17,2,1.94,0.03,0.0,0.0,0.0,440.31,0.188,0.0,0,0.0,0.0,-2,3.44,4,-1,-0.75,0.03,0.0,0.0,0.0,-40.33,-0.136,0.0,0,0.0,0.0
morozov,27,41.15,10,1,2.7,0.074,0.0,0.0,0.0,270.52,0.654,0.0,0,0.0,0.0,60,45.87,28,1,2.14,0.133,0.0,0.0,0.0,337.19,0.458,0.0,0,0.0,0.0,33,4.72,18,0,-0.56,0.059,0.0,0.0,0.0,66.67,-0.196,0.0,0,0.0,0.0
tarang1998,31,11.77,4,3,7.75,0.0,0.0,0.0,0.0,420.36,0.767,0.0,0,0.0,0.0,59,23.61,12,2,4.92,0.068,0.0,0.0,0.102,297.32,0.552,0.0,0,0.0,0.0,28,11.84,8,-1,-2.83,0.068,0.0,0.0,0.102,-123.04,-0.215,0.0,0,0.0,0.0
ismael3s,64,32.58,9,5,7.11,0.031,0.578,0.188,0.0,180.62,0.667,0.0,0,0.0,0.0,24,19.96,11,2,2.18,0.0,0.5,0.083,0.0,671.42,0.478,0.0,0,0.0,0.0,-40,-12.62,2,-3,-4.93,-0.031,-0.078,-0.105,0.0,490.8,-0.189,0.0,0,0.0,0.0
iSparshP,39,158.03,9,4,4.33,0.231,0.0,0.0,0.0,156.14,0.5,0.0,0,0.0,0.0,6,16.17,2,1,3.0,0.167,0.0,0.0,0.0,1421.95,0.8,0.0,0,0.0,0.0,-33,-141.86,-7,-3,-1.33,-0.064,0.0,0.0,0.0,1265.81,0.3,0.0,0,0.0,0.0
Anik-Sarkar-01,48,20.56,5,5,9.6,0.021,0.0,0.0,0.0,24.13,0.787,0.0,0,0.0,0.0,38,17.71,4,1,9.5,0.053,0.0,0.0,0.0,190.17,0.838,0.0,0,0.0,0.0,-10,-2.85,-1,-4,-0.1,0.032,0.0,0.0,0.0,166.04,0.051,0.0,0,0.0,0.0
josef-poetzl,9,46.44,4,1,2.25,0.111,0.0,0.0,0.0,78.28,0.25,0.0,0,0.0,0.0,7,55.43,4,1,1.75,0.0,0.0,0.143,0.143,1677.42,0.167,0.0,0,0.0,0.0,-2,8.99,0,0,-0.5,-0.111,0.0,0.143,0.143,1599.14,-0.083,0.0,0,0.0,0.0
ArethaLima,15,16.67,7,4,2.14,0.0,0.0,0.0,0.0,907.76,0.429,0.0,0,0.0,0.0,11,18.45,4,1,2.75,0.0,0.0,0.0,0.0,827.37,0.6,0.0,0,0.0,0.0,-4,1.78,-3,-3,0.61,0.0,0.0,0.0,0.0,-80.39,0.171,0.0,0,0.0,0.0
aqibjawad,5,9.0,3,2,1.67,0.0,0.0,0.0,0.0,1124.97,0.25,0.0,0,0.0,0.0,12,8.17,5,2,2.4,0.0,0.0,0.0,0.0,105.55,0.364,0.0,0,0.0,0.0,7,-0.83,2,0,0.73,0.0,0.0,0.0,0.0,-1019.42,0.114,0.0,0,0.0,0.0
thanqphan,63,20.79,10,3,6.3,0.143,0.0,0.0,0.095,101.94,0.516,0.0,0,0.0,0.0,13,15.54,2,1,6.5,0.0,0.0,0.0,0.0,41.17,0.917,0.0,0,0.0,0.0,-50,-5.25,-8,-2,0.2,-0.143,0.0,0.0,-0.095,-60.77,0.401,0.0,0,0.0,0.0
jae-ryong,6,16.33,2,1,3.0,0.0,0.0,0.0,0.0,125.74,0.8,0.0,0,0.0,0.0,94,15.96,20,2,4.7,0.021,0.0,0.011,0.0,169.1,0.097,0.0,0,0.0,0.0,88,-0.37,18,1,1.7,0.021,0.0,0.011,0.0,43.36,-0.703,0.0,0,0.0,0.0
jepp3183,75,20.2,21,1,3.57,0.013,0.0,0.0,0.0,120.1,0.392,0.0,0,0.0,0.0,6,19.67,3,1,2.0,0.0,0.0,0.0,0.0,2088.46,0.4,0.0,0,0.0,0.0,-69,-0.53,-18,0,-1.57,-0.013,0.0,0.0,0.0,1968.36,0.008,0.0,0,0.0,0.0
DeJayDev,71,56.2,15,1,4.73,0.155,0.0,0.028,0.028,246.11,0.657,0.0,0,0.0,0.0,15,18.47,7,1,2.14,0.0,0.0,0.0,0.0,423.56,0.571,0.0,0,0.0,0.0,-56,-37.73,-8,0,-2.59,-0.155,0.0,-0.028,-0.028,177.45,-0.086,0.0,0,0.0,0.0
BlarQ,5,18.4,4,3,1.25,0.0,0.0,0.0,0.0,2567.56,0.0,0.0,0,0.0,0.0,9,19.0,2,2,4.5,0.0,0.0,0.0,0.0,17.76,0.625,0.0,0,0.0,0.0,4,0.6,-2,-1,3.25,0.0,0.0,0.0,0.0,-2549.8,0.625,0.0,0,0.0,0.0
DipStax,53,58.75,10,1,5.3,0.132,0.774,0.0,0.0,80.57,0.538,0.0,0,180.18,0.818,22,39.0,6,2,3.67,0.136,0.727,0.273,0.0,124.28,0.476,0.0,0,248.93,0.733,-31,-19.75,-4,1,-1.63,0.004,-0.047,0.273,0.0,43.71,-0.062,0.0,0,68.75,-0.085
JasonLeon01,81,13.95,11,4,7.36,0.0,0.0,0.0,0.0,84.02,0.65,0.0,0,0.0,0.0,19,13.84,4,2,4.75,0.0,0.0,0.0,0.0,1108.73,0.5,0.0,0,0.0,0.0,-62,-0.11,-7,-2,-2.61,0.0,0.0,0.0,0.0,1024.71,-0.15,0.0,0,0.0,0.0
APrettyCoolProgram,10,11.7,5,2,2.0,0.0,0.0,0.0,0.0,702.1,0.222,0.0,0,0.0,0.0,57,33.58,10,4,5.7,0.193,0.0,0.0,0.018,324.01,0.661,0.0,0,92.54,0.231,47,21.88,5,2,3.7,0.193,0.0,0.0,0.018,-378.09,0.439,0.0,0,92.54,0.231
jansauermann,30,19.87,4,2,7.5,0.0,0.0,0.0,0.0,464.23,0.828,0.0,0,0.0,0.0,68,52.28,9,2,7.56,0.044,0.0,0.0,0.015,147.67,0.851,0.0,0,0.0,0.0,38,32.41,5,0,0.06,0.044,0.0,0.0,0.015,-316.56,0.023,0.0,0,0.0,0.0
AtrePramod,57,27.72,7,4,8.14,0.0,0.0,0.0,0.0,260.55,0.571,0.0,0,0.0,0.0,7,15.86,3,5,2.33,0.0,0.0,0.0,0.0,1300.51,0.667,0.0,0,0.0,0.0,-50,-11.86,-4,1,-5.81,0.0,0.0,0.0,0.0,1039.96,0.096,0.0,0,0.0,0.0
tulilirockz,12,26.83,3,2,4.0,0.083,0.333,0.0,0.0,91.12,0.818,0.0,0,0.0,0.0,26,19.46,10,2,2.6,0.0,0.231,0.0,0.0,430.97,0.48,0.0,0,0.0,0.0,14,-7.37,7,0,-1.4,-0.083,-0.102,0.0,0.0,339.85,-0.338,0.0,0,0.0,0.0
MinhTriet0612,13,12.92,2,2,6.5,0.0,0.0,0.0,0.0,429.56,0.75,0.0,0,0.0,0.0,87,23.17,19,3,4.58,0.046,0.0,0.0,0.0,230.77,0.721,0.0,0,0.0,0.0,74,10.25,17,1,-1.92,0.046,0.0,0.0,0.0,-198.79,-0.029,0.0,0,0.0,0.0
Jack-Barry,30,36.73,7,1,4.29,0.0,0.033,0.233,0.0,32.46,0.31,0.0,0,0.0,0.0,62,61.97,13,3,4.77,0.081,0.694,0.113,0.0,194.27,0.525,0.0,0,0.0,0.0,32,25.24,6,2,0.48,0.081,0.661,-0.12,0.0,161.81,0.215,0.0,0,0.0,0.0
shivansh-2003,45,33.71,8,4,5.62,0.0,0.0,0.0,0.8,37.02,0.727,0.0,0,0.0,0.0,10,31.1,2,1,5.0,0.2,0.0,0.0,0.0,161.61,0.889,0.0,0,24.0,0.0,-35,-2.61,-6,-3,-0.62,0.2,0.0,0.0,-0.8,124.59,0.162,0.0,0,24.0,0.0
klhftco,69,16.01,10,4,6.9,0.0,0.0,0.058,0.0,124.72,0.485,0.0,0,0.0,0.0,31,64.65,5,1,6.2,0.323,0.0,0.032,0.0,41.1,0.5,0.0,0,53.78,0.444,-38,48.64,-5,-3,-0.7,0.323,0.0,-0.026,0.0,-83.62,0.015,0.0,0,53.78,0.444
Rexjurgoran,52,28.9,12,3,4.33,0.019,0.0,0.0,0.019,283.36,0.588,0.0,0,0.0,0.0,48,49.1,11,2,4.36,0.167,0.0,0.0,0.0,408.33,0.617,0.0,0,0.0,0.0,-4,20.2,-1,-1,0.03,0.148,0.0,0.0,-0.019,124.97,0.029,0.0,0,0.0,0.0
sam-laskowski,6,51.33,2,2,3.0,0.333,0.0,0.0,0.0,34.81,0.6,0.0,0,0.0,0.0,8,16.75,3,3,2.67,0.0,0.0,0.0,0.0,677.45,0.143,0.0,0,0.0,0.0,2,-34.58,1,1,-0.33,-0.333,0.0,0.0,0.0,642.64,-0.457,0.0,0,0.0,0.0
fasiondog,11,16.0,4,1,2.75,0.0,0.0,0.0,0.0,974.24,0.7,0.0,0,0.0,0.0,89,50.15,7,1,12.71,0.202,0.787,0.022,0.034,11.94,0.443,0.0,0,30.27,0.104,78,34.15,3,0,9.96,0.202,0.787,0.022,0.034,-962.3,-0.257,0.0,0,30.27,0.104
judasgutenberg,19,17.26,13,3,1.46,0.0,0.0,0.0,0.0,667.87,0.056,0.0,0,0.0,0.0,10,36.4,8,1,1.25,0.2,0.0,0.0,0.0,1698.58,0.0,0.0,0,0.0,0.0,-9,19.14,-5,-2,-0.21,0.2,0.0,0.0,0.0,1030.71,-0.056,0.0,0,0.0,0.0
mrkshllr,13,42.54,8,1,1.62,0.0,0.0,0.0,0.385,526.64,0.333,0.0,0,0.0,0.0,29,49.52,3,1,9.67,0.0,0.0,0.0,0.138,111.58,0.786,0.0,0,0.0,0.0,16,6.98,-5,0,8.05,0.0,0.0,0.0,-0.247,-415.06,0.453,0.0,0,0.0,0.0
fcoelhomrc,18,39.56,5,1,3.6,0.111,0.0,0.111,0.0,41.24,0.647,0.0,0,106.33,0.333,53,30.19,8,2,6.62,0.019,0.0,0.0,0.057,65.13,0.442,0.0,0,0.0,0.0,35,-9.37,3,1,3.02,-0.092,0.0,-0.111,0.057,23.89,-0.205,0.0,0,-106.33,-0.333
MarcioJorgeMelo,70,3.4,9,1,7.78,0.0,0.0,0.0,0.0,26.85,0.71,0.0,0,0.0,0.0,30,14.73,4,1,7.5,0.033,0.0,0.0,0.0,191.94,0.793,0.0,0,0.0,0.0,-40,11.33,-5,0,-0.28,0.033,0.0,0.0,0.0,165.09,0.083,0.0,0,0.0,0.0
RaoAsim,15,24.0,3,3,5.0,0.0,0.0,0.0,0.0,455.11,0.714,0.0,0,0.0,0.0,85,19.26,11,1,7.73,0.059,0.0,0.0,0.0,61.02,0.548,0.0,0,0.0,0.0,70,-4.74,8,-2,2.73,0.059,0.0,0.0,0.0,-394.09,-0.166,0.0,0,0.0,0.0
ken-soares,85,25.11,15,2,5.67,0.059,0.0,0.012,0.0,186.75,0.714,0.0,0,11.0,0.0,15,16.0,11,1,1.36,0.0,0.0,0.0,0.0,1389.44,0.286,0.0,0,0.0,0.0,-70,-9.11,-4,-1,-4.31,-0.059,0.0,-0.012,0.0,1202.69,-0.428,0.0,0,-11.0,0.0
atamburino,13,40.15,3,1,4.33,0.0,0.0,0.077,0.077,111.76,0.667,0.0,0,0.0,0.0,30,26.67,5,5,6.0,0.1,0.0,0.0,0.0,161.55,0.724,0.0,0,0.0,0.0,17,-13.48,2,4,1.67,0.1,0.0,-0.077,-0.077,49.79,0.057,0.0,0,0.0,0.0
xhsgg12302,22,33.64,4,2,5.5,0.136,0.0,0.091,0.0,594.5,0.81,0.0,0,0.0,0.0,71,16.01,12,2,5.92,0.0,0.0,0.0,0.0,103.5,0.343,0.0,0,0.0,0.0,49,-17.63,8,0,0.42,-0.136,0.0,-0.091,0.0,-491.0,-0.467,0.0,0,0.0,0.0
sakettt07,29,16.86,8,5,3.62,0.0,0.0,0.0,0.0,206.71,0.536,0.0,0,0.0,0.0,5,16.0,2,1,2.5,0.0,0.0,0.0,0.0,2473.19,0.5,0.0,0,0.0,0.0,-24,-0.86,-6,-4,-1.12,0.0,0.0,0.0,0.0,2266.48,-0.036,0.0,0,0.0,0.0
dev-vming,17,12.65,5,3,3.4,0.0,0.0,0.0,0.0,170.0,0.5,0.0,0,0.0,0.0,83,59.37,30,2,2.77,0.012,0.0,0.0,0.048,221.76,0.037,0.0,0,0.0,0.0,66,46.72,25,-1,-0.63,0.012,0.0,0.0,0.048,51.76,-0.463,0.0,0,0.0,0.0
jonaslindemann,21,25.33,7,1,3.0,0.0,0.0,0.0,0.0,100.28,0.5,0.0,0,0.0,0.0,46,32.65,18,1,2.56,0.0,0.0,0.0,0.0,396.74,0.444,0.0,0,0.0,0.0,25,7.32,11,0,-0.44,0.0,0.0,0.0,0.0,296.46,-0.056,0.0,0,0.0,0.0
samettcelik,11,50.27,1,2,11.0,0.0,0.0,0.0,0.0,0.35,0.9,0.0,0,0.0,0.0,5,16.0,4,2,1.25,0.0,0.0,0.0,0.0,1959.9,0.25,0.0,0,0.0,0.0,-6,-34.27,3,0,-9.75,0.0,0.0,0.0,0.0,1959.55,-0.65,0.0,0,0.0,0.0
Phioria,56,48.07,6,2,9.33,0.036,0.0,0.0,0.018,60.39,0.745,0.0,0,0.0,0.0,34,43.09,8,2,4.25,0.059,0.0,0.0,0.029,328.55,0.576,0.0,0,0.0,0.0,-22,-4.98,2,0,-5.08,0.023,0.0,0.0,0.011,268.16,-0.169,0.0,0,0.0,0.0
hamzapatwa,20,32.85,1,3,20.0,0.15,0.0,0.0,0.0,1.24,0.895,0.0,0,0.0,0.0,9,26.89,2,2,4.5,0.333,0.0,0.0,0.0,325.4,0.75,0.0,0,0.0,0.0,-11,-5.96,1,-1,-15.5,0.183,0.0,0.0,0.0,324.16,-0.145,0.0,0,0.0,0.0
duclnh,11,144.91,2,2,5.5,0.182,0.0,0.0,0.0,16.63,0.6,0.0,0,0.0,0.0,39,21.0,7,2,5.57,0.051,0.0,0.026,0.0,153.63,0.263,0.0,0,0.0,0.0,28,-123.91,5,0,0.07,-0.131,0.0,0.026,0.0,137.0,-0.337,0.0,0,0.0,0.0
mmamei,24,23.38,13,1,1.85,0.0,0.0,0.0,0.333,436.13,0.217,0.0,0,0.0,0.0,19,17.53,13,1,1.46,0.0,0.0,0.053,0.0,542.3,0.056,0.0,0,0.0,0.0,-5,-5.85,0,0,-0.39,0.0,0.0,0.053,-0.333,106.17,-0.161,0.0,0,0.0,0.0
dhananjaykhatri,10,16.6,1,1,10.0,0.0,0.0,0.0,0.0,0.02,1.0,0.0,0,0.0,0.0,11,15.73,1,5,11.0,0.0,0.0,0.0,0.0,0.21,1.0,0.0,0,0.0,0.0,1,-0.87,0,4,1.0,0.0,0.0,0.0,0.0,0.19,0.0,0.0,0,0.0,0.0
AZ19999,94,32.72,8,5,11.75,0.234,0.0,0.053,0.0,17.06,0.817,0.0,0,22.71,0.042,6,14.33,4,1,1.5,0.0,0.0,0.167,0.0,3092.09,0.4,0.0,0,0.0,0.0,-88,-18.39,-4,-4,-10.25,-0.234,0.0,0.114,0.0,3075.03,-0.417,0.0,0,-22.71,-0.042
ConorReynolds,18,42.83,6,1,3.0,0.167,0.0,0.0,0.056,688.92,0.294,0.0,0,0.0,0.0,12,41.25,9,1,1.33,0.25,0.0,0.0,0.0,1211.33,0.182,0.0,0,0.0,0.0,-6,-1.58,3,0,-1.67,0.083,0.0,0.0,-0.056,522.41,-0.112,0.0,0,0.0,0.0
josh-001,49,18.86,5,3,9.8,0.0,0.0,0.0,0.0,34.22,0.583,0.0,0,0.0,0.0,19,19.79,4,1,4.75,0.0,0.0,0.0,0.0,26.73,0.444,0.0,0,0.0,0.0,-30,0.93,-1,-2,-5.05,0.0,0.0,0.0,0.0,-7.49,-0.139,0.0,0,0.0,0.0
javirro,78,37.29,11,2,7.09,0.0,0.0,0.0,0.0,54.43,0.649,0.0,0,0.0,0.0,16,21.25,4,2,4.0,0.0,0.0,0.0,0.0,417.92,0.667,0.0,0,0.0,0.0,-62,-16.04,-7,0,-3.09,0.0,0.0,0.0,0.0,363.49,0.018,0.0,0,0.0,0.0
ungerik,6,60.33,3,1,2.0,0.5,0.0,0.0,0.167,269.68,0.4,0.0,0,0.0,0.0,16,100.06,3,1,5.33,0.0,0.0,0.25,0.0,859.88,0.667,0.0,0,0.0,0.0,10,39.73,0,0,3.33,-0.5,0.0,0.25,-0.167,590.2,0.267,0.0,0,0.0,0.0
weiqiangxu,13,9.0,6,2,2.17,0.0,0.0,0.0,0.0,206.12,0.417,0.0,0,0.0,0.0,45,2.04,10,2,4.5,0.0,0.022,0.0,0.0,324.34,0.705,0.0,0,0.0,0.0,32,-6.96,4,0,2.33,0.0,0.022,0.0,0.0,118.22,0.288,0.0,0,0.0,0.0
filippob,54,35.22,7,1,7.71,0.0,0.0,0.0,0.0,226.48,0.717,0.0,0,0.0,0.0,18,47.28,6,1,3.0,0.0,0.0,0.0,0.0,711.88,0.588,0.0,0,0.0,0.0,-36,12.06,-1,0,-4.71,0.0,0.0,0.0,0.0,485.4,-0.129,0.0,0,0.0,0.0
AlexysGromard,85,23.95,9,2,9.44,0.153,0.0,0.0,0.012,197.99,0.798,0.0,0,4.25,0.062,9,16.11,7,1,1.29,0.0,0.0,0.0,0.0,1402.37,0.0,0.0,0,0.0,0.0,-76,-7.84,-2,-1,-8.15,-0.153,0.0,0.0,-0.012,1204.38,-0.798,0.0,0,-4.25,-0.062
llongi,11,29.27,7,1,1.57,0.091,0.0,0.0,0.0,1722.5,0.2,0.0,0,0.0,0.0,45,25.33,26,1,1.73,0.067,0.0,0.0,0.0,310.46,0.295,0.0,0,0.0,0.0,34,-3.94,19,0,0.16,-0.024,0.0,0.0,0.0,-1412.04,0.095,0.0,0,0.0,0.0
balaji1974,35,26.14,12,1,2.92,0.0,0.0,0.2,0.029,248.81,0.559,0.0,0,0.0,0.0,8,39.25,5,2,1.6,0.25,0.0,0.0,0.25,357.37,0.286,0.0,0,0.0,0.0,-27,13.11,-7,1,-1.32,0.25,0.0,-0.2,0.221,108.56,-0.273,0.0,0,0.0,0.0
gabriel-rch,45,27.4,7,5,6.43,0.0,0.244,0.0,0.0,198.19,0.455,0.0,0,0.0,0.0,18,30.83,6,3,3.0,0.056,0.722,0.0,0.0,387.55,0.471,0.0,0,0.0,0.0,-27,3.43,-1,-2,-3.43,0.056,0.478,0.0,0.0,189.36,0.016,0.0,0,0.0,0.0
kult0922,8,23.0,1,1,8.0,0.125,0.0,0.0,0.0,0.35,1.0,0.0,0,0.0,0.0,10,12.8,2,1,5.0,0.0,0.0,0.0,0.0,41.06,0.889,0.0,0,0.0,0.0,2,-10.2,1,0,-3.0,-0.125,0.0,0.0,0.0,40.71,-0.111,0.0,0,0.0,0.0
Anmol-Baranwal,73,33.6,22,2,3.32,0.068,0.712,0.0,0.0,168.62,0.556,0.0,0,143.8,0.6,19,51.68,16,1,1.19,0.105,0.895,0.0,0.0,999.24,0.167,0.0,0,0.0,0.0,-54,18.08,-6,-1,-2.13,0.037,0.183,0.0,0.0,830.62,-0.389,0.0,0,-143.8,-0.6
alextekartik,9,47.22,4,1,2.25,0.556,0.0,0.0,0.0,1641.65,0.5,0.0,0,0.0,0.0,18,36.94,15,1,1.2,0.167,0.0,0.056,0.0,1116.95,0.176,0.0,0,0.0,0.0,9,-10.28,11,0,-1.05,-0.389,0.0,0.056,0.0,-524.7,-0.324,0.0,0,0.0,0.0
Shimadakunn,64,16.12,19,5,3.37,0.0,0.0,0.0,0.0,237.22,0.524,0.0,0,0.0,0.0,35,16.54,16,2,2.19,0.0,0.0,0.0,0.0,424.42,0.5,0.0,0,0.0,0.0,-29,0.42,-3,-3,-1.18,0.0,0.0,0.0,0.0,187.2,-0.024,0.0,0,0.0,0.0
trace-kadenyi,38,34.53,14,4,2.71,0.0,0.0,0.0,0.0,317.92,0.243,0.0,0,0.0,0.0,9,68.56,5,1,1.8,0.556,0.0,0.0,0.0,2452.49,0.5,0.0,0,0.0,0.0,-29,34.03,-9,-3,-0.91,0.556,0.0,0.0,0.0,2134.57,0.257,0.0,0,0.0,0.0
tamseel101,24,16.83,7,3,3.43,0.0,0.0,0.0,0.0,268.57,0.565,0.0,0,0.0,0.0,5,16.0,4,1,1.25,0.0,0.0,0.0,0.0,1215.08,0.0,0.0,0,0.0,0.0,-19,-0.83,-3,-2,-2.18,0.0,0.0,0.0,0.0,946.51,-0.565,0.0,0,0.0,0.0
swiftgurmeet,8,14.12,4,1,2.0,0.0,0.0,0.0,0.0,706.08,0.571,0.0,0,0.0,0.0,76,5.67,12,1,6.33,0.0,0.0,0.0,0.0,145.89,0.747,0.0,0,0.0,0.0,68,-8.45,8,0,4.33,0.0,0.0,0.0,0.0,-560.19,0.176,0.0,0,0.0,0.0
mwjng,61,27.13,6,1,10.17,0.426,0.0,0.0,0.0,88.51,0.65,0.0,0,2.48,0.0,39,17.21,6,1,6.5,0.0,0.0,0.0,0.0,67.43,0.526,0.0,0,0.0,0.0,-22,-9.92,0,0,-3.67,-0.426,0.0,0.0,0.0,-21.08,-0.124,0.0,0,-2.48,0.0
syrizelink,43,18.47,11,1,3.91,0.023,0.0,0.0,0.0,150.23,0.595,0.0,0,12.0,0.0,7,19.86,3,2,2.33,0.0,0.0,0.0,0.0,2095.77,0.5,0.0,0,0.0,0.0,-36,1.39,-8,1,-1.58,-0.023,0.0,0.0,0.0,1945.54,-0.095,0.0,0,-12.0,0.0
gde-alme,90,9.59,7,2,12.86,0.022,0.0,0.0,0.0,52.48,0.91,0.0,0,0.0,0.0,10,17.8,4,2,2.5,0.0,0.0,0.0,0.0,1346.81,0.667,0.0,0,0.0,0.0,-80,8.21,-3,0,-10.36,-0.022,0.0,0.0,0.0,1294.33,-0.243,0.0,0,0.0,0.0
JINHUILYU,21,13.86,3,3,7.0,0.048,0.0,0.0,0.0,24.36,0.5,0.0,0,0.0,0.0,15,15.6,9,2,1.67,0.0,0.0,0.0,0.0,192.23,0.071,0.0,0,0.0,0.0,-6,1.74,6,-1,-5.33,-0.048,0.0,0.0,0.0,167.87,-0.429,0.0,0,0.0,0.0
vanosski,39,16.21,7,5,5.57,0.0,0.0,0.0,0.0,359.86,0.763,0.0,0,0.0,0.0,12,16.42,4,3,3.0,0.0,0.0,0.0,0.0,458.5,0.636,0.0,0,0.0,0.0,-27,0.21,-3,-2,-2.57,0.0,0.0,0.0,0.0,98.64,-0.127,0.0,0,0.0,0.0
ianwieds,11,16.0,8,1,1.38,0.0,0.0,0.0,0.0,1460.44,0.3,0.0,0,0.0,0.0,14,13.43,7,4,2.0,0.0,0.0,0.0,0.0,884.45,0.538,0.0,0,0.0,0.0,3,-2.57,-1,3,0.62,0.0,0.0,0.0,0.0,-575.99,0.238,0.0,0,0.0,0.0
SnowHana,15,21.87,6,3,2.5,0.0,0.0,0.0,0.0,1146.26,0.357,0.0,0,0.0,0.0,14,31.0,2,4,7.0,0.0,0.0,0.0,0.0,32.44,0.615,0.0,0,0.0,0.0,-1,9.13,-4,1,4.5,0.0,0.0,0.0,0.0,-1113.82,0.258,0.0,0,0.0,0.0
dizimatt,93,43.2,15,4,6.2,0.022,0.0,0.011,0.086,65.31,0.413,0.0,0,0.0,0.0,7,68.29,3,2,2.33,0.143,0.0,0.0,0.286,1812.49,0.333,0.0,0,75.0,1.0,-86,25.09,-12,-2,-3.87,0.121,0.0,-0.011,0.2,1747.18,-0.08,0.0,0,75.0,1.0
anas20023,18,17.28,8,2,2.25,0.0,0.0,0.0,0.056,282.38,0.294,0.0,0,0.0,0.0,82,16.56,22,1,3.73,0.0,0.0,0.0,0.0,248.29,0.691,0.0,0,0.0,0.0,64,-0.72,14,-1,1.48,0.0,0.0,0.0,-0.056,-34.09,0.397,0.0,0,0.0,0.0
MarioSwitch,8,29.62,6,1,1.33,0.0,0.0,0.0,0.0,617.59,0.143,0.0,0,0.0,0.0,27,28.89,24,1,1.12,0.0,0.0,0.0,0.0,717.13,0.077,0.0,0,0.0,0.0,19,-0.73,18,0,-0.21,0.0,0.0,0.0,0.0,99.54,-0.066,0.0,0,0.0,0.0
Anandprafull,58,20.14,5,5,11.6,0.0,0.0,0.0,0.0,33.26,0.895,0.0,0,0.0,0.0,18,16.06,10,2,1.8,0.0,0.0,0.0,0.0,691.95,0.353,0.0,0,0.0,0.0,-40,-4.08,5,-3,-9.8,0.0,0.0,0.0,0.0,658.69,-0.542,0.0,0,0.0,0.0
AlfredChester,88,9.3,4,2,22.0,0.0,0.0,0.0,0.0,121.99,0.943,0.0,0,0.0,0.0,12,34.75,5,1,2.4,0.25,0.0,0.0,0.0,922.62,0.455,0.0,0,0.0,0.0,-76,25.45,1,-1,-19.6,0.25,0.0,0.0,0.0,800.63,-0.488,0.0,0,0.0,0.0
Kikisito,10,23.1,5,1,2.0,0.0,0.0,0.0,0.0,1268.8,0.556,0.0,0,0.0,0.0,28,33.04,5,1,5.6,0.143,0.036,0.0,0.0,387.44,0.704,0.0,0,0.0,0.0,18,9.94,0,0,3.6,0.143,0.036,0.0,0.0,-881.36,0.148,0.0,0,0.0,0.0
David-J-Tinley,44,32.23,15,4,2.93,0.023,0.0,0.0,0.0,97.78,0.209,0.0,0,0.0,0.0,8,30.88,6,2,1.33,0.125,0.0,0.0,0.0,1627.45,0.286,0.0,0,175.0,1.0,-36,-1.35,-9,-2,-1.6,0.102,0.0,0.0,0.0,1529.67,0.077,0.0,0,175.0,1.0
meliaecodes,9,59.11,1,1,9.0,0.444,0.0,0.0,0.222,0.28,0.875,0.0,0,0.0,0.0,14,22.57,5,4,2.8,0.0,0.0,0.143,0.0,596.12,0.538,0.0,0,0.0,0.0,5,-36.54,4,3,-6.2,-0.444,0.0,0.143,-0.222,595.84,-0.337,0.0,0,0.0,0.0
CarlosfcPinheiro,31,33.19,11,2,2.82,0.258,0.0,0.0,0.0,355.32,0.567,0.0,0,0.0,0.0,69,39.03,32,3,2.16,0.217,0.0,0.0,0.0,268.31,0.309,0.0,0,2.77,0.0,38,5.84,21,1,-0.66,-0.041,0.0,0.0,0.0,-87.01,-0.258,0.0,0,2.77,0.0
caderifor,10,222.3,5,1,2.0,0.6,0.0,0.0,0.2,1507.24,0.556,0.0,0,0.0,0.0,15,135.6,8,1,1.88,0.6,0.0,0.0,0.2,847.4,0.429,0.0,0,0.0,0.0,5,-86.7,3,0,-0.12,0.0,0.0,0.0,0.0,-659.84,-0.127,0.0,0,0.0,0.0
aavasthy,8,27.62,4,1,2.0,0.0,0.0,0.0,0.0,616.72,0.286,0.0,0,0.0,0.0,5,26.0,1,1,5.0,0.0,0.0,0.0,0.0,0.16,1.0,0.0,0,0.0,0.0,-3,-1.62,-3,0,3.0,0.0,0.0,0.0,0.0,-616.56,0.714,0.0,0,0.0,0.0
FrostTechHub,38,68.42,13,5,2.92,0.684,0.0,0.0,0.395,180.93,0.514,0.0,0,0.0,0.0,8,23.62,3,1,2.67,0.125,0.0,0.0,0.0,193.46,0.571,0.0,0,0.0,0.0,-30,-44.8,-10,-4,-0.25,-0.559,0.0,0.0,-0.395,12.53,0.057,0.0,0,0.0,0.0
falexwolf,60,79.55,23,1,2.61,0.317,0.0,0.0,0.3,236.32,0.39,0.0,0,10.92,0.083,16,43.0,9,1,1.78,0.188,0.0,0.0,0.125,1027.48,0.333,0.0,0,0.0,0.0,-44,-36.55,-14,0,-0.83,-0.129,0.0,0.0,-0.175,791.16,-0.057,0.0,0,-10.92,-0.083
AMulabeg,18,47.83,7,1,2.57,0.056,0.0,0.0,0.0,356.95,0.588,0.0,0,0.0,0.0,82,32.26,39,1,2.1,0.11,0.0,0.024,0.0,214.68,0.296,0.0,0,0.0,0.0,64,-15.57,32,0,-0.47,0.054,0.0,0.024,0.0,-142.27,-0.292,0.0,0,0.0,0.0
y-arjun-y,26,16.35,13,1,2.0,0.0,0.0,0.0,0.0,671.8,0.36,0.0,0,0.0,0.0,7,16.57,6,1,1.17,0.0,0.0,0.0,0.0,1296.46,0.167,0.0,0,0.0,0.0,-19,0.22,-7,0,-0.83,0.0,0.0,0.0,0.0,624.66,-0.193,0.0,0,0.0,0.0
TLCFEM,14,13.21,13,3,1.08,0.0,0.0,0.0,0.0,1196.19,0.0,0.0,0,0.0,0.0,63,64.05,21,1,3.0,0.0,0.0,0.0,0.0,314.85,0.339,0.0,0,25.88,0.125,49,50.84,8,-2,1.92,0.0,0.0,0.0,0.0,-881.34,0.339,0.0,0,25.88,0.125
medoiiehab,14,16.86,1,5,14.0,0.0,0.0,0.0,0.0,0.03,1.0,0.0,0,0.0,0.0,7,42.14,3,1,2.33,0.286,0.0,0.0,0.0,2566.21,0.667,0.0,0,0.0,0.0,-7,25.28,2,-4,-11.67,0.286,0.0,0.0,0.0,2566.18,-0.333,0.0,0,0.0,0.0
thiagonunes11,16,20.81,6,4,2.67,0.0,0.0,0.0,0.0,583.63,0.467,0.0,0,0.0,0.0,8,17.88,1,1,8.0,0.0,0.0,0.0,0.0,14.98,0.857,0.0,0,0.0,0.0,-8,-2.93,-5,-3,5.33,0.0,0.0,0.0,0.0,-568.65,0.39,0.0,0,0.0,0.0
DarKoul-Wmg,6,11.83,1,1,6.0,0.167,0.0,0.0,0.0,18.85,0.4,0.0,0,0.0,0.0,86,35.24,7,4,12.29,0.488,0.0,0.0,0.0,142.57,0.847,0.0,0,42.54,0.308,80,23.41,6,3,6.29,0.321,0.0,0.0,0.0,123.72,0.447,0.0,0,42.54,0.308
Kurler3,18,12.78,5,1,3.6,0.0,0.0,0.0,0.0,468.63,0.588,0.0,0,0.0,0.0,61,25.52,13,5,4.69,0.0,0.0,0.0,0.0,197.2,0.467,0.0,0,0.0,0.0,43,12.74,8,4,1.09,0.0,0.0,0.0,0.0,-271.43,-0.121,0.0,0,0.0,0.0
josiasvfigueredo1985,67,16.0,4,3,16.75,0.0,0.0,0.0,0.0,221.07,0.939,0.0,0,0.0,0.0,32,20.31,4,1,8.0,0.031,0.0,0.0,0.0,480.64,0.839,0.0,0,0.0,0.0,-35,4.31,0,-2,-8.75,0.031,0.0,0.0,0.0,259.57,-0.1,0.0,0,0.0,0.0
DoughFernandes,44,44.14,5,2,8.8,0.614,0.0,0.0,0.273,14.98,0.744,0.0,0,26.53,0.333,56,60.09,12,3,4.67,0.625,0.0,0.0,0.393,74.12,0.436,0.0,0,29.04,0.163,12,15.95,7,1,-4.13,0.011,0.0,0.0,0.12,59.14,-0.308,0.0,0,2.51,-0.17
wanjawischmeier,41,39.88,10,1,4.1,0.122,0.0,0.0,0.122,56.49,0.2,0.0,0,0.0,0.0,40,39.88,11,1,3.64,0.175,0.0,0.0,0.05,421.08,0.487,0.0,0,19.33,0.0,-1,0.0,1,0,-0.46,0.053,0.0,0.0,-0.072,364.59,0.287,0.0,0,19.33,0.0
aepranata,5,43.2,3,3,1.67,0.2,0.0,0.0,0.0,1656.88,0.25,0.0,0,0.0,0.0,8,152.25,1,1,8.0,1.0,0.0,0.0,0.125,0.2,1.0,0.0,0,0.0,0.0,3,109.05,-2,-2,6.33,0.8,0.0,0.0,0.125,-1656.68,0.75,0.0,0,0.0,0.0
leRourou,14,9.57,6,1,2.33,0.0,0.0,0.0,0.0,125.27,0.231,0.0,0,0.0,0.0,21,17.33,2,2,10.5,0.0,0.0,0.0,0.0,11.98,0.75,0.0,0,0.0,0.0,7,7.76,-4,1,8.17,0.0,0.0,0.0,0.0,-113.29,0.519,0.0,0,0.0,0.0
structuredcreations,42,16.0,11,1,3.82,0.0,0.0,0.0,0.0,175.15,0.439,0.0,0,0.0,0.0,35,11.71,12,1,2.92,0.0,0.0,0.0,0.0,398.17,0.382,0.0,0,0.0,0.0,-7,-4.29,1,0,-0.9,0.0,0.0,0.0,0.0,223.02,-0.057,0.0,0,0.0,0.0
Shailesh93602,83,18.86,8,4,10.38,0.048,0.0,0.0,0.0,72.66,0.78,0.0,0,0.0,0.0,17,23.0,3,2,5.67,0.235,0.0,0.0,0.0,786.75,0.75,0.0,0,0.0,0.0,-66,4.14,-5,-2,-4.71,0.187,0.0,0.0,0.0,714.09,-0.03,0.0,0,0.0,0.0
hhh67,59,18.37,9,3,6.56,0.034,0.0,0.0,0.0,82.3,0.707,0.0,0,0.0,0.0,13,13.54,4,2,3.25,0.0,0.0,0.0,0.0,1664.75,0.75,0.0,0,0.0,0.0,-46,-4.83,-5,-1,-3.31,-0.034,0.0,0.0,0.0,1582.45,0.043,0.0,0,0.0,0.0
alexandralopezornaca23,5,47.4,2,1,2.5,0.2,0.0,0.0,0.0,143.46,0.5,0.0,0,0.0,0.0,55,130.36,14,4,3.93,0.636,0.0,0.0,0.0,130.36,0.426,0.0,0,0.0,0.0,50,82.96,12,3,1.43,0.436,0.0,0.0,0.0,-13.1,-0.074,0.0,0,0.0,0.0
CaptainDeathead,89,22.75,9,1,9.89,0.0,0.0,0.0,0.011,71.88,0.727,0.0,0,0.0,0.0,11,23.45,3,1,3.67,0.182,0.0,0.0,0.0,1103.57,0.7,0.0,0,0.0,0.0,-78,0.7,-6,0,-6.22,0.182,0.0,0.0,-0.011,1031.69,-0.027,0.0,0,0.0,0.0
Esturban,70,77.16,7,1,10.0,0.986,0.0,0.0,0.0,81.18,0.783,0.0,0,0.0,0.0,30,46.4,2,1,15.0,0.133,0.833,0.0,0.0,654.82,0.966,0.0,0,291.0,0.667,-40,-30.76,-5,0,5.0,-0.853,0.833,0.0,0.0,573.64,0.183,0.0,0,291.0,0.667
masum-dev,18,47.5,4,2,4.5,0.0,0.0,0.0,0.667,99.37,0.529,0.0,0,0.0,0.0,70,49.1,17,5,4.12,0.014,0.0,0.0,0.443,60.83,0.362,0.0,0,0.0,0.0,52,1.6,13,3,-0.38,0.014,0.0,0.0,-0.224,-38.54,-0.167,0.0,0,0.0,0.0
SharjeelAhmed2,6,18.5,4,2,1.5,0.0,0.0,0.0,0.0,1786.01,0.4,0.0,0,0.0,0.0,36,28.92,4,3,9.0,0.028,0.0,0.0,0.0,222.5,0.714,0.0,0,0.0,0.0,30,10.42,0,1,7.5,0.028,0.0,0.0,0.0,-1563.51,0.314,0.0,0,0.0,0.0
pheobeayo,20,17.05,7,5,2.86,0.0,0.0,0.0,0.0,355.94,0.579,0.0,0,0.0,0.0,17,17.24,7,1,2.43,0.0,0.0,0.0,0.0,1055.68,0.562,0.0,0,0.0,0.0,-3,0.19,0,-4,-0.43,0.0,0.0,0.0,0.0,699.74,-0.017,0.0,0,0.0,0.0
s-grundner,35,18.23,11,3,3.18,0.029,0.0,0.0,0.0,420.61,0.618,0.0,0,37.42,0.226,10,25.4,5,2,2.0,0.1,0.0,0.0,0.0,1987.99,0.444,0.0,0,0.0,0.0,-25,7.17,-6,-1,-1.18,0.071,0.0,0.0,0.0,1567.38,-0.174,0.0,0,-37.42,-0.226
Kuromesi,79,20.29,27,1,2.93,0.089,0.0,0.038,0.0,107.92,0.192,0.0,0,17.0,0.0,21,62.14,12,1,1.75,0.952,0.0,0.0,0.0,153.62,0.1,0.0,0,0.0,0.0,-58,41.85,-15,0,-1.18,0.863,0.0,-0.038,0.0,45.7,-0.092,0.0,0,-17.0,0.0
ankit-morajkar,81,16.75,22,1,3.68,0.0,0.0,0.0,0.037,60.25,0.0,0.0,0,0.0,0.0,9,32.56,5,4,1.8,0.0,0.0,0.0,0.0,1352.65,0.25,0.0,0,0.0,0.0,-72,15.81,-17,3,-1.88,0.0,0.0,0.0,-0.037,1292.4,0.25,0.0,0,0.0,0.0
Adil0710,92,14.35,12,4,7.67,0.0,0.0,0.0,0.0,59.56,0.791,0.0,0,0.0,0.0,8,16.38,3,1,2.67,0.0,0.0,0.0,0.0,230.16,0.714,0.0,0,0.0,0.0,-84,2.03,-9,-3,-5.0,0.0,0.0,0.0,0.0,170.6,-0.077,0.0,0,0.0,0.0
katyadam,23,22.87,6,2,3.83,0.0,0.0,0.0,0.0,102.71,0.182,0.0,0,0.0,0.0,77,23.39,5,2,15.4,0.039,0.0,0.0,0.0,134.2,0.605,0.0,0,0.0,0.0,54,0.52,-1,0,11.57,0.039,0.0,0.0,0.0,31.49,0.423,0.0,0,0.0,0.0
LeVraiArdox,19,16.05,5,2,3.8,0.0,0.0,0.0,0.0,94.46,0.722,0.0,0,0.0,0.0,35,17.29,15,4,2.33,0.029,0.0,0.0,0.0,504.68,0.353,0.0,0,0.0,0.0,16,1.24,10,2,-1.47,0.029,0.0,0.0,0.0,410.22,-0.369,0.0,0,0.0,0.0
cirebox,14,15.36,7,1,2.0,0.0,0.0,0.0,0.0,414.64,0.308,0.0,0,0.0,0.0,36,30.94,7,3,5.14,0.0,0.333,0.222,0.083,524.67,0.771,0.0,0,0.0,0.0,22,15.58,0,2,3.14,0.0,0.333,0.222,0.083,110.03,0.463,0.0,0,0.0,0.0
pmj9384,24,15.96,3,3,8.0,0.0,0.0,0.0,0.0,25.5,0.783,0.0,0,0.0,0.0,56,18.73,4,1,14.0,0.0,0.107,0.0,0.0,294.98,0.927,0.0,0,0.0,0.0,32,2.77,1,-2,6.0,0.0,0.107,0.0,0.0,269.48,0.144,0.0,0,0.0,0.0
leaf-nam,26,190.0,8,2,3.25,0.846,0.0,0.038,0.808,62.21,0.2,0.0,0,0.0,0.0,74,17.68,20,2,3.7,0.014,0.014,0.014,0.027,265.59,0.384,0.0,0,0.0,0.0,48,-172.32,12,0,0.45,-0.832,0.014,-0.024,-0.781,203.38,0.184,0.0,0,0.0,0.0
remyhaemmerle-da,10,10.6,5,2,2.0,0.0,0.0,0.0,0.0,831.35,0.222,0.0,0,0.0,0.0,8,14.12,2,2,4.0,0.0,0.0,0.0,0.0,47.53,0.714,0.0,0,0.0,0.0,-2,3.52,-3,0,2.0,0.0,0.0,0.0,0.0,-783.82,0.492,0.0,0,0.0,0.0
erfan-sahil,7,20.43,1,1,7.0,0.0,0.0,0.0,0.0,0.48,1.0,0.0,0,0.0,0.0,15,21.07,4,3,3.75,0.0,0.2,0.0,0.0,599.25,0.429,0.0,0,0.0,0.0,8,0.64,3,2,-3.25,0.0,0.2,0.0,0.0,598.77,-0.571,0.0,0,0.0,0.0
bossm8,68,32.81,8,2,8.5,0.074,0.0,0.029,0.0,223.26,0.672,0.0,0,0.0,0.0,20,96.7,8,1,2.5,0.65,0.0,0.05,0.0,811.29,0.526,0.0,0,0.0,0.0,-48,63.89,0,-1,-6.0,0.576,0.0,0.021,0.0,588.03,-0.146,0.0,0,0.0,0.0
iamRajatSharma,38,15.05,12,4,3.17,0.0,0.0,0.0,0.0,292.6,0.622,0.0,0,0.0,0.0,25,17.36,6,3,4.17,0.0,0.0,0.0,0.0,522.76,0.667,0.0,0,0.0,0.0,-13,2.31,-6,-1,1.0,0.0,0.0,0.0,0.0,230.16,0.045,0.0,0,0.0,0.0
OmerGS,7,28.29,1,1,7.0,0.286,0.0,0.0,0.0,4.67,0.667,0.0,0,0.0,0.0,90,1258.36,8,4,11.25,0.722,0.0,0.044,0.0,147.16,0.91,0.0,0,0.0,0.0,83,1230.07,7,3,4.25,0.436,0.0,0.044,0.0,142.49,0.243,0.0,0,0.0,0.0
beyondsimulations,52,26.9,10,1,5.2,0.0,0.0,0.0,0.0,149.64,0.529,0.0,0,0.0,0.0,48,34.19,14,1,3.43,0.0,0.0,0.0,0.0,318.69,0.426,0.0,0,0.0,0.0,-4,7.29,4,0,-1.77,0.0,0.0,0.0,0.0,169.05,-0.103,0.0,0,0.0,0.0
darvin-rakotomalala,17,16.12,6,1,2.83,0.0,0.0,0.0,0.0,418.85,0.375,0.0,0,0.0,0.0,50,19.76,8,2,6.25,0.0,0.02,0.0,0.0,412.35,0.694,0.0,0,0.0,0.0,33,3.64,2,1,3.42,0.0,0.02,0.0,0.0,-6.5,0.319,0.0,0,0.0,0.0
RobbyLankford,45,41.58,12,1,3.75,0.022,0.0,0.356,0.0,367.56,0.568,0.0,0,0.0,0.0,55,33.98,10,1,5.5,0.0,0.0,0.0,0.0,29.31,0.407,0.0,0,0.0,0.0,10,-7.6,-2,0,1.75,-0.022,0.0,-0.356,0.0,-338.25,-0.161,0.0,0,0.0,0.0
sixf,27,14.85,12,2,2.25,0.0,0.0,0.0,0.0,577.88,0.5,0.0,0,0.0,0.0,35,13.29,19,2,1.84,0.0,0.0,0.0,0.0,513.32,0.441,0.0,0,0.0,0.0,8,-1.56,7,0,-0.41,0.0,0.0,0.0,0.0,-64.56,-0.059,0.0,0,0.0,0.0
civigio,20,43.95,2,1,10.0,0.05,0.0,0.1,0.0,7.93,0.842,0.0,0,0.0,0.0,80,24.69,8,4,10.0,0.037,0.0,0.037,0.013,135.7,0.684,0.0,0,8.0,0.0,60,-19.26,6,3,0.0,-0.013,0.0,-0.063,0.013,127.77,-0.158,0.0,0,8.0,0.0
lucas-92,23,15.65,9,2,2.56,0.0,0.0,0.0,0.0,243.58,0.545,0.0,0,0.0,0.0,77,31.66,6,3,12.83,0.0,0.0,0.026,0.0,65.99,0.829,0.0,0,0.0,0.0,54,16.01,-3,1,10.27,0.0,0.0,0.026,0.0,-177.59,0.284,0.0,0,0.0,0.0
thecoolguy2001,56,18.86,5,2,11.2,0.0,0.0,0.0,0.0,24.86,0.909,0.0,0,0.0,0.0,44,20.39,5,4,8.8,0.023,0.0,0.0,0.0,153.11,0.86,0.0,0,0.0,0.0,-12,1.53,0,2,-2.4,0.023,0.0,0.0,0.0,128.25,-0.049,0.0,0,0.0,0.0
orlyandico,15,63.93,5,2,3.0,0.533,0.0,0.0,0.0,751.51,0.571,0.0,0,0.0,0.0,14,20.07,5,2,2.8,0.0,0.0,0.0,0.0,904.5,0.692,0.0,0,0.0,0.0,-1,-43.86,0,0,-0.2,-0.533,0.0,0.0,0.0,152.99,0.121,0.0,0,0.0,0.0
tbaran2001,13,27.85,3,3,4.33,0.0,0.0,0.0,0.0,96.26,0.75,0.0,0,0.0,0.0,87,38.9,9,3,9.67,0.034,0.0,0.172,0.0,110.07,0.419,0.0,0,0.0,0.0,74,11.05,6,0,5.34,0.034,0.0,0.172,0.0,13.81,-0.331,0.0,0,0.0,0.0
sohamw03,28,18.96,7,5,4.0,0.0,0.0,0.0,0.0,246.14,0.556,0.0,0,81.5,0.5,66,35.53,23,2,2.87,0.03,0.727,0.0,0.0,247.5,0.523,0.0,0,253.5,0.5,38,16.57,16,-3,-1.13,0.03,0.727,0.0,0.0,1.36,-0.033,0.0,0,172.0,0.0
jasonwoods-7,11,36.09,4,1,2.75,0.0,0.818,0.091,0.0,730.2,0.4,0.0,0,0.0,0.0,12,34.83,7,1,1.71,0.0,1.0,0.083,0.0,1058.55,0.273,0.0,0,0.0,0.0,1,-1.26,3,0,-1.04,0.0,0.182,-0.008,0.0,328.35,-0.127,0.0,0,0.0,0.0
izcw,12,16.5,4,3,3.0,0.25,0.0,0.0,0.0,609.79,0.545,0.0,0,0.0,0.0,11,10.18,5,2,2.2,0.0,0.0,0.0,0.0,856.44,0.5,0.0,0,0.0,0.0,-1,-6.32,1,-1,-0.8,-0.25,0.0,0.0,0.0,246.65,-0.045,0.0,0,0.0,0.0
karanjoshi1206,6,17.67,5,1,1.2,0.0,0.0,0.0,0.0,1449.46,0.2,0.0,0,0.0,0.0,7,42.86,4,1,1.75,0.429,0.143,0.0,0.0,1722.58,0.5,0.0,0,5.67,0.0,1,25.19,-1,0,0.55,0.429,0.143,0.0,0.0,273.12,0.3,0.0,0,5.67,0.0
h0ethan04,87,16.66,10,3,8.7,0.011,0.0,0.011,0.0,112.85,0.837,0.0,0,0.0,0.0,13,19.69,9,1,1.44,0.0,0.0,0.0,0.0,1241.66,0.25,0.0,0,0.0,0.0,-74,3.03,-1,-2,-7.26,-0.011,0.0,-0.011,0.0,1128.81,-0.587,0.0,0,0.0,0.0
saguit03,86,51.87,9,1,9.56,0.105,0.0,0.0,0.047,20.08,0.576,0.0,0,22.67,0.333,14,35.07,7,1,2.0,0.214,0.0,0.0,0.0,1316.01,0.538,0.0,0,0.0,0.0,-72,-16.8,-2,0,-7.56,0.109,0.0,0.0,-0.047,1295.93,-0.038,0.0,0,-22.67,-0.333
BTMuli,65,53.12,14,3,4.64,0.815,0.0,0.0,0.0,184.93,0.609,0.0,0,114.53,0.794,32,13.78,12,2,2.67,0.094,0.0,0.0,0.031,543.9,0.581,0.0,0,0.0,0.0,-33,-39.34,-2,-1,-1.97,-0.721,0.0,0.0,0.031,358.97,-0.028,0.0,0,-114.53,-0.794
heinoscott,5,15.6,3,1,1.67,0.0,0.0,0.0,0.0,57.58,0.5,0.0,0,0.0,0.0,20,16.0,6,1,3.33,0.0,0.0,0.0,0.0,574.61,0.579,0.0,0,0.0,0.0,15,0.4,3,0,1.66,0.0,0.0,0.0,0.0,517.03,0.079,0.0,0,0.0,0.0
johnnyj2608,88,25.35,10,3,8.8,0.068,0.0,0.0,0.023,18.37,0.724,0.0,0,0.0,0.0,12,26.75,7,3,1.71,0.0,0.0,0.0,0.0,894.24,0.455,0.0,0,0.0,0.0,-76,1.4,-3,0,-7.09,-0.068,0.0,0.0,-0.023,875.87,-0.269,0.0,0,0.0,0.0
Lenni009,51,19.98,24,1,2.12,0.0,0.0,0.02,0.0,252.54,0.26,0.0,0,0.0,0.0,18,28.67,10,1,1.8,0.111,0.0,0.0,0.0,948.85,0.294,0.0,0,0.0,0.0,-33,8.69,-14,0,-0.32,0.111,0.0,-0.02,0.0,696.31,0.034,0.0,0,0.0,0.0
nandasafiqalfiansyah,42,16.02,11,3,3.82,0.024,0.0,0.0,0.0,266.43,0.561,0.0,0,0.0,0.0,58,16.12,15,1,3.87,0.0,0.0,0.0,0.0,207.75,0.14,0.0,0,0.0,0.0,16,0.1,4,-2,0.05,-0.024,0.0,0.0,0.0,-58.68,-0.421,0.0,0,0.0,0.0
Python840,7,34.86,1,2,7.0,0.714,0.0,0.0,0.0,0.14,1.0,0.0,0,0.0,0.0,33,30.58,8,4,4.12,0.576,0.0,0.0,0.0,380.04,0.75,0.0,0,338.0,1.0,26,-4.28,7,2,-2.88,-0.138,0.0,0.0,0.0,379.9,-0.25,0.0,0,338.0,1.0
tsharliz-Joma,78,32.42,9,3,8.67,0.0,0.0,0.0,0.0,39.27,0.571,0.0,0,0.0,0.0,7,20.43,1,1,7.0,0.0,0.0,0.0,0.0,0.35,1.0,0.0,0,0.0,0.0,-71,-11.99,-8,-2,-1.67,0.0,0.0,0.0,0.0,-38.92,0.429,0.0,0,0.0,0.0
abubakrsaddique,13,14.08,4,5,3.25,0.0,0.0,0.0,0.0,35.56,0.583,0.0,0,0.0,0.0,9,16.0,3,1,3.0,0.0,0.0,0.0,0.0,968.54,0.75,0.0,0,0.0,0.0,-4,1.92,-1,-4,-0.25,0.0,0.0,0.0,0.0,932.98,0.167,0.0,0,0.0,0.0
Jenspi,30,35.13,8,5,3.75,0.3,0.0,0.0,0.0,533.03,0.621,0.0,0,0.0,0.0,34,29.56,7,3,4.86,0.0,0.0,0.0,0.0,439.12,0.667,0.0,0,0.0,0.0,4,-5.57,-1,-2,1.11,-0.3,0.0,0.0,0.0,-93.91,0.046,0.0,0,0.0,0.0
maksymPr424,15,16.13,2,3,7.5,0.0,0.0,0.0,0.0,18.88,0.857,0.0,0,0.0,0.0,24,10.04,1,3,24.0,0.0,0.0,0.0,0.0,5.12,0.783,0.0,0,0.0,0.0,9,-6.09,-1,0,16.5,0.0,0.0,0.0,0.0,-13.76,-0.074,0.0,0,0.0,0.0
rohith-doradla,7,11.71,2,1,3.5,0.0,0.0,0.0,0.0,173.76,0.833,0.0,0,0.0,0.0,17,16.0,5,1,3.4,0.0,0.0,0.0,0.0,610.89,0.75,0.0,0,0.0,0.0,10,4.29,3,0,-0.1,0.0,0.0,0.0,0.0,437.13,-0.083,0.0,0,0.0,0.0
flodolo,12,39.08,8,1,1.5,0.083,0.0,0.0,0.0,1171.79,0.091,0.0,0,0.0,0.0,30,31.43,19,1,1.58,0.0,0.0,0.0,0.0,691.77,0.138,0.0,0,0.0,0.0,18,-7.65,11,0,0.08,-0.083,0.0,0.0,0.0,-480.02,0.047,0.0,0,0.0,0.0
diogocorreia71,15,16.13,7,2,2.14,0.0,0.0,0.0,0.0,313.93,0.429,0.0,0,0.0,0.0,11,17.64,6,1,1.83,0.0,0.0,0.0,0.0,1182.83,0.3,0.0,0,0.0,0.0,-4,1.51,-1,-1,-0.31,0.0,0.0,0.0,0.0,868.9,-0.129,0.0,0,0.0,0.0
MikesGlitch,68,26.25,14,2,4.86,0.0,0.0,0.0,0.015,148.02,0.403,0.0,0,0.0,0.0,23,37.52,13,4,1.77,0.174,0.0,0.0,0.0,893.57,0.364,0.0,0,0.0,0.0,-45,11.27,-1,2,-3.09,0.174,0.0,0.0,-0.015,745.55,-0.039,0.0,0,0.0,0.0
piozien,42,17.31,10,1,4.2,0.0,0.0,0.0,0.0,43.43,0.415,0.0,0,0.0,0.0,58,16.84,11,3,5.27,0.069,0.0,0.0,0.0,342.9,0.544,0.0,0,0.0,0.0,16,-0.47,1,2,1.07,0.069,0.0,0.0,0.0,299.47,0.129,0.0,0,0.0,0.0
ysw789,62,36.77,6,2,10.33,0.0,0.0,0.0,0.0,36.17,0.869,0.0,0,0.0,0.0,18,54.17,5,2,3.6,0.0,0.0,0.0,0.0,457.34,0.647,0.0,0,0.0,0.0,-44,17.4,-1,0,-6.73,0.0,0.0,0.0,0.0,421.17,-0.222,0.0,0,0.0,0.0
QuocBuu,47,15.85,12,3,3.92,0.0,0.0,0.0,0.0,87.25,0.522,0.0,0,0.0,0.0,53,61.0,3,1,17.67,0.019,0.0,0.0,0.491,7.44,0.654,0.0,0,0.0,0.0,6,45.15,-9,-2,13.75,0.019,0.0,0.0,0.491,-79.81,0.132,0.0,0,0.0,0.0
kauheaa,84,33.65,3,1,28.0,0.036,0.0,0.0,0.0,2.51,0.783,0.0,0,0.0,0.0,16,80.44,3,1,5.33,0.312,0.0,0.0,0.0,181.16,0.4,0.0,0,24.0,0.333,-68,46.79,0,0,-22.67,0.276,0.0,0.0,0.0,178.65,-0.383,0.0,0,24.0,0.333
seo-beomseok,66,15.92,3,2,22.0,0.0,0.0,0.0,0.0,53.41,0.954,0.0,0,0.0,0.0,17,17.18,7,1,2.43,0.0,0.0,0.0,0.0,199.87,0.562,0.0,0,0.0,0.0,-49,1.26,4,-1,-19.57,0.0,0.0,0.0,0.0,146.46,-0.392,0.0,0,0.0,0.0
KietNT20,6,19.83,2,1,3.0,0.0,0.0,0.0,0.0,62.69,0.8,0.0,0,0.0,0.0,94,46.81,7,3,13.43,0.202,0.628,0.0,0.0,65.48,0.667,0.0,0,0.0,0.0,88,26.98,5,2,10.43,0.202,0.628,0.0,0.0,2.79,-0.133,0.0,0,0.0,0.0
tiago-neto1027,61,60.77,7,1,8.71,0.508,0.0,0.0,0.066,25.85,0.633,0.0,0,39.5,0.4,39,41.15,5,2,7.8,0.179,0.0,0.0,0.0,377.48,0.632,0.0,0,23.73,0.182,-22,-19.62,-2,1,-0.91,-0.329,0.0,0.0,-0.066,351.63,-0.001,0.0,0,-15.77,-0.218
jin-jae,47,16.36,22,4,2.14,0.0,0.128,0.0,0.0,363.21,0.283,0.0,0,0.0,0.0,38,22.5,19,3,2.0,0.0,0.763,0.0,0.0,495.33,0.405,0.0,0,0.0,0.0,-9,6.14,-3,-1,-0.14,0.0,0.635,0.0,0.0,132.12,0.122,0.0,0,0.0,0.0
Kaiwinta,46,25.09,14,2,3.29,0.087,0.0,0.043,0.0,111.77,0.578,0.0,0,0.0,0.0,54,36.0,27,3,2.0,0.093,0.167,0.019,0.0,376.83,0.321,0.0,0,0.0,0.0,8,10.91,13,1,-1.29,0.006,0.167,-0.024,0.0,265.06,-0.257,0.0,0,0.0,0.0
Ensell84,25,26.68,6,2,4.17,0.0,0.0,0.0,0.0,450.7,0.792,0.0,0,0.0,0.0,69,35.65,10,2,6.9,0.014,0.0,0.116,0.0,72.76,0.691,0.0,0,164.78,0.333,44,8.97,4,0,2.73,0.014,0.0,0.116,0.0,-377.94,-0.101,0.0,0,164.78,0.333
Dawsson,11,76.18,2,2,5.5,0.0,0.0,0.0,0.0,30.98,0.9,0.0,0,0.0,0.0,11,31.73,2,2,5.5,0.182,0.182,0.0,0.0,753.83,0.9,0.0,0,0.0,0.0,0,-44.45,0,0,0.0,0.182,0.182,0.0,0.0,722.85,0.0,0.0,0,0.0,0.0
micaelviana,33,24.42,11,1,3.0,0.03,0.0,0.0,0.242,106.44,0.5,0.0,0,0.0,0.0,31,22.68,15,1,2.07,0.0,0.0,0.0,0.097,171.44,0.2,0.0,0,0.0,0.0,-2,-1.74,4,0,-0.93,-0.03,0.0,0.0,-0.145,65.0,-0.3,0.0,0,0.0,0.0
Kenshin2438,85,13.73,25,1,3.4,0.0,0.0,0.012,0.0,151.39,0.5,0.0,0,0.0,0.0,15,18.73,6,1,2.5,0.0,0.0,0.0,0.0,730.11,0.429,0.0,0,0.0,0.0,-70,5.0,-19,0,-0.9,0.0,0.0,-0.012,0.0,578.72,-0.071,0.0,0,0.0,0.0
reverb6821,17,33.71,11,2,1.55,0.176,0.0,0.0,0.0,1011.42,0.312,0.0,0,0.0,0.0,29,20.93,8,2,3.62,0.0,0.552,0.034,0.0,408.67,0.5,0.0,0,0.0,0.0,12,-12.78,-3,0,2.07,-0.176,0.552,0.034,0.0,-602.75,0.188,0.0,0,0.0,0.0
yamacir-kit,43,87.0,14,1,3.07,0.953,0.0,0.0,0.0,350.36,0.619,0.0,0,0.0,0.0,17,87.35,7,1,2.43,1.0,0.0,0.0,0.0,388.52,0.625,0.0,0,0.0,0.0,-26,0.35,-7,0,-0.64,0.047,0.0,0.0,0.0,38.16,0.006,0.0,0,0.0,0.0
AlexBearBear0319,20,21.1,7,2,2.86,0.1,0.0,0.0,0.0,691.13,0.632,0.0,0,0.0,0.0,23,31.52,3,3,7.67,0.13,0.0,0.0,0.0,518.88,0.864,0.0,0,0.0,0.0,3,10.42,-4,1,4.81,0.03,0.0,0.0,0.0,-172.25,0.232,0.0,0,0.0,0.0
lucaxchen,5,14.0,4,1,1.25,0.0,0.0,0.0,0.0,337.1,0.25,0.0,0,0.0,0.0,10,15.8,9,2,1.11,0.0,0.0,0.0,0.0,1936.02,0.0,0.0,0,0.0,0.0,5,1.8,5,1,-0.14,0.0,0.0,0.0,0.0,1598.92,-0.25,0.0,0,0.0,0.0
Ogamdo,15,38.67,2,2,7.5,0.067,0.0,0.0,0.0,15.12,0.571,0.0,0,0.0,0.0,85,60.93,28,2,3.04,0.024,0.0,0.0,0.071,188.19,0.179,0.0,0,0.0,0.0,70,22.26,26,0,-4.46,-0.043,0.0,0.0,0.071,173.07,-0.392,0.0,0,0.0,0.0
slayervictor,5,31.0,1,1,5.0,0.0,0.0,0.0,0.0,21.58,0.75,0.0,0,0.0,0.0,88,36.6,12,4,7.33,0.0,0.0,0.011,0.011,33.48,0.747,0.0,0,0.0,0.0,83,5.6,11,3,2.33,0.0,0.0,0.011,0.011,11.9,-0.003,0.0,0,0.0,0.0
juminzoomout,12,34.75,4,1,3.0,0.417,0.0,0.0,0.0,54.98,0.273,0.0,0,7.6,0.0,7,50.86,1,1,7.0,0.0,0.0,0.0,0.0,15.69,0.333,0.0,0,0.0,0.0,-5,16.11,-3,0,4.0,-0.417,0.0,0.0,0.0,-39.29,0.06,0.0,0,-7.6,0.0
byPixelTV,46,16.24,6,1,7.67,0.0,0.0,0.0,0.0,16.05,0.822,0.0,0,0.0,0.0,54,18.81,25,1,2.16,0.019,0.0,0.0,0.0,342.08,0.472,0.0,0,0.0,0.0,8,2.57,19,0,-5.51,0.019,0.0,0.0,0.0,326.03,-0.35,0.0,0,0.0,0.0
david-sulton,18,32.89,4,3,4.5,0.111,0.0,0.0,0.0,43.79,0.706,0.0,0,0.0,0.0,8,34.88,6,2,1.33,0.0,0.0,0.0,0.0,328.17,0.286,0.0,0,0.0,0.0,-10,1.99,2,-1,-3.17,-0.111,0.0,0.0,0.0,284.38,-0.42,0.0,0,0.0,0.0
loks0n,54,20.83,17,2,3.18,0.0,0.963,0.0,0.0,256.19,0.509,0.0,0,0.0,0.0,46,29.61,13,1,3.54,0.043,0.891,0.0,0.0,317.02,0.622,0.0,0,0.0,0.0,-8,8.78,-4,-1,0.36,0.043,-0.072,0.0,0.0,60.83,0.113,0.0,0,0.0,0.0
nandbolt,77,24.58,3,1,25.67,0.039,0.0,0.0,0.039,4.43,0.763,0.0,0,0.0,0.0,23,60.52,6,1,3.83,0.304,0.0,0.0,0.13,675.73,0.591,0.0,0,0.0,0.0,-54,35.94,3,0,-21.84,0.265,0.0,0.0,0.091,671.3,-0.172,0.0,0,0.0,0.0
entitybtw,13,15.31,3,2,4.33,0.0,0.0,0.0,0.0,142.4,0.75,0.0,0,0.0,0.0,87,19.38,14,4,6.21,0.0,0.0,0.0,0.0,218.06,0.791,0.0,0,0.0,0.0,74,4.07,11,2,1.88,0.0,0.0,0.0,0.0,75.66,0.041,0.0,0,0.0,0.0
HuzaifaRizwan1231,59,29.32,4,1,14.75,0.0,0.0,0.0,0.0,8.76,0.603,0.0,0,0.0,0.0,41,13.93,5,2,8.2,0.0,0.0,0.024,0.0,412.44,0.85,0.0,0,0.0,0.0,-18,-15.39,1,1,-6.55,0.0,0.0,0.024,0.0,403.68,0.247,0.0,0,0.0,0.0
lobobranco96,35,17.8,4,4,8.75,0.0,0.0,0.0,0.0,101.62,0.794,0.0,0,0.0,0.0,31,15.87,19,2,1.63,0.0,0.0,0.0,0.0,486.82,0.333,0.0,0,0.0,0.0,-4,-1.93,15,-2,-7.12,0.0,0.0,0.0,0.0,385.2,-0.461,0.0,0,0.0,0.0
Marcocholla01,19,16.42,3,3,6.33,0.0,0.0,0.0,0.0,546.1,0.667,0.0,0,0.0,0.0,9,27.56,6,1,1.5,0.0,0.0,0.0,0.0,1337.8,0.125,0.0,0,0.0,0.0,-10,11.14,3,-2,-4.83,0.0,0.0,0.0,0.0,791.7,-0.542,0.0,0,0.0,0.0
S0rrowFu11,15,31.07,4,2,3.75,0.2,0.0,0.0,0.0,140.72,0.429,0.0,0,0.0,0.0,21,39.24,3,2,7.0,0.19,0.0,0.0,0.0,374.06,0.6,0.0,0,0.0,0.0,6,8.17,-1,0,3.25,-0.01,0.0,0.0,0.0,233.34,0.171,0.0,0,0.0,0.0
FlaBBB,56,22.93,14,4,4.0,0.0,0.071,0.0,0.0,80.18,0.691,0.0,0,0.0,0.0,10,17.8,6,2,1.67,0.0,0.0,0.0,0.0,698.58,0.444,0.0,0,0.0,0.0,-46,-5.13,-8,-2,-2.33,0.0,-0.071,0.0,0.0,618.4,-0.247,0.0,0,0.0,0.0
bhavyajshah,10,30.0,6,2,1.67,0.3,0.0,0.0,0.0,1220.67,0.333,0.0,0,0.0,0.0,20,22.2,6,5,3.33,0.0,0.0,0.0,0.0,309.48,0.632,0.0,0,0.0,0.0,10,-7.8,0,3,1.66,-0.3,0.0,0.0,0.0,-911.19,0.299,0.0,0,0.0,0.0
longyongchao,6,22.17,4,4,1.5,0.333,0.0,0.0,0.0,3142.22,0.4,0.0,0,0.0,0.0,6,21.33,1,1,6.0,0.0,0.5,0.0,0.0,9.09,0.6,0.0,0,0.0,0.0,0,-0.84,-3,-3,4.5,-0.333,0.5,0.0,0.0,-3133.13,0.2,0.0,0,0.0,0.0
ZverevichLeonid,63,19.57,9,5,7.0,0.0,0.0,0.0,0.0,22.46,0.548,0.0,0,0.0,0.0,8,15.25,2,2,4.0,0.0,0.0,0.0,0.0,171.12,0.857,0.0,0,0.0,0.0,-55,-4.32,-7,-3,-3.0,0.0,0.0,0.0,0.0,148.66,0.309,0.0,0,0.0,0.0
marouncz,37,22.95,13,2,2.85,0.0,0.0,0.027,0.0,54.27,0.361,0.0,0,0.0,0.0,54,24.91,6,1,9.0,0.0,0.0,0.0,0.481,23.07,0.472,0.0,0,0.0,0.0,17,1.96,-7,-1,6.15,0.0,0.0,-0.027,0.481,-31.2,0.111,0.0,0,0.0,0.0
erickalfaro,5,34.6,1,1,5.0,0.0,0.0,0.0,0.0,0.11,1.0,0.0,0,0.0,0.0,48,169.31,2,1,24.0,0.208,0.688,0.042,0.125,4.12,0.894,0.0,0,0.0,0.0,43,134.71,1,0,19.0,0.208,0.688,0.042,0.125,4.01,-0.106,0.0,0,0.0,0.0
Futbol86,5,27.0,1,2,5.0,0.2,0.0,0.0,0.0,0.1,1.0,0.0,0,0.0,0.0,13,16.77,3,3,4.33,0.077,0.0,0.0,0.0,266.14,0.833,0.0,0,0.0,0.0,8,-10.23,2,1,-0.67,-0.123,0.0,0.0,0.0,266.04,-0.167,0.0,0,0.0,0.0
Angeloffy,95,23.94,8,2,11.88,0.032,0.074,0.011,0.0,131.96,0.819,0.0,0,0.0,0.0,5,12.0,3,2,1.67,0.0,0.2,0.0,0.0,1973.8,0.5,0.0,0,0.0,0.0,-90,-11.94,-5,0,-10.21,-0.032,0.126,-0.011,0.0,1841.84,-0.319,0.0,0,0.0,0.0
philprime,21,46.24,8,2,2.62,0.048,1.0,0.19,0.048,346.48,0.5,0.0,0,0.0,0.0,26,46.88,7,3,3.71,0.0,0.962,0.115,0.0,647.01,0.72,0.0,0,0.0,0.0,5,0.64,-1,1,1.09,-0.048,-0.038,-0.075,-0.048,300.53,0.22,0.0,0,0.0,0.0
sgsokol,12,88.0,10,3,1.2,0.75,0.0,0.0,0.083,931.52,0.182,0.0,0,0.0,0.0,15,103.87,10,2,1.5,0.933,0.0,0.067,0.133,1276.75,0.214,0.0,0,0.0,0.0,3,15.87,0,-1,0.3,0.183,0.0,0.067,0.05,345.23,0.032,0.0,0,0.0,0.0
JohnnytheShark,5,24.2,2,1,2.5,0.0,0.0,0.0,0.0,1537.54,0.75,0.0,0,0.0,0.0,16,37.25,5,2,3.2,0.0,0.0,0.0,0.0,126.51,0.467,0.0,0,0.0,0.0,11,13.05,3,1,0.7,0.0,0.0,0.0,0.0,-1411.03,-0.283,0.0,0,0.0,0.0
SchBenedikt,63,33.35,7,3,9.0,0.302,0.0,0.0,0.0,39.86,0.565,0.0,0,201.56,0.667,37,24.38,10,2,3.7,0.135,0.0,0.0,0.0,357.67,0.639,0.0,0,251.5,1.0,-26,-8.97,3,-1,-5.3,-0.167,0.0,0.0,0.0,317.81,0.074,0.0,0,49.94,0.333
alexeygrigorev,5,22.2,3,1,1.67,0.0,0.0,0.0,0.0,473.73,0.0,0.0,0,0.0,0.0,7,21.43,3,1,2.33,0.0,0.0,0.0,0.0,1461.62,0.167,0.0,0,0.0,0.0,2,-0.77,0,0,0.66,0.0,0.0,0.0,0.0,987.89,0.167,0.0,0,0.0,0.0
clementmw,6,11.17,3,1,2.0,0.0,0.0,0.0,0.0,83.98,0.2,0.0,0,0.0,0.0,6,12.33,2,1,3.0,0.0,0.0,0.0,0.0,122.07,0.2,0.0,0,0.0,0.0,0,1.16,-1,0,1.0,0.0,0.0,0.0,0.0,38.09,0.0,0.0,0,0.0,0.0
prisle123,62,18.92,17,1,3.65,0.081,0.0,0.0,0.0,111.94,0.295,0.0,0,0.5,0.0,38,9.26,6,1,6.33,0.053,0.0,0.0,0.0,21.85,0.378,0.0,0,0.0,0.0,-24,-9.66,-11,0,2.68,-0.028,0.0,0.0,0.0,-90.09,0.083,0.0,0,-0.5,0.0
masurp,54,28.78,6,1,9.0,0.0,0.0,0.056,0.0,122.23,0.755,0.0,0,4297.0,1.0,17,22.71,8,2,2.12,0.0,0.0,0.0,0.0,1085.94,0.375,0.0,0,0.0,0.0,-37,-6.07,2,1,-6.88,0.0,0.0,-0.056,0.0,963.71,-0.38,0.0,0,-4297.0,-1.0
digitalghost-dev,84,25.26,23,2,3.65,0.0,0.0,0.0,0.0,78.76,0.434,0.0,0,0.0,0.0,16,25.25,8,1,2.0,0.062,0.0,0.062,0.062,1016.27,0.333,0.0,0,0.0,0.0,-68,-0.01,-15,-1,-1.65,0.062,0.0,0.062,0.062,937.51,-0.101,0.0,0,0.0,0.0
pinzger,33,24.85,21,1,1.57,0.0,0.0,0.0,0.0,531.21,0.25,0.0,0,0.0,0.0,38,24.11,21,1,1.81,0.0,0.0,0.0,0.0,480.91,0.297,0.0,0,0.0,0.0,5,-0.74,0,0,0.24,0.0,0.0,0.0,0.0,-50.3,0.047,0.0,0,0.0,0.0
JJongyn,19,16.42,5,3,3.8,0.053,0.0,0.053,0.0,797.37,0.778,0.0,0,0.0,0.0,35,7.06,10,2,3.5,0.0,0.0,0.0,0.0,317.61,0.176,0.0,0,0.0,0.0,16,-9.36,5,-1,-0.3,-0.053,0.0,-0.053,0.0,-479.76,-0.602,0.0,0,0.0,0.0
Princekashish,11,14.36,4,5,2.75,0.0,0.0,0.0,0.0,419.92,0.6,0.0,0,0.0,0.0,15,16.0,4,1,3.75,0.0,0.0,0.0,0.0,950.52,0.643,0.0,0,0.0,0.0,4,1.64,0,-4,1.0,0.0,0.0,0.0,0.0,530.6,0.043,0.0,0,0.0,0.0
SachiDutta,32,16.78,4,3,8.0,0.0,0.0,0.0,0.0,208.39,0.903,0.0,0,0.0,0.0,20,16.5,7,3,2.86,0.0,0.0,0.0,0.0,1009.27,0.684,0.0,0,0.0,0.0,-12,-0.28,3,0,-5.14,0.0,0.0,0.0,0.0,800.88,-0.219,0.0,0,0.0,0.0
ChloeXiao0409,9,69.78,2,2,4.5,0.556,0.0,0.0,0.0,1067.96,0.75,0.0,0,33.67,0.167,13,36.54,5,1,2.6,0.308,0.0,0.0,0.0,1187.75,0.583,0.0,0,0.0,0.0,4,-33.24,3,-1,-1.9,-0.248,0.0,0.0,0.0,119.79,-0.167,0.0,0,-33.67,-0.167
Insanxty,91,11.95,8,2,11.38,0.0,0.0,0.0,0.0,24.02,0.644,0.0,0,0.0,0.0,9,18.22,2,2,4.5,0.0,0.0,0.0,0.0,88.39,0.625,0.0,0,0.0,0.0,-82,6.27,-6,0,-6.88,0.0,0.0,0.0,0.0,64.37,-0.019,0.0,0,0.0,0.0
grochowp,80,25.1,13,4,6.15,0.013,0.0,0.0,0.0,77.5,0.291,0.0,0,0.0,0.0,20,21.45,11,2,1.82,0.0,0.0,0.0,0.0,457.19,0.263,0.0,0,0.0,0.0,-60,-3.65,-2,-2,-4.33,-0.013,0.0,0.0,0.0,379.69,-0.028,0.0,0,0.0,0.0
brian-lou,18,15.94,6,1,3.0,0.0,0.0,0.0,0.0,759.97,0.529,0.0,0,0.0,0.0,8,11.88,3,1,2.67,0.0,0.0,0.125,0.0,126.54,0.571,0.0,0,0.0,0.0,-10,-4.06,-3,0,-0.33,0.0,0.0,0.125,0.0,-633.43,0.042,0.0,0,0.0,0.0
JoseAdrian3,5,36.2,2,2,2.5,0.4,0.0,0.0,0.0,703.13,0.75,0.0,0,0.0,0.0,16,30.5,6,3,2.67,0.062,0.0,0.0,0.0,363.64,0.667,0.0,0,0.0,0.0,11,-5.7,4,1,0.17,-0.338,0.0,0.0,0.0,-339.49,-0.083,0.0,0,0.0,0.0
nicl-dev,12,18.5,2,2,6.0,0.0,0.0,0.083,0.0,63.79,0.909,0.0,0,0.0,0.0,88,38.18,4,1,22.0,0.0,0.0,0.091,0.0,6.12,0.736,0.0,0,0.0,0.0,76,19.68,2,-1,16.0,0.0,0.0,0.008,0.0,-57.67,-0.173,0.0,0,0.0,0.0
M-Shehzam,17,43.88,4,4,4.25,0.118,0.0,0.0,0.0,533.68,0.688,0.0,0,0.0,0.0,18,15.89,2,1,9.0,0.0,0.0,0.0,0.0,188.45,0.941,0.0,0,0.0,0.0,1,-27.99,-2,-3,4.75,-0.118,0.0,0.0,0.0,-345.23,0.253,0.0,0,0.0,0.0
Design0r,40,15.0,10,1,4.0,0.0,0.0,0.0,0.0,180.4,0.256,0.0,0,0.0,0.0,60,15.15,15,1,4.0,0.0,0.0,0.0,0.0,289.64,0.136,0.0,0,0.0,0.0,20,0.15,5,0,0.0,0.0,0.0,0.0,0.0,109.24,-0.12,0.0,0,0.0,0.0
heliannuuthus,7,28.86,5,1,1.4,0.143,0.714,0.0,0.143,1262.22,0.0,0.0,0,0.0,0.0,93,51.92,21,2,4.43,0.032,0.71,0.011,0.022,211.33,0.424,0.0,0,170.45,0.29,86,23.06,16,1,3.03,-0.111,-0.004,0.011,-0.121,-1050.89,0.424,0.0,0,170.45,0.29
skrabec,31,21.94,5,1,6.2,0.0,0.0,0.097,0.0,28.14,0.433,0.0,0,0.0,0.0,63,22.9,14,4,4.5,0.048,0.0,0.048,0.143,68.24,0.532,0.0,0,1.71,0.0,32,0.96,9,3,-1.7,0.048,0.0,-0.049,0.143,40.1,0.099,0.0,0,1.71,0.0
lanceleau02,8,16.0,4,1,2.0,0.0,0.0,0.0,0.0,449.66,0.429,0.0,0,0.0,0.0,6,16.0,3,3,2.0,0.0,0.0,0.0,0.0,1142.86,0.4,0.0,0,0.0,0.0,-2,0.0,-1,2,0.0,0.0,0.0,0.0,0.0,693.2,-0.029,0.0,0,0.0,0.0
fido1hn,17,21.94,3,2,5.67,0.059,0.0,0.0,0.0,118.45,0.375,0.0,0,0.0,0.0,83,25.0,9,1,9.22,0.0,0.12,0.0,0.0,29.27,0.5,0.0,0,0.0,0.0,66,3.06,6,-1,3.55,-0.059,0.12,0.0,0.0,-89.18,0.125,0.0,0,0.0,0.0
mbridak,94,37.63,13,1,7.23,0.181,0.043,0.011,0.011,79.74,0.731,0.0,0,159.43,0.571,6,30.0,3,1,2.0,0.333,0.0,0.0,0.0,2965.22,0.6,0.0,0,0.0,0.0,-88,-7.63,-10,0,-5.23,0.152,-0.043,-0.011,-0.011,2885.48,-0.131,0.0,0,-159.43,-0.571
notxcharles,12,123.75,1,1,12.0,0.75,0.0,0.0,0.0,8.67,0.545,0.0,0,0.0,0.0,14,38.29,2,1,7.0,0.214,0.0,0.0,0.0,7.79,0.538,0.0,0,73.0,1.0,2,-85.46,1,0,-5.0,-0.536,0.0,0.0,0.0,-0.88,-0.007,0.0,0,73.0,1.0
c-po,6,27.33,6,1,1.0,0.0,0.0,0.0,0.0,3120.9,0.0,0.0,0,0.0,0.0,40,42.65,16,1,2.5,0.0,0.0,0.0,0.125,421.5,0.462,0.0,0,0.0,0.0,34,15.32,10,0,1.5,0.0,0.0,0.0,0.125,-2699.4,0.462,0.0,0,0.0,0.0
Northernside,22,29.05,7,2,3.14,0.0,0.0,0.0,0.0,552.71,0.381,0.0,0,0.0,0.0,78,23.65,12,3,6.5,0.038,0.0,0.0,0.0,138.6,0.74,0.0,0,0.0,0.0,56,-5.4,5,1,3.36,0.038,0.0,0.0,0.0,-414.11,0.359,0.0,0,0.0,0.0
Rozmyk,22,18.95,6,2,3.67,0.0,0.0,0.0,0.0,73.47,0.571,0.0,0,0.0,0.0,78,27.17,10,2,7.8,0.0,0.064,0.0,0.0,30.25,0.714,0.0,0,0.0,0.0,56,8.22,4,0,4.13,0.0,0.064,0.0,0.0,-43.22,0.143,0.0,0,0.0,0.0
strengejacke,27,29.74,8,1,3.38,0.148,0.0,0.0,0.0,284.37,0.538,0.0,0,10.0,0.0,73,17.0,8,1,9.12,0.096,0.0,0.0,0.0,163.01,0.708,0.0,0,16.5,0.0,46,-12.74,0,0,5.74,-0.052,0.0,0.0,0.0,-121.36,0.17,0.0,0,6.5,0.0
Traps,26,38.54,4,1,6.5,0.0,0.0,0.654,0.0,23.73,0.4,0.0,0,0.0,0.0,53,36.53,13,3,4.08,0.0,0.0,0.34,0.0,329.49,0.442,0.0,0,0.0,0.0,27,-2.01,9,2,-2.42,0.0,0.0,-0.314,0.0,305.76,0.042,0.0,0,0.0,0.0
pinaki3majumder,19,26.89,3,2,6.33,0.053,0.368,0.0,0.0,159.63,0.5,0.0,0,0.0,0.0,6,13.67,3,3,2.0,0.0,0.0,0.0,0.0,61.46,0.6,0.0,0,0.0,0.0,-13,-13.22,0,1,-4.33,-0.053,-0.368,0.0,0.0,-98.17,0.1,0.0,0,0.0,0.0
perlinm,5,44.2,3,1,1.67,0.2,0.0,0.0,0.0,122.27,0.0,0.0,0,0.0,0.0,95,26.82,28,1,3.39,0.032,0.0,0.0,0.0,184.74,0.521,0.0,0,0.0,0.0,90,-17.38,25,0,1.72,-0.168,0.0,0.0,0.0,62.47,0.521,0.0,0,0.0,0.0
Dtenwolde,6,104.0,4,1,1.5,1.0,0.0,0.0,0.0,871.83,0.4,0.0,0,0.0,0.0,17,100.0,4,1,4.25,0.941,0.0,0.0,0.0,609.22,0.812,0.0,0,0.0,0.0,11,-4.0,0,0,2.75,-0.059,0.0,0.0,0.0,-262.61,0.412,0.0,0,0.0,0.0
MikaelFangel,77,41.4,18,2,4.28,0.169,0.0,0.0,0.013,222.16,0.645,0.0,0,0.0,0.0,23,93.74,17,2,1.35,0.565,0.0,0.0,0.043,855.66,0.136,0.0,0,11.0,0.0,-54,52.34,-1,0,-2.93,0.396,0.0,0.0,0.03,633.5,-0.509,0.0,0,11.0,0.0
Guocork,27,19.37,4,3,6.75,0.074,0.0,0.0,0.0,50.37,0.269,0.0,0,0.0,0.0,14,19.64,5,3,2.8,0.071,0.0,0.0,0.0,485.32,0.154,0.0,0,0.0,0.0,-13,0.27,1,0,-3.95,-0.003,0.0,0.0,0.0,434.95,-0.115,0.0,0,0.0,0.0
kannanjayachandran,85,19.4,35,1,2.43,0.047,0.0,0.024,0.0,100.76,0.321,0.0,0,21.5,0.125,15,19.67,12,1,1.25,0.0,0.0,0.0,0.0,1345.22,0.0,0.0,0,0.0,0.0,-70,0.27,-23,0,-1.18,-0.047,0.0,-0.024,0.0,1244.46,-0.321,0.0,0,-21.5,-0.125
ValeriiOsodoev,12,9.75,4,2,3.0,0.0,0.0,0.0,0.0,122.07,0.636,0.0,0,0.0,0.0,11,37.82,2,1,5.5,0.091,0.0,0.0,0.0,25.18,0.8,0.0,0,0.0,0.0,-1,28.07,-2,-1,2.5,0.091,0.0,0.0,0.0,-96.89,0.164,0.0,0,0.0,0.0
Arondight,9,11.44,6,1,1.5,0.0,0.0,0.0,0.0,1600.99,0.125,0.0,0,0.0,0.0,8,11.25,6,1,1.33,0.0,0.0,0.0,0.0,2336.54,0.143,0.0,0,0.0,0.0,-1,-0.19,0,0,-0.17,0.0,0.0,0.0,0.0,735.55,0.018,0.0,0,0.0,0.0
thclark,65,54.51,5,1,13.0,0.262,0.046,0.062,0.0,214.94,0.891,0.0,0,506.18,0.909,6,75.33,1,1,6.0,0.5,0.0,0.167,0.0,0.1,1.0,0.0,0,303.0,1.0,-59,20.82,-4,0,-7.0,0.238,-0.046,0.105,0.0,-214.84,0.109,0.0,0,-203.18,0.091
Ricca665,32,21.22,8,5,4.0,0.0,0.0,0.0,0.0,324.41,0.677,0.0,0,0.0,0.0,21,22.9,8,2,2.62,0.095,0.0,0.0,0.0,403.21,0.65,0.0,0,0.0,0.0,-11,1.68,0,-3,-1.38,0.095,0.0,0.0,0.0,78.8,-0.027,0.0,0,0.0,0.0
Skyblueborb,39,37.31,12,5,3.25,0.077,0.0,0.0,0.0,420.67,0.526,0.0,0,0.0,0.0,5,296.6,3,1,1.67,1.0,0.0,0.0,0.0,330.77,0.5,0.0,0,53.0,1.0,-34,259.29,-9,-4,-1.58,0.923,0.0,0.0,0.0,-89.9,-0.026,0.0,0,53.0,1.0
kanghee2002,33,27.85,5,2,6.6,0.0,0.0,0.03,0.0,25.41,0.562,0.0,0,0.0,0.0,67,38.69,13,2,5.15,0.343,0.597,0.06,0.0,147.97,0.455,0.0,0,0.0,0.0,34,10.84,8,0,-1.45,0.343,0.597,0.03,0.0,122.56,-0.107,0.0,0,0.0,0.0
patrickkmatias,89,48.37,15,2,5.93,0.0,0.0,0.0,0.169,42.59,0.466,0.0,0,0.0,0.0,11,18.82,1,1,11.0,0.0,0.0,0.0,0.0,0.61,0.9,0.0,0,0.0,0.0,-78,-29.55,-14,-1,5.07,0.0,0.0,0.0,-0.169,-41.98,0.434,0.0,0,0.0,0.0
drowning-in-codes,36,33.0,12,1,3.0,0.0,0.0,0.0,0.0,59.04,0.286,0.0,0,0.0,0.0,64,33.0,20,1,3.2,0.0,0.0,0.0,0.0,313.76,0.365,0.0,0,0.0,0.0,28,0.0,8,0,0.2,0.0,0.0,0.0,0.0,254.72,0.079,0.0,0,0.0,0.0
onePrometheus,6,9.33,3,1,2.0,0.0,0.0,0.0,0.0,1640.26,0.6,0.0,0,0.0,0.0,27,14.56,7,3,3.86,0.0,0.0,0.0,0.0,726.62,0.769,0.0,0,0.0,0.0,21,5.23,4,2,1.86,0.0,0.0,0.0,0.0,-913.64,0.169,0.0,0,0.0,0.0
rnckp,16,27.81,3,3,5.33,0.062,0.0,0.0,0.0,455.86,0.8,0.0,0,0.0,0.0,54,30.41,8,1,6.75,0.13,0.0,0.0,0.056,120.69,0.811,0.0,0,0.0,0.0,38,2.6,5,-2,1.42,0.068,0.0,0.0,0.056,-335.17,0.011,0.0,0,0.0,0.0
RahatRyaan,27,17.52,5,4,5.4,0.0,0.0,0.0,0.0,339.35,0.846,0.0,0,0.0,0.0,31,16.68,4,4,7.75,0.097,0.0,0.0,0.0,231.36,0.867,0.0,0,0.0,0.0,4,-0.84,-1,0,2.35,0.097,0.0,0.0,0.0,-107.99,0.021,0.0,0,0.0,0.0
AnnikaV9,70,34.23,4,1,17.5,0.043,0.0,0.0,0.014,8.45,0.739,0.0,0,0.0,0.0,30,37.67,8,1,3.75,0.067,0.0,0.0,0.033,302.08,0.586,0.0,0,0.0,0.0,-40,3.44,4,0,-13.75,0.024,0.0,0.0,0.019,293.63,-0.153,0.0,0,0.0,0.0
Challe-P,62,23.34,6,2,10.33,0.0,0.0,0.016,0.0,17.71,0.508,0.0,0,0.0,0.0,38,38.74,6,3,6.33,0.184,0.0,0.132,0.0,450.89,0.595,0.0,0,0.0,0.0,-24,15.4,0,1,-4.0,0.184,0.0,0.116,0.0,433.18,0.087,0.0,0,0.0,0.0
ENDERZOMBI102,5,35.2,4,2,1.25,0.0,0.0,0.0,0.0,1084.3,0.25,0.0,0,39.0,0.0,5,28.4,4,1,1.25,0.2,0.0,0.0,0.0,461.92,0.25,0.0,0,0.0,0.0,0,-6.8,0,-1,0.0,0.2,0.0,0.0,0.0,-622.38,0.0,0.0,0,-39.0,0.0
b-tang,21,16.0,3,1,7.0,0.0,0.0,0.0,0.0,331.91,0.9,0.0,0,0.0,0.0,79,16.59,9,1,8.78,0.0,0.0,0.0,0.0,193.15,0.795,0.0,0,0.0,0.0,58,0.59,6,0,1.78,0.0,0.0,0.0,0.0,-138.76,-0.105,0.0,0,0.0,0.0
CameronBrooks11,27,23.04,3,1,9.0,0.0,0.0,0.074,0.0,172.69,0.846,0.0,0,0.0,0.0,73,44.81,13,1,5.62,0.096,0.0,0.041,0.0,148.84,0.736,0.0,0,0.0,0.0,46,21.77,10,0,-3.38,0.096,0.0,-0.033,0.0,-23.85,-0.11,0.0,0,0.0,0.0
longhao-li,15,162.47,7,2,2.14,0.6,0.0,0.2,0.6,616.56,0.143,0.0,0,19.83,0.167,12,33.75,10,3,1.2,0.0,0.0,0.0,0.0,820.85,0.091,0.0,0,0.0,0.0,-3,-128.72,3,1,-0.94,-0.6,0.0,-0.2,-0.6,204.29,-0.052,0.0,0,-19.83,-0.167
emmy-1,19,27.95,7,2,2.71,0.105,0.0,0.0,0.0,238.08,0.611,0.0,0,0.0,0.0,43,35.49,11,4,3.91,0.163,0.023,0.023,0.023,96.25,0.548,0.0,0,27.0,0.2,24,7.54,4,2,1.2,0.058,0.023,0.023,0.023,-141.83,-0.063,0.0,0,27.0,0.2
alansobchacki,25,44.84,7,4,3.57,0.0,0.0,0.0,0.0,49.34,0.708,0.0,0,0.0,0.0,8,16.0,2,3,4.0,0.0,0.0,0.0,0.0,92.65,0.714,0.0,0,0.0,0.0,-17,-28.84,-5,-1,0.43,0.0,0.0,0.0,0.0,43.31,0.006,0.0,0,0.0,0.0
seyhmusoksak,17,7.41,5,3,3.4,0.0,0.0,0.0,0.0,99.81,0.25,0.0,0,0.0,0.0,5,10.0,2,2,2.5,0.0,0.0,0.0,0.0,225.37,0.5,0.0,0,0.0,0.0,-12,2.59,-3,-1,-0.9,0.0,0.0,0.0,0.0,125.56,0.25,0.0,0,0.0,0.0
GustavoBiava,42,13.36,3,3,14.0,0.0,0.0,0.0,0.0,9.62,0.927,0.0,0,0.0,0.0,58,17.24,14,4,4.14,0.017,0.0,0.0,0.121,238.71,0.684,0.0,0,0.0,0.0,16,3.88,11,1,-9.86,0.017,0.0,0.0,0.121,229.09,-0.243,0.0,0,0.0,0.0
hiromaki58,26,21.31,1,1,26.0,0.0,0.0,0.0,0.0,5.19,0.88,0.0,0,0.0,0.0,74,36.85,18,1,4.11,0.0,0.0,0.054,0.0,89.87,0.589,0.0,0,4.29,0.042,48,15.54,17,0,-21.89,0.0,0.0,0.054,0.0,84.68,-0.291,0.0,0,4.29,0.042
justimova,16,20.19,7,4,2.29,0.0,0.0,0.0,0.0,814.9,0.4,0.0,0,0.0,0.0,69,67.38,20,2,3.45,0.522,0.145,0.0,0.13,178.45,0.441,0.0,0,2.65,0.0,53,47.19,13,-2,1.16,0.522,0.145,0.0,0.13,-636.45,0.041,0.0,0,2.65,0.0
hsbadr,69,42.61,17,1,4.06,0.043,0.0,0.014,0.0,242.43,0.574,0.0,0,0.0,0.0,8,31.62,2,1,4.0,0.0,0.0,0.0,0.0,233.81,0.286,0.0,0,0.0,0.0,-61,-10.99,-15,0,-0.06,-0.043,0.0,-0.014,0.0,-8.62,-0.288,0.0,0,0.0,0.0
vtx22,29,25.48,4,2,7.25,0.0,0.0,0.0,0.0,435.73,0.643,0.0,0,0.0,0.0,18,30.06,4,2,4.5,0.0,0.0,0.0,0.0,29.7,0.706,0.0,0,0.0,0.0,-11,4.58,0,0,-2.75,0.0,0.0,0.0,0.0,-406.03,0.063,0.0,0,0.0,0.0
mossnisse,9,55.44,3,3,3.0,0.111,0.0,0.0,0.0,872.98,0.75,0.0,0,0.0,0.0,53,37.79,19,3,2.79,0.208,0.0,0.0,0.0,251.5,0.462,0.0,0,0.0,0.0,44,-17.65,16,0,-0.21,0.097,0.0,0.0,0.0,-621.48,-0.288,0.0,0,0.0,0.0
singhaniya0411,19,17.16,2,1,9.5,0.0,0.0,0.0,0.0,1.37,0.833,0.0,0,0.0,0.0,8,16.38,4,4,2.0,0.0,0.0,0.0,0.0,843.69,0.429,0.0,0,0.0,0.0,-11,-0.78,2,3,-7.5,0.0,0.0,0.0,0.0,842.32,-0.404,0.0,0,0.0,0.0
yingmanwumen,25,16.68,10,4,2.5,0.04,0.04,0.0,0.0,470.8,0.542,0.0,0,0.0,0.0,9,16.0,6,1,1.5,0.0,0.0,0.0,0.0,2267.8,0.375,0.0,0,0.0,0.0,-16,-0.68,-4,-3,-1.0,-0.04,-0.04,0.0,0.0,1797.0,-0.167,0.0,0,0.0,0.0
Sheriff-Oladimeji,83,17.54,21,3,3.95,0.0,0.0,0.0,0.0,94.8,0.476,0.0,0,0.0,0.0,17,20.06,13,1,1.31,0.059,0.0,0.0,0.0,1108.81,0.188,0.0,0,0.0,0.0,-66,2.52,-8,-2,-2.64,0.059,0.0,0.0,0.0,1014.01,-0.288,0.0,0,0.0,0.0
mh-skjelvareid,18,75.94,5,1,3.6,0.167,0.0,0.111,0.056,235.16,0.588,0.0,0,0.0,0.0,61,35.9,8,1,7.62,0.016,0.0,0.049,0.016,47.65,0.75,0.0,0,566.0,1.0,43,-40.04,3,0,4.02,-0.151,0.0,-0.062,-0.04,-187.51,0.162,0.0,0,566.0,1.0
marcelaritonang,16,39.0,4,3,4.0,0.062,0.0,0.0,0.0,576.86,0.733,0.0,0,0.0,0.0,6,14.33,2,2,3.0,0.0,0.0,0.0,0.0,1703.08,0.8,0.0,0,0.0,0.0,-10,-24.67,-2,-1,-1.0,-0.062,0.0,0.0,0.0,1126.22,0.067,0.0,0,0.0,0.0
vanpariyar,7,24.57,3,3,2.33,0.143,0.0,0.0,0.0,423.91,0.5,0.0,0,21.0,0.0,5,34.0,5,1,1.0,0.0,0.0,0.0,0.0,1007.88,0.0,0.0,0,0.0,0.0,-2,9.43,2,-2,-1.33,-0.143,0.0,0.0,0.0,583.97,-0.5,0.0,0,-21.0,0.0
midzer,38,20.42,15,1,2.53,0.026,0.0,0.0,0.0,365.58,0.541,0.0,0,0.0,0.0,28,21.57,12,1,2.33,0.036,0.0,0.0,0.0,667.78,0.593,0.0,0,0.0,0.0,-10,1.15,-3,0,-0.2,0.01,0.0,0.0,0.0,302.2,0.052,0.0,0,0.0,0.0
MBadarr,10,16.0,5,1,2.0,0.0,0.0,0.0,0.0,791.18,0.444,0.0,0,0.0,0.0,56,18.73,12,3,4.67,0.018,0.0,0.0,0.0,307.17,0.782,0.0,0,0.0,0.0,46,2.73,7,2,2.67,0.018,0.0,0.0,0.0,-484.01,0.338,0.0,0,0.0,0.0
jkfx,34,21.24,9,3,3.78,0.0,0.0,0.0,0.0,329.09,0.545,0.0,0,0.0,0.0,34,13.79,13,1,2.62,0.0,0.0,0.0,0.0,314.75,0.364,0.0,0,0.0,0.0,0,-7.45,4,-2,-1.16,0.0,0.0,0.0,0.0,-14.34,-0.181,0.0,0,0.0,0.0
UmairJR,56,36.2,11,2,5.09,0.0,0.0,0.0,0.232,202.96,0.418,0.0,0,0.0,0.0,44,33.57,10,1,4.4,0.0,0.0,0.0,0.023,228.3,0.395,0.0,0,0.0,0.0,-12,-2.63,-1,-1,-0.69,0.0,0.0,0.0,-0.209,25.34,-0.023,0.0,0,0.0,0.0
suyu0925,25,11.16,11,1,2.27,0.0,0.0,0.0,0.0,94.0,0.083,0.0,0,0.0,0.0,73,11.44,43,1,1.7,0.0,0.0,0.0,0.0,254.41,0.167,0.0,0,0.0,0.0,48,0.28,32,0,-0.57,0.0,0.0,0.0,0.0,160.41,0.084,0.0,0,0.0,0.0
aniagoluchiemelie77,16,24.44,4,1,4.0,0.25,0.0,0.0,0.0,25.47,0.733,0.0,0,0.0,0.0,84,25.99,20,2,4.2,0.0,0.0,0.0,0.0,96.3,0.313,0.0,0,0.0,0.0,68,1.55,16,1,0.2,-0.25,0.0,0.0,0.0,70.83,-0.42,0.0,0,0.0,0.0
sagarmusabbir,8,16.0,3,2,2.67,0.0,0.0,0.0,0.0,516.13,0.286,0.0,0,0.0,0.0,19,16.0,2,1,9.5,0.0,0.0,0.0,0.0,856.47,0.889,0.0,0,0.0,0.0,11,0.0,-1,-1,6.83,0.0,0.0,0.0,0.0,340.34,0.603,0.0,0,0.0,0.0
earthquakoo,52,8.5,12,4,4.33,0.0,0.0,0.0,0.0,313.36,0.451,0.0,0,0.0,0.0,8,16.0,1,1,8.0,0.0,0.0,0.0,0.0,0.05,1.0,0.0,0,0.0,0.0,-44,7.5,-11,-3,3.67,0.0,0.0,0.0,0.0,-313.31,0.549,0.0,0,0.0,0.0
lumasia07,26,20.65,2,2,13.0,0.038,0.0,0.0,0.0,5.73,0.92,0.0,0,0.0,0.0,74,4.05,6,1,12.33,0.0,0.0,0.0,0.0,13.69,0.726,0.0,0,0.0,0.0,48,-16.6,4,-1,-0.67,-0.038,0.0,0.0,0.0,7.96,-0.194,0.0,0,0.0,0.0
lorenzlars,56,18.09,13,3,4.31,0.018,0.0,0.036,0.0,250.38,0.509,0.0,0,0.0,0.0,33,36.61,9,3,3.67,0.0,0.0,0.0,0.0,499.15,0.688,0.0,0,0.0,0.0,-23,18.52,-4,0,-0.64,-0.018,0.0,-0.036,0.0,248.77,0.179,0.0,0,0.0,0.0
mehedihasan9339,22,7.55,5,1,4.4,0.0,0.0,0.0,0.0,188.13,0.619,0.0,0,0.0,0.0,19,13.16,8,2,2.38,0.0,0.0,0.0,0.0,195.99,0.333,0.0,0,0.0,0.0,-3,5.61,3,1,-2.02,0.0,0.0,0.0,0.0,7.86,-0.286,0.0,0,0.0,0.0
cv0x,35,33.37,11,4,3.18,0.4,0.0,0.0,0.0,414.9,0.529,0.0,0,0.0,0.0,65,27.02,16,4,4.06,0.092,0.0,0.0,0.0,156.56,0.469,0.0,0,0.0,0.0,30,-6.35,5,0,0.88,-0.308,0.0,0.0,0.0,-258.34,-0.06,0.0,0,0.0,0.0
miracleicon,21,22.9,5,5,4.2,0.0,0.0,0.0,0.0,37.08,0.65,0.0,0,0.0,0.0,10,15.1,2,1,5.0,0.0,0.0,0.0,0.0,16.11,0.667,0.0,0,0.0,0.0,-11,-7.8,-3,-4,0.8,0.0,0.0,0.0,0.0,-20.97,0.017,0.0,0,0.0,0.0
joaowillianspejo,10,21.7,5,1,2.0,0.2,0.0,0.0,0.0,1090.88,0.333,0.0,0,0.0,0.0,9,21.56,5,1,1.8,0.111,0.0,0.0,0.0,1977.7,0.375,0.0,0,0.0,0.0,-1,-0.14,0,0,-0.2,-0.089,0.0,0.0,0.0,886.82,0.042,0.0,0,0.0,0.0
jonwin1,30,28.57,3,1,10.0,0.0,0.0,0.0,0.0,10.11,0.759,0.0,0,0.0,0.0,70,21.87,11,1,6.36,0.0,0.0,0.0,0.0,35.12,0.507,0.0,0,10.0,0.0,40,-6.7,8,0,-3.64,0.0,0.0,0.0,0.0,25.01,-0.252,0.0,0,10.0,0.0
M0R6,6,24.33,2,2,3.0,0.0,0.0,0.0,0.0,76.84,0.6,0.0,0,0.0,0.0,81,24.96,17,5,4.76,0.074,0.0,0.0,0.012,241.2,0.637,0.0,0,0.0,0.0,75,0.63,15,3,1.76,0.074,0.0,0.0,0.012,164.36,0.037,0.0,0,0.0,0.0
HarveyDevel,5,97.6,3,1,1.67,0.6,0.0,0.0,0.4,686.06,0.25,0.0,0,0.0,0.0,11,77.82,2,1,5.5,0.818,0.0,0.0,0.0,14.62,0.6,0.0,0,0.0,0.0,6,-19.78,-1,0,3.83,0.218,0.0,0.0,-0.4,-671.44,0.35,0.0,0,0.0,0.0
kyleGrealis,59,15.95,20,1,2.95,0.0,0.0,0.0,0.0,254.84,0.621,0.0,0,0.0,0.0,41,21.27,20,2,2.05,0.0,0.0,0.0,0.0,412.71,0.3,0.0,0,0.0,0.0,-18,5.32,0,1,-0.9,0.0,0.0,0.0,0.0,157.87,-0.321,0.0,0,0.0,0.0
chandra-ps612,38,26.53,9,5,4.22,0.0,0.0,0.079,0.0,196.6,0.676,0.0,0,0.0,0.0,8,31.38,2,5,4.0,0.0,0.0,0.0,0.0,650.74,0.714,0.0,0,0.0,0.0,-30,4.85,-7,0,-0.22,0.0,0.0,-0.079,0.0,454.14,0.038,0.0,0,0.0,0.0
aidqen,23,53.83,4,2,5.75,0.391,0.0,0.0,0.0,179.84,0.636,0.0,0,0.0,0.0,48,31.96,5,4,9.6,0.083,0.0,0.0,0.0,55.32,0.574,0.0,0,0.0,0.0,25,-21.87,1,2,3.85,-0.308,0.0,0.0,0.0,-124.52,-0.062,0.0,0,0.0,0.0
Frhaanaziz,33,27.82,3,1,11.0,0.0,0.0,0.0,0.0,9.8,0.562,0.0,0,0.0,0.0,67,42.61,3,2,22.33,0.0,0.0,0.0,0.0,8.14,0.894,0.0,0,0.0,0.0,34,14.79,0,1,11.33,0.0,0.0,0.0,0.0,-1.66,0.332,0.0,0,0.0,0.0
Ferenc1234,25,11.28,5,3,5.0,0.04,0.0,0.0,0.0,611.61,0.667,0.0,0,0.0,0.0,75,18.72,7,3,10.71,0.053,0.0,0.08,0.0,208.86,0.811,0.0,0,0.0,0.0,50,7.44,2,0,5.71,0.013,0.0,0.08,0.0,-402.75,0.144,0.0,0,0.0,0.0
crossovka,94,13.55,16,5,5.88,0.011,0.0,0.021,0.0,51.57,0.484,0.0,0,0.0,0.0,6,18.0,1,4,6.0,0.0,0.0,0.0,0.0,0.17,1.0,0.0,0,0.0,0.0,-88,4.45,-15,-1,0.12,-0.011,0.0,-0.021,0.0,-51.4,0.516,0.0,0,0.0,0.0
gtrevisan,55,26.76,10,1,5.5,0.036,0.0,0.0,0.0,173.72,0.667,0.0,0,0.0,0.0,40,61.4,24,1,1.67,0.45,0.0,0.025,0.025,495.4,0.231,0.0,0,67.0,1.0,-15,34.64,14,0,-3.83,0.414,0.0,0.025,0.025,321.68,-0.436,0.0,0,67.0,1.0
LucaLow,75,25.84,11,5,6.82,0.04,0.0,0.0,0.0,184.43,0.676,0.0,0,0.0,0.0,14,88.64,5,2,2.8,0.071,0.0,0.0,0.071,615.32,0.385,0.0,0,0.0,0.0,-61,62.8,-6,-3,-4.02,0.031,0.0,0.0,0.071,430.89,-0.291,0.0,0,0.0,0.0
zKhadiri,22,28.05,10,2,2.2,0.091,0.0,0.0,0.0,701.56,0.333,0.0,0,0.0,0.0,18,18.94,8,2,2.25,0.111,0.0,0.0,0.0,1117.08,0.471,0.0,0,0.0,0.0,-4,-9.11,-2,0,0.05,0.02,0.0,0.0,0.0,415.52,0.138,0.0,0,0.0,0.0
shnarazk,12,136.33,7,1,1.71,0.75,0.0,0.0,0.583,1142.26,0.273,0.0,0,0.0,0.0,12,186.0,8,1,1.5,0.333,0.0,0.0,0.333,1739.76,0.273,0.0,0,1590.85,0.667,0,49.67,1,0,-0.21,-0.417,0.0,0.0,-0.25,597.5,0.0,0.0,0,1590.85,0.667
Fraccs,86,32.5,21,2,4.1,0.14,0.233,0.0,0.012,199.23,0.647,0.0,0,35.15,0.385,8,16.0,4,1,2.0,0.0,0.0,0.0,0.0,1203.41,0.429,0.0,0,0.0,0.0,-78,-16.5,-17,-1,-2.1,-0.14,-0.233,0.0,-0.012,1004.18,-0.218,0.0,0,-35.15,-0.385
faressc,38,18.87,3,3,12.67,0.0,0.0,0.0,0.0,125.04,0.838,0.0,0,0.0,0.0,24,25.08,4,2,6.0,0.0,0.0,0.0,0.0,284.1,0.609,0.0,0,0.0,0.0,-14,6.21,1,-1,-6.67,0.0,0.0,0.0,0.0,159.06,-0.229,0.0,0,0.0,0.0
italomonte,45,23.18,8,2,5.62,0.089,0.0,0.0,0.0,48.12,0.636,0.0,0,0.0,0.0,55,18.45,13,2,4.23,0.036,0.0,0.0,0.0,308.7,0.704,0.0,0,0.0,0.0,10,-4.73,5,0,-1.39,-0.053,0.0,0.0,0.0,260.58,0.068,0.0,0,0.0,0.0
ddJProj,24,20.5,3,1,8.0,0.125,0.0,0.0,0.0,43.71,0.609,0.0,0,15.0,0.0,23,41.83,5,2,4.6,0.739,0.0,0.043,0.0,312.59,0.727,0.0,0,0.0,0.0,-1,21.33,2,1,-3.4,0.614,0.0,0.043,0.0,268.88,0.118,0.0,0,-15.0,0.0
1keven1,39,32.21,20,2,1.95,0.026,0.0,0.0,0.0,416.27,0.132,0.0,0,0.0,0.0,17,33.0,9,1,1.89,0.0,0.0,0.0,0.0,1112.99,0.375,0.0,0,0.0,0.0,-22,0.79,-11,-1,-0.06,-0.026,0.0,0.0,0.0,696.72,0.243,0.0,0,0.0,0.0
immohitsen,9,21.78,3,2,3.0,0.222,0.0,0.0,0.0,304.03,0.75,0.0,0,0.0,0.0,24,18.29,7,3,3.43,0.0,0.0,0.0,0.0,486.99,0.522,0.0,0,0.0,0.0,15,-3.49,4,1,0.43,-0.222,0.0,0.0,0.0,182.96,-0.228,0.0,0,0.0,0.0
Pinaki19,92,18.09,5,3,18.4,0.0,0.0,0.0,0.011,27.14,0.868,0.0,0,0.0,0.0,8,29.0,3,2,2.67,0.5,0.0,0.0,0.0,611.58,0.714,0.0,0,0.0,0.0,-84,10.91,-2,-1,-15.73,0.5,0.0,0.0,-0.011,584.44,-0.154,0.0,0,0.0,0.0
devinaustindyer112,76,27.62,23,3,3.3,0.0,0.0,0.211,0.0,58.99,0.467,0.0,0,0.0,0.0,5,400.0,3,1,1.67,0.4,0.0,0.6,0.4,755.98,0.5,0.0,0,28.5,0.5,-71,372.38,-20,-2,-1.63,0.4,0.0,0.389,0.4,696.99,0.033,0.0,0,28.5,0.5
imachange,28,16.75,5,3,5.6,0.0,0.0,0.0,0.0,325.82,0.593,0.0,0,0.0,0.0,25,24.84,6,3,4.17,0.08,0.04,0.04,0.0,608.44,0.792,0.0,0,0.0,0.0,-3,8.09,1,0,-1.43,0.08,0.04,0.04,0.0,282.62,0.199,0.0,0,0.0,0.0
Aadesh-9,12,16.5,2,1,6.0,0.0,0.0,0.0,0.0,5.76,0.818,0.0,0,0.0,0.0,57,24.96,13,5,4.38,0.0,0.0,0.018,0.053,282.04,0.411,0.0,0,31.5,0.125,45,8.46,11,4,-1.62,0.0,0.0,0.018,0.053,276.28,-0.407,0.0,0,31.5,0.125
Guille-ux,77,17.14,6,3,12.83,0.0,0.0,0.0,0.0,72.66,0.895,0.0,0,0.0,0.0,23,36.04,8,1,2.88,0.0,0.0,0.0,0.0,60.01,0.455,0.0,0,0.0,0.0,-54,18.9,2,-2,-9.95,0.0,0.0,0.0,0.0,-12.65,-0.44,0.0,0,0.0,0.0
ChrisPulman,15,80.87,6,1,2.5,0.6,0.0,0.067,0.067,193.43,0.643,0.0,0,0.0,0.0,85,128.16,29,1,2.93,0.871,0.0,0.094,0.012,215.15,0.583,0.0,0,231.0,0.667,70,47.29,23,0,0.43,0.271,0.0,0.027,-0.055,21.72,-0.06,0.0,0,231.0,0.667
herol3oy,20,31.0,5,2,4.0,0.05,0.0,0.0,0.0,641.98,0.474,0.0,0,2563.73,0.273,42,18.81,19,2,2.21,0.0,0.0,0.0,0.0,444.41,0.39,0.0,0,0.0,0.0,22,-12.19,14,0,-1.79,-0.05,0.0,0.0,0.0,-197.57,-0.084,0.0,0,-2563.73,-0.273
chaynabors,25,15.96,15,1,1.67,0.0,0.0,0.0,0.0,493.58,0.25,0.0,0,0.0,0.0,53,79.47,13,2,4.08,0.151,0.0,0.075,0.019,348.02,0.5,0.0,0,0.0,0.0,28,63.51,-2,1,2.41,0.151,0.0,0.075,0.019,-145.56,0.25,0.0,0,0.0,0.0
GenyEEM,6,56.83,4,3,1.5,0.667,0.0,0.333,0.0,1929.5,0.4,0.0,0,0.0,0.0,49,45.88,10,3,4.9,0.633,0.0,0.082,0.0,196.35,0.417,0.0,0,0.0,0.0,43,-10.95,6,0,3.4,-0.034,0.0,-0.251,0.0,-1733.15,0.017,0.0,0,0.0,0.0
clysel,38,20.08,19,1,2.0,0.026,0.0,0.0,0.0,465.41,0.297,0.0,0,0.0,0.0,31,25.13,18,1,1.72,0.194,0.0,0.0,0.0,593.56,0.267,0.0,0,0.0,0.0,-7,5.05,-1,0,-0.28,0.168,0.0,0.0,0.0,128.15,-0.03,0.0,0,0.0,0.0
manni2000,66,20.77,21,4,3.14,0.015,0.0,0.0,0.0,210.89,0.585,0.0,0,0.0,0.0,15,16.0,10,1,1.5,0.0,0.0,0.0,0.0,925.72,0.357,0.0,0,0.0,0.0,-51,-4.77,-11,-3,-1.64,-0.015,0.0,0.0,0.0,714.83,-0.228,0.0,0,0.0,0.0
mohitmcanitt,25,24.36,5,1,5.0,0.0,0.0,0.0,0.0,631.14,0.708,0.0,0,0.0,0.0,34,35.94,8,1,4.25,0.0,0.0,0.0,0.0,366.65,0.545,0.0,0,0.0,0.0,9,11.58,3,0,-0.75,0.0,0.0,0.0,0.0,-264.49,-0.163,0.0,0,0.0,0.0
satgit62,20,25.25,4,4,5.0,0.05,0.0,0.0,0.0,60.91,0.684,0.0,0,0.0,0.0,15,17.4,4,2,3.75,0.067,0.0,0.0,0.0,775.67,0.714,0.0,0,0.0,0.0,-5,-7.85,0,-2,-1.25,0.017,0.0,0.0,0.0,714.76,0.03,0.0,0,0.0,0.0
Stellin-15,15,36.13,4,1,3.75,0.333,0.0,0.0,0.0,33.14,0.429,0.0,0,0.0,0.0,22,51.23,3,4,7.33,0.409,0.0,0.045,0.0,60.65,0.667,0.0,0,0.0,0.0,7,15.1,-1,3,3.58,0.076,0.0,0.045,0.0,27.51,0.238,0.0,0,0.0,0.0
NirmalScaria,25,22.2,5,1,5.0,0.0,0.0,0.04,0.0,404.0,0.667,0.0,0,0.0,0.0,10,12.0,2,1,5.0,0.0,0.0,0.0,0.0,342.95,0.778,0.0,0,0.0,0.0,-15,-10.2,-3,0,0.0,0.0,0.0,-0.04,0.0,-61.05,0.111,0.0,0,0.0,0.0
bernardodangelo,87,23.57,21,5,4.14,0.0,0.931,0.0,0.0,61.63,0.593,0.0,0,0.0,0.0,9,31.67,4,2,2.25,0.111,0.889,0.0,0.0,2072.9,0.5,0.0,0,0.0,0.0,-78,8.1,-17,-3,-1.89,0.111,-0.042,0.0,0.0,2011.27,-0.093,0.0,0,0.0,0.0
adrianovaladar,34,69.35,16,2,2.12,0.265,0.0,0.147,0.235,229.18,0.364,0.0,0,0.0,0.0,66,66.76,23,3,2.87,0.167,0.0,0.106,0.015,145.09,0.169,0.0,0,0.0,0.0,32,-2.59,7,1,0.75,-0.098,0.0,-0.041,-0.22,-84.09,-0.195,0.0,0,0.0,0.0
rubensousa-dev,31,12.52,8,4,3.88,0.0,0.0,0.0,0.0,257.94,0.5,0.0,0,0.0,0.0,34,14.5,10,1,3.4,0.029,0.0,0.0,0.0,281.97,0.606,0.0,0,0.0,0.0,3,1.98,2,-3,-0.48,0.029,0.0,0.0,0.0,24.03,0.106,0.0,0,0.0,0.0
Knl-Bill,54,72.89,12,5,4.5,0.352,0.0,0.019,0.056,99.28,0.66,0.0,0,135.0,0.6,9,14.0,2,3,4.5,0.0,0.0,0.222,0.0,24.52,0.75,0.0,0,0.0,0.0,-45,-58.89,-10,-2,0.0,-0.352,0.0,0.203,-0.056,-74.76,0.09,0.0,0,-135.0,-0.6
SultanAyubi360,34,15.71,5,5,6.8,0.0,0.0,0.0,0.0,333.21,0.818,0.0,0,0.0,0.0,27,19.44,4,5,6.75,0.037,0.0,0.0,0.0,312.36,0.769,0.0,0,0.0,0.0,-7,3.73,-1,0,-0.05,0.037,0.0,0.0,0.0,-20.85,-0.049,0.0,0,0.0,0.0
ashwaniverma-github,5,12.4,2,2,2.5,0.0,0.0,0.0,0.0,443.89,0.5,0.0,0,0.0,0.0,24,13.42,4,3,6.0,0.0,0.0,0.0,0.0,29.25,0.435,0.0,0,0.0,0.0,19,1.02,2,1,3.5,0.0,0.0,0.0,0.0,-414.64,-0.065,0.0,0,0.0,0.0
matejsemancik,24,52.29,4,1,6.0,0.208,0.0,0.0,0.042,225.23,0.609,0.0,0,41.0,0.2,12,48.58,2,1,6.0,0.167,0.0,0.0,0.0,23.64,0.636,0.0,0,354.0,0.5,-12,-3.71,-2,0,0.0,-0.041,0.0,0.0,-0.042,-201.59,0.027,0.0,0,313.0,0.3
ChaitanyaHoodie,8,17.75,2,3,4.0,0.0,0.0,0.0,0.0,104.81,0.857,0.0,0,0.0,0.0,11,33.91,3,2,3.67,0.0,0.0,0.0,0.0,653.31,0.6,0.0,0,0.0,0.0,3,16.16,1,-1,-0.33,0.0,0.0,0.0,0.0,548.5,-0.257,0.0,0,0.0,0.0
lukaskonietzka,64,29.44,10,1,6.4,0.031,0.0,0.062,0.0,29.69,0.397,0.0,0,40.67,0.333,36,14.5,10,3,3.6,0.0,0.0,0.0,0.0,253.61,0.286,0.0,0,0.0,0.0,-28,-14.94,0,2,-2.8,-0.031,0.0,-0.062,0.0,223.92,-0.111,0.0,0,-40.67,-0.333
561Aloha,18,51.61,9,4,2.0,0.167,0.0,0.0,0.0,659.66,0.412,0.0,0,0.0,0.0,11,18.64,10,3,1.1,0.0,0.0,0.0,0.0,1873.18,0.1,0.0,0,0.0,0.0,-7,-32.97,1,-1,-0.9,-0.167,0.0,0.0,0.0,1213.52,-0.312,0.0,0,0.0,0.0
GabrielCostaLuiz,35,19.0,6,1,5.83,0.057,0.0,0.0,0.0,320.58,0.853,0.0,0,0.0,0.0,65,66.06,10,5,6.5,0.015,0.692,0.0,0.046,290.68,0.703,0.0,0,0.0,0.0,30,47.06,4,4,0.67,-0.042,0.692,0.0,0.046,-29.9,-0.15,0.0,0,0.0,0.0
codewithdark-git,7,15.71,3,2,2.33,0.0,0.0,0.0,0.0,407.78,0.667,0.0,0,0.0,0.0,93,19.8,31,4,3.0,0.011,0.0,0.022,0.0,189.16,0.565,0.0,0,0.0,0.0,86,4.09,28,2,0.67,0.011,0.0,0.022,0.0,-218.62,-0.102,0.0,0,0.0,0.0
ArthurChatton,10,18.9,3,2,3.33,0.0,0.0,0.0,0.0,106.09,0.556,0.0,0,0.0,0.0,53,21.3,13,4,4.08,0.057,0.0,0.0,0.0,381.72,0.673,0.0,0,0.0,0.0,43,2.4,10,2,0.75,0.057,0.0,0.0,0.0,275.63,0.117,0.0,0,0.0,0.0
signalpillar,47,42.06,25,1,1.88,0.085,0.0,0.0,0.021,328.97,0.37,0.0,0,0.0,0.0,53,40.3,29,1,1.83,0.132,0.019,0.0,0.057,361.01,0.269,0.0,0,0.0,0.0,6,-1.76,4,0,-0.05,0.047,0.019,0.0,0.036,32.04,-0.101,0.0,0,0.0,0.0
Nikhil-2711,5,26.2,3,1,1.67,0.2,0.0,0.0,0.0,240.07,0.5,0.0,0,0.0,0.0,12,16.67,4,4,3.0,0.0,0.0,0.0,0.0,50.32,0.545,0.0,0,0.0,0.0,7,-9.53,1,3,1.33,-0.2,0.0,0.0,0.0,-189.75,0.045,0.0,0,0.0,0.0
dduyg,21,28.1,3,1,7.0,0.0,0.0,0.0,0.0,79.31,0.7,0.0,0,0.0,0.0,79,25.65,8,1,9.88,0.0,0.0,0.0,0.0,84.65,0.795,0.0,0,0.0,0.0,58,-2.45,5,0,2.88,0.0,0.0,0.0,0.0,5.34,0.095,0.0,0,0.0,0.0
NoamRault,8,29.62,4,1,2.0,0.0,0.0,0.0,0.0,99.81,0.0,0.0,0,0.0,0.0,13,49.23,4,1,3.25,0.231,0.0,0.0,0.0,1400.17,0.583,0.0,0,0.0,0.0,5,19.61,0,0,1.25,0.231,0.0,0.0,0.0,1300.36,0.583,0.0,0,0.0,0.0
heyvaldemar,10,41.1,1,5,10.0,0.0,0.0,0.0,0.0,5.09,0.889,0.0,0,0.0,0.0,15,40.07,3,5,5.0,0.0,0.0,0.0,0.0,528.2,0.714,0.0,0,0.0,0.0,5,-1.03,2,0,-5.0,0.0,0.0,0.0,0.0,523.11,-0.175,0.0,0,0.0,0.0
keiserman,23,32.57,5,4,4.6,0.0,0.0,0.043,0.0,101.4,0.591,0.0,0,0.0,0.0,10,27.7,2,1,5.0,0.0,0.0,0.0,0.0,36.98,0.778,0.0,0,0.0,0.0,-13,-4.87,-3,-3,0.4,0.0,0.0,-0.043,0.0,-64.42,0.187,0.0,0,0.0,0.0
Erangr90,23,16.0,2,1,11.5,0.0,0.0,0.0,0.0,8.09,0.818,0.0,0,0.0,0.0,77,23.78,10,2,7.7,0.091,0.0,0.0,0.039,30.02,0.579,0.0,0,18.86,0.0,54,7.78,8,1,-3.8,0.091,0.0,0.0,0.039,21.93,-0.239,0.0,0,18.86,0.0
DennisTurco,28,24.11,16,2,1.75,0.036,0.107,0.0,0.0,465.97,0.333,0.0,0,0.0,0.0,71,23.37,17,2,4.18,0.014,0.0,0.07,0.0,261.51,0.586,0.0,0,262.08,0.846,43,-0.74,1,0,2.43,-0.022,-0.107,0.07,0.0,-204.46,0.253,0.0,0,262.08,0.846
saidabroor,15,21.27,5,2,3.0,0.0,0.0,0.0,0.0,123.42,0.5,0.0,0,0.0,0.0,85,6.88,6,1,14.17,0.0,0.0,0.0,0.0,11.42,0.786,0.0,0,0.0,0.0,70,-14.39,1,-1,11.17,0.0,0.0,0.0,0.0,-112.0,0.286,0.0,0,0.0,0.0
yantosca,8,190.0,3,1,2.67,1.0,0.0,0.125,0.375,2057.69,0.571,0.0,0,0.0,0.0,6,205.33,3,2,2.0,1.0,0.0,0.0,0.0,2088.12,0.4,0.0,0,0.0,0.0,-2,15.33,0,1,-0.67,0.0,0.0,-0.125,-0.375,30.43,-0.171,0.0,0,0.0,0.0
johneortega,33,22.12,5,3,6.6,0.0,0.0,0.0,0.0,507.69,0.812,0.0,0,0.0,0.0,6,15.0,1,1,6.0,0.0,0.0,0.0,0.0,4.55,0.8,0.0,0,0.0,0.0,-27,-7.12,-4,-2,-0.6,0.0,0.0,0.0,0.0,-503.14,-0.012,0.0,0,0.0,0.0
wasimakram516,7,32.43,3,2,2.33,0.429,0.0,0.0,0.0,782.94,0.333,0.0,0,0.0,0.0,17,18.76,6,3,2.83,0.0,0.0,0.0,0.0,59.7,0.438,0.0,0,0.0,0.0,10,-13.67,3,1,0.5,-0.429,0.0,0.0,0.0,-723.24,0.105,0.0,0,0.0,0.0
Possanii,45,23.98,13,2,3.46,0.022,0.467,0.022,0.0,257.1,0.25,0.0,0,0.0,0.0,55,37.67,12,3,4.58,0.0,0.891,0.0,0.0,158.21,0.426,0.0,0,0.0,0.0,10,13.69,-1,1,1.12,-0.022,0.424,-0.022,0.0,-98.89,0.176,0.0,0,0.0,0.0
e-turcotte,15,20.67,4,3,3.75,0.0,0.0,0.067,0.0,554.84,0.429,0.0,0,0.0,0.0,8,25.62,3,2,2.67,0.0,0.0,0.0,0.0,124.4,0.714,0.0,0,0.0,0.0,-7,4.95,-1,-1,-1.08,0.0,0.0,-0.067,0.0,-430.44,0.285,0.0,0,0.0,0.0
evanjt,35,33.6,10,1,3.5,0.029,0.0,0.143,0.0,469.54,0.5,0.0,0,154.0,1.0,9,40.11,4,1,2.25,0.0,0.0,0.111,0.0,1046.45,0.625,0.0,0,0.0,0.0,-26,6.51,-6,0,-1.25,-0.029,0.0,-0.032,0.0,576.91,0.125,0.0,0,-154.0,-1.0
adconner,47,30.04,8,1,5.88,0.0,0.0,0.0,0.0,210.38,0.674,0.0,0,0.0,0.0,47,24.21,15,1,3.13,0.0,0.0,0.0,0.0,396.23,0.413,0.0,0,0.0,0.0,0,-5.83,7,0,-2.75,0.0,0.0,0.0,0.0,185.85,-0.261,0.0,0,0.0,0.0
Kedhar7,27,19.81,1,4,27.0,0.0,0.0,0.0,0.0,0.12,1.0,0.0,0,0.0,0.0,6,11.67,1,1,6.0,0.0,0.0,0.0,0.0,1.96,0.8,0.0,0,0.0,0.0,-21,-8.14,0,-3,-21.0,0.0,0.0,0.0,0.0,1.84,-0.2,0.0,0,0.0,0.0
sanjayk221b,14,14.29,4,5,3.5,0.0,0.0,0.0,0.0,171.57,0.308,0.0,0,0.0,0.0,40,16.07,13,1,3.08,0.05,0.025,0.0,0.0,242.11,0.59,0.0,0,0.0,0.0,26,1.78,9,-4,-0.42,0.05,0.025,0.0,0.0,70.54,0.282,0.0,0,0.0,0.0
nils-holmberg,57,60.56,15,3,3.8,0.0,0.0,0.0,0.0,281.32,0.536,0.0,0,0.0,0.0,9,59.22,4,2,2.25,0.0,0.0,0.0,0.0,1263.12,0.375,0.0,0,0.0,0.0,-48,-1.34,-11,-1,-1.55,0.0,0.0,0.0,0.0,981.8,-0.161,0.0,0,0.0,0.0
Genkinger,21,11.76,4,1,5.25,0.0,0.0,0.0,0.0,63.53,0.7,0.0,0,0.0,0.0,16,14.62,8,1,2.0,0.0,0.0,0.0,0.0,804.89,0.333,0.0,0,0.0,0.0,-5,2.86,4,0,-3.25,0.0,0.0,0.0,0.0,741.36,-0.367,0.0,0,0.0,0.0
jonxmitchell,11,27.18,1,1,11.0,0.0,0.0,0.0,0.0,1.65,0.9,0.0,0,0.0,0.0,89,51.98,4,3,22.25,0.067,0.0,0.0,0.0,13.95,0.807,0.0,0,0.0,0.0,78,24.8,3,2,11.25,0.067,0.0,0.0,0.0,12.3,-0.093,0.0,0,0.0,0.0
ayushsarode,93,41.67,11,4,8.45,0.376,0.0,0.0,0.0,99.58,0.576,0.0,0,11.33,0.0,7,22.43,6,3,1.17,0.143,0.0,0.0,0.0,980.99,0.167,0.0,0,0.0,0.0,-86,-19.24,-5,-1,-7.28,-0.233,0.0,0.0,0.0,881.41,-0.409,0.0,0,-11.33,0.0
amanotk,30,16.1,7,1,4.29,0.0,0.0,0.0,0.0,326.78,0.621,0.0,0,0.0,0.0,70,109.61,8,1,8.75,0.329,0.0,0.014,0.229,268.5,0.71,0.0,0,0.0,0.0,40,93.51,1,0,4.46,0.329,0.0,0.014,0.229,-58.28,0.089,0.0,0,0.0,0.0
ponceto,22,20.86,3,1,7.33,0.0,0.0,0.0,0.0,222.7,0.524,0.0,0,0.0,0.0,78,29.87,20,1,3.9,0.013,0.0,0.0,0.013,257.13,0.364,0.0,0,0.0,0.0,56,9.01,17,0,-3.43,0.013,0.0,0.0,0.013,34.43,-0.16,0.0,0,0.0,0.0
cmunoz-g,67,1.01,3,2,22.33,0.0,0.0,0.0,0.0,5.82,0.818,0.0,0,0.0,0.0,33,9.48,3,3,11.0,0.0,0.0,0.0,0.0,462.9,0.844,0.0,0,0.0,0.0,-34,8.47,0,1,-11.33,0.0,0.0,0.0,0.0,457.08,0.026,0.0,0,0.0,0.0
lentidas,72,80.64,29,1,2.48,0.278,0.958,0.139,0.264,152.8,0.408,0.0,0,0.0,0.0,28,32.21,15,2,1.87,0.0,1.0,0.036,0.0,255.08,0.333,0.0,0,0.0,0.0,-44,-48.43,-14,1,-0.61,-0.278,0.042,-0.103,-0.264,102.28,-0.075,0.0,0,0.0,0.0
2000Arion,88,25.65,20,2,4.4,0.114,0.0,0.034,0.0,182.74,0.724,0.0,0,0.0,0.0,11,30.82,6,2,1.83,0.0,0.0,0.0,0.0,1766.36,0.5,0.0,0,0.0,0.0,-77,5.17,-14,0,-2.57,-0.114,0.0,-0.034,0.0,1583.62,-0.224,0.0,0,0.0,0.0
JiroCab,66,47.95,8,2,8.25,0.212,0.0,0.015,0.0,231.29,0.723,0.0,0,2.52,0.0,34,90.15,12,1,2.83,0.559,0.0,0.0,0.206,367.73,0.545,0.0,0,148.56,0.5,-32,42.2,4,-1,-5.42,0.347,0.0,-0.015,0.206,136.44,-0.178,0.0,0,146.04,0.5
Karlito14,70,30.14,20,5,3.5,0.0,0.0,0.0,0.0,70.31,0.188,0.0,0,0.0,0.0,15,16.0,11,1,1.36,0.0,0.0,0.0,0.0,596.43,0.214,0.0,0,0.0,0.0,-55,-14.14,-9,-4,-2.14,0.0,0.0,0.0,0.0,526.12,0.026,0.0,0,0.0,0.0
mturczyn,9,21.11,2,1,4.5,0.0,0.0,0.0,0.0,1140.53,0.75,0.0,0,0.0,0.0,21,57.48,2,1,10.5,0.333,0.0,0.048,0.048,20.01,0.9,0.0,0,39.5,0.5,12,36.37,0,0,6.0,0.333,0.0,0.048,0.048,-1120.52,0.15,0.0,0,39.5,0.5
grenst,34,59.62,6,3,5.67,0.412,0.0,0.059,0.324,36.54,0.424,0.0,0,0.0,0.0,10,30.0,1,1,10.0,0.3,0.0,0.0,0.0,0.16,1.0,0.0,0,6.67,0.0,-24,-29.62,-5,-2,4.33,-0.112,0.0,-0.059,-0.324,-36.38,0.576,0.0,0,6.67,0.0
troy12x,18,12.72,5,5,3.6,0.111,0.0,0.0,0.0,737.47,0.588,0.0,0,0.0,0.0,11,14.36,3,2,3.67,0.0,0.0,0.0,0.0,404.71,0.8,0.0,0,0.0,0.0,-7,1.64,-2,-3,0.07,-0.111,0.0,0.0,0.0,-332.76,0.212,0.0,0,0.0,0.0
hackesofice,33,14.15,5,1,6.6,0.0,0.0,0.0,0.0,58.45,0.719,0.0,0,0.0,0.0,67,26.07,16,2,4.19,0.119,0.0,0.0,0.0,220.96,0.667,0.0,0,0.0,0.0,34,11.92,11,1,-2.41,0.119,0.0,0.0,0.0,162.51,-0.052,0.0,0,0.0,0.0
Chen-Yang-Liu,83,18.89,14,2,5.93,0.012,0.0,0.0,0.0,177.36,0.78,0.0,0,0.0,0.0,5,16.2,4,1,1.25,0.0,0.0,0.0,0.0,3240.55,0.25,0.0,0,0.0,0.0,-78,-2.69,-10,-1,-4.68,-0.012,0.0,0.0,0.0,3063.19,-0.53,0.0,0,0.0,0.0
ayangweb,58,29.24,6,5,9.67,0.0,0.845,0.0,0.0,173.6,0.702,0.0,0,0.0,0.0,12,21.08,2,4,6.0,0.0,0.5,0.0,0.0,807.77,0.909,0.0,0,0.0,0.0,-46,-8.16,-4,-1,-3.67,0.0,-0.345,0.0,0.0,634.17,0.207,0.0,0,0.0,0.0
richplastow,8,39.25,4,1,2.0,0.0,0.0,0.0,0.0,780.4,0.286,0.0,0,0.0,0.0,19,35.32,12,1,1.58,0.0,0.0,0.0,0.0,815.86,0.278,0.0,0,0.0,0.0,11,-3.93,8,0,-0.42,0.0,0.0,0.0,0.0,35.46,-0.008,0.0,0,0.0,0.0
k-kuroguro,14,83.64,5,1,2.8,0.643,0.286,0.0,0.0,815.0,0.615,0.0,0,0.0,0.0,5,118.0,5,1,1.0,1.0,0.0,0.0,0.0,2473.14,0.0,0.0,0,0.0,0.0,-9,34.36,0,0,-1.8,0.357,-0.286,0.0,0.0,1658.14,-0.615,0.0,0,0.0,0.0
laurentlb,48,103.48,11,1,4.36,0.542,0.0,0.208,0.083,60.73,0.447,0.0,0,0.0,0.0,52,99.79,15,1,3.47,0.481,0.0,0.096,0.115,332.77,0.392,0.0,0,45.11,0.222,4,-3.69,4,0,-0.89,-0.061,0.0,-0.112,0.032,272.04,-0.055,0.0,0,45.11,0.222
alanakbik,19,18.74,9,1,2.11,0.0,0.0,0.0,0.0,510.52,0.556,0.0,0,0.0,0.0,78,17.6,41,1,1.9,0.013,0.0,0.013,0.0,255.02,0.312,0.0,0,308.0,1.0,59,-1.14,32,0,-0.21,0.013,0.0,0.013,0.0,-255.5,-0.244,0.0,0,308.0,1.0
KDr2,18,37.78,13,3,1.38,0.167,0.0,0.056,0.111,904.16,0.059,0.0,0,0.0,0.0,21,36.81,12,5,1.75,0.143,0.0,0.0,0.048,789.7,0.2,0.0,0,0.0,0.0,3,-0.97,-1,2,0.37,-0.024,0.0,-0.056,-0.063,-114.46,0.141,0.0,0,0.0,0.0
FinnsterB,13,44.69,3,1,4.33,0.077,0.0,0.0,0.0,28.1,0.583,0.0,0,0.0,0.0,35,51.03,13,4,2.69,0.086,0.0,0.0,0.057,294.68,0.471,0.0,0,34.0,0.0,22,6.34,10,3,-1.64,0.009,0.0,0.0,0.057,266.58,-0.112,0.0,0,34.0,0.0
Leo-Brd,8,16.25,1,3,8.0,0.0,0.0,0.0,0.0,13.72,0.857,0.0,0,0.0,0.0,8,16.38,4,4,2.0,0.0,0.0,0.0,0.0,1210.52,0.571,0.0,0,0.0,0.0,0,0.13,3,1,-6.0,0.0,0.0,0.0,0.0,1196.8,-0.286,0.0,0,0.0,0.0
Shararamosh,26,103.69,16,2,1.62,0.846,0.0,0.0,0.0,356.97,0.2,0.0,0,0.0,0.0,55,69.18,14,4,3.93,0.236,0.0,0.0,0.018,163.37,0.648,0.0,0,0.0,0.0,29,-34.51,-2,2,2.31,-0.61,0.0,0.0,0.018,-193.6,0.448,0.0,0,0.0,0.0
amitroy-thedev,27,19.63,3,1,9.0,0.0,0.0,0.0,0.0,15.36,0.692,0.0,0,0.0,0.0,10,25.3,3,2,3.33,0.2,0.0,0.0,0.0,561.83,0.667,0.0,0,0.0,0.0,-17,5.67,0,1,-5.67,0.2,0.0,0.0,0.0,546.47,-0.025,0.0,0,0.0,0.0
jblukach,25,9.32,15,1,1.67,0.0,0.0,0.0,0.0,495.48,0.208,0.0,0,0.0,0.0,57,7.65,16,1,3.56,0.0,0.0,0.0,0.0,320.11,0.232,0.0,0,0.0,0.0,32,-1.67,1,0,1.89,0.0,0.0,0.0,0.0,-175.37,0.024,0.0,0,0.0,0.0
Unbreathable,55,29.44,20,5,2.75,0.073,0.0,0.0,0.036,295.16,0.444,0.0,0,0.0,0.0,19,32.63,9,2,2.11,0.158,0.0,0.0,0.0,946.96,0.333,0.0,0,0.0,0.0,-36,3.19,-11,-3,-0.64,0.085,0.0,0.0,-0.036,651.8,-0.111,0.0,0,0.0,0.0
evangeliapant,9,13.22,3,2,3.0,0.0,0.0,0.0,0.0,1680.45,0.75,0.0,0,0.0,0.0,12,15.92,3,3,4.0,0.0,0.0,0.0,0.0,296.54,0.818,0.0,0,0.0,0.0,3,2.7,0,1,1.0,0.0,0.0,0.0,0.0,-1383.91,0.068,0.0,0,0.0,0.0
Aravindha-samy,33,19.94,3,5,11.0,0.0,0.0,0.0,0.0,15.07,0.625,0.0,0,0.0,0.0,14,24.29,8,3,1.75,0.0,0.0,0.0,0.0,1354.12,0.308,0.0,0,0.0,0.0,-19,4.35,5,-2,-9.25,0.0,0.0,0.0,0.0,1339.05,-0.317,0.0,0,0.0,0.0
zainanz,9,19.33,3,2,3.0,0.222,0.0,0.0,0.0,664.65,0.625,0.0,0,0.0,0.0,9,31.22,5,3,1.8,0.333,0.0,0.0,0.0,817.08,0.375,0.0,0,0.0,0.0,0,11.89,2,1,-1.2,0.111,0.0,0.0,0.0,152.43,-0.25,0.0,0,0.0,0.0
kigawa01,59,11.47,27,4,2.19,0.0,0.119,0.0,0.0,254.9,0.379,0.0,0,0.0,0.0,27,27.07,13,1,2.08,0.0,0.0,0.0,0.0,665.47,0.385,0.0,0,0.0,0.0,-32,15.6,-14,-3,-0.11,0.0,-0.119,0.0,0.0,410.57,0.006,0.0,0,0.0,0.0
desbiensa,6,21.0,3,2,2.0,0.167,0.0,0.0,0.0,951.57,0.4,0.0,0,0.0,0.0,6,26.0,1,1,6.0,0.0,0.167,0.0,0.0,0.18,1.0,0.0,0,0.0,0.0,0,5.0,-2,-1,4.0,-0.167,0.167,0.0,0.0,-951.39,0.6,0.0,0,0.0,0.0
tengomucho,7,53.0,5,1,1.4,0.286,0.286,0.0,0.0,1768.89,0.333,0.0,0,0.0,0.0,36,39.33,20,1,1.8,0.028,0.917,0.0,0.0,551.27,0.171,0.0,0,0.0,0.0,29,-13.67,15,0,0.4,-0.258,0.631,0.0,0.0,-1217.62,-0.162,0.0,0,0.0,0.0
Shr3yash,72,28.88,21,3,3.43,0.083,0.0,0.0,0.0,110.75,0.479,0.0,0,0.0,0.0,28,25.11,11,1,2.55,0.071,0.0,0.0,0.0,651.04,0.481,0.0,0,0.0,0.0,-44,-3.77,-10,-2,-0.88,-0.012,0.0,0.0,0.0,540.29,0.002,0.0,0,0.0,0.0
DanielGroeneweg,5,31.2,1,1,5.0,0.2,0.0,0.0,0.0,4.46,0.25,0.0,0,0.0,0.0,87,69.07,14,4,6.21,0.195,0.0,0.0,0.011,28.28,0.5,0.0,0,0.0,0.0,82,37.87,13,3,1.21,-0.005,0.0,0.0,0.011,23.82,0.25,0.0,0,0.0,0.0
Tienisto,42,25.79,8,2,5.25,0.0,0.452,0.0,0.0,341.62,0.732,0.0,0,0.0,0.0,18,25.44,4,1,4.5,0.0,0.611,0.0,0.0,215.04,0.647,0.0,0,0.0,0.0,-24,-0.35,-4,-1,-0.75,0.0,0.159,0.0,0.0,-126.58,-0.085,0.0,0,0.0,0.0
abhi-yo,75,21.07,20,2,3.75,0.0,0.0,0.0,0.04,113.54,0.541,0.0,0,0.0,0.0,25,18.16,14,2,1.79,0.0,0.0,0.0,0.04,509.27,0.292,0.0,0,0.0,0.0,-50,-2.91,-6,0,-1.96,0.0,0.0,0.0,0.0,395.73,-0.249,0.0,0,0.0,0.0
Mostafa-khatab,10,15.4,2,4,5.0,0.0,0.0,0.0,0.0,514.95,0.556,0.0,0,0.0,0.0,30,15.9,7,4,4.29,0.0,0.0,0.0,0.0,528.02,0.724,0.0,0,0.0,0.0,20,0.5,5,0,-0.71,0.0,0.0,0.0,0.0,13.07,0.168,0.0,0,0.0,0.0
4samsamAC,7,16.0,2,1,3.5,0.0,0.0,0.0,0.0,1063.1,0.5,0.0,0,0.0,0.0,53,85.13,11,3,4.82,0.151,0.0,0.0,0.132,334.68,0.615,0.0,0,0.0,0.0,46,69.13,9,2,1.32,0.151,0.0,0.0,0.132,-728.42,0.115,0.0,0,0.0,0.0
ftschirpke,54,393.93,16,4,3.38,0.444,0.185,0.111,0.444,181.09,0.34,0.0,0,181.42,0.632,31,49.39,14,1,2.21,0.097,0.097,0.032,0.097,592.7,0.233,0.0,0,153.62,0.719,-23,-344.54,-2,-3,-1.17,-0.347,-0.088,-0.079,-0.347,411.61,-0.107,0.0,0,-27.8,0.087
vsaengerderache,5,16.2,1,1,5.0,0.0,0.0,0.0,0.0,5.45,0.5,0.0,0,0.0,0.0,75,20.41,16,3,4.69,0.0,0.0,0.0,0.0,220.07,0.662,0.0,0,0.0,0.0,70,4.21,15,2,-0.31,0.0,0.0,0.0,0.0,214.62,0.162,0.0,0,0.0,0.0
Juahjoah,63,21.73,11,1,5.73,0.016,0.413,0.063,0.016,45.44,0.371,0.0,0,0.0,0.0,37,25.49,15,1,2.47,0.054,0.351,0.054,0.0,471.25,0.472,0.0,0,0.0,0.0,-26,3.76,4,0,-3.26,0.038,-0.062,-0.009,-0.016,425.81,0.101,0.0,0,0.0,0.0
Kou-Ro,95,16.77,21,4,4.52,0.032,0.0,0.021,0.0,114.4,0.511,0.0,0,47.71,0.143,5,18.2,2,1,2.5,0.0,0.0,0.0,0.0,1281.62,0.5,0.0,0,0.0,0.0,-90,1.43,-19,-3,-2.02,-0.032,0.0,-0.021,0.0,1167.22,-0.011,0.0,0,-47.71,-0.143
Imtiaj-Sajin,25,35.28,5,1,5.0,0.2,0.0,0.04,0.0,229.94,0.667,0.0,0,7.67,0.0,14,16.0,4,1,3.5,0.0,0.0,0.0,0.0,588.05,0.769,0.0,0,0.0,0.0,-11,-19.28,-1,0,-1.5,-0.2,0.0,-0.04,0.0,358.11,0.102,0.0,0,-7.67,0.0
shivang-16,78,14.54,11,3,7.09,0.026,0.0,0.0,0.0,50.35,0.61,0.0,0,0.0,0.0,14,27.71,8,1,1.75,0.071,0.0,0.0,0.0,1432.55,0.462,0.0,0,0.0,0.0,-64,13.17,-3,-2,-5.34,0.045,0.0,0.0,0.0,1382.2,-0.148,0.0,0,0.0,0.0
fpalomba,35,22.6,28,1,1.25,0.0,0.0,0.0,0.0,507.66,0.088,0.0,0,0.0,0.0,36,23.42,32,1,1.12,0.0,0.0,0.0,0.0,528.22,0.057,0.0,0,0.0,0.0,1,0.82,4,0,-0.13,0.0,0.0,0.0,0.0,20.56,-0.031,0.0,0,0.0,0.0
arunjot12,26,15.85,3,3,8.67,0.0,0.0,0.0,0.038,425.6,0.88,0.0,0,0.0,0.0,74,49.89,17,3,4.35,0.095,0.608,0.0,0.0,180.48,0.548,0.0,0,0.0,0.0,48,34.04,14,0,-4.32,0.095,0.608,0.0,-0.038,-245.12,-0.332,0.0,0,0.0,0.0
BioGustav,76,22.39,11,2,6.91,0.053,0.0,0.0,0.0,122.71,0.64,0.0,0,0.0,0.0,24,35.46,5,1,4.8,0.042,0.0,0.0,0.042,51.38,0.652,0.0,0,0.0,0.0,-52,13.07,-6,-1,-2.11,-0.011,0.0,0.0,0.042,-71.33,0.012,0.0,0,0.0,0.0
Oyisbe,18,64.94,2,1,9.0,0.0,0.0,0.0,0.0,20.11,0.824,0.0,0,0.0,0.0,66,66.0,16,2,4.12,0.0,0.0,0.0,0.03,196.39,0.308,0.0,0,0.0,0.0,48,1.06,14,1,-4.88,0.0,0.0,0.0,0.03,176.28,-0.516,0.0,0,0.0,0.0
miche715,20,13.7,3,5,6.67,0.0,0.0,0.0,0.0,266.29,0.632,0.0,0,0.0,0.0,80,11.62,19,1,4.21,0.0,0.0,0.0,0.0,110.04,0.076,0.0,0,0.0,0.0,60,-2.08,16,-4,-2.46,0.0,0.0,0.0,0.0,-156.25,-0.556,0.0,0,0.0,0.0
Qussong,87,22.24,12,2,7.25,0.034,0.0,0.069,0.0,78.88,0.384,0.0,0,0.0,0.0,13,12.54,2,1,6.5,0.0,0.0,0.0,0.0,100.23,0.667,0.0,0,0.0,0.0,-74,-9.7,-10,-1,-0.75,-0.034,0.0,-0.069,0.0,21.35,0.283,0.0,0,0.0,0.0
NiklasHeneka,13,33.31,2,1,6.5,0.0,0.0,0.0,0.0,225.99,0.917,0.0,0,0.0,0.0,8,15.38,4,2,2.0,0.0,0.0,0.0,0.0,1436.72,0.429,0.0,0,0.0,0.0,-5,-17.93,2,1,-4.5,0.0,0.0,0.0,0.0,1210.73,-0.488,0.0,0,0.0,0.0
Philipsite,9,23.0,3,2,3.0,0.0,0.0,0.111,0.0,288.2,0.375,0.0,0,0.0,0.0,51,42.08,8,3,6.38,0.216,0.0,0.039,0.078,233.61,0.62,0.0,0,46.33,0.667,42,19.08,5,1,3.38,0.216,0.0,-0.072,0.078,-54.59,0.245,0.0,0,46.33,0.667
Ziyu-Tian,65,13.89,12,2,5.42,0.0,0.0,0.031,0.0,147.06,0.391,0.0,0,0.0,0.0,35,17.0,9,2,3.89,0.0,0.0,0.143,0.286,227.2,0.441,0.0,0,0.0,0.0,-30,3.11,-3,0,-1.53,0.0,0.0,0.112,0.286,80.14,0.05,0.0,0,0.0,0.0
mariaonoeva,6,18.17,2,2,3.0,0.167,0.0,0.0,0.0,254.1,0.8,0.0,0,0.0,0.0,94,16.05,22,1,4.27,0.011,0.0,0.011,0.0,193.26,0.645,0.0,0,0.0,0.0,88,-2.12,20,-1,1.27,-0.156,0.0,0.011,0.0,-60.84,-0.155,0.0,0,0.0,0.0
VikSil,7,38.71,5,3,1.4,0.0,0.0,0.0,0.143,424.24,0.167,0.0,0,0.0,0.0,93,37.39,15,3,6.2,0.011,0.0,0.0,0.753,141.42,0.424,0.0,0,0.0,0.0,86,-1.32,10,0,4.8,0.011,0.0,0.0,0.61,-282.82,0.257,0.0,0,0.0,0.0
Prasanth595,12,17.17,4,3,3.0,0.0,0.0,0.083,0.0,1011.29,0.636,0.0,0,0.0,0.0,7,16.0,3,1,2.33,0.0,0.0,0.0,0.0,3236.77,0.667,0.0,0,0.0,0.0,-5,-1.17,-1,-2,-0.67,0.0,0.0,-0.083,0.0,2225.48,0.031,0.0,0,0.0,0.0
edtearSs,44,63.02,3,2,14.67,0.0,0.0,0.045,0.023,13.41,0.674,0.0,0,0.0,0.0,56,39.02,4,3,14.0,0.036,0.0,0.071,0.0,131.85,0.818,0.0,0,0.0,0.0,12,-24.0,1,1,-0.67,0.036,0.0,0.026,-0.023,118.44,0.144,0.0,0,0.0,0.0
ph-han,24,16.42,10,2,2.4,0.0,0.0,0.0,0.0,254.32,0.522,0.0,0,0.0,0.0,76,15.24,21,2,3.62,0.0,0.039,0.0,0.013,210.79,0.373,0.0,0,0.0,0.0,52,-1.18,11,0,1.22,0.0,0.039,0.0,0.013,-43.53,-0.149,0.0,0,0.0,0.0
Xianhuii,52,14.5,15,4,3.47,0.0,0.0,0.0,0.0,298.26,0.431,0.0,0,0.0,0.0,19,12.11,1,1,19.0,0.0,0.0,0.0,0.0,0.49,0.889,0.0,0,0.0,0.0,-33,-2.39,-14,-3,15.53,0.0,0.0,0.0,0.0,-297.77,0.458,0.0,0,0.0,0.0
teemuja,19,10.42,3,1,6.33,0.0,0.0,0.0,0.0,45.18,0.667,0.0,0,0.0,0.0,81,24.01,20,2,4.05,0.333,0.0,0.012,0.0,185.28,0.6,0.0,0,0.0,0.0,62,13.59,17,1,-2.28,0.333,0.0,0.012,0.0,140.1,-0.067,0.0,0,0.0,0.0
gsistelos,76,27.34,13,2,5.85,0.0,0.303,0.053,0.013,81.87,0.587,0.0,0,0.0,0.0,24,17.75,4,1,6.0,0.0,0.375,0.0,0.0,50.54,0.609,0.0,0,0.0,0.0,-52,-9.59,-9,-1,0.15,0.0,0.072,-0.053,-0.013,-31.33,0.022,0.0,0,0.0,0.0
henriquecastror,34,9.82,7,1,4.86,0.0,0.0,0.0,0.0,206.62,0.727,0.0,0,0.0,0.0,22,23.27,1,1,22.0,0.0,0.0,0.0,0.0,0.0,1.0,0.0,0,0.0,0.0,-12,13.45,-6,0,17.14,0.0,0.0,0.0,0.0,-206.62,0.273,0.0,0,0.0,0.0
saeol0415,11,20.09,3,3,3.67,0.0,0.0,0.0,0.0,600.61,0.8,0.0,0,0.0,0.0,10,20.8,3,3,3.33,0.0,0.0,0.0,0.0,558.11,0.667,0.0,0,0.0,0.0,-1,0.71,0,0,-0.34,0.0,0.0,0.0,0.0,-42.5,-0.133,0.0,0,0.0,0.0
crazy-max,7,100.57,3,1,2.33,1.0,0.0,0.286,0.0,1919.83,0.5,0.0,0,4.4,0.0,18,79.22,3,1,6.0,0.611,0.111,0.111,0.0,26.6,0.941,0.0,0,0.0,0.0,11,-21.35,0,0,3.67,-0.389,0.111,-0.175,0.0,-1893.23,0.441,0.0,0,-4.4,0.0
Evanchauffour,54,16.69,5,4,10.8,0.019,0.0,0.019,0.0,38.11,0.453,0.0,0,0.0,0.0,8,10.62,3,1,2.67,0.0,0.0,0.0,0.0,447.03,0.714,0.0,0,0.0,0.0,-46,-6.07,-2,-3,-8.13,-0.019,0.0,-0.019,0.0,408.92,0.261,0.0,0,0.0,0.0
mohamed-044,9,23.67,1,1,9.0,0.333,0.0,0.0,0.0,8.57,0.875,0.0,0,0.0,0.0,30,38.67,11,4,2.73,0.033,0.0,0.0,0.0,249.76,0.414,0.0,0,0.0,0.0,21,15.0,10,3,-6.27,-0.3,0.0,0.0,0.0,241.19,-0.461,0.0,0,0.0,0.0
imzeric,41,15.37,3,1,13.67,0.0,0.0,0.0,0.0,36.85,0.8,0.0,0,0.0,0.0,59,15.0,4,1,14.75,0.0,0.0,0.0,0.0,158.4,0.862,0.0,0,0.0,0.0,18,-0.37,1,0,1.08,0.0,0.0,0.0,0.0,121.55,0.062,0.0,0,0.0,0.0
babaicode,21,22.67,4,3,5.25,0.143,0.0,0.0,0.0,403.33,0.6,0.0,0,0.0,0.0,9,18.22,5,1,1.8,0.0,0.0,0.0,0.0,984.3,0.375,0.0,0,0.0,0.0,-12,-4.45,1,-2,-3.45,-0.143,0.0,0.0,0.0,580.97,-0.225,0.0,0,0.0,0.0
George-Anagnostou,18,19.28,4,1,4.5,0.0,0.0,0.0,0.0,36.83,0.588,0.0,0,0.0,0.0,28,37.04,7,2,4.0,0.321,0.0,0.0,0.0,728.37,0.556,0.0,0,6.33,0.111,10,17.76,3,1,-0.5,0.321,0.0,0.0,0.0,691.54,-0.032,0.0,0,6.33,0.111
fffinkel,24,57.75,6,2,4.0,0.25,0.0,0.208,0.0,360.02,0.609,0.0,0,0.0,0.0,21,32.81,8,2,2.62,0.095,0.0,0.048,0.0,646.81,0.55,0.0,0,0.0,0.0,-3,-24.94,2,0,-1.38,-0.155,0.0,-0.16,0.0,286.79,-0.059,0.0,0,0.0,0.0
Mejtus1,80,23.11,12,4,6.67,0.0,0.0,0.013,0.025,41.61,0.494,0.0,0,0.0,0.0,20,20.85,8,1,2.5,0.0,0.0,0.0,0.0,96.39,0.053,0.0,0,0.0,0.0,-60,-2.26,-4,-3,-4.17,0.0,0.0,-0.013,-0.025,54.78,-0.441,0.0,0,0.0,0.0
wellwelwel,87,24.13,5,1,17.4,0.023,0.0,0.08,0.0,41.09,0.895,0.0,0,202.43,0.571,13,19.54,1,1,13.0,0.0,0.462,0.0,0.0,0.35,0.917,0.0,0,0.0,0.0,-74,-4.59,-4,0,-4.4,-0.023,0.462,-0.08,0.0,-40.74,0.022,0.0,0,-202.43,-0.571
Angryaman007,6,25.83,1,1,6.0,0.0,0.0,0.0,0.0,0.05,1.0,0.0,0,0.0,0.0,94,12.45,16,2,5.88,0.0,0.0,0.0,0.0,124.55,0.462,0.0,0,0.0,0.0,88,-13.38,15,1,-0.12,0.0,0.0,0.0,0.0,124.5,-0.538,0.0,0,0.0,0.0
nue-os,29,74.21,7,2,4.14,0.276,0.0,0.0,0.0,328.04,0.714,0.0,0,0.0,0.0,9,13.56,5,2,1.8,0.0,0.0,0.0,0.0,1216.23,0.375,0.0,0,0.0,0.0,-20,-60.65,-2,0,-2.34,-0.276,0.0,0.0,0.0,888.19,-0.339,0.0,0,0.0,0.0
harrymaynard,5,78.4,2,1,2.5,0.6,0.0,0.0,0.0,48.64,0.75,0.0,0,0.0,0.0,83,93.13,20,2,4.15,0.458,0.205,0.06,0.048,198.89,0.598,0.0,0,38.58,0.129,78,14.73,18,1,1.65,-0.142,0.205,0.06,0.048,150.25,-0.152,0.0,0,38.58,0.129
abrr-fhyz,11,23.73,3,3,3.67,0.091,0.0,0.0,0.0,370.56,0.7,0.0,0,0.0,0.0,89,19.52,30,4,2.97,0.011,0.0,0.0,0.0,211.1,0.568,0.0,0,0.0,0.0,78,-4.21,27,1,-0.7,-0.08,0.0,0.0,0.0,-159.46,-0.132,0.0,0,0.0,0.0
naneps,70,17.07,14,1,5.0,0.014,0.0,0.0,0.0,165.77,0.652,0.0,0,0.0,0.0,30,33.83,8,1,3.75,0.0,0.0,0.0,0.0,271.25,0.414,0.0,0,0.0,0.0,-40,16.76,-6,0,-1.25,-0.014,0.0,0.0,0.0,105.48,-0.238,0.0,0,0.0,0.0
ejeonghun,37,20.57,9,4,4.11,0.162,0.0,0.0,0.0,106.14,0.556,0.0,0,0.0,0.0,13,18.85,6,3,2.17,0.0,0.0,0.0,0.0,1206.25,0.5,0.0,0,0.0,0.0,-24,-1.72,-3,-1,-1.94,-0.162,0.0,0.0,0.0,1100.11,-0.056,0.0,0,0.0,0.0
TheRABU,18,18.33,4,5,4.5,0.056,0.0,0.0,0.0,711.46,0.588,0.0,0,0.0,0.0,9,20.56,6,1,1.5,0.0,0.0,0.0,0.0,2178.01,0.375,0.0,0,0.0,0.0,-9,2.23,2,-4,-3.0,-0.056,0.0,0.0,0.0,1466.55,-0.213,0.0,0,0.0,0.0
khapu2906,31,56.65,9,3,3.44,0.484,0.0,0.0,0.0,447.01,0.633,0.0,0,13.33,0.167,19,16.0,8,1,2.38,0.0,0.0,0.0,0.0,514.56,0.556,0.0,0,0.0,0.0,-12,-40.65,-1,-2,-1.06,-0.484,0.0,0.0,0.0,67.55,-0.077,0.0,0,-13.33,-0.167
AlexanderNeo427,22,48.23,3,1,7.33,0.091,0.0,0.0,0.0,11.63,0.476,0.0,0,0.0,0.0,11,16.0,1,4,11.0,0.0,0.0,0.0,0.0,0.69,0.9,0.0,0,0.0,0.0,-11,-32.23,-2,3,3.67,-0.091,0.0,0.0,0.0,-10.94,0.424,0.0,0,0.0,0.0
LHNB521,42,9.52,12,4,3.5,0.0,0.0,0.0,0.0,247.45,0.585,0.0,0,0.0,0.0,20,26.05,6,2,3.33,0.15,0.0,0.0,0.0,776.67,0.632,0.0,0,0.0,0.0,-22,16.53,-6,-2,-0.17,0.15,0.0,0.0,0.0,529.22,0.047,0.0,0,0.0,0.0
dannguyenmessi1705,17,22.0,7,3,2.43,0.353,0.0,0.0,0.0,127.41,0.5,0.0,0,3.0,0.0,46,54.78,16,4,2.88,0.587,0.022,0.022,0.0,80.69,0.156,0.0,0,0.0,0.0,29,32.78,9,1,0.45,0.234,0.022,0.022,0.0,-46.72,-0.344,0.0,0,-3.0,0.0
sergey-dryabzhinsky,16,118.69,7,1,2.29,1.0,0.0,0.0,0.312,675.21,0.4,0.0,0,27.07,0.143,61,54.13,9,1,6.78,0.459,0.0,0.082,0.033,130.82,0.733,0.0,0,8.53,0.0,45,-64.56,2,0,4.49,-0.541,0.0,0.082,-0.279,-544.39,0.333,0.0,0,-18.54,-0.143
shashikant190,95,19.04,10,5,9.5,0.0,0.0,0.0,0.011,25.93,0.755,0.0,0,0.0,0.0,5,16.0,2,1,2.5,0.0,0.0,0.0,0.0,2335.38,0.75,0.0,0,0.0,0.0,-90,-3.04,-8,-4,-7.0,0.0,0.0,0.0,-0.011,2309.45,-0.005,0.0,0,0.0,0.0
RasmusMEA,5,29.0,3,1,1.67,0.0,0.0,0.0,0.0,393.15,0.5,0.0,0,0.0,0.0,28,40.43,10,2,2.8,0.071,0.0,0.0,0.036,345.26,0.37,0.0,0,0.0,0.0,23,11.43,7,1,1.13,0.071,0.0,0.0,0.036,-47.89,-0.13,0.0,0,0.0,0.0
PatrykKucia,19,31.84,2,1,9.5,0.0,0.0,0.0,0.105,11.01,0.889,0.0,0,0.0,0.0,66,38.15,10,5,6.6,0.0,0.0,0.015,0.0,43.2,0.615,0.0,0,0.0,0.0,47,6.31,8,4,-2.9,0.0,0.0,0.015,-0.105,32.19,-0.274,0.0,0,0.0,0.0
zeffo,29,27.34,12,4,2.42,0.138,0.31,0.0,0.0,272.5,0.429,0.0,0,212.0,0.5,11,22.91,4,1,2.75,0.091,0.727,0.0,0.0,1942.52,0.7,0.0,0,0.0,0.0,-18,-4.43,-8,-3,0.33,-0.047,0.417,0.0,0.0,1670.02,0.271,0.0,0,-212.0,-0.5
Bsktrrl,6,26.0,1,3,6.0,0.0,0.0,0.0,0.0,0.47,1.0,0.0,0,0.0,0.0,37,16.0,2,4,18.5,0.0,0.0,0.0,0.0,3.86,0.944,0.0,0,0.0,0.0,31,-10.0,1,1,12.5,0.0,0.0,0.0,0.0,3.39,-0.056,0.0,0,0.0,0.0
sohamch08,74,7.85,29,2,2.55,0.014,0.0,0.0,0.0,77.95,0.301,0.0,0,0.0,0.0,26,15.23,16,2,1.62,0.038,0.0,0.0,0.0,752.86,0.36,0.0,0,0.0,0.0,-48,7.38,-13,0,-0.93,0.024,0.0,0.0,0.0,674.91,0.059,0.0,0,0.0,0.0
cjh-19,78,37.38,9,1,8.67,0.59,0.0,0.038,0.013,29.0,0.584,0.0,0,83.35,0.35,22,4.95,7,1,3.14,0.0,0.0,0.0,0.0,181.74,0.286,0.0,0,0.0,0.0,-56,-32.43,-2,0,-5.53,-0.59,0.0,-0.038,-0.013,152.74,-0.298,0.0,0,-83.35,-0.35
borneelphukan,14,15.71,4,2,3.5,0.0,0.0,0.0,0.0,907.2,0.692,0.0,0,0.0,0.0,34,28.97,5,1,6.8,0.029,0.0,0.0,0.029,17.65,0.515,0.0,0,0.0,0.0,20,13.26,1,-1,3.3,0.029,0.0,0.0,0.029,-889.55,-0.177,0.0,0,0.0,0.0
EGROENE,45,16.0,11,3,4.09,0.0,0.0,0.0,0.0,358.11,0.659,0.0,0,0.0,0.0,35,16.0,13,1,2.69,0.0,0.0,0.0,0.0,495.08,0.559,0.0,0,0.0,0.0,-10,0.0,2,-2,-1.4,0.0,0.0,0.0,0.0,136.97,-0.1,0.0,0,0.0,0.0
100nandoo,10,26.4,8,2,1.25,0.1,0.0,0.0,0.0,1675.44,0.222,0.0,0,886.67,0.667,30,32.8,11,3,2.73,0.067,0.033,0.0,0.0,499.55,0.621,0.0,0,0.0,0.0,20,6.4,3,1,1.48,-0.033,0.033,0.0,0.0,-1175.89,0.399,0.0,0,-886.67,-0.667
Sumithra49,19,16.89,4,5,4.75,0.0,0.0,0.0,0.0,119.97,0.722,0.0,0,0.0,0.0,28,16.0,4,1,7.0,0.0,0.0,0.0,0.0,409.51,0.889,0.0,0,0.0,0.0,9,-0.89,0,-4,2.25,0.0,0.0,0.0,0.0,289.54,0.167,0.0,0,0.0,0.0
Seol-JY,38,15.29,11,5,3.45,0.026,0.0,0.0,0.0,397.79,0.568,0.0,0,0.0,0.0,61,20.39,30,1,2.03,0.033,0.0,0.0,0.0,301.84,0.333,0.0,0,0.0,0.0,23,5.1,19,-4,-1.42,0.007,0.0,0.0,0.0,-95.95,-0.235,0.0,0,0.0,0.0
FrancescoMaca,11,16.91,2,4,5.5,0.0,0.0,0.0,0.0,32.75,0.9,0.0,0,0.0,0.0,22,32.05,4,4,5.5,0.136,0.0,0.0,0.0,383.96,0.857,0.0,0,0.0,0.0,11,15.14,2,0,0.0,0.136,0.0,0.0,0.0,351.21,-0.043,0.0,0,0.0,0.0
Obimbo07,54,18.5,7,4,7.71,0.093,0.0,0.0,0.0,96.94,0.66,0.0,0,57.47,0.526,46,24.63,6,1,7.67,0.109,0.0,0.022,0.0,16.54,0.578,0.0,0,103.25,0.75,-8,6.13,-1,-3,-0.04,0.016,0.0,0.022,0.0,-80.4,-0.082,0.0,0,45.78,0.224
LinaYorda,37,17.86,10,4,3.7,0.054,0.0,0.0,0.0,421.08,0.361,0.0,0,0.0,0.0,5,25.2,4,3,1.25,0.2,0.0,0.0,0.0,1365.4,0.25,0.0,0,0.0,0.0,-32,7.34,-6,-1,-2.45,0.146,0.0,0.0,0.0,944.32,-0.111,0.0,0,0.0,0.0
akhilkailas017,29,23.83,6,1,4.83,0.0,0.0,0.0,0.0,194.28,0.786,0.0,0,0.0,0.0,45,27.69,15,1,3.0,0.089,0.0,0.0,0.0,342.59,0.591,0.0,0,0.0,0.0,16,3.86,9,0,-1.83,0.089,0.0,0.0,0.0,148.31,-0.195,0.0,0,0.0,0.0
swapnilsachan03,31,33.61,17,5,1.82,0.097,0.0,0.0,0.0,256.81,0.333,0.0,0,53.0,0.667,21,42.29,13,3,1.62,0.19,0.095,0.0,0.0,789.59,0.3,0.0,0,0.0,0.0,-10,8.68,-4,-2,-0.2,0.093,0.095,0.0,0.0,532.78,-0.033,0.0,0,-53.0,-0.667
janfri,11,39.0,2,1,5.5,0.182,0.0,0.091,0.0,185.0,0.9,0.0,0,57.0,1.0,23,37.26,5,1,4.6,0.13,0.0,0.0,0.0,320.69,0.773,0.0,0,0.0,0.0,12,-1.74,3,0,-0.9,-0.052,0.0,-0.091,0.0,135.69,-0.127,0.0,0,-57.0,-1.0
rehmpke,7,34.43,2,1,3.5,0.0,0.0,0.0,0.0,30.91,0.667,0.0,0,0.0,0.0,12,39.25,1,1,12.0,0.0,0.667,0.0,0.0,0.5,0.909,0.0,0,0.0,0.0,5,4.82,-1,0,8.5,0.0,0.667,0.0,0.0,-30.41,0.242,0.0,0,0.0,0.0
Hucxy,5,26.0,2,1,2.5,0.2,0.0,0.0,0.0,84.65,0.5,0.0,0,0.0,0.0,44,26.86,12,4,3.67,0.182,0.0,0.0,0.0,169.17,0.395,0.0,0,0.0,0.0,39,0.86,10,3,1.17,-0.018,0.0,0.0,0.0,84.52,-0.105,0.0,0,0.0,0.0
timohubois,37,40.97,12,1,3.08,0.0,0.973,0.0,0.0,150.32,0.528,0.0,0,0.0,0.0,47,66.81,11,1,4.27,0.064,0.957,0.0,0.021,351.59,0.739,0.0,0,0.0,0.0,10,25.84,-1,0,1.19,0.064,-0.016,0.0,0.021,201.27,0.211,0.0,0,0.0,0.0
Marcus1506,72,55.62,5,3,14.4,0.236,0.0,0.028,0.083,104.68,0.634,0.0,0,0.0,0.0,17,76.76,3,1,5.67,0.176,0.0,0.059,0.118,30.56,0.312,0.0,0,0.0,0.0,-55,21.14,-2,-2,-8.73,-0.06,0.0,0.031,0.035,-74.12,-0.322,0.0,0,0.0,0.0
sevenTiny,10,28.8,2,1,5.0,0.0,0.0,0.0,0.0,10.08,0.667,0.0,0,0.0,0.0,5,14.4,2,1,2.5,0.0,0.0,0.0,0.0,28.93,0.0,0.0,0,0.0,0.0,-5,-14.4,0,0,-2.5,0.0,0.0,0.0,0.0,18.85,-0.667,0.0,0,0.0,0.0
futsuuu,17,35.12,7,1,2.43,0.0,0.118,0.0,0.0,71.53,0.562,0.0,0,0.0,0.0,83,26.81,27,1,3.07,0.012,0.0,0.0,0.0,113.9,0.451,0.0,0,0.0,0.0,66,-8.31,20,0,0.64,0.012,-0.118,0.0,0.0,42.37,-0.111,0.0,0,0.0,0.0
JavierJAG,7,16.57,1,2,7.0,0.0,0.0,0.0,0.0,0.17,1.0,0.0,0,0.0,0.0,5,16.6,1,2,5.0,0.0,0.0,0.0,0.0,9.56,0.5,0.0,0,0.0,0.0,-2,0.03,0,0,-2.0,0.0,0.0,0.0,0.0,9.39,-0.5,0.0,0,0.0,0.0
Deshad,18,21.83,2,1,9.0,0.167,0.0,0.0,0.0,12.77,0.882,0.0,0,0.0,0.0,14,16.43,2,4,7.0,0.0,0.0,0.0,0.0,20.21,0.769,0.0,0,0.0,0.0,-4,-5.4,0,3,-2.0,-0.167,0.0,0.0,0.0,7.44,-0.113,0.0,0,0.0,0.0
baxthus,12,19.33,6,2,2.0,0.083,0.0,0.0,0.0,194.09,0.364,0.0,0,0.0,0.0,88,31.34,19,4,4.63,0.011,0.67,0.0,0.0,172.96,0.402,0.0,0,36.0,0.0,76,12.01,13,2,2.63,-0.072,0.67,0.0,0.0,-21.13,0.038,0.0,0,36.0,0.0
llipengda,69,20.09,18,1,3.83,0.0,0.0,0.101,0.029,57.21,0.294,0.0,0,0.0,0.0,31,8.32,17,1,1.82,0.0,0.0,0.0,0.0,430.74,0.1,0.0,0,0.0,0.0,-38,-11.77,-1,0,-2.01,0.0,0.0,-0.101,-0.029,373.53,-0.194,0.0,0,0.0,0.0
chiscookeke11,5,16.4,2,3,2.5,0.0,0.0,0.0,0.0,156.88,0.75,0.0,0,0.0,0.0,25,16.12,15,3,1.67,0.0,0.0,0.0,0.0,661.27,0.375,0.0,0,0.0,0.0,20,-0.28,13,0,-0.83,0.0,0.0,0.0,0.0,504.39,-0.375,0.0,0,0.0,0.0
Krusty93,9,33.67,7,3,1.29,0.444,0.0,0.0,0.0,1729.87,0.25,0.0,0,0.0,0.0,9,51.67,4,4,2.25,0.222,0.0,0.0,0.0,2319.56,0.625,0.0,0,0.0,0.0,0,18.0,-3,1,0.96,-0.222,0.0,0.0,0.0,589.69,0.375,0.0,0,0.0,0.0
mabdn,51,31.1,4,1,12.75,0.0,0.0,0.118,0.0,8.31,0.58,0.0,0,0.0,0.0,49,45.43,13,3,3.77,0.265,0.0,0.102,0.0,331.64,0.625,0.0,0,68.67,0.25,-2,14.33,9,2,-8.98,0.265,0.0,-0.016,0.0,323.33,0.045,0.0,0,68.67,0.25
SHaiderM16,43,24.49,6,3,7.17,0.0,0.0,0.0,0.0,216.44,0.857,0.0,0,0.0,0.0,57,48.81,6,3,9.5,0.0,0.018,0.035,0.0,229.28,0.875,0.0,0,0.0,0.0,14,24.32,0,0,2.33,0.0,0.018,0.035,0.0,12.84,0.018,0.0,0,0.0,0.0
dnlgsv,38,19.68,4,2,9.5,0.132,0.0,0.0,0.0,79.11,0.838,0.0,0,6.2,0.0,7,16.0,1,1,7.0,0.0,0.0,0.0,0.0,8.38,0.833,0.0,0,0.0,0.0,-31,-3.68,-3,-1,-2.5,-0.132,0.0,0.0,0.0,-70.73,-0.005,0.0,0,-6.2,0.0
LeimLarissa,65,18.83,15,2,4.33,0.0,0.0,0.0,0.0,106.09,0.453,0.0,0,0.0,0.0,12,18.42,2,2,6.0,0.0,0.0,0.25,0.0,576.09,0.818,0.0,0,0.0,0.0,-53,-0.41,-13,0,1.67,0.0,0.0,0.25,0.0,470.0,0.365,0.0,0,0.0,0.0
KeaganKozlowski,6,17.17,3,2,2.0,0.0,0.0,0.0,0.0,955.84,0.4,0.0,0,0.0,0.0,8,17.62,6,3,1.33,0.0,0.0,0.0,0.0,1735.79,0.0,0.0,0,0.0,0.0,2,0.45,3,1,-0.67,0.0,0.0,0.0,0.0,779.95,-0.4,0.0,0,0.0,0.0
Virenbar,24,24.25,9,3,2.67,0.292,0.0,0.0,0.0,466.86,0.304,0.0,0,0.0,0.0,60,87.88,32,2,1.88,0.75,0.133,0.0,0.0,325.78,0.407,0.0,0,0.0,0.0,36,63.63,23,-1,-0.79,0.458,0.133,0.0,0.0,-141.08,0.103,0.0,0,0.0,0.0
LunaStev,37,13.86,6,2,6.17,0.0,0.0,0.054,0.0,159.34,0.806,0.0,0,0.0,0.0,63,18.52,27,1,2.33,0.032,0.0,0.0,0.0,280.09,0.403,0.0,0,0.0,0.0,26,4.66,21,-1,-3.84,0.032,0.0,-0.054,0.0,120.75,-0.403,0.0,0,0.0,0.0
IceDefcon,10,31.7,4,2,2.5,0.1,0.0,0.0,0.0,1115.22,0.556,0.0,0,0.0,0.0,65,46.03,13,1,5.0,0.246,0.0,0.0,0.0,34.83,0.469,0.0,0,0.0,0.0,55,14.33,9,-1,2.5,0.146,0.0,0.0,0.0,-1080.39,-0.087,0.0,0,0.0,0.0
gustavo-bozzano,28,19.36,4,5,7.0,0.107,0.0,0.0,0.0,42.35,0.704,0.0,0,0.0,0.0,6,11.17,1,1,6.0,0.0,0.0,0.0,0.0,0.63,0.8,0.0,0,0.0,0.0,-22,-8.19,-3,-4,-1.0,-0.107,0.0,0.0,0.0,-41.72,0.096,0.0,0,0.0,0.0
marjoncajocon,17,21.71,1,1,17.0,0.0,0.0,0.0,0.0,6.19,0.375,0.0,0,0.0,0.0,83,29.34,19,3,4.37,0.133,0.0,0.0,0.0,242.35,0.549,0.0,0,2.61,0.018,66,7.63,18,2,-12.63,0.133,0.0,0.0,0.0,236.16,0.174,0.0,0,2.61,0.018
skdejong,33,26.18,13,4,2.54,0.152,0.0,0.0,0.0,357.16,0.406,0.0,0,0.0,0.0,26,19.5,7,1,3.71,0.0,0.0,0.0,0.0,162.52,0.68,0.0,0,0.0,0.0,-7,-6.68,-6,-3,1.17,-0.152,0.0,0.0,0.0,-194.64,0.274,0.0,0,0.0,0.0
therealfilko,46,25.5,16,4,2.88,0.0,0.0,0.022,0.0,234.68,0.4,0.0,0,0.0,0.0,25,33.6,14,1,1.79,0.04,0.24,0.0,0.0,788.88,0.25,0.0,0,0.0,0.0,-21,8.1,-2,-3,-1.09,0.04,0.24,-0.022,0.0,554.2,-0.15,0.0,0,0.0,0.0
aefdz,5,50.4,2,2,2.5,0.6,0.0,0.0,0.0,1804.75,0.5,0.0,0,0.0,0.0,6,89.0,3,1,2.0,0.333,0.0,0.0,0.167,346.66,0.2,0.0,0,0.0,0.0,1,38.6,1,-1,-0.5,-0.267,0.0,0.0,0.167,-1458.09,-0.3,0.0,0,0.0,0.0
FloofyPlasma,37,17.84,5,3,7.4,0.0,0.0,0.0,0.0,373.13,0.833,0.0,0,0.0,0.0,23,24.26,13,1,1.77,0.087,0.0,0.0,0.0,709.09,0.364,0.0,0,0.0,0.0,-14,6.42,8,-2,-5.63,0.087,0.0,0.0,0.0,335.96,-0.469,0.0,0,0.0,0.0
erkuysal,31,32.48,7,1,4.43,0.0,0.0,0.032,0.0,39.83,0.233,0.0,0,0.0,0.0,24,27.17,5,4,4.8,0.0,0.0,0.042,0.0,183.06,0.696,0.0,0,0.0,0.0,-7,-5.31,-2,3,0.37,0.0,0.0,0.01,0.0,143.23,0.463,0.0,0,0.0,0.0
nwrenger,95,31.66,9,1,10.56,0.0,0.0,0.0,0.0,24.85,0.798,0.0,0,32.0,0.0,5,30.6,3,1,1.67,0.0,0.2,0.0,0.0,3624.72,0.5,0.0,0,0.0,0.0,-90,-1.06,-6,0,-8.89,0.0,0.2,0.0,0.0,3599.87,-0.298,0.0,0,-32.0,0.0
vandalit,5,18.8,2,3,2.5,0.4,0.0,0.0,0.0,920.69,0.75,0.0,0,0.0,0.0,18,189.89,5,1,3.6,0.333,0.0,0.0,0.056,840.13,0.706,0.0,0,0.0,0.0,13,171.09,3,-2,1.1,-0.067,0.0,0.0,0.056,-80.56,-0.044,0.0,0,0.0,0.0
JaidenAGrimminck,11,16.55,7,5,1.57,0.0,0.0,0.0,0.0,1092.35,0.3,0.0,0,0.0,0.0,19,20.58,16,3,1.19,0.053,0.0,0.0,0.0,1061.3,0.111,0.0,0,0.0,0.0,8,4.03,9,-2,-0.38,0.053,0.0,0.0,0.0,-31.05,-0.189,0.0,0,0.0,0.0
youngconnorr,25,19.48,4,2,6.25,0.0,0.0,0.0,0.0,18.19,0.5,0.0,0,0.0,0.0,25,22.84,8,4,3.12,0.0,0.0,0.0,0.0,419.81,0.625,0.0,0,0.0,0.0,0,3.36,4,2,-3.13,0.0,0.0,0.0,0.0,401.62,0.125,0.0,0,0.0,0.0
navid9696,82,34.38,9,1,9.11,0.0,0.0,0.195,0.0,23.75,0.444,0.0,0,0.0,0.0,18,33.83,5,1,3.6,0.056,0.0,0.0,0.0,1173.08,0.588,0.0,0,0.0,0.0,-64,-0.55,-4,0,-5.51,0.056,0.0,-0.195,0.0,1149.33,0.144,0.0,0,0.0,0.0
arrudax,42,29.12,5,3,8.4,0.0,0.333,0.0,0.0,129.43,0.78,0.0,0,0.0,0.0,30,32.83,7,5,4.29,0.133,0.033,0.0,0.0,497.91,0.793,0.0,0,0.0,0.0,-12,3.71,2,2,-4.11,0.133,-0.3,0.0,0.0,368.48,0.013,0.0,0,0.0,0.0
foxminchan,95,27.99,3,2,31.67,0.084,0.842,0.0,0.0,66.99,0.713,0.0,0,1508.33,1.0,5,16.6,4,1,1.25,0.0,0.0,0.0,0.0,1200.61,0.25,0.0,0,0.0,0.0,-90,-11.39,1,-1,-30.42,-0.084,-0.842,0.0,0.0,1133.62,-0.463,0.0,0,-1508.33,-1.0
mikaelsundell,57,44.82,13,1,4.38,0.281,0.0,0.0,0.035,150.8,0.554,0.0,0,0.0,0.0,43,49.02,18,1,2.39,0.209,0.0,0.023,0.0,479.73,0.262,0.0,0,0.0,0.0,-14,4.2,5,0,-1.99,-0.072,0.0,0.023,-0.035,328.93,-0.292,0.0,0,0.0,0.0
JINU-CHANG,34,14.74,10,4,3.4,0.0,0.0,0.0,0.0,342.67,0.667,0.0,0,0.0,0.0,10,16.0,4,1,2.5,0.0,0.0,0.0,0.0,1516.68,0.444,0.0,0,0.0,0.0,-24,1.26,-6,-3,-0.9,0.0,0.0,0.0,0.0,1174.01,-0.223,0.0,0,0.0,0.0
ambersariya,29,101.03,5,1,5.8,0.517,0.414,0.069,0.0,132.0,0.786,0.0,0,9.14,0.143,13,35.85,3,1,4.33,0.308,0.308,0.154,0.154,507.5,0.667,0.0,0,0.0,0.0,-16,-65.18,-2,0,-1.47,-0.209,-0.106,0.085,0.154,375.5,-0.119,0.0,0,-9.14,-0.143
moritzsyl,13,39.08,2,1,6.5,0.077,0.0,0.077,0.0,3.54,0.583,0.0,0,0.0,0.0,32,35.03,12,4,2.67,0.0,0.0,0.031,0.0,314.83,0.581,0.0,0,0.0,0.0,19,-4.05,10,3,-3.83,-0.077,0.0,-0.046,0.0,311.29,-0.002,0.0,0,0.0,0.0
Allmight-456,28,19.29,6,1,4.67,0.0,0.0,0.0,0.0,86.22,0.704,0.0,0,0.0,0.0,72,34.89,17,2,4.24,0.028,0.0,0.0,0.0,177.12,0.718,0.0,0,0.0,0.0,44,15.6,11,1,-0.43,0.028,0.0,0.0,0.0,90.9,0.014,0.0,0,0.0,0.0
cyyever,10,9.1,4,1,2.5,0.0,0.0,0.1,0.0,525.76,0.444,0.0,0,0.0,0.0,9,13.67,5,1,1.8,0.111,0.0,0.0,0.0,1796.19,0.5,0.0,0,0.0,0.0,-1,4.57,1,0,-0.7,0.111,0.0,-0.1,0.0,1270.43,0.056,0.0,0,0.0,0.0
jcpitre,38,24.29,3,1,12.67,0.079,0.0,0.105,0.0,23.03,0.919,0.0,0,112.57,0.143,9,16.78,2,2,4.5,0.0,0.0,0.111,0.0,80.87,0.875,0.0,0,0.0,0.0,-29,-7.51,-1,1,-8.17,-0.079,0.0,0.006,0.0,57.84,-0.044,0.0,0,-112.57,-0.143
ianjon3s,23,53.09,12,1,1.92,0.696,0.0,0.087,0.0,756.17,0.455,0.0,0,0.0,0.0,9,47.11,3,1,3.0,0.444,0.0,0.0,0.0,62.52,0.75,0.0,0,0.0,0.0,-14,-5.98,-9,0,1.08,-0.252,0.0,-0.087,0.0,-693.65,0.295,0.0,0,0.0,0.0
AbbyBoehm,11,32.45,7,1,1.57,0.0,0.0,0.0,0.0,780.21,0.2,0.0,0,0.0,0.0,89,26.46,10,3,8.9,0.022,0.0,0.011,0.0,131.67,0.818,0.0,0,0.0,0.0,78,-5.99,3,2,7.33,0.022,0.0,0.011,0.0,-648.54,0.618,0.0,0,0.0,0.0
MathNya,60,81.82,27,1,2.22,0.917,0.0,0.033,0.0,284.15,0.339,0.0,0,0.0,0.0,9,90.11,6,1,1.5,1.0,0.0,0.0,0.0,2347.18,0.25,0.0,0,22.0,0.25,-51,8.29,-21,0,-0.72,0.083,0.0,-0.033,0.0,2063.03,-0.089,0.0,0,22.0,0.25
ArchitAnant,17,26.24,4,3,4.25,0.0,0.0,0.0,0.0,515.11,0.75,0.0,0,0.0,0.0,13,22.54,5,1,2.6,0.0,0.0,0.0,0.0,163.19,0.167,0.0,0,0.0,0.0,-4,-3.7,1,-2,-1.65,0.0,0.0,0.0,0.0,-351.92,-0.583,0.0,0,0.0,0.0
Hexton09,89,18.7,9,4,9.89,0.034,0.0,0.011,0.0,54.5,0.761,0.0,0,9.5,0.0,11,14.64,8,2,1.38,0.0,0.0,0.0,0.0,1020.93,0.2,0.0,0,0.0,0.0,-78,-4.06,-1,-2,-8.51,-0.034,0.0,-0.011,0.0,966.43,-0.561,0.0,0,-9.5,0.0
gotchicode,16,27.5,7,1,2.29,0.0,0.0,0.0,0.0,584.42,0.467,0.0,0,0.0,0.0,35,29.43,14,1,2.5,0.0,0.0,0.057,0.114,234.38,0.294,0.0,0,0.0,0.0,19,1.93,7,0,0.21,0.0,0.0,0.057,0.114,-350.04,-0.173,0.0,0,0.0,0.0
JacobA12,94,29.93,7,3,13.43,0.202,0.0,0.064,0.0,35.88,0.742,0.0,0,12.41,0.118,6,55.83,4,2,1.5,0.0,0.0,0.0,0.0,1841.01,0.2,0.0,0,0.0,0.0,-88,25.9,-3,-1,-11.93,-0.202,0.0,-0.064,0.0,1805.13,-0.542,0.0,0,-12.41,-0.118
gaurav,17,67.24,1,1,17.0,0.118,0.0,0.176,0.0,0.09,1.0,0.0,0,0.0,0.0,32,88.97,4,1,8.0,0.375,0.0,0.094,0.0,271.65,0.871,0.0,0,100.78,0.444,15,21.73,3,0,-9.0,0.257,0.0,-0.082,0.0,271.56,-0.129,0.0,0,100.78,0.444
surajdhariya,15,16.87,2,2,7.5,0.0,0.0,0.0,0.0,1.87,0.786,0.0,0,0.0,0.0,85,8.35,14,4,6.07,0.035,0.0,0.0,0.0,133.6,0.702,0.0,0,0.0,0.0,70,-8.52,12,2,-1.43,0.035,0.0,0.0,0.0,131.73,-0.084,0.0,0,0.0,0.0
BH3Panzer,19,17.68,2,1,9.5,0.0,0.0,0.0,0.0,7.69,0.722,0.0,0,0.0,0.0,6,19.67,3,2,2.0,0.0,0.0,0.0,0.0,841.85,0.6,0.0,0,0.0,0.0,-13,1.99,1,1,-7.5,0.0,0.0,0.0,0.0,834.16,-0.122,0.0,0,0.0,0.0
xramos,18,22.22,3,1,6.0,0.0,0.0,0.111,0.167,488.85,0.706,0.0,0,0.0,0.0,81,34.65,11,3,7.36,0.099,0.42,0.025,0.037,30.95,0.675,0.0,0,225.6,0.8,63,12.43,8,2,1.36,0.099,0.42,-0.086,-0.13,-457.9,-0.031,0.0,0,225.6,0.8
khchoi2023,95,24.03,11,1,8.64,0.0,0.0,0.0,0.0,23.72,0.66,0.0,0,0.0,0.0,5,31.0,3,1,1.67,0.0,0.0,0.0,0.0,881.9,0.5,0.0,0,0.0,0.0,-90,6.97,-8,0,-6.97,0.0,0.0,0.0,0.0,858.18,-0.16,0.0,0,0.0,0.0
zuanshijia,68,16.26,14,2,4.86,0.015,0.0,0.015,0.0,186.25,0.642,0.0,0,0.0,0.0,32,25.09,12,3,2.67,0.0,0.0,0.0,0.0,606.15,0.484,0.0,0,0.0,0.0,-36,8.83,-2,1,-2.19,-0.015,0.0,-0.015,0.0,419.9,-0.158,0.0,0,0.0,0.0
