login,pre_commit_count,pre_mean_message_length,pre_active_weeks,pre_repos_touched,pre_mean_commits_per_active_week,pre_frac_multiline,pre_frac_conventional,pre_frac_mentions_test,pre_frac_has_bullets,pre_mean_inter_commit_hours,pre_frac_burst_commits,pre_sampled_test_cowrite_rate,pre_file_sample_count,pre_mean_pr_body_length,pre_frac_pr_has_body,post_commit_count,post_mean_message_length,post_active_weeks,post_repos_touched,post_mean_commits_per_active_week,post_frac_multiline,post_frac_conventional,post_frac_mentions_test,post_frac_has_bullets,post_mean_inter_commit_hours,post_frac_burst_commits,post_sampled_test_cowrite_rate,post_file_sample_count,post_mean_pr_body_length,post_frac_pr_has_body,delta_commit_count,delta_mean_message_length,delta_active_weeks,delta_repos_touched,delta_mean_commits_per_active_week,delta_frac_multiline,delta_frac_conventional,delta_frac_mentions_test,delta_frac_has_bullets,delta_mean_inter_commit_hours,delta_frac_burst_commits,delta_sampled_test_cowrite_rate,delta_file_sample_count,delta_mean_pr_body_length,delta_frac_pr_has_body
JeffersonSenaa,38,34.21,9,4,4.22,0.026,0.0,0.0,0.0,154.31,0.351,0.0,0,0.0,0.0,47,31.3,13,4,3.62,0.0,0.0,0.0,0.043,77.99,0.457,0.0,0,0.0,0.0,9,-2.91,4,0,-0.6,-0.026,0.0,0.0,0.043,-76.32,0.106,0.0,0,0.0,0.0
lgthevinh,80,11.93,16,3,5.0,0.0,0.0,0.025,0.0,115.85,0.62,0.0,0,0.0,0.0,20,18.7,11,2,1.82,0.0,0.0,0.0,0.0,951.4,0.421,0.0,0,0.0,0.0,-60,6.77,-5,-1,-3.18,0.0,0.0,-0.025,0.0,835.55,-0.199,0.0,0,0.0,0.0
Aisuko,54,71.39,8,1,6.75,0.87,0.0,0.0,0.0,60.14,0.264,0.0,0,0.0,0.0,46,52.11,14,2,3.29,0.087,0.0,0.0,0.022,265.02,0.356,0.0,0,6.75,0.0,-8,-19.28,6,1,-3.46,-0.783,0.0,0.0,0.022,204.88,0.092,0.0,0,6.75,0.0
ThomasAurelius,40,17.48,15,4,2.67,0.05,0.0,0.0,0.0,258.95,0.487,0.0,0,0.0,0.0,12,17.25,4,1,3.0,0.083,0.0,0.0,0.0,359.94,0.636,0.0,0,0.0,0.0,-28,-0.23,-11,-3,0.33,0.033,0.0,0.0,0.0,100.99,0.149,0.0,0,0.0,0.0
Hello-LSY,27,13.52,11,1,2.45,0.0,0.0,0.0,0.0,142.68,0.154,0.0,0,0.0,0.0,73,43.55,14,2,5.21,0.0,0.301,0.0,0.37,140.24,0.653,0.0,0,0.0,0.0,46,30.03,3,1,2.76,0.0,0.301,0.0,0.37,-2.44,0.499,0.0,0,0.0,0.0
jincito,19,33.37,4,5,4.75,0.105,0.0,0.0,0.053,423.37,0.722,0.0,0,0.0,0.0,16,21.44,9,1,1.78,0.062,0.0,0.0,0.0,1139.43,0.4,0.0,0,0.0,0.0,-3,-11.93,5,-4,-2.97,-0.043,0.0,0.0,-0.053,716.06,-0.322,0.0,0,0.0,0.0
libondev,56,21.34,4,1,14.0,0.0,0.679,0.036,0.0,20.62,0.8,0.0,0,0.0,0.0,13,17.15,1,1,13.0,0.0,0.462,0.0,0.0,7.51,0.667,0.0,0,0.0,0.0,-43,-4.19,-3,0,-1.0,0.0,-0.217,-0.036,0.0,-13.11,-0.133,0.0,0,0.0,0.0
samettcelik,11,50.27,1,2,11.0,0.0,0.0,0.0,0.0,0.35,0.9,0.0,0,0.0,0.0,5,16.0,4,2,1.25,0.0,0.0,0.0,0.0,1959.9,0.25,0.0,0,0.0,0.0,-6,-34.27,3,0,-9.75,0.0,0.0,0.0,0.0,1959.55,-0.65,0.0,0,0.0,0.0
jjd214,6,25.17,3,4,2.0,0.167,0.0,0.0,0.0,400.35,0.6,0.0,0,0.0,0.0,94,21.17,13,1,7.23,0.032,0.0,0.0,0.0,79.16,0.796,0.0,0,0.0,0.0,88,-4.0,10,-3,5.23,-0.135,0.0,0.0,0.0,-321.19,0.196,0.0,0,0.0,0.0
getmarkus,42,14.07,5,3,8.4,0.0,0.0,0.0,0.0,15.16,0.537,0.0,0,0.0,0.0,53,103.43,15,2,3.53,0.604,0.245,0.151,0.0,236.74,0.596,0.0,0,48.0,0.135,11,89.36,10,-1,-4.87,0.604,0.245,0.151,0.0,221.58,0.059,0.0,0,48.0,0.135
dobinpark,36,17.11,5,2,7.2,0.0,0.0,0.0,0.0,377.17,0.657,0.0,0,0.0,0.0,51,16.0,17,1,3.0,0.0,0.0,0.0,0.0,102.46,0.38,0.0,0,0.0,0.0,15,-1.11,12,-1,-4.2,0.0,0.0,0.0,0.0,-274.71,-0.277,0.0,0,0.0,0.0
NirmalScaria,25,22.2,5,1,5.0,0.0,0.0,0.04,0.0,404.0,0.667,0.0,0,0.0,0.0,10,12.0,2,1,5.0,0.0,0.0,0.0,0.0,342.95,0.778,0.0,0,0.0,0.0,-15,-10.2,-3,0,0.0,0.0,0.0,-0.04,0.0,-61.05,0.111,0.0,0,0.0,0.0
SlemimanPzz,92,24.92,14,5,6.57,0.087,0.0,0.043,0.0,87.84,0.604,0.0,0,28.5,0.25,8,23.5,6,3,1.33,0.125,0.0,0.0,0.0,1133.95,0.286,0.0,0,0.0,0.0,-84,-1.42,-8,-2,-5.24,0.038,0.0,-0.043,0.0,1046.11,-0.318,0.0,0,-28.5,-0.25
twoneis,21,19.38,8,2,2.62,0.0,0.0,0.0,0.0,334.32,0.5,0.0,0,0.0,0.0,56,100.68,11,2,5.09,0.054,0.018,0.0,0.0,287.17,0.782,0.0,0,1441.5,0.917,35,81.3,3,0,2.47,0.054,0.018,0.0,0.0,-47.15,0.282,0.0,0,1441.5,0.917
MineRaphi,5,17.4,2,2,2.5,0.0,0.0,0.0,0.0,44.33,0.5,0.0,0,0.0,0.0,21,25.9,8,3,2.62,0.19,0.0,0.0,0.0,545.24,0.6,0.0,0,0.0,0.0,16,8.5,6,1,0.12,0.19,0.0,0.0,0.0,500.91,0.1,0.0,0,0.0,0.0
TheCyberWeaver,50,14.3,9,5,5.56,0.02,0.0,0.04,0.0,112.51,0.653,0.0,0,0.0,0.0,7,33.43,3,2,2.33,0.286,0.0,0.143,0.0,1853.19,0.667,0.0,0,220.0,1.0,-43,19.13,-6,-3,-3.23,0.266,0.0,0.103,0.0,1740.68,0.014,0.0,0,220.0,1.0
ShantoOBS,37,208.86,6,4,6.17,0.324,0.0,0.0,0.027,22.05,0.556,0.0,0,0.0,0.0,63,38.29,16,4,3.94,0.016,0.0,0.0,0.302,257.73,0.661,0.0,0,0.0,0.0,26,-170.57,10,0,-2.23,-0.308,0.0,0.0,0.275,235.68,0.105,0.0,0,0.0,0.0
AnJungGeon,6,14.33,1,2,6.0,0.167,0.0,0.167,0.167,9.75,0.8,0.0,0,0.0,0.0,6,13.0,3,2,2.0,0.0,0.167,0.0,0.0,1060.23,0.2,0.0,0,0.0,0.0,0,-1.33,2,0,-4.0,-0.167,0.167,-0.167,-0.167,1050.48,-0.6,0.0,0,0.0,0.0
Soohwan123,27,70.15,4,5,6.75,0.259,0.0,0.0,0.0,324.05,0.846,0.0,0,0.0,0.0,6,16.0,6,1,1.0,0.0,0.0,0.0,0.0,1191.96,0.0,0.0,0,0.0,0.0,-21,-54.15,2,-4,-5.75,-0.259,0.0,0.0,0.0,867.91,-0.846,0.0,0,0.0,0.0
cyyever,10,9.1,4,1,2.5,0.0,0.0,0.1,0.0,525.76,0.444,0.0,0,0.0,0.0,9,13.67,5,1,1.8,0.111,0.0,0.0,0.0,1796.19,0.5,0.0,0,0.0,0.0,-1,4.57,1,0,-0.7,0.111,0.0,-0.1,0.0,1270.43,0.056,0.0,0,0.0,0.0
GufengYu520,30,14.17,5,2,6.0,0.033,0.0,0.033,0.0,454.72,0.759,0.0,0,0.0,0.0,32,16.75,13,1,2.46,0.0,0.0,0.0,0.0,614.79,0.548,0.0,0,0.0,0.0,2,2.58,8,-1,-3.54,-0.033,0.0,-0.033,0.0,160.07,-0.211,0.0,0,0.0,0.0
tombch,39,44.69,8,2,4.88,0.128,0.0,0.051,0.0,394.14,0.605,0.0,0,22.4,0.2,9,50.44,2,2,4.5,0.111,0.0,0.0,0.0,1922.85,0.875,0.0,0,121.0,1.0,-30,5.75,-6,0,-0.38,-0.017,0.0,-0.051,0.0,1528.71,0.27,0.0,0,98.6,0.8
leonnicolas,16,83.5,7,2,2.29,0.875,0.0,0.0,0.125,692.33,0.533,0.0,0,70.5,0.375,16,104.81,7,2,2.29,0.75,0.062,0.125,0.125,953.49,0.467,0.0,0,94.0,0.7,0,21.31,0,0,0.0,-0.125,0.062,0.125,0.0,261.16,-0.066,0.0,0,23.5,0.325
iamnotluka,74,26.31,7,1,10.57,0.0,0.0,0.0,0.014,26.88,0.836,0.0,0,0.0,0.0,26,31.81,7,1,3.71,0.0,0.0,0.0,0.0,643.0,0.72,0.0,0,0.0,0.0,-48,5.5,0,0,-6.86,0.0,0.0,0.0,-0.014,616.12,-0.116,0.0,0,0.0,0.0
maxidragon,95,27.92,22,4,4.32,0.032,0.0,0.0,0.0,144.18,0.468,0.0,0,0.0,0.0,5,14.6,5,2,1.0,0.0,0.0,0.0,0.0,4410.11,0.0,0.0,0,0.0,0.0,-90,-13.32,-17,-2,-3.32,-0.032,0.0,0.0,0.0,4265.93,-0.468,0.0,0,0.0,0.0
Faralha,19,41.84,3,2,6.33,0.316,0.0,0.0,0.0,151.86,0.722,0.0,0,0.0,0.0,6,16.83,3,1,2.0,0.0,0.0,0.0,0.0,984.59,0.6,0.0,0,0.0,0.0,-13,-25.01,0,-1,-4.33,-0.316,0.0,0.0,0.0,832.73,-0.122,0.0,0,0.0,0.0
SvetimFM,5,53.4,1,1,5.0,0.4,0.0,0.0,0.0,9.6,0.75,0.0,0,0.0,0.0,80,31.32,4,4,20.0,0.025,0.0,0.025,0.075,8.47,0.861,0.0,0,0.0,0.0,75,-22.08,3,3,15.0,-0.375,0.0,0.025,0.075,-1.13,0.111,0.0,0,0.0,0.0
Lampese,56,26.27,19,3,2.95,0.054,0.0,0.0,0.0,259.51,0.345,0.0,0,0.0,0.0,31,16.58,18,1,1.72,0.0,0.0,0.0,0.0,598.69,0.367,0.0,0,0.0,0.0,-25,-9.69,-1,-2,-1.23,-0.054,0.0,0.0,0.0,339.18,0.022,0.0,0,0.0,0.0
Erliandikasyahputraa,6,14.67,1,1,6.0,0.0,0.0,0.0,0.0,0.45,0.8,0.0,0,0.0,0.0,32,17.56,3,2,10.67,0.094,0.0,0.0,0.0,139.61,0.935,0.0,0,0.0,0.0,26,2.89,2,1,4.67,0.094,0.0,0.0,0.0,139.16,0.135,0.0,0,0.0,0.0
peruvianidol,6,29.67,4,2,1.5,0.333,0.0,0.0,0.0,2272.48,0.4,0.0,0,0.0,0.0,43,29.51,12,3,3.58,0.023,0.0,0.0,0.0,332.66,0.667,0.0,0,0.0,0.0,37,-0.16,8,1,2.08,-0.31,0.0,0.0,0.0,-1939.82,0.267,0.0,0,0.0,0.0
yejively,8,15.75,1,1,8.0,0.0,0.0,0.0,0.0,2.62,0.857,0.0,0,0.0,0.0,5,15.6,4,2,1.25,0.0,0.0,0.0,0.0,4476.34,0.25,0.0,0,0.0,0.0,-3,-0.15,3,1,-6.75,0.0,0.0,0.0,0.0,4473.72,-0.607,0.0,0,0.0,0.0
Tom-lchg,12,16.0,1,1,12.0,0.0,0.0,0.0,0.0,3.79,0.909,0.0,0,0.0,0.0,8,16.0,2,1,4.0,0.0,0.0,0.0,0.0,1381.18,0.857,0.0,0,0.0,0.0,-4,0.0,1,0,-8.0,0.0,0.0,0.0,0.0,1377.39,-0.052,0.0,0,0.0,0.0
huanxiaomang,14,16.0,5,3,2.8,0.0,0.0,0.0,0.0,546.31,0.538,0.0,0,0.0,0.0,6,14.5,1,1,6.0,0.0,0.0,0.0,0.0,0.09,1.0,0.0,0,0.0,0.0,-8,-1.5,-4,-2,3.2,0.0,0.0,0.0,0.0,-546.22,0.462,0.0,0,0.0,0.0
ThiruDev50,16,25.75,2,1,8.0,0.0,0.0,0.062,0.0,0.95,0.867,0.0,0,0.0,0.0,21,36.86,7,3,3.0,0.143,0.0,0.0,0.0,775.28,0.65,0.0,0,0.0,0.0,5,11.11,5,2,-5.0,0.143,0.0,-0.062,0.0,774.33,-0.217,0.0,0,0.0,0.0
M-Laetitia,93,23.46,5,3,18.6,0.075,0.0,0.011,0.0,25.12,0.913,0.0,0,0.0,0.0,7,16.0,6,1,1.17,0.0,0.0,0.0,0.0,424.72,0.167,0.0,0,0.0,0.0,-86,-7.46,1,-2,-17.43,-0.075,0.0,-0.011,0.0,399.6,-0.746,0.0,0,0.0,0.0
Norhan-salem,32,18.62,6,4,5.33,0.0,0.0,0.0,0.0,101.72,0.742,0.0,0,0.0,0.0,31,15.87,8,2,3.88,0.0,0.0,0.0,0.0,328.67,0.733,0.0,0,0.0,0.0,-1,-2.75,2,-2,-1.45,0.0,0.0,0.0,0.0,226.95,-0.009,0.0,0,0.0,0.0
dhdeangelis,5,16.0,3,2,1.67,0.0,0.0,0.0,0.0,2376.11,0.5,0.0,0,0.0,0.0,15,18.4,3,3,5.0,0.0,0.0,0.0,0.0,380.24,0.786,0.0,0,0.0,0.0,10,2.4,0,1,3.33,0.0,0.0,0.0,0.0,-1995.87,0.286,0.0,0,0.0,0.0
Pritam1136,17,16.35,8,4,2.12,0.0,0.0,0.0,0.0,211.79,0.438,0.0,0,0.0,0.0,5,16.0,4,1,1.25,0.0,0.0,0.0,0.0,1797.84,0.25,0.0,0,0.0,0.0,-12,-0.35,-4,-3,-0.87,0.0,0.0,0.0,0.0,1586.05,-0.188,0.0,0,0.0,0.0
UKChris-osm,27,19.37,6,2,4.5,0.0,0.0,0.0,0.0,278.47,0.731,0.0,0,0.0,0.0,44,19.77,8,3,5.5,0.0,0.0,0.0,0.0,222.2,0.791,0.0,0,0.0,0.0,17,0.4,2,1,1.0,0.0,0.0,0.0,0.0,-56.27,0.06,0.0,0,0.0,0.0
kietdz0505,40,29.02,3,3,13.33,0.125,0.0,0.0,0.0,81.02,0.744,0.0,0,0.0,0.0,5,11.2,3,1,1.67,0.0,0.0,0.0,0.0,170.57,0.0,0.0,0,0.0,0.0,-35,-17.82,0,-2,-11.66,-0.125,0.0,0.0,0.0,89.55,-0.744,0.0,0,0.0,0.0
cattyman919,81,21.22,14,4,5.79,0.012,0.0,0.0,0.0,107.77,0.55,0.0,0,0.0,0.0,8,25.62,5,1,1.6,0.125,0.0,0.0,0.0,2196.85,0.429,0.0,0,0.0,0.0,-73,4.4,-9,-3,-4.19,0.113,0.0,0.0,0.0,2089.08,-0.121,0.0,0,0.0,0.0
AlchlcDvl,40,15.43,13,2,3.08,0.0,0.0,0.0,0.0,228.55,0.513,0.0,0,0.0,0.0,60,32.35,22,2,2.73,0.0,0.0,0.0,0.0,174.49,0.136,0.0,0,0.0,0.0,20,16.92,9,0,-0.35,0.0,0.0,0.0,0.0,-54.06,-0.377,0.0,0,0.0,0.0
abhiram2504,30,20.63,11,4,2.73,0.1,0.0,0.0,0.0,537.25,0.517,0.0,0,0.0,0.0,13,25.23,8,3,1.62,0.077,0.0,0.0,0.0,1136.25,0.333,0.0,0,0.0,0.0,-17,4.6,-3,-1,-1.11,-0.023,0.0,0.0,0.0,599.0,-0.184,0.0,0,0.0,0.0
vishan01,77,18.74,6,3,12.83,0.0,0.0,0.0,0.0,11.54,0.789,0.0,0,75.0,1.0,23,15.96,13,1,1.77,0.0,0.0,0.0,0.0,604.23,0.227,0.0,0,0.0,0.0,-54,-2.78,7,-2,-11.06,0.0,0.0,0.0,0.0,592.69,-0.562,0.0,0,-75.0,-1.0
victoriaEssien,34,17.0,13,2,2.62,0.0,0.0,0.0,0.0,289.79,0.606,0.0,0,0.0,0.0,8,16.0,7,1,1.14,0.0,0.0,0.0,0.0,834.98,0.143,0.0,0,0.0,0.0,-26,-1.0,-6,-1,-1.48,0.0,0.0,0.0,0.0,545.19,-0.463,0.0,0,0.0,0.0
EstebanBiret,58,19.24,11,3,5.27,0.0,0.0,0.0,0.0,181.05,0.789,0.0,0,0.0,0.0,42,17.38,12,2,3.5,0.0,0.0,0.024,0.0,285.14,0.439,0.0,0,0.0,0.0,-16,-1.86,1,-1,-1.77,0.0,0.0,0.024,0.0,104.09,-0.35,0.0,0,0.0,0.0
vm75,43,46.95,14,3,3.07,0.209,0.0,0.023,0.0,277.28,0.381,0.0,0,0.0,0.0,19,44.63,6,2,3.17,0.053,0.0,0.0,0.0,440.33,0.444,0.0,0,154.0,1.0,-24,-2.32,-8,-1,0.1,-0.156,0.0,-0.023,0.0,163.05,0.063,0.0,0,154.0,1.0
chgeo,10,16.7,1,1,10.0,0.0,0.0,0.0,0.0,0.1,1.0,0.0,0,0.0,0.0,25,71.52,11,1,2.27,0.24,0.08,0.12,0.12,749.9,0.5,0.0,0,3.6,0.0,15,54.82,10,0,-7.73,0.24,0.08,0.12,0.12,749.8,-0.5,0.0,0,3.6,0.0
jfparie,12,6.0,2,1,6.0,0.0,0.0,0.0,0.0,502.35,0.909,0.0,0,0.0,0.0,18,29.11,7,1,2.57,0.0,0.0,0.0,0.0,529.95,0.412,0.0,0,0.0,0.0,6,23.11,5,0,-3.43,0.0,0.0,0.0,0.0,27.6,-0.497,0.0,0,0.0,0.0
ThomasCaneday,6,44.67,5,5,1.2,0.333,0.0,0.0,0.0,1136.64,0.0,0.0,0,0.0,0.0,36,34.33,12,4,3.0,0.306,0.111,0.0,0.0,425.93,0.629,0.0,0,0.0,0.0,30,-10.34,7,-1,1.8,-0.027,0.111,0.0,0.0,-710.71,0.629,0.0,0,0.0,0.0
Guiiiiiiiiiiiiiiiiiilllllleeeee,7,20.29,2,2,3.5,0.0,0.0,0.0,0.0,94.74,0.833,0.0,0,0.0,0.0,42,137.81,5,4,8.4,0.476,0.0,0.0,0.0,134.59,0.707,0.0,0,0.0,0.0,35,117.52,3,2,4.9,0.476,0.0,0.0,0.0,39.85,-0.126,0.0,0,0.0,0.0
homeboy445,10,27.0,4,1,2.5,0.0,0.0,0.0,0.0,423.44,0.556,0.0,0,0.0,0.0,17,28.06,6,1,2.83,0.059,0.0,0.0,0.0,588.98,0.5,0.0,0,0.0,0.0,7,1.06,2,0,0.33,0.059,0.0,0.0,0.0,165.54,-0.056,0.0,0,0.0,0.0
srloris,39,15.74,6,3,6.5,0.179,0.0,0.0,0.0,35.21,0.553,0.0,0,0.0,0.0,26,26.5,5,1,5.2,0.0,0.0,0.038,0.115,28.7,0.32,0.0,0,0.0,0.0,-13,10.76,-1,-2,-1.3,-0.179,0.0,0.038,0.115,-6.51,-0.233,0.0,0,0.0,0.0
dajkagabi,12,16.92,6,5,2.0,0.0,0.0,0.0,0.0,1089.57,0.182,0.0,0,0.0,0.0,9,33.56,3,3,3.0,0.111,0.0,0.0,0.0,84.13,0.375,0.0,0,0.0,0.0,-3,16.64,-3,-2,1.0,0.111,0.0,0.0,0.0,-1005.44,0.193,0.0,0,0.0,0.0
BettyJoya,13,13.92,1,2,13.0,0.0,0.0,0.231,0.0,8.64,0.75,0.0,0,0.0,0.0,19,33.42,9,2,2.11,0.0,0.895,0.053,0.0,227.22,0.278,0.0,0,0.0,0.0,6,19.5,8,0,-10.89,0.0,0.895,-0.178,0.0,218.58,-0.472,0.0,0,0.0,0.0
HelloSJ00,5,15.2,1,1,5.0,0.0,0.0,0.0,0.0,1.32,0.75,0.0,0,0.0,0.0,95,67.41,14,2,6.79,0.0,0.0,0.0,0.0,136.71,0.33,0.0,0,0.0,0.0,90,52.21,13,1,1.79,0.0,0.0,0.0,0.0,135.39,-0.42,0.0,0,0.0,0.0
luis-ffe,71,14.86,8,3,8.88,0.0,0.0,0.0,0.0,22.04,0.743,0.0,0,0.0,0.0,29,16.0,6,1,4.83,0.0,0.0,0.0,0.0,372.26,0.786,0.0,0,0.0,0.0,-42,1.14,-2,-2,-4.05,0.0,0.0,0.0,0.0,350.22,0.043,0.0,0,0.0,0.0
HasiiPerera,12,14.08,2,2,6.0,0.0,0.0,0.0,0.0,30.12,0.909,0.0,0,0.0,0.0,8,16.5,2,2,4.0,0.0,0.0,0.0,0.0,9.75,0.714,0.0,0,0.0,0.0,-4,2.42,0,0,-2.0,0.0,0.0,0.0,0.0,-20.37,-0.195,0.0,0,0.0,0.0
sether31,23,12.17,1,1,23.0,0.043,0.0,0.0,0.0,0.25,0.955,0.0,0,0.0,0.0,77,45.68,15,4,5.13,0.247,0.13,0.0,0.091,157.81,0.671,0.0,0,28.56,0.222,54,33.51,14,3,-17.87,0.204,0.13,0.0,0.091,157.56,-0.284,0.0,0,28.56,0.222
davide-lombardo,34,16.35,13,3,2.62,0.0,0.0,0.0,0.0,138.32,0.424,0.0,0,0.0,0.0,29,22.59,11,1,2.64,0.069,0.0,0.0,0.0,460.33,0.536,0.0,0,0.0,0.0,-5,6.24,-2,-2,0.02,0.069,0.0,0.0,0.0,322.01,0.112,0.0,0,0.0,0.0
RussianCow,31,44.42,10,1,3.1,0.129,0.0,0.0,0.032,499.18,0.633,0.0,0,0.0,0.0,28,58.57,10,1,2.8,0.179,0.036,0.0,0.071,324.3,0.593,0.0,0,0.0,0.0,-3,14.15,0,0,-0.3,0.05,0.036,0.0,0.039,-174.88,-0.04,0.0,0,0.0,0.0
nicholasmakhija,11,17.55,1,1,11.0,0.0,0.091,0.0,0.0,3.74,0.6,0.0,0,0.0,0.0,89,43.22,23,1,3.87,0.0,1.0,0.247,0.022,150.05,0.33,0.0,0,0.0,0.0,78,25.67,22,0,-7.13,0.0,0.909,0.247,0.022,146.31,-0.27,0.0,0,0.0,0.0
byPixelTV,46,16.24,6,1,7.67,0.0,0.0,0.0,0.0,16.05,0.822,0.0,0,0.0,0.0,54,18.81,25,1,2.16,0.019,0.0,0.0,0.0,342.08,0.472,0.0,0,0.0,0.0,8,2.57,19,0,-5.51,0.019,0.0,0.0,0.0,326.03,-0.35,0.0,0,0.0,0.0
Obimbo07,54,18.5,7,4,7.71,0.093,0.0,0.0,0.0,96.94,0.66,0.0,0,57.47,0.526,46,24.63,6,1,7.67,0.109,0.0,0.022,0.0,16.54,0.578,0.0,0,103.25,0.75,-8,6.13,-1,-3,-0.04,0.016,0.0,0.022,0.0,-80.4,-0.082,0.0,0,45.78,0.224
dhananjaykr306,14,17.14,1,4,14.0,0.0,0.0,0.0,0.0,0.21,1.0,0.0,0,0.0,0.0,8,27.88,1,1,8.0,0.0,0.0,0.0,0.0,0.22,1.0,0.0,0,0.0,0.0,-6,10.74,0,-3,-6.0,0.0,0.0,0.0,0.0,0.01,0.0,0.0,0,0.0,0.0
maryjohnben,8,16.0,3,1,2.67,0.0,0.0,0.0,0.0,1515.77,0.571,0.0,0,0.0,0.0,7,14.43,1,1,7.0,0.0,0.0,0.0,0.0,0.24,1.0,0.0,0,0.0,0.0,-1,-1.57,-2,0,4.33,0.0,0.0,0.0,0.0,-1515.53,0.429,0.0,0,0.0,0.0
lsegal,23,50.83,4,1,5.75,0.348,0.0,0.0,0.043,190.75,0.682,0.0,0,0.0,0.0,77,237.61,12,1,6.42,0.481,0.039,0.221,0.182,238.5,0.75,0.0,0,141.4,0.4,54,186.78,8,0,0.67,0.133,0.039,0.221,0.139,47.75,0.068,0.0,0,141.4,0.4
chanho0908,30,16.57,6,2,5.0,0.0,0.0,0.0,0.0,308.93,0.621,0.0,0,0.0,0.0,70,17.4,26,2,2.69,0.014,0.0,0.0,0.0,281.48,0.391,0.0,0,0.0,0.0,40,0.83,20,0,-2.31,0.014,0.0,0.0,0.0,-27.45,-0.23,0.0,0,0.0,0.0
martinschaible,22,16.64,3,1,7.33,0.045,0.0,0.0,0.0,20.59,0.857,0.0,0,0.0,0.0,78,19.73,8,2,9.75,0.064,0.0,0.0,0.0,110.02,0.494,0.0,0,0.0,0.0,56,3.09,5,1,2.42,0.019,0.0,0.0,0.0,89.43,-0.363,0.0,0,0.0,0.0
nakamurakko,16,36.69,3,1,5.33,0.188,0.0,0.0,0.0,31.03,0.4,0.0,0,0.0,0.0,81,139.44,43,1,1.88,0.815,0.0,0.099,0.0,228.89,0.438,0.0,0,0.0,0.0,65,102.75,40,0,-3.45,0.627,0.0,0.099,0.0,197.86,0.038,0.0,0,0.0,0.0
bryantbiggs,6,36.83,2,1,3.0,0.0,0.833,0.0,0.0,1933.22,0.8,0.0,0,0.0,0.0,5,35.0,1,1,5.0,0.0,0.8,0.0,0.0,0.33,1.0,0.0,0,0.0,0.0,-1,-1.83,-1,0,2.0,0.0,-0.033,0.0,0.0,-1932.89,0.2,0.0,0,0.0,0.0
LaraBiewers,21,26.05,6,1,3.5,0.0,0.0,0.0,0.0,63.26,0.45,0.0,0,0.0,0.0,79,35.95,16,3,4.94,0.0,0.0,0.013,0.013,115.93,0.526,0.0,0,0.0,0.0,58,9.9,10,2,1.44,0.0,0.0,0.013,0.013,52.67,0.076,0.0,0,0.0,0.0
mecukuryurt,18,26.89,5,2,3.6,0.056,0.0,0.0,0.0,269.6,0.706,0.0,0,0.0,0.0,76,42.28,15,2,5.07,0.013,0.0,0.039,0.0,164.66,0.613,0.0,0,0.0,0.0,58,15.39,10,0,1.47,-0.043,0.0,0.039,0.0,-104.94,-0.093,0.0,0,0.0,0.0
Zeann3th,52,31.04,4,3,13.0,0.192,0.0,0.038,0.0,101.26,0.725,0.0,0,0.0,0.0,48,36.56,12,3,4.0,0.125,0.292,0.0,0.0,356.25,0.574,0.0,0,4.0,0.0,-4,5.52,8,0,-9.0,-0.067,0.292,-0.038,0.0,254.99,-0.151,0.0,0,4.0,0.0
Blaadam,85,18.0,11,4,7.73,0.059,0.0,0.012,0.012,163.07,0.631,0.0,0,0.0,0.0,15,21.87,9,3,1.67,0.2,0.0,0.0,0.0,941.5,0.357,0.0,0,0.0,0.0,-70,3.87,-2,-1,-6.06,0.141,0.0,-0.012,-0.012,778.43,-0.274,0.0,0,0.0,0.0
Maruf2309,28,18.57,16,4,1.75,0.0,0.0,0.0,0.036,539.87,0.185,0.0,0,0.0,0.0,72,14.04,29,2,2.48,0.0,0.0,0.028,0.111,258.47,0.155,0.0,0,0.0,0.0,44,-4.53,13,-2,0.73,0.0,0.0,0.028,0.075,-281.4,-0.03,0.0,0,0.0,0.0
leehuwuj,24,18.21,11,2,2.18,0.0,0.0,0.0,0.0,350.19,0.522,0.0,0,0.0,0.0,19,25.21,9,2,2.11,0.158,0.0,0.0,0.0,882.26,0.444,0.0,0,0.0,0.0,-5,7.0,-2,0,-0.07,0.158,0.0,0.0,0.0,532.07,-0.078,0.0,0,0.0,0.0
sariya23,14,19.93,2,1,7.0,0.0,0.0,0.0,0.0,35.3,0.923,0.0,0,0.0,0.0,86,21.86,20,4,4.3,0.047,0.0,0.105,0.0,197.71,0.612,0.0,0,22.62,0.125,72,1.93,18,3,-2.7,0.047,0.0,0.105,0.0,162.41,-0.311,0.0,0,22.62,0.125
paduszyk,25,45.44,3,1,8.33,0.0,0.0,0.08,0.0,22.1,0.667,0.0,0,0.0,0.0,75,40.33,25,3,3.0,0.04,0.827,0.053,0.0,235.94,0.554,0.0,0,203.71,0.865,50,-5.11,22,2,-5.33,0.04,0.827,-0.027,0.0,213.84,-0.113,0.0,0,203.71,0.865
sammeltassen,55,21.22,11,2,5.0,0.073,0.0,0.0,0.018,310.72,0.704,0.0,0,0.0,0.0,7,25.29,5,1,1.4,0.0,0.0,0.0,0.0,1623.73,0.333,0.0,0,0.0,0.0,-48,4.07,-6,-1,-3.6,-0.073,0.0,0.0,-0.018,1313.01,-0.371,0.0,0,0.0,0.0
tejas-contentstack,11,23.18,4,2,2.75,0.091,0.0,0.091,0.0,426.26,0.5,0.0,0,0.0,0.0,21,14.67,4,1,5.25,0.0,0.0,0.333,0.0,226.99,0.75,0.0,0,0.0,0.0,10,-8.51,0,-1,2.5,-0.091,0.0,0.242,0.0,-199.27,0.25,0.0,0,0.0,0.0
salvar3nga,5,13.6,3,1,1.67,0.0,0.0,0.0,0.0,1121.33,0.5,0.0,0,0.0,0.0,13,20.92,3,2,4.33,0.0,0.0,0.0,0.0,681.67,0.75,0.0,0,0.0,0.0,8,7.32,0,1,2.66,0.0,0.0,0.0,0.0,-439.66,0.25,0.0,0,0.0,0.0
alexandrutomescu,5,37.2,2,1,2.5,0.2,0.0,0.0,0.0,628.63,0.75,0.0,0,0.0,0.0,23,62.83,3,1,7.67,0.13,0.0,0.0,0.0,561.67,0.727,0.0,0,0.0,0.0,18,25.63,1,0,5.17,-0.07,0.0,0.0,0.0,-66.96,-0.023,0.0,0,0.0,0.0
slimreaper35,33,71.7,10,1,3.3,1.0,0.0,0.0,0.0,89.4,0.531,0.0,0,0.0,0.0,58,72.28,25,3,2.32,0.966,0.0,0.0,0.0,320.88,0.474,0.0,0,161.2,0.4,25,0.58,15,2,-0.98,-0.034,0.0,0.0,0.0,231.48,-0.057,0.0,0,161.2,0.4
Hamed18,8,18.75,4,4,2.0,0.0,0.0,0.0,0.0,142.36,0.429,0.0,0,0.0,0.0,51,16.0,20,1,2.55,0.0,0.0,0.0,0.0,207.88,0.42,0.0,0,0.0,0.0,43,-2.75,16,-3,0.55,0.0,0.0,0.0,0.0,65.52,-0.009,0.0,0,0.0,0.0
AS-Baba,26,32.31,2,2,13.0,0.0,0.0,0.0,0.0,35.13,0.76,0.0,0,0.0,0.0,5,20.6,2,3,2.5,0.0,0.0,0.0,0.0,283.71,0.5,0.0,0,0.0,0.0,-21,-11.71,0,1,-10.5,0.0,0.0,0.0,0.0,248.58,-0.26,0.0,0,0.0,0.0
sam-laskowski,6,51.33,2,2,3.0,0.333,0.0,0.0,0.0,34.81,0.6,0.0,0,0.0,0.0,8,16.75,3,3,2.67,0.0,0.0,0.0,0.0,677.45,0.143,0.0,0,0.0,0.0,2,-34.58,1,1,-0.33,-0.333,0.0,0.0,0.0,642.64,-0.457,0.0,0,0.0,0.0
Zak-Hussain,61,20.87,9,1,6.78,0.0,0.0,0.0,0.0,30.81,0.583,0.0,0,0.0,0.0,39,16.54,9,2,4.33,0.0,0.0,0.0,0.0,114.31,0.684,0.0,0,0.0,0.0,-22,-4.33,0,1,-2.45,0.0,0.0,0.0,0.0,83.5,0.101,0.0,0,0.0,0.0
saif-ali01,5,15.4,2,3,2.5,0.0,0.0,0.0,0.0,1571.72,0.5,0.0,0,0.0,0.0,14,8.79,1,1,14.0,0.0,0.0,0.0,0.0,0.11,1.0,0.0,0,0.0,0.0,9,-6.61,-1,-2,11.5,0.0,0.0,0.0,0.0,-1571.61,0.5,0.0,0,0.0,0.0
7azmi,14,19.21,7,4,2.0,0.071,0.0,0.0,0.0,1048.6,0.231,0.0,0,0.0,0.0,6,12.67,5,2,1.2,0.0,0.0,0.0,0.0,659.04,0.2,0.0,0,0.0,0.0,-8,-6.54,-2,-2,-0.8,-0.071,0.0,0.0,0.0,-389.56,-0.031,0.0,0,0.0,0.0
mhbka,86,37.51,7,1,12.29,0.349,0.0,0.14,0.0,22.0,0.471,0.0,0,0.0,0.0,14,25.14,7,2,2.0,0.071,0.0,0.0,0.0,642.21,0.154,0.0,0,78.0,1.0,-72,-12.37,0,1,-10.29,-0.278,0.0,-0.14,0.0,620.21,-0.317,0.0,0,78.0,1.0
tomiaa12,6,12.33,2,1,3.0,0.0,0.167,0.0,0.0,13.36,0.4,0.0,0,0.0,0.0,93,33.09,35,2,2.66,0.075,0.817,0.0,0.022,200.95,0.293,0.0,0,0.0,0.0,87,20.76,33,1,-0.34,0.075,0.65,0.0,0.022,187.59,-0.107,0.0,0,0.0,0.0
themattinthehatt,5,12.6,1,1,5.0,0.0,0.0,0.0,0.0,1.33,0.75,0.0,0,0.0,0.0,8,17.75,2,1,4.0,0.0,0.0,0.0,0.0,74.7,0.714,0.0,0,0.0,0.0,3,5.15,1,0,-1.0,0.0,0.0,0.0,0.0,73.37,-0.036,0.0,0,0.0,0.0
olich97,47,20.4,14,2,3.36,0.0,0.298,0.0,0.0,369.84,0.63,0.0,0,0.0,0.0,11,14.64,7,2,1.57,0.0,0.0,0.0,0.0,1608.86,0.3,0.0,0,0.0,0.0,-36,-5.76,-7,0,-1.79,0.0,-0.298,0.0,0.0,1239.02,-0.33,0.0,0,0.0,0.0
JosePizarro3,74,33.74,11,4,6.73,0.068,0.0,0.014,0.027,48.36,0.699,0.0,0,98.6,0.6,26,73.69,14,3,1.86,0.231,0.0,0.038,0.192,629.62,0.32,0.0,0,6.17,0.0,-48,39.95,3,-1,-4.87,0.163,0.0,0.024,0.165,581.26,-0.379,0.0,0,-92.43,-0.6
davyssonlucas,39,25.1,6,3,6.5,0.0,0.205,0.0,0.0,87.76,0.711,0.0,0,0.0,0.0,14,32.36,3,2,4.67,0.0,0.143,0.0,0.0,185.1,0.538,0.0,0,0.0,0.0,-25,7.26,-3,-1,-1.83,0.0,-0.062,0.0,0.0,97.34,-0.173,0.0,0,0.0,0.0
CheonjiKim,42,60.76,9,3,4.67,0.048,0.0,0.0,0.071,224.84,0.585,0.0,0,0.0,0.0,40,69.28,7,1,5.71,0.0,0.0,0.0,0.05,175.97,0.615,0.0,0,0.0,0.0,-2,8.52,-2,-2,1.04,-0.048,0.0,0.0,-0.021,-48.87,0.03,0.0,0,0.0,0.0
JosunLP,25,17.24,16,1,1.56,0.0,0.0,0.0,0.0,496.22,0.25,0.0,0,0.0,0.0,28,44.79,13,1,2.15,0.214,0.0,0.0,0.0,630.26,0.519,0.0,0,0.0,0.0,3,27.55,-3,0,0.59,0.214,0.0,0.0,0.0,134.04,0.269,0.0,0,0.0,0.0
Steiden,16,35.88,5,3,3.2,0.188,0.0,0.0,0.0,80.32,0.467,0.0,0,0.0,0.0,47,47.89,8,2,5.88,0.085,0.0,0.0,0.0,30.23,0.609,0.0,0,0.0,0.0,31,12.01,3,-1,2.68,-0.103,0.0,0.0,0.0,-50.09,0.142,0.0,0,0.0,0.0
funnyQZQ,10,17.6,3,1,3.33,0.1,0.0,0.0,0.0,1645.77,0.778,0.0,0,0.0,0.0,16,12.5,4,2,4.0,0.0,0.0,0.0,0.0,203.16,0.6,0.0,0,0.0,0.0,6,-5.1,1,1,0.67,-0.1,0.0,0.0,0.0,-1442.61,-0.178,0.0,0,0.0,0.0
austinorth,17,81.47,6,1,2.83,0.765,0.0,0.176,0.0,463.14,0.438,0.0,0,0.0,0.0,34,112.53,14,3,2.43,0.941,0.353,0.0,0.0,543.16,0.545,0.0,0,240.5,1.0,17,31.06,8,2,-0.4,0.176,0.353,-0.176,0.0,80.02,0.107,0.0,0,240.5,1.0
newaz10,5,16.0,3,1,1.67,0.0,0.0,0.0,0.0,895.0,0.5,0.0,0,0.0,0.0,16,21.81,5,3,3.2,0.0,0.0,0.0,0.0,500.78,0.4,0.0,0,0.0,0.0,11,5.81,2,2,1.53,0.0,0.0,0.0,0.0,-394.22,-0.1,0.0,0,0.0,0.0
viniciusbelchior0,48,18.38,13,1,3.69,0.042,0.0,0.0,0.0,328.16,0.574,0.0,0,0.0,0.0,52,21.88,10,2,5.2,0.0,0.0,0.0,0.019,283.43,0.804,0.0,0,0.0,0.0,4,3.5,-3,1,1.51,-0.042,0.0,0.0,0.019,-44.73,0.23,0.0,0,0.0,0.0
markasch,90,18.7,13,2,6.92,0.033,0.0,0.0,0.0,96.2,0.517,0.0,0,0.0,0.0,10,20.6,3,3,3.33,0.0,0.0,0.0,0.0,1548.55,0.667,0.0,0,0.0,0.0,-80,1.9,-10,1,-3.59,-0.033,0.0,0.0,0.0,1452.35,0.15,0.0,0,0.0,0.0
alexakten,31,26.58,3,1,10.33,0.0,0.0,0.0,0.0,11.74,0.733,0.0,0,0.0,0.0,69,12.58,9,1,7.67,0.0,0.0,0.0,0.014,238.5,0.75,0.0,0,0.0,0.0,38,-14.0,6,0,-2.66,0.0,0.0,0.0,0.014,226.76,0.017,0.0,0,0.0,0.0
fmount,19,89.05,10,2,1.9,1.0,0.0,0.0,0.0,586.64,0.167,0.0,0,129.33,0.333,27,152.07,11,1,2.45,1.0,0.0,0.0,0.148,706.61,0.462,0.0,0,0.0,0.0,8,63.02,1,-1,0.55,0.0,0.0,0.0,0.148,119.97,0.295,0.0,0,-129.33,-0.333
ItsMJ99,90,24.6,9,3,10.0,0.133,0.0,0.0,0.0,168.25,0.708,0.0,0,0.0,0.0,9,16.0,4,2,2.25,0.0,0.0,0.0,0.0,1059.35,0.625,0.0,0,0.0,0.0,-81,-8.6,-5,-1,-7.75,-0.133,0.0,0.0,0.0,891.1,-0.083,0.0,0,0.0,0.0
olavsl,94,62.55,8,2,11.75,0.138,0.0,0.021,0.0,64.31,0.613,0.0,0,0.0,0.0,6,14.17,6,1,1.0,0.0,0.0,0.0,0.0,3674.04,0.0,0.0,0,0.0,0.0,-88,-48.38,-2,-1,-10.75,-0.138,0.0,-0.021,0.0,3609.73,-0.613,0.0,0,0.0,0.0
rahul0x24,18,7.0,4,1,4.5,0.0,0.0,0.0,0.0,206.43,0.294,0.0,0,0.0,0.0,29,7.31,8,1,3.62,0.0,0.0,0.0,0.0,444.92,0.679,0.0,0,0.0,0.0,11,0.31,4,0,-0.88,0.0,0.0,0.0,0.0,238.49,0.385,0.0,0,0.0,0.0
rasmussvala,28,32.93,2,1,14.0,0.143,0.0,0.0,0.0,5.3,0.778,0.0,0,0.0,0.0,72,35.81,10,1,7.2,0.194,0.0,0.028,0.0,99.91,0.676,0.0,0,0.0,0.0,44,2.88,8,0,-6.8,0.051,0.0,0.028,0.0,94.61,-0.102,0.0,0,0.0,0.0
creachadair,5,31.2,3,1,1.67,0.0,0.0,0.0,0.0,3046.28,0.5,0.0,0,0.0,0.0,11,137.91,5,1,2.2,0.545,0.0,0.545,0.182,1722.2,0.6,0.0,0,105.0,1.0,6,106.71,2,0,0.53,0.545,0.0,0.545,0.182,-1324.08,0.1,0.0,0,105.0,1.0
Ariyan-Rahman-Anas,22,18.86,8,5,2.75,0.0,0.0,0.0,0.0,255.05,0.571,0.0,0,0.0,0.0,12,25.17,3,1,4.0,0.667,0.0,0.0,0.0,771.02,0.727,0.0,0,0.0,0.0,-10,6.31,-5,-4,1.25,0.667,0.0,0.0,0.0,515.97,0.156,0.0,0,0.0,0.0
K-Zawis,31,68.32,4,3,7.75,0.323,0.0,0.0,0.0,322.63,0.567,0.0,0,0.0,0.0,12,31.75,2,2,6.0,0.0,0.0,0.0,0.0,807.11,0.636,0.0,0,0.0,0.0,-19,-36.57,-2,-1,-1.75,-0.323,0.0,0.0,0.0,484.48,0.069,0.0,0,0.0,0.0
HarshK97,6,43.0,3,3,2.0,0.0,0.0,0.0,0.0,599.59,0.6,0.0,0,0.0,0.0,73,35.81,9,2,8.11,0.082,0.0,0.027,0.014,125.7,0.583,0.0,0,0.0,0.0,67,-7.19,6,-1,6.11,0.082,0.0,0.027,0.014,-473.89,-0.017,0.0,0,0.0,0.0
Krishnaraj017,32,15.44,11,5,2.91,0.0,0.0,0.031,0.0,222.21,0.581,0.0,0,0.0,0.0,10,17.3,5,2,2.0,0.1,0.0,0.0,0.0,853.64,0.556,0.0,0,0.0,0.0,-22,1.86,-6,-3,-0.91,0.1,0.0,-0.031,0.0,631.43,-0.025,0.0,0,0.0,0.0
mdomnik,17,22.47,2,2,8.5,0.0,0.0,0.0,0.0,20.01,0.75,0.0,0,0.0,0.0,83,32.78,11,2,7.55,0.145,0.0,0.012,0.0,184.97,0.5,0.0,0,0.0,0.0,66,10.31,9,0,-0.95,0.145,0.0,0.012,0.0,164.96,-0.25,0.0,0,0.0,0.0
Toscanah,39,49.54,5,3,7.8,0.103,0.0,0.0,0.026,17.99,0.184,0.0,0,0.0,0.0,61,46.66,17,2,3.59,0.0,0.0,0.0,0.0,276.26,0.333,0.0,0,53.0,1.0,22,-2.88,12,-1,-4.21,-0.103,0.0,0.0,-0.026,258.27,0.149,0.0,0,53.0,1.0
pierre-dickinson,5,35.0,1,1,5.0,0.0,0.0,0.0,0.0,0.26,1.0,0.0,0,0.0,0.0,21,21.95,4,3,5.25,0.0,0.0,0.0,0.0,403.64,0.75,0.0,0,0.0,0.0,16,-13.05,3,2,0.25,0.0,0.0,0.0,0.0,403.38,-0.25,0.0,0,0.0,0.0
jattu8602,26,12.96,3,2,8.67,0.038,0.0,0.0,0.0,18.95,0.48,0.0,0,0.0,0.0,74,14.36,13,5,5.69,0.054,0.027,0.0,0.014,255.57,0.493,0.0,0,0.0,0.0,48,1.4,10,3,-2.98,0.016,0.027,0.0,0.014,236.62,0.013,0.0,0,0.0,0.0
wyf9,22,11.55,5,2,4.4,0.0,0.0,0.0,0.0,95.62,0.667,0.0,0,0.0,0.0,78,20.6,31,2,2.52,0.103,0.0,0.013,0.051,186.13,0.286,0.0,0,0.0,0.0,56,9.05,26,0,-1.88,0.103,0.0,0.013,0.051,90.51,-0.381,0.0,0,0.0,0.0
dr-lizhiwei,54,18.11,5,4,10.8,0.0,0.0,0.0,0.0,324.25,0.887,0.0,0,0.0,0.0,39,17.79,12,4,3.25,0.051,0.0,0.0,0.0,373.6,0.605,0.0,0,0.0,0.0,-15,-0.32,7,0,-7.55,0.051,0.0,0.0,0.0,49.35,-0.282,0.0,0,0.0,0.0
WSQsGithub,24,17.21,3,4,8.0,0.0,0.0,0.0,0.0,46.79,0.87,0.0,0,0.0,0.0,19,53.05,3,2,6.33,0.053,0.579,0.0,0.0,245.94,0.611,0.0,0,0.0,0.0,-5,35.84,0,-2,-1.67,0.053,0.579,0.0,0.0,199.15,-0.259,0.0,0,0.0,0.0
alansobchacki,25,44.84,7,4,3.57,0.0,0.0,0.0,0.0,49.34,0.708,0.0,0,0.0,0.0,8,16.0,2,3,4.0,0.0,0.0,0.0,0.0,92.65,0.714,0.0,0,0.0,0.0,-17,-28.84,-5,-1,0.43,0.0,0.0,0.0,0.0,43.31,0.006,0.0,0,0.0,0.0
alextekartik,9,47.22,4,1,2.25,0.556,0.0,0.0,0.0,1641.65,0.5,0.0,0,0.0,0.0,18,36.94,15,1,1.2,0.167,0.0,0.056,0.0,1116.95,0.176,0.0,0,0.0,0.0,9,-10.28,11,0,-1.05,-0.389,0.0,0.056,0.0,-524.7,-0.324,0.0,0,0.0,0.0
tsutterley,31,48.84,22,1,1.41,0.194,0.419,0.0,0.0,499.95,0.167,0.0,0,0.0,0.0,12,32.25,6,1,2.0,0.0,0.417,0.0,0.0,1114.93,0.364,0.0,0,0.0,0.0,-19,-16.59,-16,0,0.59,-0.194,-0.002,0.0,0.0,614.98,0.197,0.0,0,0.0,0.0
imtheprince7,6,13.83,3,3,2.0,0.0,0.0,0.0,0.0,1028.41,0.6,0.0,0,0.0,0.0,36,8.28,6,1,6.0,0.0,0.0,0.0,0.0,26.11,0.171,0.0,0,0.0,0.0,30,-5.55,3,-2,4.0,0.0,0.0,0.0,0.0,-1002.3,-0.429,0.0,0,0.0,0.0
Introvert696,18,16.0,8,2,2.25,0.0,0.0,0.0,0.0,683.21,0.471,0.0,0,0.0,0.0,19,16.0,11,1,1.73,0.0,0.0,0.0,0.0,371.67,0.333,0.0,0,0.0,0.0,1,0.0,3,-1,-0.52,0.0,0.0,0.0,0.0,-311.54,-0.138,0.0,0,0.0,0.0
jbacheldor,79,36.96,5,1,15.8,0.139,0.0,0.0,0.101,10.76,0.756,0.0,0,5.67,0.111,21,46.48,6,2,3.5,0.19,0.048,0.0,0.048,482.38,0.6,0.0,0,70.4,0.4,-58,9.52,1,1,-12.3,0.051,0.048,0.0,-0.053,471.62,-0.156,0.0,0,64.73,0.289
timokoessler,63,36.24,28,3,2.25,0.159,0.0,0.063,0.063,257.4,0.274,0.0,0,352.0,1.0,24,21.21,16,3,1.5,0.083,0.083,0.083,0.042,754.19,0.261,0.0,0,0.0,0.0,-39,-15.03,-12,0,-0.75,-0.076,0.083,0.02,-0.021,496.79,-0.013,0.0,0,-352.0,-1.0
gauravpawar47,9,18.78,4,4,2.25,0.0,0.0,0.0,0.0,624.11,0.625,0.0,0,0.0,0.0,55,11.11,7,1,7.86,0.0,0.0,0.0,0.0,198.48,0.852,0.0,0,0.0,0.0,46,-7.67,3,-3,5.61,0.0,0.0,0.0,0.0,-425.63,0.227,0.0,0,0.0,0.0
hurryclear,5,43.6,1,1,5.0,0.0,0.0,0.0,0.0,5.42,0.75,0.0,0,0.0,0.0,95,43.42,10,3,9.5,0.032,0.0,0.126,0.0,130.39,0.723,0.0,0,0.0,0.0,90,-0.18,9,2,4.5,0.032,0.0,0.126,0.0,124.97,-0.027,0.0,0,0.0,0.0
Jrol123,93,38.02,13,2,7.15,0.29,0.0,0.011,0.0,56.36,0.663,0.0,0,69.4,0.333,6,18.33,4,2,1.5,0.0,0.0,0.0,0.0,949.68,0.4,0.0,0,0.0,0.0,-87,-19.69,-9,0,-5.65,-0.29,0.0,-0.011,0.0,893.32,-0.263,0.0,0,-69.4,-0.333
KnorpelSenf,18,112.67,9,1,2.0,0.889,0.0,0.0,0.0,888.21,0.412,0.0,0,0.0,0.0,5,122.6,5,1,1.0,1.0,0.0,0.0,0.0,553.16,0.0,0.0,0,0.0,0.0,-13,9.93,-4,0,-1.0,0.111,0.0,0.0,0.0,-335.05,-0.412,0.0,0,0.0,0.0
kbmackenzie,78,26.99,7,2,11.14,0.0,0.0,0.0,0.0,27.87,0.74,0.0,0,0.0,0.0,22,90.05,1,1,22.0,0.0,1.0,0.0,0.0,0.18,1.0,0.0,0,0.0,0.0,-56,63.06,-6,-1,10.86,0.0,1.0,0.0,0.0,-27.69,0.26,0.0,0,0.0,0.0
vasilsaroka,24,49.04,3,2,8.0,0.958,0.0,0.0,0.0,433.26,0.826,0.0,0,0.0,0.0,23,37.13,6,1,3.83,0.826,0.0,0.0,0.043,578.13,0.545,0.0,0,27.0,0.0,-1,-11.91,3,-1,-4.17,-0.132,0.0,0.0,0.043,144.87,-0.281,0.0,0,27.0,0.0
DoganM95,7,153.14,4,2,1.75,0.714,0.0,0.0,0.0,2359.93,0.5,0.0,0,0.0,0.0,12,107.67,8,2,1.5,0.5,0.0,0.0,0.0,1388.36,0.273,0.0,0,0.0,0.0,5,-45.47,4,0,-0.25,-0.214,0.0,0.0,0.0,-971.57,-0.227,0.0,0,0.0,0.0
TongCHEN779,37,14.95,5,4,7.4,0.027,0.0,0.0,0.0,236.48,0.806,0.0,0,0.0,0.0,10,10.8,5,5,2.0,0.0,0.0,0.0,0.0,1512.38,0.556,0.0,0,0.0,0.0,-27,-4.15,0,1,-5.4,-0.027,0.0,0.0,0.0,1275.9,-0.25,0.0,0,0.0,0.0
pelinbingl,54,21.37,7,4,7.71,0.0,0.0,0.0,0.0,61.96,0.811,0.0,0,0.0,0.0,11,28.0,5,3,2.2,0.0,0.364,0.0,0.0,233.22,0.4,0.0,0,0.0,0.0,-43,6.63,-2,-1,-5.51,0.0,0.364,0.0,0.0,171.26,-0.411,0.0,0,0.0,0.0
Alfareiza,29,35.28,10,2,2.9,0.034,0.0,0.0,0.0,427.37,0.357,0.0,0,0.0,0.0,10,30.0,3,1,3.33,0.0,0.0,0.0,0.0,95.16,0.444,0.0,0,0.0,0.0,-19,-5.28,-7,-1,0.43,-0.034,0.0,0.0,0.0,-332.21,0.087,0.0,0,0.0,0.0
jonathanfallon,17,17.18,6,4,2.83,0.0,0.0,0.118,0.0,189.46,0.625,0.0,0,0.0,0.0,5,21.8,1,1,5.0,0.0,0.0,0.0,0.0,0.43,1.0,0.0,0,0.0,0.0,-12,4.62,-5,-3,2.17,0.0,0.0,-0.118,0.0,-189.03,0.375,0.0,0,0.0,0.0
88lin,10,16.2,4,1,2.5,0.0,0.0,0.0,0.0,1048.04,0.556,0.0,0,0.0,0.0,90,14.62,14,2,6.43,0.011,0.0,0.0,0.0,44.81,0.674,0.0,0,0.0,0.0,80,-1.58,10,1,3.93,0.011,0.0,0.0,0.0,-1003.23,0.118,0.0,0,0.0,0.0
stibu81,19,33.58,8,1,2.38,0.0,0.0,0.053,0.0,808.75,0.444,0.0,0,0.0,0.0,15,28.87,5,1,3.0,0.0,0.0,0.067,0.0,865.79,0.429,0.0,0,0.0,0.0,-4,-4.71,-3,0,0.62,0.0,0.0,0.014,0.0,57.04,-0.015,0.0,0,0.0,0.0
yulong88888,11,22.36,4,1,2.75,0.091,0.0,0.0,0.0,1120.01,0.7,0.0,0,11.0,0.0,5,9.2,4,1,1.25,0.0,0.0,0.0,0.0,2861.28,0.25,0.0,0,0.0,0.0,-6,-13.16,0,0,-1.5,-0.091,0.0,0.0,0.0,1741.27,-0.45,0.0,0,-11.0,0.0
Alao001,5,10.2,1,2,5.0,0.0,0.0,0.0,0.0,1.99,0.75,0.0,0,0.0,0.0,26,14.69,5,2,5.2,0.038,0.0,0.0,0.0,247.77,0.76,0.0,0,0.0,0.0,21,4.49,4,0,0.2,0.038,0.0,0.0,0.0,245.78,0.01,0.0,0,0.0,0.0
angelicagardner,29,89.66,10,3,2.9,0.724,0.0,0.0,0.0,334.36,0.679,0.0,0,0.0,0.0,8,54.0,4,1,2.0,0.25,0.625,0.0,0.25,104.21,0.429,0.0,0,0.0,0.0,-21,-35.66,-6,-2,-0.9,-0.474,0.625,0.0,0.25,-230.15,-0.25,0.0,0,0.0,0.0
AlienWolfX,16,16.62,11,1,1.45,0.188,0.0,0.0,0.0,765.73,0.267,0.0,0,0.0,0.0,75,21.83,22,1,3.41,0.0,0.0,0.027,0.0,242.94,0.622,0.0,0,0.0,0.0,59,5.21,11,0,1.96,-0.188,0.0,0.027,0.0,-522.79,0.355,0.0,0,0.0,0.0
econdojo,33,13.64,17,3,1.94,0.0,0.0,0.0,0.0,466.88,0.219,0.0,0,0.0,0.0,51,19.02,24,2,2.12,0.0,0.0,0.0,0.0,358.16,0.44,0.0,0,0.0,0.0,18,5.38,7,-1,0.18,0.0,0.0,0.0,0.0,-108.72,0.221,0.0,0,0.0,0.0
silesky,24,8.75,9,1,2.67,0.0,0.0,0.0,0.0,403.6,0.522,0.0,0,0.0,0.0,16,4.38,2,1,8.0,0.0,0.0,0.0,0.0,182.36,0.8,0.0,0,0.0,0.0,-8,-4.37,-7,0,5.33,0.0,0.0,0.0,0.0,-221.24,0.278,0.0,0,0.0,0.0
S4NKALP,63,15.38,14,5,4.5,0.0,0.0,0.0,0.0,120.74,0.694,0.0,0,0.0,0.0,24,18.25,12,1,2.0,0.042,0.0,0.0,0.0,766.2,0.391,0.0,0,0.0,0.0,-39,2.87,-2,-4,-2.5,0.042,0.0,0.0,0.0,645.46,-0.303,0.0,0,0.0,0.0
LucasSlessa,5,31.4,4,5,1.25,0.0,0.0,0.0,0.0,155.76,0.25,0.0,0,0.0,0.0,6,55.33,1,5,6.0,0.0,0.0,0.0,0.0,0.03,1.0,0.0,0,0.0,0.0,1,23.93,-3,0,4.75,0.0,0.0,0.0,0.0,-155.73,0.75,0.0,0,0.0,0.0
Dasde,15,24.0,2,1,7.5,0.2,0.0,0.0,0.0,39.26,0.857,0.0,0,0.0,0.0,70,83.39,22,2,3.18,0.329,0.0,0.014,0.043,267.54,0.449,0.0,0,0.0,0.0,55,59.39,20,1,-4.32,0.129,0.0,0.014,0.043,228.28,-0.408,0.0,0,0.0,0.0
walkerjameschris,88,39.44,6,1,14.67,0.273,0.0,0.057,0.0,55.01,0.736,0.0,0,7.0,0.042,12,40.33,3,2,4.0,0.417,0.0,0.0,0.0,458.2,0.727,0.0,0,0.0,0.0,-76,0.89,-3,1,-10.67,0.144,0.0,-0.057,0.0,403.19,-0.009,0.0,0,-7.0,-0.042
jacksonkasi1,20,14.3,7,2,2.86,0.0,0.0,0.0,0.0,648.2,0.632,0.0,0,0.0,0.0,21,16.19,9,1,2.33,0.0,0.0,0.0,0.0,490.78,0.55,0.0,0,0.0,0.0,1,1.89,2,-1,-0.53,0.0,0.0,0.0,0.0,-157.42,-0.082,0.0,0,0.0,0.0
ZacharyTStone,73,43.37,22,2,3.32,0.219,0.0,0.055,0.0,235.56,0.583,0.0,0,0.0,0.0,16,85.75,10,2,1.6,0.625,0.0,0.0,0.0,579.84,0.333,0.0,0,0.0,0.0,-57,42.38,-12,0,-1.72,0.406,0.0,-0.055,0.0,344.28,-0.25,0.0,0,0.0,0.0
gunesevitan,20,14.65,9,1,2.22,0.0,0.0,0.0,0.0,364.88,0.158,0.0,0,0.0,0.0,5,6.8,2,1,2.5,0.0,0.0,0.0,0.0,28.12,0.75,0.0,0,0.0,0.0,-15,-7.85,-7,0,0.28,0.0,0.0,0.0,0.0,-336.76,0.592,0.0,0,0.0,0.0
ibowditch,65,50.63,19,1,3.42,0.092,0.0,0.015,0.0,206.34,0.438,0.0,0,0.0,0.0,15,61.8,8,2,1.88,0.4,0.0,0.0,0.0,745.58,0.286,0.0,0,0.0,0.0,-50,11.17,-11,1,-1.54,0.308,0.0,-0.015,0.0,539.24,-0.152,0.0,0,0.0,0.0
xmmzka,17,21.24,5,2,3.4,0.353,0.0,0.0,0.0,278.56,0.438,0.0,0,0.0,0.0,16,10.75,6,3,2.67,0.062,0.0,0.0,0.0,215.98,0.267,0.0,0,0.0,0.0,-1,-10.49,1,1,-0.73,-0.291,0.0,0.0,0.0,-62.58,-0.171,0.0,0,0.0,0.0
i-am-surovi,76,16.38,5,3,15.2,0.0,0.0,0.0,0.0,15.54,0.88,0.0,0,0.0,0.0,24,16.0,9,1,2.67,0.0,0.0,0.0,0.0,636.83,0.565,0.0,0,0.0,0.0,-52,-0.38,4,-2,-12.53,0.0,0.0,0.0,0.0,621.29,-0.315,0.0,0,0.0,0.0
BhautikLukhi,59,19.36,8,4,7.38,0.0,0.0,0.0,0.0,22.38,0.707,0.0,0,0.0,0.0,41,17.85,7,1,5.86,0.0,0.0,0.0,0.0,35.16,0.8,0.0,0,0.0,0.0,-18,-1.51,-1,-3,-1.52,0.0,0.0,0.0,0.0,12.78,0.093,0.0,0,0.0,0.0
PureWhiteWu,17,31.76,3,1,5.67,0.0,0.0,0.0,0.0,957.47,0.875,0.0,0,0.0,0.0,14,15.0,7,2,2.0,0.0,0.0,0.0,0.0,1014.58,0.308,0.0,0,0.0,0.0,-3,-16.76,4,1,-3.67,0.0,0.0,0.0,0.0,57.11,-0.567,0.0,0,0.0,0.0
TBonnin,30,24.03,20,1,1.5,0.0,0.0,0.0,0.0,500.78,0.207,0.0,0,0.0,0.0,11,24.45,7,1,1.57,0.0,0.455,0.0,0.0,1861.65,0.2,0.0,0,0.0,0.0,-19,0.42,-13,0,0.07,0.0,0.455,0.0,0.0,1360.87,-0.007,0.0,0,0.0,0.0
Kinglord1090,27,20.11,2,5,13.5,0.0,0.0,0.0,0.0,24.56,0.923,0.0,0,0.0,0.0,37,28.57,3,5,12.33,0.0,0.0,0.0,0.0,56.29,0.861,0.0,0,0.0,0.0,10,8.46,1,0,-1.17,0.0,0.0,0.0,0.0,31.73,-0.062,0.0,0,0.0,0.0
udanielnogueira,25,11.0,6,4,4.17,0.0,0.0,0.0,0.0,414.85,0.625,0.0,0,0.0,0.0,35,20.63,6,5,5.83,0.0,0.0,0.0,0.0,205.79,0.735,0.0,0,0.0,0.0,10,9.63,0,1,1.66,0.0,0.0,0.0,0.0,-209.06,0.11,0.0,0,0.0,0.0
halynabondar,18,24.94,4,5,4.5,0.111,0.0,0.0,0.222,59.9,0.588,0.0,0,0.0,0.0,26,16.73,2,5,13.0,0.0,0.0,0.0,0.0,14.21,0.92,0.0,0,0.0,0.0,8,-8.21,-2,0,8.5,-0.111,0.0,0.0,-0.222,-45.69,0.332,0.0,0,0.0,0.0
paulinek13,81,40.46,14,4,5.79,0.012,0.654,0.0,0.012,60.96,0.525,0.0,0,0.0,0.0,17,34.0,6,1,2.83,0.0,0.647,0.0,0.0,1058.74,0.438,0.0,0,0.0,0.0,-64,-6.46,-8,-3,-2.96,-0.012,-0.007,0.0,-0.012,997.78,-0.087,0.0,0,0.0,0.0
sagar0dutta,75,2.64,1,4,75.0,0.0,0.0,0.0,0.0,0.06,1.0,0.0,0,0.0,0.0,25,53.28,3,1,8.33,0.24,0.0,0.0,0.0,61.16,0.792,0.0,0,0.0,0.0,-50,50.64,2,-3,-66.67,0.24,0.0,0.0,0.0,61.1,-0.208,0.0,0,0.0,0.0
hyeongjun6364,74,14.15,20,3,3.7,0.014,0.0,0.014,0.014,180.13,0.26,0.0,0,0.0,0.0,26,21.5,13,1,2.0,0.038,0.0,0.0,0.0,560.8,0.44,0.0,0,0.0,0.0,-48,7.35,-7,-2,-1.7,0.024,0.0,-0.014,-0.014,380.67,0.18,0.0,0,0.0,0.0
itkhansunny,35,17.63,6,2,5.83,0.0,0.0,0.0,0.0,212.16,0.824,0.0,0,0.0,0.0,36,23.25,6,2,6.0,0.028,0.0,0.0,0.0,510.48,0.829,0.0,0,0.0,0.0,1,5.62,0,0,0.17,0.028,0.0,0.0,0.0,298.32,0.005,0.0,0,0.0,0.0
online5880,67,14.18,13,3,5.15,0.09,0.0,0.0,0.06,45.82,0.318,0.0,0,0.0,0.0,19,15.89,13,1,1.46,0.0,0.0,0.0,0.0,800.19,0.222,0.0,0,0.0,0.0,-48,1.71,0,-2,-3.69,-0.09,0.0,0.0,-0.06,754.37,-0.096,0.0,0,0.0,0.0
nihalsaran,16,80.44,5,2,3.2,0.25,0.0,0.0,0.0,233.78,0.467,0.0,0,0.0,0.0,24,18.92,8,1,3.0,0.0,0.0,0.0,0.0,682.9,0.609,0.0,0,0.0,0.0,8,-61.52,3,-1,-0.2,-0.25,0.0,0.0,0.0,449.12,0.142,0.0,0,0.0,0.0
CodedJay672,93,19.45,9,5,10.33,0.0,0.0,0.0,0.0,121.54,0.783,0.0,0,0.0,0.0,5,24.6,3,1,1.67,0.2,0.0,0.0,0.0,636.57,0.25,0.0,0,0.0,0.0,-88,5.15,-6,-4,-8.66,0.2,0.0,0.0,0.0,515.03,-0.533,0.0,0,0.0,0.0
thesushantgunjal,17,17.53,3,3,5.67,0.0,0.0,0.0,0.0,76.52,0.75,0.0,0,0.0,0.0,5,16.4,1,1,5.0,0.0,0.0,0.0,0.0,0.1,1.0,0.0,0,0.0,0.0,-12,-1.13,-2,-2,-0.67,0.0,0.0,0.0,0.0,-76.42,0.25,0.0,0,0.0,0.0
fairydance,7,36.71,6,3,1.17,0.0,0.0,0.0,0.0,988.03,0.167,0.0,0,0.0,0.0,27,36.0,10,2,2.7,0.0,0.0,0.0,0.0,421.25,0.192,0.0,0,0.0,0.0,20,-0.71,4,-1,1.53,0.0,0.0,0.0,0.0,-566.78,0.025,0.0,0,0.0,0.0
eddwardmessias,18,25.94,8,4,2.25,0.278,0.0,0.056,0.056,960.8,0.412,0.0,0,0.0,0.0,17,27.06,9,1,1.89,0.118,0.0,0.0,0.0,1063.72,0.25,0.0,0,0.0,0.0,-1,1.12,1,-3,-0.36,-0.16,0.0,-0.056,-0.056,102.92,-0.162,0.0,0,0.0,0.0
YatinDevs,63,15.98,19,1,3.32,0.0,0.0,0.0,0.0,176.4,0.371,0.0,0,0.0,0.0,37,16.0,25,1,1.48,0.0,0.0,0.0,0.0,376.51,0.139,0.0,0,0.0,0.0,-26,0.02,6,0,-1.84,0.0,0.0,0.0,0.0,200.11,-0.232,0.0,0,0.0,0.0
Gabriel-Arcila,6,15.67,1,1,6.0,0.0,0.0,0.0,0.0,6.61,0.4,0.0,0,0.0,0.0,27,29.7,13,4,2.08,0.037,0.0,0.0,0.0,601.92,0.192,0.0,0,0.0,0.0,21,14.03,12,3,-3.92,0.037,0.0,0.0,0.0,595.31,-0.208,0.0,0,0.0,0.0
DmitryMuzalev,12,40.17,3,1,4.0,0.0,0.0,0.0,0.0,92.04,0.182,0.0,0,0.0,0.0,63,32.84,12,5,5.25,0.016,0.619,0.0,0.0,273.81,0.371,0.0,0,0.0,0.0,51,-7.33,9,4,1.25,0.016,0.619,0.0,0.0,181.77,0.189,0.0,0,0.0,0.0
devnestali,11,16.09,4,4,2.75,0.0,0.0,0.0,0.0,253.21,0.7,0.0,0,0.0,0.0,88,19.53,18,2,4.89,0.057,0.0,0.0,0.0,189.8,0.747,0.0,0,12.0,0.0,77,3.44,14,-2,2.14,0.057,0.0,0.0,0.0,-63.41,0.047,0.0,0,12.0,0.0
Coosanta17,20,241.15,9,3,2.22,0.25,0.0,0.0,0.05,832.47,0.263,0.0,0,0.0,0.0,14,25.57,10,1,1.4,0.071,0.0,0.0,0.0,1049.31,0.077,0.0,0,0.0,0.0,-6,-215.58,1,-2,-0.82,-0.179,0.0,0.0,-0.05,216.84,-0.186,0.0,0,0.0,0.0
yashk9293,74,17.0,7,4,10.57,0.0,0.0,0.0,0.0,184.26,0.836,0.0,0,0.0,0.0,26,55.62,9,1,2.89,0.423,0.0,0.0,0.0,737.97,0.64,0.0,0,0.0,0.0,-48,38.62,2,-3,-7.68,0.423,0.0,0.0,0.0,553.71,-0.196,0.0,0,0.0,0.0
DevilsBestFriend,10,33.9,2,1,5.0,0.1,0.0,0.0,0.0,112.13,0.889,0.0,0,0.0,0.0,90,23.22,7,3,12.86,0.056,0.0,0.0,0.0,14.57,0.82,0.0,0,15.2,0.0,80,-10.68,5,2,7.86,-0.044,0.0,0.0,0.0,-97.56,-0.069,0.0,0,15.2,0.0
qrimosa,17,84.12,8,4,2.12,0.471,0.0,0.0,0.0,126.08,0.125,0.0,0,0.0,0.0,35,36.37,4,1,8.75,0.2,0.0,0.0,0.0,16.83,0.471,0.0,0,0.0,0.0,18,-47.75,-4,-3,6.63,-0.271,0.0,0.0,0.0,-109.25,0.346,0.0,0,0.0,0.0
anshulsoni2010,20,16.95,6,1,3.33,0.0,0.0,0.0,0.0,128.86,0.684,0.0,0,0.0,0.0,23,15.87,13,1,1.77,0.0,0.0,0.0,0.0,829.11,0.273,0.0,0,0.0,0.0,3,-1.08,7,0,-1.56,0.0,0.0,0.0,0.0,700.25,-0.411,0.0,0,0.0,0.0
vadimgierko,19,18.89,18,1,1.06,0.0,0.0,0.0,0.0,898.71,0.056,0.0,0,0.0,0.0,13,41.62,12,2,1.08,0.077,0.0,0.0,0.0,1458.97,0.0,0.0,0,0.0,0.0,-6,22.73,-6,1,0.02,0.077,0.0,0.0,0.0,560.26,-0.056,0.0,0,0.0,0.0
rtrollebo,15,59.27,4,3,3.75,0.333,0.067,0.0,0.067,538.96,0.5,0.0,0,0.0,0.0,33,41.24,10,2,3.3,0.182,0.0,0.0,0.0,583.76,0.469,0.0,0,0.0,0.0,18,-18.03,6,-1,-0.45,-0.151,-0.067,0.0,-0.067,44.8,-0.031,0.0,0,0.0,0.0
paritosh-Shukla24,6,18.0,1,2,6.0,0.0,0.0,0.0,0.0,0.1,1.0,0.0,0,0.0,0.0,8,17.88,2,4,4.0,0.0,0.0,0.0,0.0,596.53,0.714,0.0,0,0.0,0.0,2,-0.12,1,2,-2.0,0.0,0.0,0.0,0.0,596.43,-0.286,0.0,0,0.0,0.0
djmoth,46,85.33,18,1,2.56,0.239,0.0,0.065,0.0,375.97,0.222,0.0,0,126.83,0.833,33,105.64,8,1,4.12,0.364,0.0,0.394,0.0,349.78,0.219,0.0,0,0.0,0.0,-13,20.31,-10,0,1.56,0.125,0.0,0.329,0.0,-26.19,-0.003,0.0,0,-126.83,-0.833
perlsdiver,22,14.41,4,2,5.5,0.091,0.0,0.0,0.0,232.35,0.619,0.0,0,0.0,0.0,54,19.35,11,2,4.91,0.074,0.0,0.0,0.0,353.74,0.717,0.0,0,0.0,0.0,32,4.94,7,0,-0.59,-0.017,0.0,0.0,0.0,121.39,0.098,0.0,0,0.0,0.0
ibsenquaresma,75,69.17,16,4,4.69,0.48,0.0,0.0,0.173,113.79,0.662,0.0,0,0.0,0.0,25,43.08,5,5,5.0,0.32,0.0,0.0,0.28,169.1,0.75,0.0,0,0.0,0.0,-50,-26.09,-11,1,0.31,-0.16,0.0,0.0,0.107,55.31,0.088,0.0,0,0.0,0.0
nictru,94,28.39,18,3,5.22,0.0,0.0,0.032,0.0,79.44,0.57,0.0,0,25.0,0.333,6,21.83,1,1,6.0,0.0,0.0,0.0,0.0,0.09,1.0,0.0,0,0.0,0.0,-88,-6.56,-17,-2,0.78,0.0,0.0,-0.032,0.0,-79.35,0.43,0.0,0,-25.0,-0.333
dhanushscience,30,23.63,7,4,4.29,0.1,0.0,0.067,0.0,322.78,0.759,0.0,0,0.0,0.0,46,26.3,10,4,4.6,0.13,0.0,0.0,0.0,215.37,0.711,0.0,0,63.33,0.667,16,2.67,3,0,0.31,0.03,0.0,-0.067,0.0,-107.41,-0.048,0.0,0,63.33,0.667
AlexAlkhatib,22,22.64,4,5,5.5,0.045,0.0,0.0,0.0,300.52,0.714,0.0,0,0.0,0.0,21,58.81,4,5,5.25,0.333,0.0,0.0,0.0,39.51,0.85,0.0,0,0.0,0.0,-1,36.17,0,0,-0.25,0.288,0.0,0.0,0.0,-261.01,0.136,0.0,0,0.0,0.0
AustinWilliam117,36,33.0,17,1,2.12,0.0,0.0,0.0,0.0,206.22,0.171,0.0,0,0.0,0.0,64,33.0,23,1,2.78,0.0,0.0,0.0,0.0,170.05,0.286,0.0,0,0.0,0.0,28,0.0,6,0,0.66,0.0,0.0,0.0,0.0,-36.17,0.115,0.0,0,0.0,0.0
emreosminho,10,22.6,3,2,3.33,0.1,0.0,0.0,0.0,389.28,0.778,0.0,0,0.0,0.0,50,71.44,14,4,3.57,0.02,0.26,0.04,0.18,346.61,0.612,0.0,0,0.0,0.0,40,48.84,11,2,0.24,-0.08,0.26,0.04,0.18,-42.67,-0.166,0.0,0,0.0,0.0
PeeOops,6,15.67,3,2,2.0,0.0,0.0,0.0,0.0,471.53,0.4,0.0,0,0.0,0.0,94,26.09,7,3,13.43,0.0,0.0,0.0,0.0,62.47,0.688,0.0,0,0.0,0.0,88,10.42,4,1,11.43,0.0,0.0,0.0,0.0,-409.06,0.288,0.0,0,0.0,0.0
RunningFlip,21,45.19,5,1,4.2,0.048,0.857,0.0,0.0,98.33,0.5,0.0,0,0.0,0.0,5,14.8,1,4,5.0,0.0,0.0,0.0,0.0,8.53,0.75,0.0,0,0.0,0.0,-16,-30.39,-4,3,0.8,-0.048,-0.857,0.0,0.0,-89.8,0.25,0.0,0,0.0,0.0
Aete,5,15.0,4,1,1.25,0.0,0.0,0.0,0.0,658.64,0.25,0.0,0,0.0,0.0,37,34.35,9,1,4.11,0.135,0.0,0.0,0.027,396.64,0.556,0.0,0,6.33,0.0,32,19.35,5,0,2.86,0.135,0.0,0.0,0.027,-262.0,0.306,0.0,0,6.33,0.0
tonyS912,29,40.48,6,2,4.83,0.0,0.0,0.034,0.0,115.09,0.393,0.0,0,0.0,0.0,50,25.66,9,5,5.56,0.0,0.0,0.02,0.0,322.46,0.673,0.0,0,0.0,0.0,21,-14.82,3,3,0.73,0.0,0.0,-0.014,0.0,207.37,0.28,0.0,0,0.0,0.0
sujithq,8,132.62,2,1,4.0,0.875,0.0,0.125,0.0,808.07,0.857,0.0,0,0.0,0.0,89,93.66,17,2,5.24,0.067,0.596,0.0,0.034,201.84,0.568,0.0,0,336.5,0.5,81,-38.96,15,1,1.24,-0.808,0.596,-0.125,0.034,-606.23,-0.289,0.0,0,336.5,0.5
MarioMarkwart,29,40.07,2,1,14.5,0.034,0.0,0.0,0.0,5.01,0.714,0.0,0,27.33,0.333,71,20.9,4,1,17.75,0.0,0.0,0.0,0.0,7.6,0.429,0.0,0,0.0,0.0,42,-19.17,2,0,3.25,-0.034,0.0,0.0,0.0,2.59,-0.285,0.0,0,-27.33,-0.333
lawrence-forooghian,26,45.08,2,1,13.0,0.269,0.0,0.0,0.0,167.18,0.96,0.0,0,0.0,0.0,74,141.69,12,1,6.17,0.392,0.0,0.014,0.027,254.87,0.658,0.0,0,0.0,0.0,48,96.61,10,0,-6.83,0.123,0.0,0.014,0.027,87.69,-0.302,0.0,0,0.0,0.0
gregowa,26,14.77,9,2,2.89,0.0,0.0,0.115,0.0,179.8,0.48,0.0,0,0.0,0.0,52,36.31,2,2,26.0,0.0,0.0,0.115,0.0,3.39,0.863,0.0,0,0.0,0.0,26,21.54,-7,0,23.11,0.0,0.0,0.0,0.0,-176.41,0.383,0.0,0,0.0,0.0
jakubklimek,17,71.0,9,1,1.89,1.0,0.0,0.0,0.0,187.59,0.25,0.0,0,0.0,0.0,81,42.22,42,1,1.93,0.309,0.0,0.0,0.012,219.55,0.325,0.0,0,0.0,0.0,64,-28.78,33,0,0.04,-0.691,0.0,0.0,0.012,31.96,0.075,0.0,0,0.0,0.0
nMaax,95,20.47,10,3,9.5,0.0,0.0,0.011,0.011,104.26,0.734,0.0,0,0.0,0.0,5,16.0,4,1,1.25,0.0,0.0,0.0,0.0,3779.36,0.25,0.0,0,0.0,0.0,-90,-4.47,-6,-2,-8.25,0.0,0.0,-0.011,-0.011,3675.1,-0.484,0.0,0,0.0,0.0
SameerArora497,9,16.0,1,1,9.0,0.0,0.0,0.0,0.0,0.36,0.875,0.0,0,0.0,0.0,91,19.96,23,1,3.96,0.0,0.0,0.0,0.0,87.96,0.389,0.0,0,0.0,0.0,82,3.96,22,0,-5.04,0.0,0.0,0.0,0.0,87.6,-0.486,0.0,0,0.0,0.0
iWas-Coder,94,18.88,14,4,6.71,0.0,0.0,0.0,0.0,120.35,0.753,0.0,0,0.0,0.0,6,24.0,5,1,1.2,0.167,0.0,0.0,0.0,3589.5,0.0,0.0,0,0.0,0.0,-88,5.12,-9,-3,-5.51,0.167,0.0,0.0,0.0,3469.15,-0.753,0.0,0,0.0,0.0
n-niewiadowska,12,14.5,2,2,6.0,0.0,0.167,0.0,0.0,115.84,0.909,0.0,0,0.0,0.0,37,32.68,17,4,2.18,0.162,0.0,0.0,0.027,491.08,0.417,0.0,0,0.0,0.0,25,18.18,15,2,-3.82,0.162,-0.167,0.0,0.027,375.24,-0.492,0.0,0,0.0,0.0
varunkumar,6,139.83,6,1,1.0,0.833,0.0,0.0,0.0,2188.54,0.0,0.0,0,0.0,0.0,6,152.83,4,1,1.5,1.0,0.0,0.0,0.0,923.59,0.4,0.0,0,0.0,0.0,0,13.0,-2,0,0.5,0.167,0.0,0.0,0.0,-1264.95,0.4,0.0,0,0.0,0.0
zad-sixstrings,33,25.52,3,5,11.0,0.0,0.0,0.0,0.0,30.26,0.938,0.0,0,0.0,0.0,6,53.83,1,1,6.0,0.0,0.0,0.0,0.0,0.6,0.8,0.0,0,0.0,0.0,-27,28.31,-2,-4,-5.0,0.0,0.0,0.0,0.0,-29.66,-0.138,0.0,0,0.0,0.0
shifan-mts,39,19.33,7,5,5.57,0.0,0.0,0.0,0.0,146.46,0.789,0.0,0,0.0,0.0,6,13.0,1,1,6.0,0.0,0.0,0.0,0.0,0.17,1.0,0.0,0,0.0,0.0,-33,-6.33,-6,-4,0.43,0.0,0.0,0.0,0.0,-146.29,0.211,0.0,0,0.0,0.0
cseriildi,9,19.11,3,2,3.0,0.0,0.0,0.0,0.0,1755.4,0.5,0.0,0,0.0,0.0,73,22.62,9,3,8.11,0.0,0.0,0.014,0.014,200.67,0.597,0.0,0,0.0,0.0,64,3.51,6,1,5.11,0.0,0.0,0.014,0.014,-1554.73,0.097,0.0,0,0.0,0.0
Aditya7786,12,18.75,2,1,6.0,0.0,0.0,0.0,0.0,17.28,0.909,0.0,0,0.0,0.0,9,17.56,4,4,2.25,0.0,0.0,0.0,0.0,483.6,0.5,0.0,0,0.0,0.0,-3,-1.19,2,3,-3.75,0.0,0.0,0.0,0.0,466.32,-0.409,0.0,0,0.0,0.0
20101301-Alina-Hasan,28,19.54,4,2,7.0,0.0,0.0,0.0,0.0,46.0,0.63,0.0,0,0.0,0.0,72,17.12,2,4,36.0,0.0,0.0,0.056,0.0,0.56,0.986,0.0,0,0.0,0.0,44,-2.42,-2,2,29.0,0.0,0.0,0.056,0.0,-45.44,0.356,0.0,0,0.0,0.0
GnanambhalSvRam,35,38.51,6,3,5.83,0.114,0.0,0.0,0.0,169.86,0.412,0.0,0,0.0,0.0,65,36.43,9,2,7.22,0.077,0.0,0.0,0.0,135.9,0.562,0.0,0,0.0,0.0,30,-2.08,3,-1,1.39,-0.037,0.0,0.0,0.0,-33.96,0.15,0.0,0,0.0,0.0
Faiaz-Rahman,24,25.29,8,4,3.0,0.0,0.0,0.0,0.0,75.01,0.304,0.0,0,0.0,0.0,5,13.6,2,2,2.5,0.0,0.0,0.0,0.0,1152.74,0.5,0.0,0,0.0,0.0,-19,-11.69,-6,-2,-0.5,0.0,0.0,0.0,0.0,1077.73,0.196,0.0,0,0.0,0.0
BibekPoudel855,41,9.44,6,1,6.83,0.0,0.0,0.0,0.0,19.21,0.55,0.0,0,0.0,0.0,59,29.29,22,1,2.68,0.0,0.0,0.017,0.0,244.48,0.414,0.0,0,0.0,0.0,18,19.85,16,0,-4.15,0.0,0.0,0.017,0.0,225.27,-0.136,0.0,0,0.0,0.0
darvin-rakotomalala,17,16.12,6,1,2.83,0.0,0.0,0.0,0.0,418.85,0.375,0.0,0,0.0,0.0,18,16.5,8,2,2.25,0.0,0.0,0.0,0.0,1154.39,0.529,0.0,0,0.0,0.0,1,0.38,2,1,-0.58,0.0,0.0,0.0,0.0,735.54,0.154,0.0,0,0.0,0.0
AH-Ratul,10,13.4,7,4,1.43,0.0,0.0,0.0,0.0,1038.2,0.333,0.0,0,0.0,0.0,16,16.0,2,1,8.0,0.0,0.0,0.0,0.0,796.99,0.933,0.0,0,0.0,0.0,6,2.6,-5,-3,6.57,0.0,0.0,0.0,0.0,-241.21,0.6,0.0,0,0.0,0.0
k2controls,74,13.36,3,1,24.67,0.0,0.0,0.014,0.0,4.79,0.836,0.0,0,0.0,0.0,26,4.81,4,1,6.5,0.0,0.0,0.0,0.0,29.98,0.28,0.0,0,0.0,0.0,-48,-8.55,1,0,-18.17,0.0,0.0,-0.014,0.0,25.19,-0.556,0.0,0,0.0,0.0
MnacsM,13,61.77,6,4,2.17,0.538,0.0,0.0,0.0,1210.51,0.167,0.0,0,37.67,0.333,50,51.56,21,4,2.38,0.36,0.0,0.0,0.0,379.6,0.51,0.0,0,0.0,0.0,37,-10.21,15,0,0.21,-0.178,0.0,0.0,0.0,-830.91,0.343,0.0,0,-37.67,-0.333
alekssamos,25,13.8,8,1,3.12,0.0,0.0,0.0,0.0,193.91,0.542,0.0,0,0.0,0.0,73,10.88,25,1,2.92,0.0,0.0,0.0,0.0,234.68,0.5,0.0,0,0.0,0.0,48,-2.92,17,0,-0.2,0.0,0.0,0.0,0.0,40.77,-0.042,0.0,0,0.0,0.0
Noctulus,22,10.64,1,1,22.0,0.0,0.0,0.0,0.0,2.89,0.857,0.0,0,0.0,0.0,21,9.67,5,1,4.2,0.0,0.0,0.0,0.0,323.36,0.5,0.0,0,0.0,0.0,-1,-0.97,4,0,-17.8,0.0,0.0,0.0,0.0,320.47,-0.357,0.0,0,0.0,0.0
amitsuthar69,68,20.74,18,3,3.78,0.103,0.0,0.044,0.0,107.37,0.418,0.0,0,0.0,0.0,32,15.09,22,1,1.45,0.0,0.0,0.0,0.0,575.14,0.097,0.0,0,0.0,0.0,-36,-5.65,4,-2,-2.33,-0.103,0.0,-0.044,0.0,467.77,-0.321,0.0,0,0.0,0.0
FamALouiz,9,19.44,2,4,4.5,0.0,0.0,0.0,0.0,884.11,0.875,0.0,0,0.0,0.0,6,18.5,3,1,2.0,0.0,0.167,0.0,0.0,1308.79,0.6,0.0,0,0.0,0.0,-3,-0.94,1,-3,-2.5,0.0,0.167,0.0,0.0,424.68,-0.275,0.0,0,0.0,0.0
ChessZra,56,18.84,8,4,7.0,0.0,0.0,0.071,0.0,104.19,0.782,0.0,0,0.0,0.0,5,17.0,4,2,1.25,0.0,0.0,0.0,0.0,3678.25,0.25,0.0,0,0.0,0.0,-51,-1.84,-4,-2,-5.75,0.0,0.0,-0.071,0.0,3574.06,-0.532,0.0,0,0.0,0.0
chrisheithoff,34,30.59,7,2,4.86,0.0,0.0,0.0,0.0,284.25,0.242,0.0,0,0.0,0.0,53,27.45,10,3,5.3,0.0,0.0,0.0,0.038,336.84,0.423,0.0,0,0.0,0.0,19,-3.14,3,1,0.44,0.0,0.0,0.0,0.038,52.59,0.181,0.0,0,0.0,0.0
BrettOrmsby,91,40.56,12,2,7.58,0.165,0.022,0.011,0.0,118.13,0.622,0.0,0,0.0,0.0,9,95.56,5,1,1.8,0.333,0.0,0.0,0.0,759.18,0.5,0.0,0,0.0,0.0,-82,55.0,-7,-1,-5.78,0.168,-0.022,-0.011,0.0,641.05,-0.122,0.0,0,0.0,0.0
wangLyndon,7,16.57,2,3,3.5,0.0,0.0,0.0,0.0,414.59,0.667,0.0,0,0.0,0.0,54,16.2,13,5,4.15,0.0,0.093,0.0,0.0,233.37,0.434,0.0,0,0.0,0.0,47,-0.37,11,2,0.65,0.0,0.093,0.0,0.0,-181.22,-0.233,0.0,0,0.0,0.0
souzafcharles,32,18.44,7,4,4.57,0.0,0.0,0.094,0.0,479.74,0.613,0.0,0,0.0,0.0,11,16.0,9,1,1.22,0.0,0.0,0.0,0.0,1650.96,0.1,0.0,0,0.0,0.0,-21,-2.44,2,-3,-3.35,0.0,0.0,-0.094,0.0,1171.22,-0.513,0.0,0,0.0,0.0
gary1116,28,48.93,10,3,2.8,0.0,0.0,0.036,0.0,123.6,0.259,0.0,0,0.0,0.0,6,23.67,2,2,3.0,0.0,0.0,0.0,0.0,85.2,0.8,0.0,0,0.0,0.0,-22,-25.26,-8,-1,0.2,0.0,0.0,-0.036,0.0,-38.4,0.541,0.0,0,0.0,0.0
a-mnich,7,22.86,4,2,1.75,0.0,0.0,0.0,0.0,1256.85,0.5,0.0,0,0.0,0.0,6,18.17,5,1,1.2,0.0,0.0,0.0,0.0,2617.13,0.2,0.0,0,0.0,0.0,-1,-4.69,1,-1,-0.55,0.0,0.0,0.0,0.0,1360.28,-0.3,0.0,0,0.0,0.0
FS-17,14,17.43,4,1,3.5,0.071,0.0,0.0,0.0,687.33,0.462,0.0,0,0.0,0.0,84,38.73,27,5,3.11,0.036,0.024,0.0,0.024,211.91,0.554,0.0,0,0.0,0.0,70,21.3,23,4,-0.39,-0.035,0.024,0.0,0.024,-475.42,0.092,0.0,0,0.0,0.0
codeyoma,87,15.62,21,1,4.14,0.0,0.0,0.0,0.0,137.83,0.628,0.0,0,0.0,0.0,13,16.0,6,1,2.17,0.0,0.0,0.0,0.0,1068.22,0.25,0.0,0,0.0,0.0,-74,0.38,-15,0,-1.97,0.0,0.0,0.0,0.0,930.39,-0.378,0.0,0,0.0,0.0
polent,5,20.2,2,2,2.5,0.0,0.0,0.0,0.0,89.72,0.75,0.0,0,0.0,0.0,92,31.6,28,3,3.29,0.098,0.0,0.0,0.0,215.94,0.418,0.0,0,3.17,0.0,87,11.4,26,1,0.79,0.098,0.0,0.0,0.0,126.22,-0.332,0.0,0,3.17,0.0
dylanmazurek,37,18.97,8,3,4.62,0.0,0.0,0.027,0.0,385.98,0.639,0.0,0,0.0,0.0,12,71.25,2,1,6.0,0.083,0.0,0.0,0.0,93.54,0.727,0.0,0,245.0,0.5,-25,52.28,-6,-2,1.38,0.083,0.0,-0.027,0.0,-292.44,0.088,0.0,0,245.0,0.5
WeichenFan,72,6.11,10,2,7.2,0.0,0.0,0.0,0.0,119.68,0.775,0.0,0,0.0,0.0,20,5.95,9,2,2.22,0.0,0.0,0.0,0.0,778.51,0.421,0.0,0,0.0,0.0,-52,-0.16,-1,0,-4.98,0.0,0.0,0.0,0.0,658.83,-0.354,0.0,0,0.0,0.0
angeluriot,49,13.65,7,3,7.0,0.0,0.0,0.0,0.0,286.97,0.792,0.0,0,0.0,0.0,13,21.23,5,4,2.6,0.077,0.0,0.0,0.0,1048.97,0.583,0.0,0,0.0,0.0,-36,7.58,-2,1,-4.4,0.077,0.0,0.0,0.0,762.0,-0.209,0.0,0,0.0,0.0
mzelder,25,19.68,6,4,4.17,0.0,0.0,0.0,0.0,301.96,0.25,0.0,0,0.0,0.0,75,20.61,15,1,5.0,0.0,0.0,0.013,0.0,54.05,0.189,0.0,0,0.0,0.0,50,0.93,9,-3,0.83,0.0,0.0,0.013,0.0,-247.91,-0.061,0.0,0,0.0,0.0
mmilkos,29,17.9,6,1,4.83,0.069,0.0,0.0,0.0,512.27,0.679,0.0,0,0.0,0.0,57,25.84,10,2,5.7,0.123,0.0,0.018,0.0,111.4,0.482,0.0,0,2.75,0.0,28,7.94,4,1,0.87,0.054,0.0,0.018,0.0,-400.87,-0.197,0.0,0,2.75,0.0
Ivin-Mathew,11,32.55,1,1,11.0,0.182,0.0,0.0,0.0,2.41,0.9,0.0,0,0.0,0.0,10,26.4,7,1,1.43,0.0,0.0,0.0,0.0,1664.64,0.0,0.0,0,0.0,0.0,-1,-6.15,6,0,-9.57,-0.182,0.0,0.0,0.0,1662.23,-0.9,0.0,0,0.0,0.0
Shirou-Dev,12,15.75,1,1,12.0,0.0,0.0,0.0,0.0,5.22,0.818,0.0,0,0.0,0.0,9,14.0,3,2,3.0,0.0,0.0,0.0,0.0,915.16,0.75,0.0,0,0.0,0.0,-3,-1.75,2,1,-9.0,0.0,0.0,0.0,0.0,909.94,-0.068,0.0,0,0.0,0.0
laurentlb,48,103.48,11,1,4.36,0.542,0.0,0.208,0.083,60.73,0.447,0.0,0,0.0,0.0,52,99.79,15,1,3.47,0.481,0.0,0.096,0.115,332.77,0.392,0.0,0,37.82,0.182,4,-3.69,4,0,-0.89,-0.061,0.0,-0.112,0.032,272.04,-0.055,0.0,0,37.82,0.182
sjapanwala,5,14.6,2,1,2.5,0.0,0.0,0.0,0.0,3083.88,0.75,0.0,0,0.0,0.0,95,23.61,30,3,3.17,0.042,0.0,0.0,0.011,189.22,0.596,0.0,0,0.0,0.0,90,9.01,28,2,0.67,0.042,0.0,0.0,0.011,-2894.66,-0.154,0.0,0,0.0,0.0
bwromero,7,16.0,1,1,7.0,0.0,0.0,0.0,0.0,0.06,1.0,0.0,0,0.0,0.0,93,35.04,5,2,18.6,0.0,0.957,0.011,0.0,65.07,0.848,0.0,0,0.0,0.0,86,19.04,4,1,11.6,0.0,0.957,0.011,0.0,65.01,-0.152,0.0,0,0.0,0.0
jimmlucas,77,14.99,18,2,4.28,0.013,0.0,0.0,0.0,56.53,0.579,0.0,0,0.0,0.0,23,26.96,8,2,2.88,0.0,0.0,0.0,0.0,290.22,0.318,0.0,0,0.0,0.0,-54,11.97,-10,0,-1.4,-0.013,0.0,0.0,0.0,233.69,-0.261,0.0,0,0.0,0.0
SHUBHAMTATE,7,22.71,5,2,1.4,0.0,0.0,0.0,0.0,317.61,0.333,0.0,0,0.0,0.0,93,22.62,31,3,3.0,0.0,0.0,0.0,0.022,104.82,0.489,0.0,0,0.0,0.0,86,-0.09,26,1,1.6,0.0,0.0,0.0,0.022,-212.79,0.156,0.0,0,0.0,0.0
Kangie,13,36.85,5,1,2.6,0.231,0.0,0.0,0.0,175.54,0.417,0.0,0,0.0,0.0,12,80.0,8,2,1.5,0.75,0.0,0.0,0.0,959.13,0.273,0.0,0,0.0,0.0,-1,43.15,3,1,-1.1,0.519,0.0,0.0,0.0,783.59,-0.144,0.0,0,0.0,0.0
minhjih,6,12.0,2,1,3.0,0.0,0.0,0.0,0.0,4.72,0.6,0.0,0,0.0,0.0,93,29.83,9,2,10.33,0.075,0.0,0.0,0.0,171.15,0.87,0.0,0,1875.86,0.857,87,17.83,7,1,7.33,0.075,0.0,0.0,0.0,166.43,0.27,0.0,0,1875.86,0.857
mkrutzler,31,23.42,6,2,5.17,0.0,0.0,0.0,0.0,85.8,0.7,0.0,0,0.0,0.0,69,26.54,11,2,6.27,0.0,0.0,0.029,0.014,183.91,0.588,0.0,0,0.0,0.0,38,3.12,5,0,1.1,0.0,0.0,0.029,0.014,98.11,-0.112,0.0,0,0.0,0.0
lucaskeller27,7,17.0,1,1,7.0,0.0,0.0,0.0,0.0,0.0,1.0,0.0,0,0.0,0.0,93,18.13,10,2,9.3,0.011,0.0,0.0,0.0,95.83,0.772,0.0,0,0.0,0.0,86,1.13,9,1,2.3,0.011,0.0,0.0,0.0,95.83,-0.228,0.0,0,0.0,0.0
prabhashj07,47,21.36,5,2,9.4,0.043,0.0,0.0,0.0,12.6,0.717,0.0,0,0.0,0.0,19,16.0,6,1,3.17,0.0,0.0,0.0,0.0,161.62,0.278,0.0,0,0.0,0.0,-28,-5.36,1,-1,-6.23,-0.043,0.0,0.0,0.0,149.02,-0.439,0.0,0,0.0,0.0
will-craig,12,27.58,1,1,12.0,0.0,0.0,0.167,0.0,4.15,0.818,0.0,0,0.0,0.0,31,73.35,6,2,5.17,0.032,0.0,0.097,0.032,137.56,0.6,0.0,0,0.0,0.0,19,45.77,5,1,-6.83,0.032,0.0,-0.07,0.032,133.41,-0.218,0.0,0,0.0,0.0
mwalbeck,48,68.38,13,1,3.69,0.062,0.0,0.0,0.062,314.44,0.723,0.0,0,178.67,0.333,6,89.83,2,1,3.0,0.333,0.0,0.0,0.167,547.95,0.8,0.0,0,126.5,0.5,-42,21.45,-11,0,-0.69,0.271,0.0,0.0,0.105,233.51,0.077,0.0,0,-52.17,0.167
vxnsin,19,14.79,4,4,4.75,0.0,0.0,0.0,0.0,297.11,0.833,0.0,0,0.0,0.0,79,18.71,12,4,6.58,0.025,0.0,0.0,0.0,175.45,0.756,0.0,0,0.0,0.0,60,3.92,8,0,1.83,0.025,0.0,0.0,0.0,-121.66,-0.077,0.0,0,0.0,0.0
codewithdark-git,7,15.71,3,2,2.33,0.0,0.0,0.0,0.0,407.78,0.667,0.0,0,0.0,0.0,93,19.8,31,4,3.0,0.011,0.0,0.022,0.0,189.16,0.565,0.0,0,0.0,0.0,86,4.09,28,2,0.67,0.011,0.0,0.022,0.0,-218.62,-0.102,0.0,0,0.0,0.0
leandrada08,9,30.56,3,2,3.0,0.0,0.0,0.0,0.0,449.36,0.5,0.0,0,0.0,0.0,24,29.12,8,2,3.0,0.0,0.0,0.0,0.0,131.19,0.391,0.0,0,0.0,0.0,15,-1.44,5,0,0.0,0.0,0.0,0.0,0.0,-318.17,-0.109,0.0,0,0.0,0.0
mabdn,51,31.1,4,1,12.75,0.0,0.0,0.118,0.0,8.31,0.58,0.0,0,0.0,0.0,27,24.85,10,2,2.7,0.037,0.0,0.0,0.0,491.27,0.615,0.0,0,0.0,0.0,-24,-6.25,6,1,-10.05,0.037,0.0,-0.118,0.0,482.96,0.035,0.0,0,0.0,0.0
mtolmacs,57,62.51,12,4,4.75,0.368,0.0,0.281,0.0,264.36,0.75,0.0,0,71.5,0.7,19,56.21,7,2,2.71,0.632,0.368,0.0,0.0,925.16,0.444,0.0,0,0.0,0.0,-38,-6.3,-5,-2,-2.04,0.264,0.368,-0.281,0.0,660.8,-0.306,0.0,0,-71.5,-0.7
dungken,46,20.0,6,2,7.67,0.0,0.0,0.0,0.0,60.17,0.4,0.0,0,0.0,0.0,54,16.11,8,2,6.75,0.0,0.0,0.0,0.093,111.27,0.415,0.0,0,0.0,0.0,8,-3.89,2,0,-0.92,0.0,0.0,0.0,0.093,51.1,0.015,0.0,0,0.0,0.0
tobidelly,31,25.74,5,5,6.2,0.032,0.0,0.0,0.0,261.18,0.767,0.0,0,0.0,0.0,10,17.6,2,1,5.0,0.0,0.0,0.0,0.0,109.52,0.889,0.0,0,0.0,0.0,-21,-8.14,-3,-4,-1.2,-0.032,0.0,0.0,0.0,-151.66,0.122,0.0,0,0.0,0.0
lanlacope,51,20.86,5,1,10.2,0.039,0.0,0.0,0.059,20.41,0.84,0.0,0,0.0,0.0,49,13.39,7,2,7.0,0.102,0.0,0.0,0.0,136.85,0.688,0.0,0,0.0,0.0,-2,-7.47,2,1,-3.2,0.063,0.0,0.0,-0.059,116.44,-0.152,0.0,0,0.0,0.0
DiogoBarrosMartins,77,28.71,11,2,7.0,0.208,0.0,0.026,0.0,21.42,0.263,0.0,0,0.0,0.0,23,27.57,8,2,2.88,0.13,0.0,0.0,0.0,484.02,0.364,0.0,0,0.0,0.0,-54,-1.14,-3,0,-4.12,-0.078,0.0,-0.026,0.0,462.6,0.101,0.0,0,0.0,0.0
mlesnoff,11,22.36,1,1,11.0,0.0,0.0,0.0,0.0,0.3,0.9,0.0,0,0.0,0.0,58,7.33,4,1,14.5,0.0,0.0,0.0,0.0,11.54,0.439,0.0,0,13.67,0.0,47,-15.03,3,0,3.5,0.0,0.0,0.0,0.0,11.24,-0.461,0.0,0,13.67,0.0
theNareshofficial,25,13.84,6,5,4.17,0.04,0.0,0.0,0.0,58.83,0.708,0.0,0,0.0,0.0,24,12.67,6,2,4.0,0.0,0.0,0.0,0.0,226.06,0.652,0.0,0,0.0,0.0,-1,-1.17,0,-3,-0.17,-0.04,0.0,0.0,0.0,167.23,-0.056,0.0,0,0.0,0.0
manit2004,7,17.57,3,1,2.33,0.0,0.0,0.0,0.0,100.41,0.333,0.0,0,0.0,0.0,7,28.57,4,2,1.75,0.286,0.0,0.0,0.0,472.12,0.167,0.0,0,0.0,0.0,0,11.0,1,1,-0.58,0.286,0.0,0.0,0.0,371.71,-0.166,0.0,0,0.0,0.0
besser435,12,37.17,6,1,2.0,0.333,0.0,0.167,0.167,836.18,0.364,0.0,0,204.0,0.5,14,26.36,7,1,2.0,0.0,0.0,0.071,0.071,445.61,0.308,0.0,0,0.0,0.0,2,-10.81,1,0,0.0,-0.333,0.0,-0.096,-0.096,-390.57,-0.056,0.0,0,-204.0,-0.5
saisriramgit,12,17.17,2,3,6.0,0.0,0.0,0.0,0.0,174.79,0.818,0.0,0,0.0,0.0,45,16.0,22,2,2.05,0.0,0.0,0.0,0.0,287.19,0.386,0.0,0,0.0,0.0,33,-1.17,20,-1,-3.95,0.0,0.0,0.0,0.0,112.4,-0.432,0.0,0,0.0,0.0
Anderson-kariuki,49,25.76,9,2,5.44,0.02,0.0,0.02,0.0,88.06,0.667,0.0,0,0.0,0.0,49,17.53,9,4,5.44,0.0,0.0,0.122,0.0,48.62,0.562,0.0,0,0.0,0.0,0,-8.23,0,2,0.0,-0.02,0.0,0.102,0.0,-39.44,-0.105,0.0,0,0.0,0.0
rwdroge,7,18.0,2,1,3.5,0.0,0.0,0.0,0.0,683.86,0.667,0.0,0,0.0,0.0,87,128.18,7,1,12.43,0.379,0.552,0.0,0.161,49.09,0.791,0.0,0,250.05,0.789,80,110.18,5,0,8.93,0.379,0.552,0.0,0.161,-634.77,0.124,0.0,0,250.05,0.789
arnautov-anton,44,37.43,6,2,7.33,0.205,0.864,0.25,0.0,323.75,0.86,0.0,0,0.0,0.0,27,19.44,2,1,13.5,0.074,0.259,0.037,0.037,3.9,0.885,0.0,0,16.0,0.2,-17,-17.99,-4,-1,6.17,-0.131,-0.605,-0.213,0.037,-319.85,0.025,0.0,0,16.0,0.2
LuisMiguel-efe,16,57.19,5,1,3.2,0.625,0.0,0.0,0.0,50.33,0.4,0.0,0,0.0,0.0,24,58.17,6,3,4.0,0.375,0.0,0.0,0.0,459.37,0.522,0.0,0,0.0,0.0,8,0.98,1,2,0.8,-0.25,0.0,0.0,0.0,409.04,0.122,0.0,0,0.0,0.0
seanbuckle,41,25.41,8,2,5.12,0.098,0.0,0.0,0.098,370.33,0.8,0.0,0,0.0,0.0,59,92.58,11,2,5.36,0.322,0.068,0.0,0.085,274.51,0.741,0.0,0,111.67,0.5,18,67.17,3,0,0.24,0.224,0.068,0.0,-0.013,-95.82,-0.059,0.0,0,111.67,0.5
Pablo-source,56,36.57,16,2,3.5,0.821,0.0,0.0,0.0,152.13,0.618,0.0,0,0.0,0.0,30,27.0,14,1,2.14,0.1,0.0,0.0,0.0,418.2,0.517,0.0,0,0.0,0.0,-26,-9.57,-2,-1,-1.36,-0.721,0.0,0.0,0.0,266.07,-0.101,0.0,0,0.0,0.0
jacobcassidy,5,35.6,1,1,5.0,0.0,0.0,0.0,0.0,0.08,1.0,0.0,0,0.0,0.0,95,38.4,9,1,10.56,0.0,0.0,0.0,0.0,55.82,0.766,0.0,0,0.0,0.0,90,2.8,8,0,5.56,0.0,0.0,0.0,0.0,55.74,-0.234,0.0,0,0.0,0.0
aquental,6,27.83,2,2,3.0,0.0,0.0,0.0,0.0,916.87,0.6,0.0,0,0.0,0.0,13,32.92,4,2,3.25,0.077,0.0,0.077,0.0,868.51,0.5,0.0,0,0.0,0.0,7,5.09,2,0,0.25,0.077,0.0,0.077,0.0,-48.36,-0.1,0.0,0,0.0,0.0
YoCode35,10,36.2,3,1,3.33,0.0,0.0,0.0,0.0,38.65,0.111,0.0,0,0.0,0.0,90,35.37,11,2,8.18,0.022,0.0,0.256,0.0,220.22,0.719,0.0,0,0.0,0.0,80,-0.83,8,1,4.85,0.022,0.0,0.256,0.0,181.57,0.608,0.0,0,0.0,0.0
BelaSchrammDev,31,22.29,3,2,10.33,0.0,0.0,0.0,0.0,12.81,0.667,0.0,0,0.0,0.0,69,35.94,14,2,4.93,0.043,0.0,0.0,0.029,146.07,0.441,0.0,0,0.0,0.0,38,13.65,11,0,-5.4,0.043,0.0,0.0,0.029,133.26,-0.226,0.0,0,0.0,0.0
Sami-Juhani,19,19.16,4,3,4.75,0.0,0.0,0.053,0.0,89.51,0.611,0.0,0,0.0,0.0,81,38.47,8,3,10.12,0.148,0.0,0.123,0.0,38.81,0.713,0.0,0,59.88,0.375,62,19.31,4,0,5.37,0.148,0.0,0.07,0.0,-50.7,0.102,0.0,0,59.88,0.375
KurosakiKST,66,31.03,6,2,11.0,0.061,0.0,0.015,0.0,83.09,0.723,0.0,0,0.0,0.0,27,37.78,5,2,5.4,0.296,0.0,0.0,0.0,352.69,0.5,0.0,0,42.71,0.353,-39,6.75,-1,0,-5.6,0.235,0.0,-0.015,0.0,269.6,-0.223,0.0,0,42.71,0.353
ridzimeko,32,30.66,7,1,4.57,0.0,0.25,0.0,0.0,50.94,0.387,0.0,0,0.0,0.0,68,33.9,11,3,6.18,0.088,0.75,0.0,0.0,103.06,0.209,0.0,0,0.0,0.0,36,3.24,4,2,1.61,0.088,0.5,0.0,0.0,52.12,-0.178,0.0,0,0.0,0.0
ducchinhpro123,6,21.33,1,1,6.0,0.0,0.0,0.0,0.0,0.01,1.0,0.0,0,0.0,0.0,94,34.55,7,3,13.43,0.021,0.085,0.032,0.011,33.27,0.71,0.0,0,0.0,0.0,88,13.22,6,2,7.43,0.021,0.085,0.032,0.011,33.26,-0.29,0.0,0,0.0,0.0
nandbolt,77,24.58,3,1,25.67,0.039,0.0,0.0,0.039,4.43,0.763,0.0,0,0.0,0.0,23,60.52,6,1,3.83,0.304,0.0,0.0,0.13,675.73,0.591,0.0,0,0.0,0.0,-54,35.94,3,0,-21.84,0.265,0.0,0.0,0.091,671.3,-0.172,0.0,0,0.0,0.0
tribbloid,50,107.44,19,1,2.63,0.48,0.0,0.1,0.0,251.32,0.388,0.0,0,0.0,0.0,25,121.24,9,1,2.78,0.32,0.0,0.12,0.0,692.22,0.292,0.0,0,0.0,0.0,-25,13.8,-10,0,0.15,-0.16,0.0,0.02,0.0,440.9,-0.096,0.0,0,0.0,0.0
sanghoonio,20,25.9,2,1,10.0,0.0,0.0,0.0,0.0,7.83,0.579,0.0,0,0.0,0.0,76,27.18,19,4,4.0,0.013,0.0,0.013,0.0,247.71,0.387,0.0,0,0.0,0.0,56,1.28,17,3,-6.0,0.013,0.0,0.013,0.0,239.88,-0.192,0.0,0,0.0,0.0
binboupan,7,14.86,3,1,2.33,0.0,0.0,0.0,0.0,520.14,0.667,0.0,0,0.0,0.0,50,23.4,12,3,4.17,0.04,0.0,0.02,0.04,361.9,0.612,0.0,0,0.0,0.0,43,8.54,9,2,1.84,0.04,0.0,0.02,0.04,-158.24,-0.055,0.0,0,0.0,0.0
LFWQSP2641,86,20.73,12,2,7.17,0.047,0.047,0.0,0.0,147.69,0.647,0.0,0,0.0,0.0,14,46.36,4,1,3.5,0.214,0.0,0.0,0.0,232.67,0.462,0.0,0,0.0,0.0,-72,25.63,-8,-1,-3.67,0.167,-0.047,0.0,0.0,84.98,-0.185,0.0,0,0.0,0.0
Jiahui17,76,41.7,17,2,4.47,0.026,0.0,0.026,0.0,45.78,0.547,0.0,0,0.0,0.0,24,25.0,13,2,1.85,0.042,0.0,0.042,0.0,839.01,0.348,0.0,0,0.0,0.0,-52,-16.7,-4,0,-2.62,0.016,0.0,0.016,0.0,793.23,-0.199,0.0,0,0.0,0.0
Yamete11,49,24.29,8,1,6.12,0.0,0.0,0.061,0.0,27.03,0.167,0.0,0,0.0,0.0,51,22.8,14,2,3.64,0.0,0.0,0.137,0.0,292.72,0.28,0.0,0,0.0,0.0,2,-1.49,6,1,-2.48,0.0,0.0,0.076,0.0,265.69,0.113,0.0,0,0.0,0.0
oceanlee-seoul,47,22.79,7,5,6.71,0.085,0.106,0.021,0.0,108.1,0.587,0.0,0,0.0,0.0,15,17.6,9,3,1.67,0.0,0.6,0.0,0.0,527.9,0.286,0.0,0,0.0,0.0,-32,-5.19,2,-2,-5.04,-0.085,0.494,-0.021,0.0,419.8,-0.301,0.0,0,0.0,0.0
danharrin,26,36.19,8,1,3.25,0.269,0.0,0.115,0.0,627.56,0.72,0.0,0,0.0,0.0,27,45.15,10,2,2.7,0.296,0.0,0.185,0.0,724.49,0.654,0.0,0,0.0,0.0,1,8.96,2,1,-0.55,0.027,0.0,0.07,0.0,96.93,-0.066,0.0,0,0.0,0.0
tesaunders,31,33.0,3,1,10.33,0.0,0.0,0.065,0.0,15.74,0.6,0.0,0,0.0,0.0,69,55.57,18,2,3.83,0.246,0.0,0.0,0.029,199.14,0.324,0.0,0,10.12,0.059,38,22.57,15,1,-6.5,0.246,0.0,-0.065,0.029,183.4,-0.276,0.0,0,10.12,0.059
mgayout,37,20.62,3,3,12.33,0.081,0.0,0.054,0.0,14.63,0.694,0.0,0,0.0,0.0,61,6.61,7,5,8.71,0.0,0.0,0.0,0.0,150.81,0.817,0.0,0,0.0,0.0,24,-14.01,4,2,-3.62,-0.081,0.0,-0.054,0.0,136.18,0.123,0.0,0,0.0,0.0
gabrielLaino,43,40.3,3,2,14.33,0.326,0.0,0.0,0.0,6.87,0.69,0.0,0,0.0,0.0,21,32.14,4,5,5.25,0.238,0.0,0.0,0.0,49.97,0.6,0.0,0,0.0,0.0,-22,-8.16,1,3,-9.08,-0.088,0.0,0.0,0.0,43.1,-0.09,0.0,0,0.0,0.0
jagathpraneshcoder,5,15.8,2,3,2.5,0.0,0.0,0.0,0.0,43.3,0.5,0.0,0,0.0,0.0,95,29.82,5,2,19.0,0.0,0.0,0.0,0.705,84.38,0.84,0.0,0,0.0,0.0,90,14.02,3,-1,16.5,0.0,0.0,0.0,0.705,41.08,0.34,0.0,0,0.0,0.0
Nouman-Usman,25,24.4,6,5,4.17,0.2,0.0,0.0,0.0,179.07,0.75,0.0,0,0.0,0.0,5,66.6,4,1,1.25,0.4,0.0,0.0,0.0,3349.84,0.25,0.0,0,0.0,0.0,-20,42.2,-2,-4,-2.92,0.2,0.0,0.0,0.0,3170.77,-0.5,0.0,0,0.0,0.0
shasankp000,6,16.0,5,2,1.2,0.0,0.0,0.0,0.0,2575.21,0.2,0.0,0,0.0,0.0,11,42.91,8,1,1.38,0.182,0.0,0.0,0.0,1236.86,0.1,0.0,0,0.0,0.0,5,26.91,3,-1,0.18,0.182,0.0,0.0,0.0,-1338.35,-0.1,0.0,0,0.0,0.0
Haasie,5,10.0,2,1,2.5,0.0,0.0,0.2,0.0,46.18,0.75,0.0,0,0.0,0.0,65,19.52,8,3,8.12,0.046,0.0,0.0,0.0,91.81,0.797,0.0,0,0.0,0.0,60,9.52,6,2,5.62,0.046,0.0,-0.2,0.0,45.63,0.047,0.0,0,0.0,0.0
Roo7K1d,5,49.6,3,3,1.67,0.4,0.0,0.0,0.0,2284.07,0.5,0.0,0,0.0,0.0,15,25.67,3,3,5.0,0.067,0.0,0.0,0.067,672.01,0.571,0.0,0,0.0,0.0,10,-23.93,0,0,3.33,-0.333,0.0,0.0,0.067,-1612.06,0.071,0.0,0,0.0,0.0
montanarisimone,37,16.0,6,3,6.17,0.0,0.0,0.0,0.027,430.55,0.778,0.0,0,0.0,0.0,25,20.12,3,4,8.33,0.0,0.0,0.0,0.0,176.44,0.875,0.0,0,0.0,0.0,-12,4.12,-3,1,2.16,0.0,0.0,0.0,-0.027,-254.11,0.097,0.0,0,0.0,0.0
pritam12426,59,53.71,13,3,4.54,0.254,0.034,0.0,0.119,127.04,0.224,0.0,0,0.0,0.0,41,27.22,7,2,5.86,0.073,0.0,0.0,0.0,68.71,0.375,0.0,0,0.0,0.0,-18,-26.49,-6,-1,1.32,-0.181,-0.034,0.0,-0.119,-58.33,0.151,0.0,0,0.0,0.0
dpidpalyi,62,11.26,11,1,5.64,0.0,0.0,0.0,0.016,33.34,0.23,0.0,0,0.0,0.0,37,11.92,6,2,6.17,0.0,0.0,0.0,0.0,87.55,0.111,0.0,0,0.0,0.0,-25,0.66,-5,1,0.53,0.0,0.0,0.0,-0.016,54.21,-0.119,0.0,0,0.0,0.0
YuanchengJiang,13,19.77,8,3,1.62,0.077,0.0,0.0,0.0,1215.11,0.25,0.0,0,0.0,0.0,24,22.79,8,2,3.0,0.042,0.0,0.0,0.0,657.27,0.304,0.0,0,0.0,0.0,11,3.02,0,-1,1.38,-0.035,0.0,0.0,0.0,-557.84,0.054,0.0,0,0.0,0.0
PostScriptReal,25,22.16,6,4,4.17,0.0,0.0,0.12,0.0,57.18,0.708,0.0,0,0.0,0.0,67,46.94,24,4,2.79,0.179,0.0,0.0,0.0,277.39,0.485,0.0,0,0.0,0.0,42,24.78,18,0,-1.38,0.179,0.0,-0.12,0.0,220.21,-0.223,0.0,0,0.0,0.0
thomhurst,18,118.94,4,1,4.5,0.778,0.0,0.056,0.0,66.81,0.765,0.0,0,0.0,0.0,30,106.53,7,1,4.29,0.8,0.0,0.133,0.0,460.19,0.724,0.0,0,2976.75,1.0,12,-12.41,3,0,-0.21,0.022,0.0,0.077,0.0,393.38,-0.041,0.0,0,2976.75,1.0
bibek1414,14,8.14,2,3,7.0,0.0,0.0,0.0,0.0,260.47,0.692,0.0,0,0.0,0.0,26,6.58,3,3,8.67,0.0,0.0,0.0,0.0,279.55,0.76,0.0,0,0.0,0.0,12,-1.56,1,0,1.67,0.0,0.0,0.0,0.0,19.08,0.068,0.0,0,0.0,0.0
mrashid5919,36,16.0,23,1,1.57,0.0,0.0,0.0,0.0,467.13,0.257,0.0,0,0.0,0.0,52,16.02,42,2,1.24,0.0,0.0,0.0,0.0,284.36,0.078,0.0,0,0.0,0.0,16,0.02,19,1,-0.33,0.0,0.0,0.0,0.0,-182.77,-0.179,0.0,0,0.0,0.0
omar0ali,46,30.28,4,3,11.5,0.043,0.0,0.0,0.0,12.84,0.8,0.0,0,0.0,0.0,54,20.35,5,2,10.8,0.0,0.0,0.037,0.0,142.86,0.792,0.0,0,0.0,0.0,8,-9.93,1,-1,-0.7,-0.043,0.0,0.037,0.0,130.02,-0.008,0.0,0,0.0,0.0
GiJungPark,8,19.25,3,5,2.67,0.0,0.0,0.0,0.0,942.6,0.714,0.0,0,0.0,0.0,92,66.95,17,2,5.41,0.011,0.0,0.0,0.0,132.31,0.319,0.0,0,0.0,0.0,84,47.7,14,-3,2.74,0.011,0.0,0.0,0.0,-810.29,-0.395,0.0,0,0.0,0.0
DanubiaOliver,7,16.86,2,3,3.5,0.0,0.0,0.0,0.0,212.34,0.833,0.0,0,0.0,0.0,7,63.0,1,1,7.0,0.714,0.0,0.0,0.429,0.68,0.833,0.0,0,0.0,0.0,0,46.14,-1,-2,3.5,0.714,0.0,0.0,0.429,-211.66,0.0,0.0,0,0.0,0.0
jagdishpatil07,23,151.57,4,4,5.75,0.043,0.0,0.0,0.043,70.47,0.773,0.0,0,0.0,0.0,17,15.94,10,2,1.7,0.0,0.0,0.0,0.0,798.49,0.438,0.0,0,0.0,0.0,-6,-135.63,6,-2,-4.05,-0.043,0.0,0.0,-0.043,728.02,-0.335,0.0,0,0.0,0.0
bradly0cjw,78,17.78,8,1,9.75,0.051,0.026,0.0,0.0,54.93,0.792,0.0,0,0.0,0.0,22,34.09,12,1,1.83,0.136,0.136,0.0,0.0,745.13,0.429,0.0,0,0.0,0.0,-56,16.31,4,0,-7.92,0.085,0.11,0.0,0.0,690.2,-0.363,0.0,0,0.0,0.0
SMANahian,34,23.85,21,2,1.62,0.059,0.0,0.0,0.0,472.77,0.212,0.0,0,0.0,0.0,7,33.14,6,2,1.17,0.143,0.0,0.0,0.0,2641.78,0.167,0.0,0,0.0,0.0,-27,9.29,-15,0,-0.45,0.084,0.0,0.0,0.0,2169.01,-0.045,0.0,0,0.0,0.0
dewviee,8,38.25,1,1,8.0,0.25,0.0,0.0,0.0,0.05,1.0,0.0,0,0.0,0.0,5,37.4,1,1,5.0,0.2,0.6,0.0,0.0,0.02,1.0,0.0,0,0.0,0.0,-3,-0.85,0,0,-3.0,-0.05,0.6,0.0,0.0,-0.03,0.0,0.0,0,0.0,0.0
NafizRohan,28,28.54,2,3,14.0,0.0,0.0,0.0,0.036,6.4,0.778,0.0,0,0.0,0.0,16,29.88,2,3,8.0,0.25,0.0,0.0,0.0,394.99,0.8,0.0,0,0.0,0.0,-12,1.34,0,0,-6.0,0.25,0.0,0.0,-0.036,388.59,0.022,0.0,0,0.0,0.0
baruhifraimov,11,17.45,3,2,3.67,0.0,0.0,0.0,0.0,27.8,0.7,0.0,0,0.0,0.0,6,19.83,2,3,3.0,0.0,0.0,0.0,0.0,1080.09,0.8,0.0,0,0.0,0.0,-5,2.38,-1,1,-0.67,0.0,0.0,0.0,0.0,1052.29,0.1,0.0,0,0.0,0.0
docuracy,8,22.75,1,1,8.0,0.0,0.0,0.0,0.0,0.14,1.0,0.0,0,0.0,0.0,29,23.86,2,1,14.5,0.0,0.0,0.0,0.0,0.84,0.929,0.0,0,0.0,0.0,21,1.11,1,0,6.5,0.0,0.0,0.0,0.0,0.7,-0.071,0.0,0,0.0,0.0
AbbyBoehm,11,32.45,7,1,1.57,0.0,0.0,0.0,0.0,780.21,0.2,0.0,0,0.0,0.0,89,26.46,10,3,8.9,0.022,0.0,0.011,0.0,131.67,0.818,0.0,0,0.0,0.0,78,-5.99,3,2,7.33,0.022,0.0,0.011,0.0,-648.54,0.618,0.0,0,0.0,0.0
nikic,21,114.81,6,1,3.5,0.571,0.0,0.048,0.0,113.06,0.5,0.0,0,0.0,0.0,77,93.21,32,1,2.41,0.519,0.0,0.104,0.013,220.78,0.461,0.0,0,0.0,0.0,56,-21.6,26,0,-1.09,-0.052,0.0,0.056,0.013,107.72,-0.039,0.0,0,0.0,0.0
jessehouwing,15,34.07,8,1,1.88,0.0,0.0,0.0,0.0,1136.92,0.357,0.0,0,0.0,0.0,23,38.39,4,1,5.75,0.043,0.0,0.043,0.0,686.05,0.818,0.0,0,0.0,0.0,8,4.32,-4,0,3.87,0.043,0.0,0.043,0.0,-450.87,0.461,0.0,0,0.0,0.0
kenthzy,37,18.0,10,5,3.7,0.054,0.0,0.0,0.0,142.95,0.5,0.0,0,0.0,0.0,22,26.55,10,3,2.2,0.045,0.0,0.0,0.0,718.43,0.333,0.0,0,0.0,0.0,-15,8.55,0,-2,-1.5,-0.009,0.0,0.0,0.0,575.48,-0.167,0.0,0,0.0,0.0
TRHX,71,32.7,20,1,3.55,0.0,0.0,0.0,0.0,233.5,0.486,0.0,0,0.0,0.0,10,33.0,8,1,1.25,0.0,0.0,0.0,0.0,1480.03,0.222,0.0,0,0.0,0.0,-61,0.3,-12,0,-2.3,0.0,0.0,0.0,0.0,1246.53,-0.264,0.0,0,0.0,0.0
siphonhata,8,16.5,5,3,1.6,0.125,0.0,0.0,0.0,758.27,0.429,0.0,0,0.0,0.0,6,20.83,6,1,1.0,0.0,0.0,0.0,0.0,2894.19,0.0,0.0,0,0.0,0.0,-2,4.33,1,-2,-0.6,-0.125,0.0,0.0,0.0,2135.92,-0.429,0.0,0,0.0,0.0
tt-tom17,69,51.7,20,1,3.45,0.565,0.0,0.0,0.043,93.45,0.471,0.0,0,43.0,0.333,31,48.87,12,2,2.58,0.645,0.032,0.032,0.548,654.73,0.5,0.0,0,94.2,0.4,-38,-2.83,-8,1,-0.87,0.08,0.032,0.032,0.505,561.28,0.029,0.0,0,51.2,0.067
ENDERZOMBI102,5,35.2,4,2,1.25,0.0,0.0,0.0,0.0,1084.3,0.25,0.0,0,39.0,0.0,5,28.4,4,1,1.25,0.2,0.0,0.0,0.0,461.92,0.25,0.0,0,0.0,0.0,0,-6.8,0,-1,0.0,0.2,0.0,0.0,0.0,-622.38,0.0,0.0,0,-39.0,0.0
SlainTroyard,15,28.07,4,3,3.75,0.0,0.0,0.0,0.0,269.67,0.714,0.0,0,0.0,0.0,28,13.71,8,2,3.5,0.071,0.0,0.0,0.0,522.76,0.481,0.0,0,0.0,0.0,13,-14.36,4,-1,-0.25,0.071,0.0,0.0,0.0,253.09,-0.233,0.0,0,0.0,0.0
Cholico,7,20.43,2,2,3.5,0.429,0.0,0.0,0.0,1876.38,0.833,0.0,0,0.0,0.0,56,15.3,11,3,5.09,0.018,0.0,0.0,0.0,97.07,0.745,0.0,0,0.0,0.0,49,-5.13,9,1,1.59,-0.411,0.0,0.0,0.0,-1779.31,-0.088,0.0,0,0.0,0.0
CHEGEBB,8,19.38,1,1,8.0,0.0,0.0,0.0,0.0,0.38,1.0,0.0,0,0.0,0.0,92,19.37,7,1,13.14,0.022,0.0,0.0,0.0,13.8,0.824,0.0,0,0.0,0.0,84,-0.01,6,0,5.14,0.022,0.0,0.0,0.0,13.42,-0.176,0.0,0,0.0,0.0
morepurplemorebetter,23,375.48,16,1,1.44,0.522,0.0,0.0,0.261,779.75,0.227,0.0,0,0.0,0.0,17,651.12,13,1,1.31,0.647,0.0,0.059,0.235,466.57,0.188,0.0,0,0.0,0.0,-6,275.64,-3,0,-0.13,0.125,0.0,0.059,-0.026,-313.18,-0.039,0.0,0,0.0,0.0
WindriderQc,20,19.3,9,1,2.22,0.0,0.0,0.0,0.0,853.21,0.263,0.0,0,0.0,0.0,54,95.83,13,2,4.15,0.37,0.0,0.0,0.074,304.86,0.623,0.0,0,228.85,0.538,34,76.53,4,1,1.93,0.37,0.0,0.0,0.074,-548.35,0.36,0.0,0,228.85,0.538
AlexanderNeo427,22,48.23,3,1,7.33,0.091,0.0,0.0,0.0,11.63,0.476,0.0,0,0.0,0.0,11,16.0,1,4,11.0,0.0,0.0,0.0,0.0,0.69,0.9,0.0,0,0.0,0.0,-11,-32.23,-2,3,3.67,-0.091,0.0,0.0,0.0,-10.94,0.424,0.0,0,0.0,0.0
thstmddns,40,15.05,7,4,5.71,0.0,0.0,0.0,0.0,319.7,0.769,0.0,0,0.0,0.0,37,16.0,11,1,3.36,0.0,0.0,0.0,0.0,230.6,0.694,0.0,0,0.0,0.0,-3,0.95,4,-3,-2.35,0.0,0.0,0.0,0.0,-89.1,-0.075,0.0,0,0.0,0.0
yet3,57,26.75,8,3,7.12,0.053,0.579,0.035,0.0,50.99,0.768,0.0,0,6029.33,0.667,43,45.6,7,2,6.14,0.256,0.605,0.07,0.0,284.88,0.738,0.0,0,93.89,0.444,-14,18.85,-1,-1,-0.98,0.203,0.026,0.035,0.0,233.89,-0.03,0.0,0,-5935.44,-0.223
Nosa-Osawe,37,13.46,8,5,4.62,0.0,0.0,0.0,0.0,63.71,0.5,0.0,0,0.0,0.0,54,11.2,26,3,2.08,0.019,0.0,0.0,0.0,300.48,0.208,0.0,0,0.0,0.0,17,-2.26,18,-2,-2.54,0.019,0.0,0.0,0.0,236.77,-0.292,0.0,0,0.0,0.0
SrClauss,8,42.38,6,2,1.33,0.0,0.0,0.0,0.0,526.91,0.143,0.0,0,0.0,0.0,20,32.2,8,3,2.5,0.0,0.0,0.0,0.15,154.02,0.263,0.0,0,0.0,0.0,12,-10.18,2,1,1.17,0.0,0.0,0.0,0.15,-372.89,0.12,0.0,0,0.0,0.0
MariPinas,17,21.76,4,4,4.25,0.0,0.0,0.0,0.0,45.14,0.625,0.0,0,0.0,0.0,54,16.44,5,2,10.8,0.0,0.0,0.0,0.0,80.94,0.906,0.0,0,0.0,0.0,37,-5.32,1,-2,6.55,0.0,0.0,0.0,0.0,35.8,0.281,0.0,0,0.0,0.0
kpoxo6op,36,34.83,10,1,3.6,0.306,0.0,0.0,0.0,76.66,0.543,0.0,0,5.64,0.0,54,46.61,13,2,4.15,0.167,0.056,0.056,0.037,291.39,0.642,0.0,0,134.17,0.5,18,11.78,3,1,0.55,-0.139,0.056,0.056,0.037,214.73,0.099,0.0,0,128.53,0.5
Tayyabazahra,89,17.4,9,3,9.89,0.0,0.0,0.0,0.0,61.83,0.795,0.0,0,0.0,0.0,11,16.0,3,2,3.67,0.0,0.0,0.0,0.0,602.91,0.8,0.0,0,0.0,0.0,-78,-1.4,-6,-1,-6.22,0.0,0.0,0.0,0.0,541.08,0.005,0.0,0,0.0,0.0
deytenit,14,17.64,7,1,2.0,0.0,0.0,0.0,0.0,1326.55,0.385,0.0,0,13.0,0.25,19,41.05,8,1,2.38,0.158,0.053,0.0,0.0,1003.0,0.5,0.0,0,0.0,0.0,5,23.41,1,0,0.38,0.158,0.053,0.0,0.0,-323.55,0.115,0.0,0,-13.0,-0.25
BeaulaEkka,26,16.08,10,2,2.6,0.0,0.0,0.0,0.0,334.37,0.52,0.0,0,0.0,0.0,10,16.0,5,1,2.0,0.0,0.0,0.0,0.0,1642.45,0.556,0.0,0,0.0,0.0,-16,-0.08,-5,-1,-0.6,0.0,0.0,0.0,0.0,1308.08,0.036,0.0,0,0.0,0.0
nymur-rahman-nyar,26,44.88,5,1,5.2,0.0,0.0,0.0,0.038,29.0,0.28,0.0,0,0.0,0.0,55,38.16,5,5,11.0,0.091,0.0,0.0,0.018,113.74,0.667,0.0,0,36.6,0.4,29,-6.72,0,4,5.8,0.091,0.0,0.0,-0.02,84.74,0.387,0.0,0,36.6,0.4
Krusty93,9,33.67,7,3,1.29,0.444,0.0,0.0,0.0,1729.87,0.25,0.0,0,0.0,0.0,6,65.83,3,4,2.0,0.333,0.0,0.0,0.0,2714.86,0.6,0.0,0,0.0,0.0,-3,32.16,-4,1,0.71,-0.111,0.0,0.0,0.0,984.99,0.35,0.0,0,0.0,0.0
vishwas-r,27,25.81,8,5,3.38,0.0,0.0,0.0,0.0,534.35,0.692,0.0,0,0.0,0.0,6,27.0,4,2,1.5,0.0,0.0,0.0,0.0,3465.33,0.2,0.0,0,0.0,0.0,-21,1.19,-4,-3,-1.88,0.0,0.0,0.0,0.0,2930.98,-0.492,0.0,0,0.0,0.0
Lgonson,13,16.85,3,3,4.33,0.0,0.0,0.0,0.077,275.2,0.75,0.0,0,0.0,0.0,29,28.83,6,1,4.83,0.034,0.0,0.0,0.0,309.81,0.786,0.0,0,0.0,0.0,16,11.98,3,-2,0.5,0.034,0.0,0.0,-0.077,34.61,0.036,0.0,0,0.0,0.0
Shawarmaa,83,15.88,10,2,8.3,0.0,0.0,0.012,0.0,110.9,0.585,0.0,0,0.0,0.0,17,23.76,8,3,2.12,0.059,0.0,0.0,0.0,747.43,0.5,0.0,0,0.0,0.0,-66,7.88,-2,1,-6.18,0.059,0.0,-0.012,0.0,636.53,-0.085,0.0,0,0.0,0.0
tsuyuni,11,12.0,3,2,3.67,0.0,0.0,0.0,0.0,489.94,0.4,0.0,0,0.0,0.0,16,19.31,7,3,2.29,0.0,0.0,0.0,0.0,845.7,0.467,0.0,0,0.0,0.0,5,7.31,4,1,-1.38,0.0,0.0,0.0,0.0,355.76,0.067,0.0,0,0.0,0.0
twolater,5,17.0,2,1,2.5,0.0,0.0,0.0,0.0,35.45,0.75,0.0,0,0.0,0.0,26,18.58,6,3,4.33,0.038,0.0,0.038,0.038,218.5,0.44,0.0,0,0.0,0.0,21,1.58,4,2,1.83,0.038,0.0,0.038,0.038,183.05,-0.31,0.0,0,0.0,0.0
rohith-doradla,7,11.71,2,1,3.5,0.0,0.0,0.0,0.0,173.76,0.833,0.0,0,0.0,0.0,17,16.0,5,1,3.4,0.0,0.0,0.0,0.0,610.89,0.75,0.0,0,0.0,0.0,10,4.29,3,0,-0.1,0.0,0.0,0.0,0.0,437.13,-0.083,0.0,0,0.0,0.0
VadimRomansky,53,11.87,22,1,2.41,0.019,0.0,0.0,0.0,191.43,0.077,0.0,0,0.0,0.0,47,8.89,23,1,2.04,0.021,0.0,0.0,0.0,365.68,0.065,0.0,0,0.0,0.0,-6,-2.98,1,0,-0.37,0.002,0.0,0.0,0.0,174.25,-0.012,0.0,0,0.0,0.0
elizachistova,11,17.09,1,1,11.0,0.0,0.0,0.0,0.0,1.44,0.9,0.0,0,0.0,0.0,25,27.4,9,5,2.78,0.08,0.0,0.0,0.0,134.05,0.375,0.0,0,0.0,0.0,14,10.31,8,4,-8.22,0.08,0.0,0.0,0.0,132.61,-0.525,0.0,0,0.0,0.0
AMSaiian,75,32.55,19,5,3.95,0.0,0.0,0.0,0.0,221.55,0.311,0.0,0,0.0,0.0,5,19.4,2,1,2.5,0.0,0.0,0.0,0.0,98.1,0.75,0.0,0,0.0,0.0,-70,-13.15,-17,-4,-1.45,0.0,0.0,0.0,0.0,-123.45,0.439,0.0,0,0.0,0.0
ezanon,11,20.64,5,1,2.2,0.0,0.0,0.0,0.0,870.48,0.5,0.0,0,0.0,0.0,11,14.55,2,2,5.5,0.0,0.0,0.0,0.0,308.74,0.5,0.0,0,0.0,0.0,0,-6.09,-3,1,3.3,0.0,0.0,0.0,0.0,-561.74,0.0,0.0,0,0.0,0.0
RadioNoiseE,23,41.74,15,1,1.53,0.13,0.0,0.0,0.0,319.64,0.182,0.0,0,4.0,0.0,34,22.88,9,5,3.78,0.118,0.0,0.029,0.0,549.18,0.455,0.0,0,75.0,0.333,11,-18.86,-6,4,2.25,-0.012,0.0,0.029,0.0,229.54,0.273,0.0,0,71.0,0.333
Fernando-Mauro,57,27.09,13,1,4.38,0.018,0.0,0.0,0.0,157.28,0.661,0.0,0,0.0,0.0,43,19.56,18,1,2.39,0.0,0.0,0.0,0.0,360.96,0.286,0.0,0,0.0,0.0,-14,-7.53,5,0,-1.99,-0.018,0.0,0.0,0.0,203.68,-0.375,0.0,0,0.0,0.0
jcpitre,38,24.29,3,1,12.67,0.079,0.0,0.105,0.0,23.03,0.919,0.0,0,112.57,0.143,9,16.78,2,2,4.5,0.0,0.0,0.111,0.0,80.87,0.875,0.0,0,0.0,0.0,-29,-7.51,-1,1,-8.17,-0.079,0.0,0.006,0.0,57.84,-0.044,0.0,0,-112.57,-0.143
slint,5,34.4,1,1,5.0,0.0,0.0,0.0,0.0,0.03,1.0,0.0,0,0.0,0.0,24,36.17,3,1,8.0,0.0,0.0,0.0,0.0,359.27,0.913,0.0,0,0.0,0.0,19,1.77,2,0,3.0,0.0,0.0,0.0,0.0,359.24,-0.087,0.0,0,0.0,0.0
quasar1357,89,26.25,8,3,11.12,0.0,0.0,0.169,0.011,97.53,0.75,0.0,0,0.0,0.0,11,21.0,3,1,3.67,0.0,0.0,0.0,0.0,334.78,0.6,0.0,0,0.0,0.0,-78,-5.25,-5,-2,-7.45,0.0,0.0,-0.169,-0.011,237.25,-0.15,0.0,0,0.0,0.0
zainantum,88,19.81,14,2,6.29,0.023,0.0,0.0,0.0,108.15,0.644,0.0,0,0.0,0.0,12,17.67,4,2,3.0,0.0,0.0,0.0,0.0,1359.36,0.727,0.0,0,0.0,0.0,-76,-2.14,-10,0,-3.29,-0.023,0.0,0.0,0.0,1251.21,0.083,0.0,0,0.0,0.0
ReduxFlakes,72,20.81,19,5,3.79,0.028,0.056,0.0,0.0,182.43,0.662,0.0,0,0.0,0.0,28,19.21,16,2,1.75,0.0,0.0,0.0,0.0,690.91,0.333,0.0,0,0.0,0.0,-44,-1.6,-3,-3,-2.04,-0.028,-0.056,0.0,0.0,508.48,-0.329,0.0,0,0.0,0.0
nyonson,76,22.57,9,1,8.44,0.0,0.0,0.039,0.0,53.04,0.64,0.0,0,18.0,0.0,24,35.96,4,1,6.0,0.125,0.0,0.0,0.083,354.82,0.696,0.0,0,0.0,0.0,-52,13.39,-5,0,-2.44,0.125,0.0,-0.039,0.083,301.78,0.056,0.0,0,-18.0,0.0
iqbaldiit,18,21.44,7,2,2.57,0.0,0.0,0.0,0.0,464.07,0.353,0.0,0,0.0,0.0,12,16.0,2,3,6.0,0.0,0.0,0.0,0.0,92.77,0.727,0.0,0,0.0,0.0,-6,-5.44,-5,1,3.43,0.0,0.0,0.0,0.0,-371.3,0.374,0.0,0,0.0,0.0
jinningwang,48,31.79,9,2,5.33,0.375,0.0,0.0,0.0,200.27,0.66,0.0,0,0.0,0.0,7,55.29,2,1,3.5,0.857,0.0,0.0,0.0,60.98,0.667,0.0,0,7.33,0.0,-41,23.5,-7,-1,-1.83,0.482,0.0,0.0,0.0,-139.29,0.007,0.0,0,7.33,0.0
rodrigohigashi,35,15.91,3,2,11.67,0.0,0.0,0.0,0.0,10.07,0.912,0.0,0,0.0,0.0,15,38.73,6,4,2.5,0.133,0.0,0.0,0.0,602.96,0.571,0.0,0,0.0,0.0,-20,22.82,3,2,-9.17,0.133,0.0,0.0,0.0,592.89,-0.341,0.0,0,0.0,0.0
ghostyghast,6,65.67,3,2,2.0,0.0,0.0,0.0,0.0,831.86,0.4,0.0,0,0.0,0.0,9,53.67,3,2,3.0,0.111,0.444,0.0,0.0,1418.49,0.375,0.0,0,0.0,0.0,3,-12.0,0,0,1.0,0.111,0.444,0.0,0.0,586.63,-0.025,0.0,0,0.0,0.0
Mistereptil09,20,18.35,3,2,6.67,0.0,0.0,0.0,0.0,15.49,0.842,0.0,0,0.0,0.0,21,22.05,6,4,3.5,0.0,0.0,0.0,0.0,204.83,0.65,0.0,0,0.0,0.0,1,3.7,3,2,-3.17,0.0,0.0,0.0,0.0,189.34,-0.192,0.0,0,0.0,0.0
danielsdgg,5,14.0,3,3,1.67,0.2,0.0,0.0,0.0,1470.11,0.25,0.0,0,0.0,0.0,29,17.17,8,1,3.62,0.034,0.0,0.0,0.0,459.22,0.679,0.0,0,0.0,0.0,24,3.17,5,-2,1.95,-0.166,0.0,0.0,0.0,-1010.89,0.429,0.0,0,0.0,0.0
tobiwern,88,25.94,10,2,8.8,0.08,0.0,0.0,0.011,81.89,0.77,0.0,0,14.57,0.143,12,28.58,2,1,6.0,0.083,0.0,0.0,0.0,29.2,0.545,0.0,0,0.0,0.0,-76,2.64,-8,-1,-2.8,0.003,0.0,0.0,-0.011,-52.69,-0.225,0.0,0,-14.57,-0.143
eXistenZNL,10,71.4,3,2,3.33,0.1,0.0,0.1,0.1,1262.88,0.556,0.0,0,0.0,0.0,20,47.05,12,1,1.67,0.05,0.0,0.05,0.0,939.71,0.158,0.0,0,272.75,1.0,10,-24.35,9,-1,-1.66,-0.05,0.0,-0.05,-0.1,-323.17,-0.398,0.0,0,272.75,1.0
uchedotphp,29,16.97,13,1,2.23,0.034,0.0,0.0,0.0,508.95,0.321,0.0,0,0.0,0.0,20,28.15,14,1,1.43,0.25,0.0,0.0,0.1,797.42,0.158,0.0,0,0.0,0.0,-9,11.18,1,0,-0.8,0.216,0.0,0.0,0.1,288.47,-0.163,0.0,0,0.0,0.0
dainslef,80,100.94,34,1,2.35,0.475,0.0,0.0,0.0,190.44,0.025,0.0,0,0.0,0.0,20,71.9,11,1,1.82,0.3,0.0,0.0,0.0,836.28,0.0,0.0,0,0.0,0.0,-60,-29.04,-23,0,-0.53,-0.175,0.0,0.0,0.0,645.84,-0.025,0.0,0,0.0,0.0
pontus,5,64.6,2,1,2.5,0.4,0.0,0.0,0.0,3497.77,0.75,0.0,0,0.0,0.0,5,44.4,2,1,2.5,0.0,0.0,0.0,0.0,40.33,0.75,0.0,0,0.0,0.0,0,-20.2,0,0,0.0,-0.4,0.0,0.0,0.0,-3457.44,0.0,0.0,0,0.0,0.0
hendrik1984,22,53.09,2,1,11.0,0.0,0.0,0.0,0.0,13.48,0.857,0.0,0,0.0,0.0,49,39.53,3,1,16.33,0.0,0.0,0.0,0.0,12.01,0.771,0.0,0,0.0,0.0,27,-13.56,1,0,5.33,0.0,0.0,0.0,0.0,-1.47,-0.086,0.0,0,0.0,0.0
gregusio,62,13.52,4,1,15.5,0.0,0.0,0.0,0.0,19.31,0.82,0.0,0,0.0,0.0,38,56.13,5,3,7.6,0.263,0.0,0.0,0.263,446.92,0.676,0.0,0,2.08,0.02,-24,42.61,1,2,-7.9,0.263,0.0,0.0,0.263,427.61,-0.144,0.0,0,2.08,0.02
kellyhayd,62,25.69,6,3,10.33,0.032,0.0,0.016,0.097,25.91,0.607,0.0,0,0.0,0.0,38,46.45,3,2,12.67,0.184,0.0,0.0,0.053,172.8,0.784,0.0,0,0.0,0.0,-24,20.76,-3,-1,2.34,0.152,0.0,-0.016,-0.044,146.89,0.177,0.0,0,0.0,0.0
Hamza-fullstackdev,17,18.24,3,2,5.67,0.059,0.0,0.0,0.0,136.54,0.812,0.0,0,0.0,0.0,83,42.73,11,4,7.55,0.048,0.024,0.0,0.0,221.76,0.78,0.0,0,40.0,0.333,66,24.49,8,2,1.88,-0.011,0.024,0.0,0.0,85.22,-0.032,0.0,0,40.0,0.333
wasiqAfnan,62,19.27,17,5,3.65,0.0,0.0,0.0,0.0,169.57,0.623,0.0,0,0.0,0.0,23,19.83,6,2,3.83,0.13,0.0,0.0,0.0,204.7,0.773,0.0,0,0.0,0.0,-39,0.56,-11,-3,0.18,0.13,0.0,0.0,0.0,35.13,0.15,0.0,0,0.0,0.0
maximvochten,33,28.55,14,1,2.36,0.0,0.0,0.0,0.0,99.81,0.219,0.0,0,0.0,0.0,24,35.38,11,1,2.18,0.083,0.0,0.0,0.0,457.24,0.348,0.0,0,35.0,0.0,-9,6.83,-3,0,-0.18,0.083,0.0,0.0,0.0,357.43,0.129,0.0,0,35.0,0.0
Series-Parallel,9,17.67,2,1,4.5,0.0,0.0,0.0,0.0,6.29,0.875,0.0,0,0.0,0.0,9,88.44,3,3,3.0,0.222,0.0,0.0,0.0,237.97,0.75,0.0,0,0.0,0.0,0,70.77,1,2,-1.5,0.222,0.0,0.0,0.0,231.68,-0.125,0.0,0,0.0,0.0
wasimakram516,7,32.43,3,2,2.33,0.429,0.0,0.0,0.0,782.94,0.333,0.0,0,0.0,0.0,17,18.76,6,3,2.83,0.0,0.0,0.0,0.0,59.7,0.438,0.0,0,0.0,0.0,10,-13.67,3,1,0.5,-0.429,0.0,0.0,0.0,-723.24,0.105,0.0,0,0.0,0.0
ihawp,8,133.0,3,2,2.67,0.75,0.0,0.0,0.75,790.88,0.429,0.0,0,0.0,0.0,84,57.65,12,4,7.0,0.071,0.0,0.0,0.0,168.84,0.566,0.0,0,0.0,0.0,76,-75.35,9,2,4.33,-0.679,0.0,0.0,-0.75,-622.04,0.137,0.0,0,0.0,0.0
prae1809,6,27.0,1,1,6.0,0.0,0.0,0.0,0.0,0.16,1.0,0.0,0,0.0,0.0,6,41.0,2,1,3.0,0.0,0.0,0.0,0.0,24.45,0.8,0.0,0,0.0,0.0,0,14.0,1,0,-3.0,0.0,0.0,0.0,0.0,24.29,-0.2,0.0,0,0.0,0.0
AndrewAMesa,6,16.0,2,2,3.0,0.0,0.0,0.0,0.0,125.01,0.6,0.0,0,0.0,0.0,10,18.5,1,2,10.0,0.1,0.0,0.0,0.0,0.16,1.0,0.0,0,0.0,0.0,4,2.5,-1,0,7.0,0.1,0.0,0.0,0.0,-124.85,0.4,0.0,0,0.0,0.0
caduregel,11,13.09,3,1,3.67,0.0,0.0,0.0,0.0,262.13,0.6,0.0,0,0.0,0.0,22,50.55,3,4,7.33,0.0,0.0,0.0,0.0,10.74,0.619,0.0,0,0.0,0.0,11,37.46,0,3,3.66,0.0,0.0,0.0,0.0,-251.39,0.019,0.0,0,0.0,0.0
Virenbar,24,24.25,9,3,2.67,0.292,0.0,0.0,0.0,466.86,0.304,0.0,0,0.0,0.0,58,86.95,30,2,1.93,0.741,0.138,0.0,0.0,329.75,0.421,0.0,0,0.0,0.0,34,62.7,21,-1,-0.74,0.449,0.138,0.0,0.0,-137.11,0.117,0.0,0,0.0,0.0
k2645,17,19.94,8,2,2.12,0.0,0.0,0.0,0.176,671.07,0.25,0.0,0,0.0,0.0,83,63.33,18,2,4.61,0.0,0.012,0.0,0.0,149.97,0.232,0.0,0,0.0,0.0,66,43.39,10,0,2.49,0.0,0.012,0.0,-0.176,-521.1,-0.018,0.0,0,0.0,0.0
nisar2,57,63.89,25,1,2.28,0.0,0.0,0.018,0.0,153.93,0.304,0.0,0,0.0,0.0,26,67.58,3,1,8.67,0.0,0.308,0.0,0.0,16.57,0.72,0.0,0,0.0,0.0,-31,3.69,-22,0,6.39,0.0,0.308,-0.018,0.0,-137.36,0.416,0.0,0,0.0,0.0
ilpropheta,26,16.65,20,1,1.3,0.0,0.0,0.0,0.0,267.57,0.2,0.0,0,0.0,0.0,73,17.27,43,1,1.7,0.0,0.0,0.0,0.0,268.28,0.264,0.0,0,0.0,0.0,47,0.62,23,0,0.4,0.0,0.0,0.0,0.0,0.71,0.064,0.0,0,0.0,0.0
julian-go,31,13.42,6,1,5.17,0.0,0.0,0.0,0.032,35.18,0.333,0.0,0,0.0,0.0,39,29.85,9,2,4.33,0.077,0.0,0.103,0.0,143.38,0.395,0.0,0,0.0,0.0,8,16.43,3,1,-0.84,0.077,0.0,0.103,-0.032,108.2,0.062,0.0,0,0.0,0.0
olek1305,95,15.35,3,2,31.67,0.0,0.0,0.0,0.0,18.84,0.83,0.0,0,0.0,0.0,5,18.6,2,1,2.5,0.0,0.0,0.0,0.0,1870.68,0.5,0.0,0,0.0,0.0,-90,3.25,-1,-1,-29.17,0.0,0.0,0.0,0.0,1851.84,-0.33,0.0,0,0.0,0.0
anilthanki,7,16.43,4,1,1.75,0.0,0.0,0.0,0.0,1831.65,0.333,0.0,0,0.0,0.0,15,35.27,8,1,1.88,0.067,0.0,0.067,0.333,1067.97,0.429,0.0,0,0.0,0.0,8,18.84,4,0,0.13,0.067,0.0,0.067,0.333,-763.68,0.096,0.0,0,0.0,0.0
larsewi,38,22.74,21,2,1.81,0.026,0.0,0.0,0.0,374.45,0.324,0.0,0,0.0,0.0,39,32.56,18,1,2.17,0.077,0.0,0.0,0.0,468.05,0.316,0.0,0,0.0,0.0,1,9.82,-3,-1,0.36,0.051,0.0,0.0,0.0,93.6,-0.008,0.0,0,0.0,0.0
LarissaCarvalho1,45,17.58,6,5,7.5,0.0,0.0,0.0,0.0,67.54,0.727,0.0,0,0.0,0.0,14,16.29,8,2,1.75,0.0,0.0,0.0,0.0,1488.72,0.385,0.0,0,0.0,0.0,-31,-1.29,2,-3,-5.75,0.0,0.0,0.0,0.0,1421.18,-0.342,0.0,0,0.0,0.0
karthikb351,24,32.33,8,1,3.0,0.167,0.0,0.0,0.0,739.03,0.435,0.0,0,0.0,0.0,14,32.79,8,1,1.75,0.0,0.0,0.0,0.0,1418.06,0.385,0.0,0,0.0,0.0,-10,0.46,0,0,-1.25,-0.167,0.0,0.0,0.0,679.03,-0.05,0.0,0,0.0,0.0
mturczyn,9,21.11,2,1,4.5,0.0,0.0,0.0,0.0,1140.53,0.75,0.0,0,0.0,0.0,21,57.48,2,1,10.5,0.333,0.0,0.048,0.048,20.01,0.9,0.0,0,39.5,0.5,12,36.37,0,0,6.0,0.333,0.0,0.048,0.048,-1120.52,0.15,0.0,0,39.5,0.5
finnzao,60,15.38,15,5,4.0,0.0,0.0,0.0,0.0,179.37,0.61,0.0,0,0.0,0.0,11,16.0,6,1,1.83,0.0,0.0,0.0,0.0,1069.56,0.5,0.0,0,0.0,0.0,-49,0.62,-9,-4,-2.17,0.0,0.0,0.0,0.0,890.19,-0.11,0.0,0,0.0,0.0
Valer100,21,15.71,1,1,21.0,0.048,0.0,0.048,0.0,0.85,0.95,0.0,0,0.0,0.0,79,20.73,16,1,4.94,0.0,0.0,0.013,0.0,181.56,0.744,0.0,0,0.0,0.0,58,5.02,15,0,-16.06,-0.048,0.0,-0.035,0.0,180.71,-0.206,0.0,0,0.0,0.0
abdalla-yahia,14,17.43,6,3,2.33,0.0,0.0,0.0,0.0,897.68,0.538,0.0,0,0.0,0.0,7,15.86,3,1,2.33,0.0,0.0,0.0,0.0,1573.25,0.667,0.0,0,0.0,0.0,-7,-1.57,-3,-2,0.0,0.0,0.0,0.0,0.0,675.57,0.129,0.0,0,0.0,0.0
looly,10,147.9,8,1,1.25,1.0,0.0,0.0,0.0,1846.77,0.222,0.0,0,0.0,0.0,5,156.6,4,1,1.25,1.0,0.0,0.0,0.0,1279.03,0.0,0.0,0,0.0,0.0,-5,8.7,-4,0,0.0,0.0,0.0,0.0,0.0,-567.74,-0.222,0.0,0,0.0,0.0
SherazAhmadd,91,30.41,9,5,10.11,0.0,0.0,0.011,0.011,15.43,0.644,0.0,0,0.0,0.0,9,15.67,3,1,3.0,0.0,0.0,0.0,0.0,1847.09,0.625,0.0,0,0.0,0.0,-82,-14.74,-6,-4,-7.11,0.0,0.0,-0.011,-0.011,1831.66,-0.019,0.0,0,0.0,0.0
Abhash-Chakraborty,20,23.95,3,3,6.67,0.35,0.0,0.0,0.05,11.92,0.737,0.0,0,0.0,0.0,11,54.36,5,1,2.2,0.364,0.0,0.0,0.364,1135.29,0.4,0.0,0,0.0,0.0,-9,30.41,2,-2,-4.47,0.014,0.0,0.0,0.314,1123.37,-0.337,0.0,0,0.0,0.0
VictorNalu,22,18.95,3,2,7.33,0.0,0.0,0.0,0.0,11.17,0.905,0.0,0,0.0,0.0,78,9.05,7,1,11.14,0.0,0.0,0.0,0.0,16.18,0.766,0.0,0,0.0,0.0,56,-9.9,4,-1,3.81,0.0,0.0,0.0,0.0,5.01,-0.139,0.0,0,0.0,0.0
Taew00k,16,15.88,1,1,16.0,0.0,0.0,0.0,0.0,2.1,0.933,0.0,0,0.0,0.0,17,18.65,7,1,2.43,0.0,0.0,0.0,0.0,262.64,0.625,0.0,0,0.0,0.0,1,2.77,6,0,-13.57,0.0,0.0,0.0,0.0,260.54,-0.308,0.0,0,0.0,0.0
challenai,44,27.5,6,2,7.33,0.0,0.091,0.0,0.0,21.44,0.605,0.0,0,0.0,0.0,6,36.17,3,1,2.0,0.0,0.833,0.0,0.0,457.98,0.2,0.0,0,0.0,0.0,-38,8.67,-3,-1,-5.33,0.0,0.742,0.0,0.0,436.54,-0.405,0.0,0,0.0,0.0
ksbrwsk,51,125.12,16,1,3.19,0.725,0.0,0.0,0.0,336.49,0.54,0.0,0,0.0,0.0,34,154.0,23,1,1.48,0.882,0.0,0.0,0.0,318.3,0.242,0.0,0,0.0,0.0,-17,28.88,7,0,-1.71,0.157,0.0,0.0,0.0,-18.19,-0.298,0.0,0,0.0,0.0
lasiqueira,8,22.12,2,1,4.0,0.0,0.0,0.0,0.0,16.82,0.571,0.0,0,0.0,0.0,56,21.45,15,1,3.73,0.0,0.0,0.018,0.0,203.32,0.455,0.0,0,0.0,0.0,48,-0.67,13,0,-0.27,0.0,0.0,0.018,0.0,186.5,-0.116,0.0,0,0.0,0.0
JuanBeltrame,29,33.83,5,3,5.8,0.0,0.0,0.0,0.379,21.49,0.714,0.0,0,0.0,0.0,71,10.55,8,1,8.88,0.0,0.0,0.0,0.0,25.36,0.429,0.0,0,0.0,0.0,42,-23.28,3,-2,3.08,0.0,0.0,0.0,-0.379,3.87,-0.285,0.0,0,0.0,0.0
zhiqiang-hhhh,5,12.0,3,1,1.67,0.0,0.0,0.0,0.0,70.41,0.25,0.0,0,0.0,0.0,93,12.1,42,1,2.21,0.0,0.0,0.0,0.0,199.79,0.272,0.0,0,0.0,0.0,88,0.1,39,0,0.54,0.0,0.0,0.0,0.0,129.38,0.022,0.0,0,0.0,0.0
EunByu1,50,36.18,9,2,5.56,0.34,0.0,0.0,0.0,235.7,0.714,0.0,0,0.0,0.0,32,65.41,6,2,5.33,0.656,0.0,0.0,0.0,381.22,0.645,0.0,0,0.0,0.0,-18,29.23,-3,0,-0.23,0.316,0.0,0.0,0.0,145.52,-0.069,0.0,0,0.0,0.0
DoughFernandes,44,44.14,5,2,8.8,0.614,0.0,0.0,0.273,14.98,0.744,0.0,0,26.53,0.333,56,60.09,12,3,4.67,0.625,0.0,0.0,0.393,74.12,0.436,0.0,0,29.04,0.163,12,15.95,7,1,-4.13,0.011,0.0,0.0,0.12,59.14,-0.308,0.0,0,2.51,-0.17
DanielFLopez1620,37,40.86,13,2,2.85,0.0,0.0,0.0,0.027,299.89,0.194,0.0,0,0.0,0.0,34,42.79,14,2,2.43,0.088,0.0,0.0,0.029,506.79,0.273,0.0,0,82.0,1.0,-3,1.93,1,0,-0.42,0.088,0.0,0.0,0.002,206.9,0.079,0.0,0,82.0,1.0
ArpitBlagan,78,13.53,23,5,3.39,0.013,0.0,0.0,0.0,129.96,0.325,0.0,0,0.0,0.0,11,16.0,7,1,1.57,0.0,0.0,0.0,0.0,511.45,0.3,0.0,0,0.0,0.0,-67,2.47,-16,-4,-1.82,-0.013,0.0,0.0,0.0,381.49,-0.025,0.0,0,0.0,0.0
Teyzer,20,60.5,5,1,4.0,0.5,0.0,0.0,0.0,68.03,0.684,0.0,0,52.6,0.2,60,26.93,22,1,2.73,0.017,0.0,0.05,0.0,194.09,0.424,0.0,0,0.0,0.0,40,-33.57,17,0,-1.27,-0.483,0.0,0.05,0.0,126.06,-0.26,0.0,0,-52.6,-0.2
ihasq,51,14.2,17,2,3.0,0.0,0.0,0.0,0.0,278.17,0.42,0.0,0,0.0,0.0,49,13.67,25,1,1.96,0.0,0.0,0.0,0.0,389.88,0.292,0.0,0,0.0,0.0,-2,-0.53,8,-1,-1.04,0.0,0.0,0.0,0.0,111.71,-0.128,0.0,0,0.0,0.0
ChristianCreey,23,16.22,4,4,5.75,0.0,0.0,0.0,0.0,180.11,0.727,0.0,0,14.0,0.0,27,17.96,8,1,3.38,0.0,0.0,0.0,0.0,546.68,0.731,0.0,0,0.0,0.0,4,1.74,4,-3,-2.37,0.0,0.0,0.0,0.0,366.57,0.004,0.0,0,-14.0,0.0
annkar73,35,27.03,3,5,11.67,0.171,0.0,0.0,0.0,56.45,0.735,0.0,0,43.5,0.5,5,16.0,5,1,1.0,0.0,0.0,0.0,0.0,3713.51,0.0,0.0,0,0.0,0.0,-30,-11.03,2,-4,-10.67,-0.171,0.0,0.0,0.0,3657.06,-0.735,0.0,0,-43.5,-0.5
kinow,29,56.45,3,1,9.67,0.172,0.0,0.207,0.0,530.72,0.821,0.0,0,57.75,0.5,31,60.48,8,1,3.88,0.194,0.0,0.032,0.0,339.41,0.733,0.0,0,109.0,0.5,2,4.03,5,0,-5.79,0.022,0.0,-0.175,0.0,-191.31,-0.088,0.0,0,51.25,0.0
LeventeBotos,59,18.42,14,4,4.21,0.051,0.0,0.017,0.0,173.17,0.621,0.0,0,0.0,0.0,14,11.0,11,1,1.27,0.0,0.0,0.071,0.0,825.75,0.0,0.0,0,0.0,0.0,-45,-7.42,-3,-3,-2.94,-0.051,0.0,0.054,0.0,652.58,-0.621,0.0,0,0.0,0.0
Wanff,6,13.67,4,1,1.5,0.0,0.0,0.0,0.0,759.67,0.4,0.0,0,0.0,0.0,5,17.0,2,1,2.5,0.0,0.0,0.0,0.0,2313.61,0.75,0.0,0,0.0,0.0,-1,3.33,-2,0,1.0,0.0,0.0,0.0,0.0,1553.94,0.35,0.0,0,0.0,0.0
SilviaAvelar,5,20.4,2,1,2.5,0.4,0.0,0.0,0.0,67.09,0.0,0.0,0,0.0,0.0,76,17.32,8,5,9.5,0.066,0.0,0.0,0.0,156.24,0.8,0.0,0,0.0,0.0,71,-3.08,6,4,7.0,-0.334,0.0,0.0,0.0,89.15,0.8,0.0,0,0.0,0.0
Jegor9555,14,19.64,3,2,4.67,0.0,0.0,0.0,0.0,239.99,0.769,0.0,0,0.0,0.0,86,19.44,12,2,7.17,0.012,0.0,0.0,0.0,77.35,0.776,0.0,0,0.0,0.0,72,-0.2,9,0,2.5,0.012,0.0,0.0,0.0,-162.64,0.007,0.0,0,0.0,0.0
sparklydavid,84,12.67,21,2,4.0,0.0,0.0,0.06,0.0,184.79,0.434,0.0,0,0.0,0.0,16,13.62,6,1,2.67,0.0,0.0,0.0,0.0,574.78,0.4,0.0,0,0.0,0.0,-68,0.95,-15,-1,-1.33,0.0,0.0,-0.06,0.0,389.99,-0.034,0.0,0,0.0,0.0
Xabierland,9,16.0,1,5,9.0,0.0,0.0,0.0,0.0,0.01,1.0,0.0,0,0.0,0.0,5,14.0,1,5,5.0,0.0,0.0,0.0,0.0,0.0,1.0,0.0,0,0.0,0.0,-4,-2.0,0,0,-4.0,0.0,0.0,0.0,0.0,-0.01,0.0,0.0,0,0.0,0.0
cirorandazzo,65,43.49,16,2,4.06,0.138,0.0,0.0,0.031,142.64,0.312,0.0,0,0.0,0.0,35,130.03,12,1,2.92,0.171,0.0,0.029,0.114,139.69,0.471,0.0,0,0.0,0.0,-30,86.54,-4,-1,-1.14,0.033,0.0,0.029,0.083,-2.95,0.159,0.0,0,0.0,0.0
Gleethos,57,75.33,13,1,4.38,0.158,0.0,0.088,0.0,157.39,0.5,0.0,0,92.14,0.286,16,47.62,3,1,5.33,0.125,0.0,0.062,0.0,478.25,0.867,0.0,0,0.0,0.0,-41,-27.71,-10,0,0.95,-0.033,0.0,-0.026,0.0,320.86,0.367,0.0,0,-92.14,-0.286
victormours,6,54.33,5,1,1.2,0.0,0.0,0.0,0.0,773.34,0.2,0.0,0,0.0,0.0,26,29.38,11,1,2.36,0.0,0.0,0.0,0.0,592.24,0.44,0.0,0,0.0,0.0,20,-24.95,6,0,1.16,0.0,0.0,0.0,0.0,-181.1,0.24,0.0,0,0.0,0.0
Wamitinewton,5,23.6,2,1,2.5,0.0,0.0,0.0,0.0,55.74,0.0,0.0,0,0.0,0.0,49,12.27,11,4,4.45,0.02,0.0,0.0,0.0,405.81,0.562,0.0,0,0.0,0.0,44,-11.33,9,3,1.95,0.02,0.0,0.0,0.0,350.07,0.562,0.0,0,0.0,0.0
MomoPi-Dark,22,18.5,4,2,5.5,0.0,0.0,0.0,0.0,184.31,0.81,0.0,0,0.0,0.0,43,18.09,13,1,3.31,0.023,0.0,0.0,0.0,455.14,0.643,0.0,0,0.0,0.0,21,-0.41,9,-1,-2.19,0.023,0.0,0.0,0.0,270.83,-0.167,0.0,0,0.0,0.0
Talha-Tahir2001,13,15.92,2,5,6.5,0.0,0.0,0.0,0.0,110.37,0.75,0.0,0,0.0,0.0,43,16.0,15,1,2.87,0.0,0.0,0.0,0.0,177.66,0.429,0.0,0,0.0,0.0,30,0.08,13,-4,-3.63,0.0,0.0,0.0,0.0,67.29,-0.321,0.0,0,0.0,0.0
whaibetter,14,14.57,4,2,3.5,0.0,0.0,0.0,0.0,794.27,0.769,0.0,0,0.0,0.0,86,454.8,19,2,4.53,0.698,0.488,0.081,0.5,73.16,0.318,0.0,0,0.0,0.0,72,440.23,15,0,1.03,0.698,0.488,0.081,0.5,-721.11,-0.451,0.0,0,0.0,0.0
AhmedSaddique,39,2.21,6,3,6.5,0.0,0.0,0.0,0.0,33.27,0.605,0.0,0,0.0,0.0,50,3.38,5,1,10.0,0.0,0.0,0.0,0.0,15.23,0.592,0.0,0,0.0,0.0,11,1.17,-1,-2,3.5,0.0,0.0,0.0,0.0,-18.04,-0.013,0.0,0,0.0,0.0
sammagnet7,73,41.34,7,2,10.43,0.014,0.0,0.027,0.0,15.4,0.625,0.0,0,0.0,0.0,16,24.69,7,2,2.29,0.0,0.0,0.0,0.0,950.63,0.4,0.0,0,0.0,0.0,-57,-16.65,0,0,-8.14,-0.014,0.0,-0.027,0.0,935.23,-0.225,0.0,0,0.0,0.0
ronikaufman,15,21.93,8,1,1.88,0.067,0.0,0.0,0.0,797.11,0.357,0.0,0,0.0,0.0,27,19.74,19,1,1.42,0.0,0.0,0.0,0.0,575.96,0.192,0.0,0,0.0,0.0,12,-2.19,11,0,-0.46,-0.067,0.0,0.0,0.0,-221.15,-0.165,0.0,0,0.0,0.0
libenke,30,18.2,4,3,7.5,0.0,0.0,0.0,0.0,82.16,0.621,0.0,0,0.0,0.0,25,11.72,8,5,3.12,0.0,0.0,0.0,0.0,435.47,0.667,0.0,0,0.0,0.0,-5,-6.48,4,2,-4.38,0.0,0.0,0.0,0.0,353.31,0.046,0.0,0,0.0,0.0
cakraawijaya,15,19.67,3,2,5.0,0.0,0.0,0.0,0.0,785.72,0.429,0.0,0,0.0,0.0,43,16.21,7,5,6.14,0.0,0.0,0.0,0.0,341.2,0.857,0.0,0,0.0,0.0,28,-3.46,4,3,1.14,0.0,0.0,0.0,0.0,-444.52,0.428,0.0,0,0.0,0.0
lemon-lime-honey,85,17.32,12,1,7.08,0.012,0.0,0.0,0.012,22.1,0.048,0.0,0,0.0,0.0,15,16.67,5,1,3.0,0.0,0.0,0.0,0.0,269.33,0.357,0.0,0,0.0,0.0,-70,-0.65,-7,0,-4.08,-0.012,0.0,0.0,-0.012,247.23,0.309,0.0,0,0.0,0.0
eldani13,18,21.78,2,2,9.0,0.056,0.0,0.0,0.0,10.0,0.588,0.0,0,0.0,0.0,27,25.81,9,5,3.0,0.074,0.0,0.0,0.0,100.46,0.269,0.0,0,108.2,0.8,9,4.03,7,3,-6.0,0.018,0.0,0.0,0.0,90.46,-0.319,0.0,0,108.2,0.8
elizasviel,53,18.28,2,1,26.5,0.0,0.0,0.057,0.0,20.33,0.885,0.0,0,0.0,0.0,47,23.96,7,1,6.71,0.213,0.0,0.0,0.0,83.46,0.783,0.0,0,0.0,0.0,-6,5.68,5,0,-19.79,0.213,0.0,-0.057,0.0,63.13,-0.102,0.0,0,0.0,0.0
yingmanwumen,25,16.68,10,4,2.5,0.04,0.04,0.0,0.0,470.8,0.542,0.0,0,0.0,0.0,9,16.0,6,1,1.5,0.0,0.0,0.0,0.0,2267.8,0.375,0.0,0,0.0,0.0,-16,-0.68,-4,-3,-1.0,-0.04,-0.04,0.0,0.0,1797.0,-0.167,0.0,0,0.0,0.0
Semperz,59,54.46,4,2,14.75,0.017,0.898,0.119,0.0,8.21,0.759,0.0,0,0.0,0.0,41,60.27,5,2,8.2,0.024,0.951,0.317,0.0,19.11,0.725,0.0,0,0.0,0.0,-18,5.81,1,0,-6.55,0.007,0.053,0.198,0.0,10.9,-0.034,0.0,0,0.0,0.0
analicesouto,52,34.0,5,3,10.4,0.288,0.0,0.0,0.135,250.96,0.824,0.0,0,58.0,1.0,16,15.81,8,2,2.0,0.0,0.0,0.0,0.0,759.67,0.333,0.0,0,0.0,0.0,-36,-18.19,3,-1,-8.4,-0.288,0.0,0.0,-0.135,508.71,-0.491,0.0,0,-58.0,-1.0
caleholst,63,24.49,13,1,4.85,0.0,0.0,0.0,0.0,37.1,0.613,0.0,0,0.0,0.0,37,18.95,16,1,2.31,0.027,0.0,0.135,0.0,331.55,0.417,0.0,0,0.0,0.0,-26,-5.54,3,0,-2.54,0.027,0.0,0.135,0.0,294.45,-0.196,0.0,0,0.0,0.0
u4y0u,88,18.72,20,1,4.4,0.011,0.0,0.0,0.0,112.27,0.425,0.0,0,0.0,0.0,12,18.33,6,1,2.0,0.0,0.0,0.0,0.0,686.79,0.455,0.0,0,0.0,0.0,-76,-0.39,-14,0,-2.4,-0.011,0.0,0.0,0.0,574.52,0.03,0.0,0,0.0,0.0
svpontes,47,11.6,2,1,23.5,0.0,0.0,0.021,0.0,5.15,0.913,0.0,0,0.0,0.0,53,26.09,6,1,8.83,0.057,0.0,0.151,0.151,17.09,0.654,0.0,0,0.0,0.0,6,14.49,4,0,-14.67,0.057,0.0,0.13,0.151,11.94,-0.259,0.0,0,0.0,0.0
samtrion,45,28.36,27,1,1.67,0.0,0.067,0.0,0.0,315.69,0.159,0.0,0,0.0,0.0,11,24.09,6,1,1.83,0.0,0.727,0.0,0.0,1826.11,0.4,0.0,0,0.0,0.0,-34,-4.27,-21,0,0.16,0.0,0.66,0.0,0.0,1510.42,0.241,0.0,0,0.0,0.0
paquettm,59,29.93,15,2,3.93,0.017,0.0,0.0,0.0,220.94,0.69,0.0,0,0.0,0.0,41,25.34,12,2,3.42,0.0,0.0,0.0,0.0,429.36,0.65,0.0,0,0.0,0.0,-18,-4.59,-3,0,-0.51,-0.017,0.0,0.0,0.0,208.42,-0.04,0.0,0,0.0,0.0
uwefladrich,37,162.08,11,1,3.36,0.514,0.027,0.27,0.514,405.94,0.444,0.0,0,167.38,0.762,20,138.85,10,1,2.0,0.85,0.1,0.25,0.8,515.23,0.474,0.0,0,131.32,0.632,-17,-23.23,-1,0,-1.36,0.336,0.073,-0.02,0.286,109.29,0.03,0.0,0,-36.06,-0.13
francescacarlon,11,27.36,2,1,5.5,0.0,0.0,0.0,0.0,11.77,0.3,0.0,0,0.0,0.0,89,27.12,13,3,6.85,0.0,0.0,0.045,0.0,187.3,0.807,0.0,0,13.0,0.0,78,-0.24,11,2,1.35,0.0,0.0,0.045,0.0,175.53,0.507,0.0,0,13.0,0.0
zubkov-andrei,16,94.38,10,1,1.6,0.375,0.0,0.0,0.125,692.75,0.267,0.0,0,0.0,0.0,49,89.16,17,1,2.88,0.184,0.0,0.0,0.041,315.09,0.562,0.0,0,0.0,0.0,33,-5.22,7,0,1.28,-0.191,0.0,0.0,-0.084,-377.66,0.295,0.0,0,0.0,0.0
ikhsanmasu,38,29.47,4,3,9.5,0.026,0.0,0.0,0.0,316.58,0.568,0.0,0,0.0,0.0,53,22.79,3,2,17.67,0.0,0.0,0.0,0.0,11.74,0.942,0.0,0,0.0,0.0,15,-6.68,-1,-1,8.17,-0.026,0.0,0.0,0.0,-304.84,0.374,0.0,0,0.0,0.0
martindocs,30,39.63,6,2,5.0,0.333,0.0,0.0,0.0,181.3,0.69,0.0,0,13.23,0.128,70,46.41,13,2,5.38,0.514,0.0,0.0,0.0,225.87,0.783,0.0,0,0.86,0.0,40,6.78,7,0,0.38,0.181,0.0,0.0,0.0,44.57,0.093,0.0,0,-12.37,-0.128
GerardMartinus,77,16.03,3,2,25.67,0.0,0.0,0.0,0.0,193.43,0.961,0.0,0,0.0,0.0,21,16.19,5,1,4.2,0.0,0.0,0.0,0.0,743.01,0.8,0.0,0,0.0,0.0,-56,0.16,2,-1,-21.47,0.0,0.0,0.0,0.0,549.58,-0.161,0.0,0,0.0,0.0
Eliott-B,78,19.59,24,5,3.25,0.026,0.0,0.0,0.0,174.55,0.506,0.0,0,0.0,0.0,14,19.14,7,1,2.0,0.0,0.0,0.0,0.0,1101.38,0.462,0.0,0,0.0,0.0,-64,-0.45,-17,-4,-1.25,-0.026,0.0,0.0,0.0,926.83,-0.044,0.0,0,0.0,0.0
Sweekt,35,28.8,6,4,5.83,0.0,0.0,0.2,0.086,26.98,0.382,0.0,0,0.0,0.0,53,20.3,8,5,6.62,0.0,0.0,0.019,0.0,180.18,0.654,0.0,0,0.0,0.0,18,-8.5,2,1,0.79,0.0,0.0,-0.181,-0.086,153.2,0.272,0.0,0,0.0,0.0
developtheweb,10,15.4,2,2,5.0,0.0,0.0,0.0,0.0,36.17,0.778,0.0,0,0.0,0.0,11,195.36,4,2,2.75,0.909,0.182,0.0,0.364,257.89,0.5,0.0,0,0.0,0.0,1,179.96,2,0,-2.25,0.909,0.182,0.0,0.364,221.72,-0.278,0.0,0,0.0,0.0
abubakrsaddique,13,14.08,4,5,3.25,0.0,0.0,0.0,0.0,35.56,0.583,0.0,0,0.0,0.0,9,16.0,3,1,3.0,0.0,0.0,0.0,0.0,968.54,0.75,0.0,0,0.0,0.0,-4,1.92,-1,-4,-0.25,0.0,0.0,0.0,0.0,932.98,0.167,0.0,0,0.0,0.0
TechnicalDC,12,9.33,6,1,2.0,0.0,0.0,0.0,0.0,155.82,0.273,0.0,0,0.0,0.0,88,16.07,35,1,2.51,0.0,0.091,0.0,0.0,151.96,0.195,0.0,0,0.0,0.0,76,6.74,29,0,0.51,0.0,0.091,0.0,0.0,-3.86,-0.078,0.0,0,0.0,0.0
ankitsharma38,7,17.71,4,2,1.75,0.0,0.0,0.0,0.0,530.21,0.5,0.0,0,0.0,0.0,57,18.07,10,3,5.7,0.0,0.0,0.0,0.0,227.65,0.661,0.0,0,0.0,0.0,50,0.36,6,1,3.95,0.0,0.0,0.0,0.0,-302.56,0.161,0.0,0,0.0,0.0
davidly,51,29.33,16,1,3.19,0.0,0.0,0.0,0.0,271.12,0.56,0.0,0,0.0,0.0,5,35.6,4,2,1.25,0.0,0.0,0.0,0.0,4845.91,0.0,0.0,0,0.0,0.0,-46,6.27,-12,1,-1.94,0.0,0.0,0.0,0.0,4574.79,-0.56,0.0,0,0.0,0.0
TheDevAtlas,14,33.86,7,3,2.0,0.357,0.0,0.0,0.0,532.03,0.154,0.0,0,0.0,0.0,61,21.36,23,3,2.65,0.049,0.0,0.016,0.0,302.56,0.45,0.0,0,0.0,0.0,47,-12.5,16,0,0.65,-0.308,0.0,0.016,0.0,-229.47,0.296,0.0,0,0.0,0.0
wiljimen,26,25.54,9,3,2.89,0.0,0.0,0.0,0.0,87.55,0.28,0.0,0,0.0,0.0,27,15.15,11,1,2.45,0.0,0.0,0.0,0.0,78.27,0.269,0.0,0,0.0,0.0,1,-10.39,2,-2,-0.44,0.0,0.0,0.0,0.0,-9.28,-0.011,0.0,0,0.0,0.0
staciekoslovsky-noaa,17,48.41,5,5,3.4,0.0,0.0,0.0,0.0,155.6,0.688,0.0,0,0.0,0.0,67,63.73,23,5,2.91,0.448,0.0,0.0,0.0,277.43,0.545,0.0,0,0.0,0.0,50,15.32,18,0,-0.49,0.448,0.0,0.0,0.0,121.83,-0.143,0.0,0,0.0,0.0
mulysan,22,16.14,14,1,1.57,0.0,0.0,0.0,0.0,645.79,0.19,0.0,0,0.0,0.0,44,13.18,24,1,1.83,0.0,0.0,0.0,0.0,438.52,0.209,0.0,0,0.0,0.0,22,-2.96,10,0,0.26,0.0,0.0,0.0,0.0,-207.27,0.019,0.0,0,0.0,0.0
y-fjmt,22,21.95,3,2,7.33,0.0,0.773,0.0,0.0,202.43,0.714,0.0,0,12.22,0.0,14,28.64,4,2,3.5,0.0,0.286,0.0,0.0,188.2,0.769,0.0,0,0.0,0.0,-8,6.69,1,0,-3.83,0.0,-0.487,0.0,0.0,-14.23,0.055,0.0,0,-12.22,0.0
carere,22,62.59,6,1,3.67,0.091,0.909,0.0,0.0,291.49,0.524,0.0,0,0.0,0.0,78,47.17,11,3,7.09,0.026,0.974,0.026,0.013,210.03,0.623,0.0,0,77.0,0.067,56,-15.42,5,2,3.42,-0.065,0.065,0.026,0.013,-81.46,0.099,0.0,0,77.0,0.067
AhmedRady66,19,15.95,4,4,4.75,0.0,0.0,0.0,0.0,249.35,0.778,0.0,0,0.0,0.0,81,19.23,8,1,10.12,0.0,0.0,0.0,0.0,16.47,0.775,0.0,0,0.0,0.0,62,3.28,4,-3,5.37,0.0,0.0,0.0,0.0,-232.88,-0.003,0.0,0,0.0,0.0
facsert,82,83.9,29,1,2.83,0.915,0.0,0.024,0.0,129.64,0.21,0.0,0,0.0,0.0,18,70.78,4,1,4.5,0.722,0.0,0.056,0.0,28.34,0.412,0.0,0,0.0,0.0,-64,-13.12,-25,0,1.67,-0.193,0.0,0.032,0.0,-101.3,0.202,0.0,0,0.0,0.0
robaho,37,34.19,10,1,3.7,0.135,0.0,0.0,0.054,65.31,0.583,0.0,0,0.0,0.0,63,36.79,14,1,4.5,0.063,0.0,0.0,0.111,228.06,0.581,0.0,0,0.0,0.0,26,2.6,4,0,0.8,-0.072,0.0,0.0,0.057,162.75,-0.002,0.0,0,0.0,0.0
Zeyu-Xie,80,2.54,4,2,20.0,0.0,0.0,0.0,0.0,11.4,0.747,0.0,0,0.0,0.0,20,29.7,3,2,6.67,0.0,0.0,0.0,0.0,168.94,0.684,0.0,0,0.0,0.0,-60,27.16,-1,0,-13.33,0.0,0.0,0.0,0.0,157.54,-0.063,0.0,0,0.0,0.0
jtweedle1,47,16.74,4,1,11.75,0.0,0.0,0.0,0.0,49.46,0.804,0.0,0,0.0,0.0,53,32.89,13,4,4.08,0.17,0.0,0.0,0.0,299.49,0.75,0.0,0,0.0,0.0,6,16.15,9,3,-7.67,0.17,0.0,0.0,0.0,250.03,-0.054,0.0,0,0.0,0.0
alistair23,38,592.29,11,1,3.45,1.0,0.0,0.0,0.053,433.17,0.73,0.0,0,0.0,0.0,23,659.3,9,1,2.56,1.0,0.0,0.0,0.043,868.45,0.591,0.0,0,0.0,0.0,-15,67.01,-2,0,-0.89,0.0,0.0,0.0,-0.01,435.28,-0.139,0.0,0,0.0,0.0
IacobZanoci,12,18.83,2,1,6.0,0.0,0.0,0.0,0.0,14.46,0.727,0.0,0,0.0,0.0,60,36.38,9,5,6.67,0.017,0.1,0.0,0.017,241.94,0.542,0.0,0,196.8,0.4,48,17.55,7,4,0.67,0.017,0.1,0.0,0.017,227.48,-0.185,0.0,0,196.8,0.4
PQPMath3ws,33,37.39,12,4,2.75,0.0,0.0,0.0,0.03,356.37,0.531,0.0,0,0.0,0.0,13,26.31,6,1,2.17,0.154,0.0,0.0,0.0,1341.1,0.583,0.0,0,0.0,0.0,-20,-11.08,-6,-3,-0.58,0.154,0.0,0.0,-0.03,984.73,0.052,0.0,0,0.0,0.0
Skordio,81,58.33,10,3,8.1,0.012,0.148,0.136,0.025,47.93,0.7,0.0,0,0.0,0.0,19,52.16,3,2,6.33,0.0,0.0,0.105,0.0,377.61,0.833,0.0,0,0.0,0.0,-62,-6.17,-7,-1,-1.77,-0.012,-0.148,-0.031,-0.025,329.68,0.133,0.0,0,0.0,0.0
saumyatalwani,9,15.78,2,1,4.5,0.0,0.0,0.0,0.0,168.17,0.875,0.0,0,0.0,0.0,82,19.73,19,5,4.32,0.0,0.0,0.0,0.0,207.7,0.654,0.0,0,0.0,0.0,73,3.95,17,4,-0.18,0.0,0.0,0.0,0.0,39.53,-0.221,0.0,0,0.0,0.0
marius-sucan,7,25.14,6,1,1.17,0.0,0.0,0.0,0.429,1097.78,0.167,0.0,0,0.0,0.0,6,29.67,4,1,1.5,0.0,0.0,0.0,0.167,2003.7,0.2,0.0,0,0.0,0.0,-1,4.53,-2,0,0.33,0.0,0.0,0.0,-0.262,905.92,0.033,0.0,0,0.0,0.0
ungerik,6,60.33,3,1,2.0,0.5,0.0,0.0,0.167,269.68,0.4,0.0,0,0.0,0.0,16,100.06,3,1,5.33,0.0,0.0,0.25,0.0,859.88,0.667,0.0,0,0.0,0.0,10,39.73,0,0,3.33,-0.5,0.0,0.25,-0.167,590.2,0.267,0.0,0,0.0,0.0
adiii3692,33,28.45,5,2,6.6,0.212,0.0,0.0,0.0,239.61,0.812,0.0,0,0.0,0.0,67,20.75,17,2,3.94,0.03,0.0,0.015,0.0,180.31,0.636,0.0,0,0.0,0.0,34,-7.7,12,0,-2.66,-0.182,0.0,0.015,0.0,-59.3,-0.176,0.0,0,0.0,0.0
tony-nz,31,23.19,2,1,15.5,0.0,0.0,0.0,0.0,2.1,0.833,0.0,0,0.0,0.0,42,53.98,5,2,8.4,0.048,0.0,0.0,0.024,444.65,0.756,0.0,0,0.0,0.0,11,30.79,3,1,-7.1,0.048,0.0,0.0,0.024,442.55,-0.077,0.0,0,0.0,0.0
dam2452,73,29.23,5,5,14.6,0.137,0.0,0.0,0.0,119.56,0.847,0.0,0,0.0,0.0,26,16.65,2,1,13.0,0.0,0.0,0.0,0.0,223.74,0.92,0.0,0,0.0,0.0,-47,-12.58,-3,-4,-1.6,-0.137,0.0,0.0,0.0,104.18,0.073,0.0,0,0.0,0.0
temulenbd,7,40.86,3,1,2.33,0.0,0.0,0.0,0.0,43.88,0.333,0.0,0,0.0,0.0,89,22.7,16,3,5.56,0.056,0.0,0.0,0.0,131.91,0.511,0.0,0,0.0,0.0,82,-18.16,13,2,3.23,0.056,0.0,0.0,0.0,88.03,0.178,0.0,0,0.0,0.0
kaalam,16,47.62,12,1,1.33,0.0,0.0,0.0,0.0,485.04,0.067,0.0,0,0.0,0.0,84,48.76,33,1,2.55,0.0,0.0,0.0,0.0,115.78,0.06,0.0,0,0.0,0.0,68,1.14,21,0,1.22,0.0,0.0,0.0,0.0,-369.26,-0.007,0.0,0,0.0,0.0
cygullem,14,27.29,2,3,7.0,0.214,0.0,0.0,0.0,36.89,0.615,0.0,0,0.0,0.0,86,24.84,13,3,6.62,0.0,0.0,0.0,0.0,114.14,0.541,0.0,0,0.0,0.0,72,-2.45,11,0,-0.38,-0.214,0.0,0.0,0.0,77.25,-0.074,0.0,0,0.0,0.0
hardik121121,28,20.36,4,3,7.0,0.0,0.0,0.0,0.0,283.13,0.852,0.0,0,0.0,0.0,13,21.23,3,3,4.33,0.0,0.0,0.0,0.0,69.52,0.333,0.0,0,0.0,0.0,-15,0.87,-1,0,-2.67,0.0,0.0,0.0,0.0,-213.61,-0.519,0.0,0,0.0,0.0
g1eny0ung,35,15.17,22,1,1.59,0.0,0.057,0.0,0.0,496.83,0.265,0.0,0,0.0,0.0,22,18.82,14,1,1.57,0.0,0.136,0.0,0.0,907.65,0.333,0.0,0,0.0,0.0,-13,3.65,-8,0,-0.02,0.0,0.079,0.0,0.0,410.82,0.068,0.0,0,0.0,0.0
Kruzk02,6,16.67,2,2,3.0,0.0,0.0,0.0,0.0,653.16,0.6,0.0,0,0.0,0.0,94,51.28,16,3,5.88,0.128,0.0,0.011,0.0,207.71,0.57,0.0,0,16.0,0.25,88,34.61,14,1,2.88,0.128,0.0,0.011,0.0,-445.45,-0.03,0.0,0,16.0,0.25
macielti,36,34.72,1,1,36.0,0.083,0.0,0.028,0.0,2.12,0.914,0.0,0,0.0,0.0,9,18.11,5,2,1.8,0.0,0.0,0.0,0.0,562.46,0.25,0.0,0,0.0,0.0,-27,-16.61,4,1,-34.2,-0.083,0.0,-0.028,0.0,560.34,-0.664,0.0,0,0.0,0.0
nu113d,13,24.85,6,4,2.17,0.154,0.0,0.0,0.0,1043.95,0.333,0.0,0,0.0,0.0,16,20.25,10,4,1.6,0.062,0.0,0.0,0.0,540.44,0.2,0.0,0,0.0,0.0,3,-4.6,4,0,-0.57,-0.092,0.0,0.0,0.0,-503.51,-0.133,0.0,0,0.0,0.0
DJESTRIN,83,19.6,8,2,10.38,0.012,0.0,0.012,0.0,109.44,0.598,0.0,0,0.0,0.0,16,17.56,1,2,16.0,0.0,0.0,0.0,0.0,3.58,0.8,0.0,0,0.0,0.0,-67,-2.04,-7,0,5.62,-0.012,0.0,-0.012,0.0,-105.86,0.202,0.0,0,0.0,0.0
pranabdas,32,89.66,27,1,1.19,0.5,0.125,0.0,0.094,540.4,0.065,0.0,0,0.0,0.0,57,74.19,22,2,2.59,0.263,0.316,0.088,0.158,310.28,0.411,0.0,0,26.79,0.214,25,-15.47,-5,1,1.4,-0.237,0.191,0.088,0.064,-230.12,0.346,0.0,0,26.79,0.214
ianfromdover,39,38.36,14,1,2.79,0.0,0.692,0.026,0.0,143.18,0.5,0.0,0,357.5,0.5,61,38.62,12,1,5.08,0.033,0.967,0.016,0.0,252.14,0.667,0.0,0,40.0,0.667,22,0.26,-2,0,2.29,0.033,0.275,-0.01,0.0,108.96,0.167,0.0,0,-317.5,0.167
haessar,25,45.36,6,1,4.17,0.04,0.0,0.0,0.0,118.91,0.667,0.0,0,72.43,0.429,69,42.64,13,1,5.31,0.145,0.0,0.159,0.0,276.13,0.75,0.0,0,0.58,0.0,44,-2.72,7,0,1.14,0.105,0.0,0.159,0.0,157.22,0.083,0.0,0,-71.85,-0.429
chflame163,55,33.53,7,5,7.86,0.164,0.0,0.018,0.0,110.35,0.63,0.0,0,0.0,0.0,13,57.23,6,2,2.17,0.308,0.0,0.0,0.0,896.46,0.5,0.0,0,0.0,0.0,-42,23.7,-1,-3,-5.69,0.144,0.0,-0.018,0.0,786.11,-0.13,0.0,0,0.0,0.0
GamilMohamed,7,14.43,3,2,2.33,0.0,0.0,0.0,0.0,139.26,0.5,0.0,0,0.0,0.0,57,29.91,13,4,4.38,0.053,0.0,0.0,0.018,308.87,0.607,0.0,0,0.0,0.0,50,15.48,10,2,2.05,0.053,0.0,0.0,0.018,169.61,0.107,0.0,0,0.0,0.0
usefmahmud,41,25.39,5,3,8.2,0.024,0.0,0.0,0.0,34.79,0.225,0.0,0,0.0,0.0,59,56.47,4,1,14.75,0.0,0.0,0.0,0.492,8.88,0.793,0.0,0,0.0,0.0,18,31.08,-1,-2,6.55,-0.024,0.0,0.0,0.492,-25.91,0.568,0.0,0,0.0,0.0
IremOztimur,13,15.69,9,2,1.44,0.0,0.0,0.0,0.0,610.18,0.25,0.0,0,0.0,0.0,87,28.98,23,5,3.78,0.023,0.0,0.011,0.057,183.54,0.523,0.0,0,0.0,0.0,74,13.29,14,3,2.34,0.023,0.0,0.011,0.057,-426.64,0.273,0.0,0,0.0,0.0
ipanasenko,14,14.64,9,2,1.56,0.0,0.0,0.0,0.0,1120.74,0.308,0.0,0,0.0,0.0,9,7.33,6,2,1.5,0.0,0.0,0.0,0.0,2369.93,0.125,0.0,0,0.0,0.0,-5,-7.31,-3,0,-0.06,0.0,0.0,0.0,0.0,1249.19,-0.183,0.0,0,0.0,0.0
MikaelFangel,79,40.76,19,2,4.16,0.165,0.0,0.0,0.013,216.47,0.641,0.0,0,0.0,0.0,21,93.9,15,2,1.4,0.524,0.0,0.0,0.048,908.85,0.15,0.0,0,11.0,0.0,-58,53.14,-4,0,-2.76,0.359,0.0,0.0,0.035,692.38,-0.491,0.0,0,11.0,0.0
clysel,38,20.08,19,1,2.0,0.026,0.0,0.0,0.0,465.41,0.297,0.0,0,0.0,0.0,30,25.3,17,1,1.76,0.2,0.0,0.0,0.0,600.74,0.276,0.0,0,0.0,0.0,-8,5.22,-2,0,-0.24,0.174,0.0,0.0,0.0,135.33,-0.021,0.0,0,0.0,0.0
ThembaMahlangu,86,20.47,14,5,6.14,0.047,0.0,0.0,0.0,118.86,0.424,0.0,0,13.0,0.0,14,23.71,5,1,2.8,0.071,0.0,0.0,0.0,1228.28,0.692,0.0,0,0.0,0.0,-72,3.24,-9,-4,-3.34,0.024,0.0,0.0,0.0,1109.42,0.268,0.0,0,-13.0,0.0
MOHAN1665,48,28.67,6,5,8.0,0.0,0.0,0.0,0.0,166.97,0.787,0.0,0,0.0,0.0,34,18.65,6,2,5.67,0.0,0.0,0.0,0.0,273.24,0.818,0.0,0,0.0,0.0,-14,-10.02,0,-3,-2.33,0.0,0.0,0.0,0.0,106.27,0.031,0.0,0,0.0,0.0
ArmVV26,11,19.18,1,1,11.0,0.0,0.0,0.0,0.0,0.03,1.0,0.0,0,0.0,0.0,89,22.03,13,3,6.85,0.0,0.0,0.0,0.169,77.06,0.636,0.0,0,0.0,0.0,78,2.85,12,2,-4.15,0.0,0.0,0.0,0.169,77.03,-0.364,0.0,0,0.0,0.0
abhinav0207,28,17.61,18,1,1.56,0.0,0.0,0.0,0.0,469.21,0.222,0.0,0,0.0,0.0,42,24.67,26,3,1.62,0.0,0.0,0.024,0.0,474.66,0.293,0.0,0,0.0,0.0,14,7.06,8,2,0.06,0.0,0.0,0.024,0.0,5.45,0.071,0.0,0,0.0,0.0
Cass402,17,261.47,5,1,3.4,0.647,0.0,0.118,0.0,67.57,0.562,0.0,0,0.0,0.0,24,135.58,9,4,2.67,0.333,0.375,0.042,0.0,199.47,0.13,0.0,0,0.0,0.0,7,-125.89,4,3,-0.73,-0.314,0.375,-0.076,0.0,131.9,-0.432,0.0,0,0.0,0.0
dtran421,74,62.45,8,1,9.25,0.27,0.0,0.068,0.0,40.07,0.808,0.0,0,11.22,0.056,26,67.19,4,1,6.5,0.538,0.0,0.0,0.0,389.89,0.72,0.0,0,10.67,0.0,-48,4.74,-4,0,-2.75,0.268,0.0,-0.068,0.0,349.82,-0.088,0.0,0,-0.55,-0.056
phdru,21,68.71,8,1,2.62,0.571,0.857,0.19,0.0,542.7,0.25,0.0,0,0.0,0.0,19,70.11,8,1,2.38,0.474,0.684,0.263,0.0,929.09,0.333,0.0,0,0.0,0.0,-2,1.4,0,0,-0.24,-0.097,-0.173,0.073,0.0,386.39,0.083,0.0,0,0.0,0.0
Tomeczeqq,16,36.69,4,2,4.0,0.125,0.0,0.0,0.125,60.48,0.4,0.0,0,0.0,0.0,34,20.97,9,5,3.78,0.029,0.0,0.0,0.0,104.62,0.515,0.0,0,0.0,0.0,18,-15.72,5,3,-0.22,-0.096,0.0,0.0,-0.125,44.14,0.115,0.0,0,0.0,0.0
RoBizMan,8,32.75,2,2,4.0,0.0,0.0,0.0,0.0,15.9,0.857,0.0,0,0.0,0.0,92,49.17,4,1,23.0,0.0,0.0,0.0,0.0,5.03,0.824,0.0,0,0.0,0.0,84,16.42,2,-1,19.0,0.0,0.0,0.0,0.0,-10.87,-0.033,0.0,0,0.0,0.0
Aravindha-samy,33,19.94,3,5,11.0,0.0,0.0,0.0,0.0,15.07,0.625,0.0,0,0.0,0.0,14,24.29,8,3,1.75,0.0,0.0,0.0,0.0,1354.12,0.308,0.0,0,0.0,0.0,-19,4.35,5,-2,-9.25,0.0,0.0,0.0,0.0,1339.05,-0.317,0.0,0,0.0,0.0
AHMED-SAFA,9,10.33,3,1,3.0,0.0,0.0,0.0,0.0,54.6,0.5,0.0,0,0.0,0.0,14,16.0,8,3,1.75,0.0,0.0,0.0,0.0,1000.41,0.308,0.0,0,0.0,0.0,5,5.67,5,2,-1.25,0.0,0.0,0.0,0.0,945.81,-0.192,0.0,0,0.0,0.0
nils-soderman,7,39.71,3,1,2.33,0.143,0.0,0.0,0.0,287.5,0.167,0.0,0,0.0,0.0,51,74.98,25,1,2.04,0.569,0.0,0.039,0.0,208.37,0.36,0.0,0,0.0,0.0,44,35.27,22,0,-0.29,0.426,0.0,0.039,0.0,-79.13,0.193,0.0,0,0.0,0.0
AlanZayon,7,14.86,5,2,1.4,0.0,0.0,0.0,0.0,428.07,0.167,0.0,0,0.0,0.0,10,16.0,6,1,1.67,0.0,0.0,0.0,0.0,832.43,0.333,0.0,0,0.0,0.0,3,1.14,1,-1,0.27,0.0,0.0,0.0,0.0,404.36,0.166,0.0,0,0.0,0.0
naneps,70,17.07,14,1,5.0,0.014,0.0,0.0,0.0,165.77,0.652,0.0,0,0.0,0.0,30,33.83,8,1,3.75,0.0,0.0,0.0,0.0,271.25,0.414,0.0,0,0.0,0.0,-40,16.76,-6,0,-1.25,-0.014,0.0,0.0,0.0,105.48,-0.238,0.0,0,0.0,0.0
saulnyongesa,7,16.0,6,1,1.17,0.0,0.0,0.0,0.0,2605.14,0.167,0.0,0,0.0,0.0,8,32.88,7,5,1.14,0.125,0.0,0.0,0.0,1186.47,0.143,0.0,0,0.0,0.0,1,16.88,1,4,-0.03,0.125,0.0,0.0,0.0,-1418.67,-0.024,0.0,0,0.0,0.0
izzymarc,38,33.97,4,3,9.5,0.079,0.0,0.0,0.0,32.23,0.865,0.0,0,0.0,0.0,62,13.37,7,1,8.86,0.0,0.0,0.0,0.0,19.96,0.639,0.0,0,0.0,0.0,24,-20.6,3,-2,-0.64,-0.079,0.0,0.0,0.0,-12.27,-0.226,0.0,0,0.0,0.0
HRosete,26,80.04,3,2,8.67,1.0,0.0,0.0,0.692,263.25,0.76,0.0,0,36.67,0.667,5,88.0,1,1,5.0,1.0,0.0,0.0,0.6,11.14,0.75,0.0,0,0.0,0.0,-21,7.96,-2,-1,-3.67,0.0,0.0,0.0,-0.092,-252.11,-0.01,0.0,0,-36.67,-0.667
juanbautistamalina,7,19.0,3,1,2.33,0.0,0.0,0.0,0.0,744.23,0.5,0.0,0,0.0,0.0,42,18.21,19,5,2.21,0.024,0.024,0.0,0.0,463.54,0.366,0.0,0,0.0,0.0,35,-0.79,16,4,-0.12,0.024,0.024,0.0,0.0,-280.69,-0.134,0.0,0,0.0,0.0
itrabbi24,12,12.0,2,1,6.0,0.0,0.0,0.0,0.0,854.69,0.909,0.0,0,0.0,0.0,8,25.75,5,1,1.6,0.125,0.0,0.0,0.0,2291.0,0.429,0.0,0,16.0,0.0,-4,13.75,3,0,-4.4,0.125,0.0,0.0,0.0,1436.31,-0.48,0.0,0,16.0,0.0
rda-dattore,11,23.36,2,1,5.5,0.0,0.0,0.0,0.0,35.53,0.5,0.0,0,0.0,0.0,7,29.14,4,2,1.75,0.0,0.0,0.0,0.0,3023.86,0.5,0.0,0,0.0,0.0,-4,5.78,2,1,-3.75,0.0,0.0,0.0,0.0,2988.33,0.0,0.0,0,0.0,0.0
phdru,21,68.71,8,1,2.62,0.571,0.857,0.19,0.0,542.7,0.25,0.0,0,0.0,0.0,19,70.11,8,1,2.38,0.474,0.684,0.263,0.0,929.09,0.333,0.0,0,0.0,0.0,-2,1.4,0,0,-0.24,-0.097,-0.173,0.073,0.0,386.39,0.083,0.0,0,0.0,0.0
SharjeelAhmed2,6,18.5,4,2,1.5,0.0,0.0,0.0,0.0,1786.01,0.4,0.0,0,0.0,0.0,36,28.92,4,3,9.0,0.028,0.0,0.0,0.0,222.5,0.714,0.0,0,0.0,0.0,30,10.42,0,1,7.5,0.028,0.0,0.0,0.0,-1563.51,0.314,0.0,0,0.0,0.0
aaronzedwick,19,37.89,3,2,6.33,0.368,0.0,0.0,0.0,40.23,0.722,0.0,0,1.0,0.0,5,15.6,3,1,1.67,0.0,0.0,0.0,0.0,1227.72,0.5,0.0,0,0.0,0.0,-14,-22.29,0,-1,-4.66,-0.368,0.0,0.0,0.0,1187.49,-0.222,0.0,0,-1.0,0.0
wichan7,78,21.71,16,1,4.88,0.013,0.397,0.0,0.013,43.32,0.455,0.0,0,0.0,0.0,22,21.55,14,1,1.57,0.045,0.818,0.0,0.0,637.53,0.095,0.0,0,553.0,1.0,-56,-0.16,-2,0,-3.31,0.032,0.421,0.0,-0.013,594.21,-0.36,0.0,0,553.0,1.0
inspireMeNow,5,16.0,3,1,1.67,0.0,0.0,0.0,0.0,269.09,0.5,0.0,0,0.0,0.0,71,23.28,27,3,2.63,0.014,0.014,0.07,0.0,249.56,0.514,0.0,0,0.0,0.0,66,7.28,24,2,0.96,0.014,0.014,0.07,0.0,-19.53,0.014,0.0,0,0.0,0.0
nafismahamudshahin,49,16.49,9,5,5.44,0.082,0.0,0.0,0.0,294.91,0.688,0.0,0,0.0,0.0,26,17.81,13,1,2.0,0.038,0.0,0.0,0.0,608.64,0.44,0.0,0,0.0,0.0,-23,1.32,4,-4,-3.44,-0.044,0.0,0.0,0.0,313.73,-0.248,0.0,0,0.0,0.0
beyondsimulations,52,26.9,10,1,5.2,0.0,0.0,0.0,0.0,149.64,0.529,0.0,0,0.0,0.0,48,34.19,14,1,3.43,0.0,0.0,0.0,0.0,318.69,0.426,0.0,0,0.0,0.0,-4,7.29,4,0,-1.77,0.0,0.0,0.0,0.0,169.05,-0.103,0.0,0,0.0,0.0
yokra9,18,103.17,12,1,1.5,0.611,0.0,0.0,0.0,871.0,0.0,0.0,0,3656.0,1.0,59,76.12,38,3,1.55,0.102,0.0,0.0,0.0,333.93,0.103,0.0,0,0.0,0.0,41,-27.05,26,2,0.05,-0.509,0.0,0.0,0.0,-537.07,0.103,0.0,0,-3656.0,-1.0
lmcrean,49,36.14,9,2,5.44,0.0,0.0,0.0,0.0,73.4,0.562,0.0,0,0.0,0.0,51,93.51,18,1,2.83,0.275,0.333,0.0,0.157,376.86,0.5,0.0,0,527.29,0.857,2,57.37,9,-1,-2.61,0.275,0.333,0.0,0.157,303.46,-0.062,0.0,0,527.29,0.857
GiovaniFZ,19,18.32,7,3,2.71,0.0,0.0,0.0,0.0,490.77,0.278,0.0,0,0.0,0.0,15,24.47,10,2,1.5,0.0,0.333,0.0,0.0,616.54,0.286,0.0,0,0.0,0.0,-4,6.15,3,-1,-1.21,0.0,0.333,0.0,0.0,125.77,0.008,0.0,0,0.0,0.0
lvcvsk,48,16.75,14,2,3.43,0.0,0.0,0.042,0.0,59.42,0.447,0.0,0,0.0,0.0,19,20.89,4,1,4.75,0.0,0.0,0.0,0.0,245.03,0.556,0.0,0,0.0,0.0,-29,4.14,-10,-1,1.32,0.0,0.0,-0.042,0.0,185.61,0.109,0.0,0,0.0,0.0
trofima,15,21.33,2,1,7.5,0.0,0.0,0.0,0.0,358.32,0.857,0.0,0,0.0,0.0,46,21.35,4,2,11.5,0.022,0.0,0.065,0.0,11.73,0.711,0.0,0,0.0,0.0,31,0.02,2,1,4.0,0.022,0.0,0.065,0.0,-346.59,-0.146,0.0,0,0.0,0.0
CeMaGo,25,22.48,5,4,5.0,0.16,0.0,0.0,0.0,287.07,0.625,0.0,0,0.0,0.0,6,19.33,4,1,1.5,0.333,0.0,0.0,0.0,1339.87,0.4,0.0,0,0.0,0.0,-19,-3.15,-1,-3,-3.5,0.173,0.0,0.0,0.0,1052.8,-0.225,0.0,0,0.0,0.0
NicFragale,57,21.6,7,1,8.14,0.053,0.0,0.018,0.0,97.73,0.625,0.0,0,49.0,0.5,43,19.02,10,1,4.3,0.047,0.0,0.0,0.023,149.02,0.571,0.0,0,0.0,0.0,-14,-2.58,3,0,-3.84,-0.006,0.0,-0.018,0.023,51.29,-0.054,0.0,0,-49.0,-0.5
lucasnramos,42,23.76,10,2,4.2,0.024,0.429,0.0,0.071,153.26,0.585,0.0,0,0.0,0.0,7,41.0,5,1,1.4,0.0,0.0,0.0,0.0,1249.47,0.333,0.0,0,0.0,0.0,-35,17.24,-5,-1,-2.8,-0.024,-0.429,0.0,-0.071,1096.21,-0.252,0.0,0,0.0,0.0
DaniilMurzin,59,34.07,15,1,3.93,0.254,0.0,0.119,0.017,100.98,0.362,0.0,0,19.36,0.182,9,19.44,3,3,3.0,0.111,0.0,0.0,0.0,66.34,0.125,0.0,0,0.0,0.0,-50,-14.63,-12,2,-0.93,-0.143,0.0,-0.119,-0.017,-34.64,-0.237,0.0,0,-19.36,-0.182
MaheshKShetty,8,16.38,3,4,2.67,0.0,0.0,0.0,0.0,781.65,0.286,0.0,0,0.0,0.0,5,20.8,4,3,1.25,0.0,0.0,0.0,0.0,1751.7,0.25,0.0,0,0.0,0.0,-3,4.42,1,-1,-1.42,0.0,0.0,0.0,0.0,970.05,-0.036,0.0,0,0.0,0.0
gnestlinger,25,63.2,13,1,1.92,0.48,0.0,0.08,0.16,261.97,0.208,0.0,0,16.57,0.286,75,46.6,32,1,2.34,0.107,0.0,0.213,0.04,226.41,0.284,0.0,0,0.0,0.0,50,-16.6,19,0,0.42,-0.373,0.0,0.133,-0.12,-35.56,0.076,0.0,0,-16.57,-0.286
thejondaw,66,24.82,3,1,22.0,0.076,0.0,0.0,0.0,7.04,0.846,0.0,0,0.0,0.0,34,15.18,3,2,11.33,0.206,0.0,0.206,0.0,106.79,0.818,0.0,0,1.1,0.0,-32,-9.64,0,1,-10.67,0.13,0.0,0.206,0.0,99.75,-0.028,0.0,0,1.1,0.0
marcinciapa,15,485.13,10,1,1.5,0.667,0.0,0.2,0.6,435.28,0.286,0.0,0,66.0,0.091,79,140.08,33,1,2.39,0.278,0.0,0.013,0.734,253.25,0.487,0.0,0,0.0,0.0,64,-345.05,23,0,0.89,-0.389,0.0,-0.187,0.134,-182.03,0.201,0.0,0,-66.0,-0.091
md-rejoyan-islam,20,15.55,7,4,2.86,0.05,0.0,0.05,0.0,574.77,0.474,0.0,0,0.0,0.0,8,17.75,2,1,4.0,0.0,0.0,0.0,0.0,241.39,0.857,0.0,0,0.0,0.0,-12,2.2,-5,-3,1.14,-0.05,0.0,-0.05,0.0,-333.38,0.383,0.0,0,0.0,0.0
sudhanshuraj13,5,17.2,3,2,1.67,0.0,0.0,0.0,0.0,2330.48,0.5,0.0,0,0.0,0.0,13,18.31,6,4,2.17,0.0,0.0,0.0,0.0,1460.01,0.583,0.0,0,0.0,0.0,8,1.11,3,2,0.5,0.0,0.0,0.0,0.0,-870.47,0.083,0.0,0,0.0,0.0
lucas-glopes,8,16.0,3,1,2.67,0.0,0.0,0.0,0.0,751.55,0.286,0.0,0,0.0,0.0,92,269.99,8,3,11.5,0.826,0.0,0.0,0.141,132.58,0.736,0.0,0,0.0,0.0,84,253.99,5,2,8.83,0.826,0.0,0.0,0.141,-618.97,0.45,0.0,0,0.0,0.0
dawidzabrzenski,18,38.39,9,2,2.0,0.0,0.0,0.0,0.0,129.63,0.059,0.0,0,0.0,0.0,6,152.0,3,3,2.0,0.5,0.0,0.0,0.0,710.93,0.4,0.0,0,0.0,0.0,-12,113.61,-6,1,0.0,0.5,0.0,0.0,0.0,581.3,0.341,0.0,0,0.0,0.0
HimansuWebCoder,26,16.69,5,4,5.2,0.0,0.0,0.0,0.0,187.04,0.76,0.0,0,0.0,0.0,11,21.55,4,2,2.75,0.091,0.0,0.0,0.0,729.02,0.2,0.0,0,0.0,0.0,-15,4.86,-1,-2,-2.45,0.091,0.0,0.0,0.0,541.98,-0.56,0.0,0,0.0,0.0
WebCarreira,49,13.94,5,5,9.8,0.0,0.0,0.0,0.0,13.09,0.562,0.0,0,0.0,0.0,20,9.6,5,1,4.0,0.0,0.0,0.0,0.0,63.05,0.211,0.0,0,0.0,0.0,-29,-4.34,0,-4,-5.8,0.0,0.0,0.0,0.0,49.96,-0.351,0.0,0,0.0,0.0
halostatue,6,108.0,2,2,3.0,0.333,0.0,0.167,0.167,816.33,0.8,0.0,0,696.0,1.0,46,161.17,14,1,3.29,0.761,0.826,0.022,0.022,129.31,0.533,0.0,0,76.36,0.818,40,53.17,12,-1,0.29,0.428,0.826,-0.145,-0.145,-687.02,-0.267,0.0,0,-619.64,-0.182
GregMBS,8,26.0,4,1,2.0,0.0,0.0,0.0,0.0,335.49,0.429,0.0,0,0.0,0.0,23,74.17,10,1,2.3,0.435,0.0,0.043,0.0,329.74,0.318,0.0,0,0.0,0.0,15,48.17,6,0,0.3,0.435,0.0,0.043,0.0,-5.75,-0.111,0.0,0,0.0,0.0
PotatoFi,38,48.87,9,2,4.22,0.474,0.0,0.0,0.0,167.13,0.486,0.0,0,86.65,0.588,11,36.0,3,2,3.67,0.364,0.0,0.0,0.0,746.11,0.6,0.0,0,45.5,0.25,-27,-12.87,-6,0,-0.55,-0.11,0.0,0.0,0.0,578.98,0.114,0.0,0,-41.15,-0.338
tashrique,88,19.02,7,5,12.57,0.0,0.0,0.0,0.057,37.61,0.701,0.0,0,0.0,0.0,12,16.33,8,3,1.5,0.0,0.0,0.0,0.0,706.43,0.273,0.0,0,0.0,0.0,-76,-2.69,1,-2,-11.07,0.0,0.0,0.0,-0.057,668.82,-0.428,0.0,0,0.0,0.0
Kalyan190,69,22.84,7,4,9.86,0.101,0.0,0.0,0.0,81.12,0.691,0.0,0,0.0,0.0,31,18.97,10,2,3.1,0.032,0.0,0.0,0.0,566.01,0.567,0.0,0,0.0,0.0,-38,-3.87,3,-2,-6.76,-0.069,0.0,0.0,0.0,484.89,-0.124,0.0,0,0.0,0.0
federicg,33,32.7,4,1,8.25,0.0,0.0,0.0,0.0,291.12,0.875,0.0,0,0.0,0.0,11,31.18,5,2,2.2,0.182,0.0,0.0,0.0,1677.31,0.3,0.0,0,0.0,0.0,-22,-1.52,1,1,-6.05,0.182,0.0,0.0,0.0,1386.19,-0.575,0.0,0,0.0,0.0
JUJUup,75,33.0,25,1,3.0,0.0,0.0,0.0,0.0,173.14,0.541,0.0,0,0.0,0.0,25,33.0,14,1,1.79,0.0,0.0,0.0,0.0,743.17,0.292,0.0,0,0.0,0.0,-50,0.0,-11,0,-1.21,0.0,0.0,0.0,0.0,570.03,-0.249,0.0,0,0.0,0.0
NEAR07,51,20.06,5,4,10.2,0.157,0.0,0.0,0.0,183.97,0.88,0.0,0,0.0,0.0,13,16.31,4,3,3.25,0.0,0.0,0.0,0.0,491.58,0.583,0.0,0,0.0,0.0,-38,-3.75,-1,-1,-6.95,-0.157,0.0,0.0,0.0,307.61,-0.297,0.0,0,0.0,0.0
mattenarle10,39,16.82,6,3,6.5,0.0,0.0,0.0,0.0,141.59,0.816,0.0,0,0.0,0.0,34,24.56,14,1,2.43,0.088,0.029,0.0,0.0,448.19,0.515,0.0,0,0.0,0.0,-5,7.74,8,-2,-4.07,0.088,0.029,0.0,0.0,306.6,-0.301,0.0,0,0.0,0.0
GoodGuySavitar,28,13.86,3,4,9.33,0.0,0.0,0.0,0.0,201.89,0.593,0.0,0,0.0,0.0,6,45.0,3,1,2.0,0.5,0.0,0.0,0.0,146.17,0.4,0.0,0,0.0,0.0,-22,31.14,0,-3,-7.33,0.5,0.0,0.0,0.0,-55.72,-0.193,0.0,0,0.0,0.0
hqvjet,14,17.14,3,2,4.67,0.0,0.0,0.0,0.071,645.33,0.462,0.0,0,0.0,0.0,86,17.14,12,3,7.17,0.093,0.0,0.0,0.0,152.65,0.694,0.0,0,0.0,0.0,72,0.0,9,1,2.5,0.093,0.0,0.0,-0.071,-492.68,0.232,0.0,0,0.0,0.0
felipeminuzzi,78,21.68,22,2,3.55,0.0,0.077,0.013,0.026,185.07,0.442,0.0,0,0.0,0.0,22,16.41,14,2,1.57,0.0,0.727,0.045,0.0,439.7,0.143,0.0,0,0.0,0.0,-56,-5.27,-8,0,-1.98,0.0,0.65,0.032,-0.026,254.63,-0.299,0.0,0,0.0,0.0
rainx,7,44.0,2,2,3.5,0.0,0.857,0.0,0.0,374.87,0.833,0.0,0,0.0,0.0,45,104.84,14,2,3.21,0.133,0.956,0.0,0.067,438.93,0.568,0.0,0,20.0,0.0,38,60.84,12,0,-0.29,0.133,0.099,0.0,0.067,64.06,-0.265,0.0,0,20.0,0.0
araujoms,5,15.8,1,1,5.0,0.0,0.0,0.0,0.0,4.06,0.75,0.0,0,0.0,0.0,95,18.05,28,2,3.39,0.011,0.0,0.021,0.0,188.91,0.277,0.0,0,0.0,0.0,90,2.25,27,1,-1.61,0.011,0.0,0.021,0.0,184.85,-0.473,0.0,0,0.0,0.0
ArthurFlag,59,13.9,7,1,8.43,0.0,0.017,0.051,0.017,19.02,0.345,0.0,0,0.0,0.0,5,4.6,3,1,1.67,0.0,0.0,0.0,0.0,120.54,0.25,0.0,0,0.0,0.0,-54,-9.3,-4,0,-6.76,0.0,-0.017,-0.051,-0.017,101.52,-0.095,0.0,0,0.0,0.0
Sathiyapramod,76,18.78,13,3,5.85,0.079,0.0,0.197,0.0,75.16,0.733,0.0,0,0.0,0.0,24,16.0,14,1,1.71,0.0,0.0,0.0,0.0,545.86,0.391,0.0,0,0.0,0.0,-52,-2.78,1,-2,-4.14,-0.079,0.0,-0.197,0.0,470.7,-0.342,0.0,0,0.0,0.0
Emm-Anuel100,45,24.24,10,5,4.5,0.133,0.0,0.0,0.0,81.08,0.705,0.0,0,0.0,0.0,42,35.21,17,2,2.47,0.429,0.0,0.0,0.0,451.79,0.463,0.0,0,9.9,0.0,-3,10.97,7,-3,-2.03,0.296,0.0,0.0,0.0,370.71,-0.242,0.0,0,9.9,0.0
sub0101,8,5.25,3,3,2.67,0.0,0.0,0.0,0.0,535.17,0.286,0.0,0,0.0,0.0,5,20.0,2,1,2.5,0.0,0.0,0.0,0.0,29.28,0.0,0.0,0,0.0,0.0,-3,14.75,-1,-2,-0.17,0.0,0.0,0.0,0.0,-505.89,-0.286,0.0,0,0.0,0.0
Changha-dev,9,15.78,1,1,9.0,0.0,0.0,0.111,0.0,0.09,1.0,0.0,0,0.0,0.0,70,173.9,8,1,8.75,0.614,0.971,0.014,0.571,17.06,0.681,0.0,0,0.0,0.0,61,158.12,7,0,-0.25,0.614,0.971,-0.097,0.571,16.97,-0.319,0.0,0,0.0,0.0
sreasgop,34,48.21,3,1,11.33,0.588,0.0,0.0,0.0,13.97,0.758,0.0,0,0.0,0.0,66,35.64,7,2,9.43,0.167,0.0,0.0,0.0,293.13,0.754,0.0,0,43.8,0.4,32,-12.57,4,1,-1.9,-0.421,0.0,0.0,0.0,279.16,-0.004,0.0,0,43.8,0.4
Kaisarming,70,24.5,10,2,7.0,0.1,0.0,0.0,0.0,148.86,0.536,0.0,0,0.0,0.0,30,38.83,1,1,30.0,0.4,0.0,0.0,0.0,1.75,0.793,0.0,0,0.94,0.0,-40,14.33,-9,-1,23.0,0.3,0.0,0.0,0.0,-147.11,0.257,0.0,0,0.94,0.0
nberr,5,15.4,3,1,1.67,0.0,0.0,0.0,0.0,3035.44,0.0,0.0,0,0.0,0.0,12,47.92,1,1,12.0,0.25,0.0,0.0,0.0,0.52,0.818,0.0,0,0.0,0.0,7,32.52,-2,0,10.33,0.25,0.0,0.0,0.0,-3034.92,0.818,0.0,0,0.0,0.0
flameshikari,13,42.08,4,1,3.25,0.385,0.0,0.0,0.0,102.37,0.75,0.0,0,0.0,0.0,87,24.98,21,1,4.14,0.057,0.0,0.0,0.0,206.83,0.651,0.0,0,0.0,0.0,74,-17.1,17,0,0.89,-0.328,0.0,0.0,0.0,104.46,-0.099,0.0,0,0.0,0.0
billyedmoore,62,45.63,4,2,15.5,0.016,0.387,0.0,0.0,6.99,0.77,0.0,0,0.0,0.0,38,55.29,10,2,3.8,0.211,0.0,0.0,0.0,426.28,0.541,0.0,0,31.2,0.267,-24,9.66,6,0,-11.7,0.195,-0.387,0.0,0.0,419.29,-0.229,0.0,0,31.2,0.267
marceljhuber,15,51.47,4,2,3.75,0.133,0.0,0.0,0.0,352.23,0.786,0.0,0,0.0,0.0,5,18.4,2,2,2.5,0.0,0.0,0.0,0.0,1440.77,0.25,0.0,0,0.0,0.0,-10,-33.07,-2,0,-1.25,-0.133,0.0,0.0,0.0,1088.54,-0.536,0.0,0,0.0,0.0
harshsingh-io,70,45.3,12,1,5.83,0.2,0.0,0.0,0.0,64.11,0.362,0.0,0,0.0,0.0,30,61.1,8,1,3.75,0.1,0.0,0.0,0.067,435.69,0.552,0.0,0,1623.0,1.0,-40,15.8,-4,0,-2.08,-0.1,0.0,0.0,0.067,371.58,0.19,0.0,0,1623.0,1.0
openui54u,9,18.67,3,3,3.0,0.0,0.0,0.0,0.0,798.11,0.625,0.0,0,0.0,0.0,20,73.2,2,1,10.0,0.35,0.0,0.0,0.1,4.14,0.842,0.0,0,0.0,0.0,11,54.53,-1,-2,7.0,0.35,0.0,0.0,0.1,-793.97,0.217,0.0,0,0.0,0.0
guiruppel05,31,241.23,3,2,10.33,0.613,0.0,0.0,0.0,47.97,0.767,0.0,0,504.0,1.0,69,20.33,3,3,23.0,0.014,0.0,0.0,0.043,143.66,0.926,0.0,0,0.0,0.0,38,-220.9,0,1,12.67,-0.599,0.0,0.0,0.043,95.69,0.159,0.0,0,-504.0,-1.0
laurenesco,36,20.83,10,4,3.6,0.0,0.0,0.0,0.167,319.47,0.371,0.0,0,0.0,0.0,8,15.0,4,1,2.0,0.0,0.0,0.0,0.0,387.5,0.571,0.0,0,0.0,0.0,-28,-5.83,-6,-3,-1.6,0.0,0.0,0.0,-0.167,68.03,0.2,0.0,0,0.0,0.0
pokeMike,41,21.63,7,3,5.86,0.0,0.0,0.0,0.049,235.25,0.725,0.0,0,0.0,0.0,19,22.05,4,3,4.75,0.0,0.0,0.0,0.0,286.77,0.5,0.0,0,0.0,0.0,-22,0.42,-3,0,-1.11,0.0,0.0,0.0,-0.049,51.52,-0.225,0.0,0,0.0,0.0
kklmn,8,31.38,7,1,1.14,0.125,0.0,0.0,0.0,483.36,0.0,0.0,0,0.0,0.0,92,34.3,40,1,2.3,0.098,0.0,0.065,0.0,202.5,0.308,0.0,0,0.0,0.0,84,2.92,33,0,1.16,-0.027,0.0,0.065,0.0,-280.86,0.308,0.0,0,0.0,0.0
Khogendrarupini,5,16.0,4,1,1.25,0.0,0.0,0.0,0.0,3980.66,0.25,0.0,0,0.0,0.0,17,16.35,6,2,2.83,0.0,0.0,0.0,0.0,501.86,0.625,0.0,0,0.0,0.0,12,0.35,2,1,1.58,0.0,0.0,0.0,0.0,-3478.8,0.375,0.0,0,0.0,0.0
KJ-Sagar,5,25.6,4,1,1.25,0.0,0.0,0.0,0.0,738.81,0.25,0.0,0,0.0,0.0,27,27.44,6,4,4.5,0.037,0.0,0.0,0.0,354.47,0.808,0.0,0,0.0,0.0,22,1.84,2,3,3.25,0.037,0.0,0.0,0.0,-384.34,0.558,0.0,0,0.0,0.0
canankarakoc,30,25.97,8,1,3.75,0.0,0.0,0.0,0.0,508.53,0.552,0.0,0,0.0,0.0,9,23.67,3,1,3.0,0.0,0.0,0.111,0.0,2056.14,0.625,0.0,0,0.0,0.0,-21,-2.3,-5,0,-0.75,0.0,0.0,0.111,0.0,1547.61,0.073,0.0,0,0.0,0.0
nghi-truyen,7,21.14,3,2,2.33,0.0,0.0,0.0,0.0,1802.37,0.667,0.0,0,0.0,0.0,18,54.44,6,1,3.0,0.167,0.278,0.0,0.0,400.79,0.294,0.0,0,26.67,0.333,11,33.3,3,-1,0.67,0.167,0.278,0.0,0.0,-1401.58,-0.373,0.0,0,26.67,0.333
Rik-Stokmans,57,15.93,4,1,14.25,0.0,0.0,0.0,0.0,110.97,0.875,0.0,0,0.0,0.0,43,50.09,9,4,4.78,0.163,0.0,0.047,0.023,138.36,0.571,0.0,0,0.83,0.0,-14,34.16,5,3,-9.47,0.163,0.0,0.047,0.023,27.39,-0.304,0.0,0,0.83,0.0
JonathanBout,80,23.07,28,3,2.86,0.013,0.0,0.0,0.0,195.7,0.506,0.0,0,124.0,1.0,20,26.15,12,2,1.67,0.05,0.0,0.0,0.0,843.79,0.316,0.0,0,0.0,0.0,-60,3.08,-16,-1,-1.19,0.037,0.0,0.0,0.0,648.09,-0.19,0.0,0,-124.0,-1.0
vikernes1981,7,28.43,3,2,2.33,0.0,0.0,0.0,0.0,35.96,0.333,0.0,0,0.0,0.0,49,36.8,9,4,5.44,0.0,0.0,0.061,0.0,77.86,0.479,0.0,0,0.0,0.0,42,8.37,6,2,3.11,0.0,0.0,0.061,0.0,41.9,0.146,0.0,0,0.0,0.0
TanjimulSabbir,44,12.75,12,5,3.67,0.0,0.0,0.0,0.0,278.4,0.558,0.0,0,0.0,0.0,46,16.0,5,1,9.2,0.0,0.0,0.0,0.0,196.2,0.911,0.0,0,0.0,0.0,2,3.25,-7,-4,5.53,0.0,0.0,0.0,0.0,-82.2,0.353,0.0,0,0.0,0.0
aryaemami59,62,42.82,8,2,7.75,0.0,0.0,0.0,0.0,65.61,0.639,0.0,0,0.0,0.0,38,25.03,4,1,9.5,0.0,0.0,0.0,0.0,83.42,0.703,0.0,0,0.0,0.0,-24,-17.79,-4,-1,1.75,0.0,0.0,0.0,0.0,17.81,0.064,0.0,0,0.0,0.0
Ashis32,9,17.67,1,1,9.0,0.0,0.0,0.0,0.0,0.03,1.0,0.0,0,0.0,0.0,42,21.69,6,3,7.0,0.0,0.0,0.0,0.0,316.18,0.805,0.0,0,0.0,0.0,33,4.02,5,2,-2.0,0.0,0.0,0.0,0.0,316.15,-0.195,0.0,0,0.0,0.0
KaustubhTrivedi,13,15.92,5,1,2.6,0.0,0.0,0.0,0.0,451.54,0.667,0.0,0,0.0,0.0,87,39.34,16,3,5.44,0.011,0.011,0.011,0.0,118.5,0.733,0.0,0,0.0,0.0,74,23.42,11,2,2.84,0.011,0.011,0.011,0.0,-333.04,0.066,0.0,0,0.0,0.0
Web-Dev-Codi,66,19.98,18,5,3.67,0.0,0.0,0.015,0.0,113.59,0.523,0.0,0,0.0,0.0,27,67.3,11,1,2.45,0.111,0.074,0.0,0.074,690.41,0.577,0.0,0,0.0,0.0,-39,47.32,-7,-4,-1.22,0.111,0.074,-0.015,0.074,576.82,0.054,0.0,0,0.0,0.0
SCChan21,10,20.9,3,1,3.33,0.1,0.0,0.0,0.0,151.51,0.667,0.0,0,0.0,0.0,90,31.92,9,2,10.0,0.044,0.0,0.0,0.033,88.33,0.764,0.0,0,0.0,0.0,80,11.02,6,1,6.67,-0.056,0.0,0.0,0.033,-63.18,0.097,0.0,0,0.0,0.0
manman4,19,13.11,3,1,6.33,0.0,0.0,0.0,0.0,299.79,0.889,0.0,0,0.0,0.0,12,12.42,4,2,3.0,0.0,0.0,0.0,0.0,1726.18,0.727,0.0,0,0.0,0.0,-7,-0.69,1,1,-3.33,0.0,0.0,0.0,0.0,1426.39,-0.162,0.0,0,0.0,0.0
Blindside-Studios,22,189.45,6,1,3.67,0.955,0.0,0.0,0.091,98.83,0.381,0.0,0,0.0,0.0,78,140.46,15,1,5.2,0.872,0.0,0.026,0.154,72.28,0.519,0.0,0,0.0,0.0,56,-48.99,9,0,1.53,-0.083,0.0,0.026,0.063,-26.55,0.138,0.0,0,0.0,0.0
mstasinopoulos,37,11.65,4,3,9.25,0.0,0.0,0.0,0.0,104.0,0.722,0.0,0,0.0,0.0,61,10.39,4,2,15.25,0.0,0.0,0.0,0.0,37.8,0.883,0.0,0,0.0,0.0,24,-1.26,0,-1,6.0,0.0,0.0,0.0,0.0,-66.2,0.161,0.0,0,0.0,0.0
josiahwiebe,42,31.9,4,1,10.5,0.071,0.762,0.0,0.0,217.34,0.683,0.0,0,0.0,0.0,9,23.67,1,1,9.0,0.0,1.0,0.0,0.0,0.2,1.0,0.0,0,0.0,0.0,-33,-8.23,-3,0,-1.5,-0.071,0.238,0.0,0.0,-217.14,0.317,0.0,0,0.0,0.0
xies4,11,15.09,2,2,5.5,0.0,0.0,0.0,0.0,26.06,0.9,0.0,0,0.0,0.0,5,12.4,2,2,2.5,0.0,0.0,0.0,0.0,389.37,0.75,0.0,0,0.0,0.0,-6,-2.69,0,0,-3.0,0.0,0.0,0.0,0.0,363.31,-0.15,0.0,0,0.0,0.0
iSathyam31,5,17.8,1,1,5.0,0.0,0.0,0.0,0.0,3.53,0.75,0.0,0,0.0,0.0,27,13.15,5,4,5.4,0.0,0.0,0.0,0.074,38.72,0.769,0.0,0,0.0,0.0,22,-4.65,4,3,0.4,0.0,0.0,0.0,0.074,35.19,0.019,0.0,0,0.0,0.0
kurokiasahi222,5,14.8,3,2,1.67,0.0,0.0,0.0,0.0,2634.24,0.5,0.0,0,0.0,0.0,16,16.0,6,3,2.67,0.0,0.0,0.0,0.0,901.06,0.533,0.0,0,0.0,0.0,11,1.2,3,1,1.0,0.0,0.0,0.0,0.0,-1733.18,0.033,0.0,0,0.0,0.0
tiankaima,36,19.86,17,2,2.12,0.028,0.0,0.0,0.0,421.28,0.457,0.0,0,0.0,0.0,11,20.45,8,3,1.38,0.091,0.091,0.0,0.0,1938.8,0.3,0.0,0,0.0,0.0,-25,0.59,-9,1,-0.74,0.063,0.091,0.0,0.0,1517.52,-0.157,0.0,0,0.0,0.0
ghimele,15,18.53,2,2,7.5,0.0,0.0,0.0,0.0,37.71,0.786,0.0,0,0.0,0.0,6,31.17,5,2,1.2,0.0,0.0,0.0,0.0,1589.01,0.2,0.0,0,0.0,0.0,-9,12.64,3,0,-6.3,0.0,0.0,0.0,0.0,1551.3,-0.586,0.0,0,0.0,0.0
nesbox,37,83.7,10,1,3.7,0.784,0.0,0.0,0.0,52.75,0.639,0.0,0,0.0,0.0,41,56.02,17,2,2.41,0.146,0.0,0.0,0.073,396.07,0.425,0.0,0,0.0,0.0,4,-27.68,7,1,-1.29,-0.638,0.0,0.0,0.073,343.32,-0.214,0.0,0,0.0,0.0
Quienten,50,33.14,4,1,12.5,0.0,0.0,0.0,0.0,16.84,0.633,0.0,0,0.0,0.0,38,33.89,8,4,4.75,0.0,0.0,0.0,0.0,325.41,0.73,0.0,0,0.0,0.0,-12,0.75,4,3,-7.75,0.0,0.0,0.0,0.0,308.57,0.097,0.0,0,0.0,0.0
cbernardu,49,17.57,2,1,24.5,0.0,0.0,0.0,0.0,9.54,0.979,0.0,0,0.0,0.0,8,20.75,3,2,2.67,0.0,0.0,0.0,0.0,1100.13,0.571,0.0,0,0.0,0.0,-41,3.18,1,1,-21.83,0.0,0.0,0.0,0.0,1090.59,-0.408,0.0,0,0.0,0.0
kundansingh3488,5,31.4,2,1,2.5,0.4,0.0,0.0,0.0,492.58,0.5,0.0,0,2100.42,0.667,41,45.68,7,2,5.86,0.463,0.0,0.049,0.0,49.56,0.725,0.0,0,1660.3,0.367,36,14.28,5,1,3.36,0.063,0.0,0.049,0.0,-443.02,0.225,0.0,0,-440.12,-0.3
andrasmaroy,58,63.59,15,1,3.87,0.121,0.0,0.0,0.0,283.59,0.649,0.0,0,0.0,0.0,42,57.6,12,1,3.5,0.262,0.0,0.0,0.024,306.19,0.561,0.0,0,0.0,0.0,-16,-5.99,-3,0,-0.37,0.141,0.0,0.0,0.024,22.6,-0.088,0.0,0,0.0,0.0
tjwalsh1,11,17.55,6,4,1.83,0.0,0.0,0.0,0.0,481.4,0.3,0.0,0,0.0,0.0,89,20.36,4,1,22.25,0.0,0.0,0.0,0.0,4.69,0.909,0.0,0,0.0,0.0,78,2.81,-2,-3,20.42,0.0,0.0,0.0,0.0,-476.71,0.609,0.0,0,0.0,0.0
gcko,19,64.16,6,1,3.17,0.421,0.0,0.053,0.421,596.73,0.611,0.0,0,0.0,0.0,62,146.02,8,1,7.75,0.903,0.742,0.097,0.145,301.83,0.836,0.0,0,910.0,0.769,43,81.86,2,0,4.58,0.482,0.742,0.044,-0.276,-294.9,0.225,0.0,0,910.0,0.769
firatbezir,71,42.63,6,2,11.83,0.394,0.0,0.0,0.028,10.9,0.743,0.0,0,2.0,0.036,29,51.79,5,1,5.8,0.483,0.0,0.0,0.0,52.32,0.679,0.0,0,0.0,0.0,-42,9.16,-1,-1,-6.03,0.089,0.0,0.0,-0.028,41.42,-0.064,0.0,0,-2.0,-0.036
GauthierWebDev,93,56.05,4,3,23.25,0.0,0.022,0.0,0.0,174.08,0.935,0.0,0,0.0,0.0,7,43.14,4,2,1.75,0.143,0.0,0.0,0.143,729.68,0.5,0.0,0,0.0,0.0,-86,-12.91,0,-1,-21.5,0.143,-0.022,0.0,0.143,555.6,-0.435,0.0,0,0.0,0.0
DocCaio,82,9.59,14,2,5.86,0.012,0.0,0.0,0.0,70.78,0.383,0.0,0,0.0,0.0,18,23.61,11,1,1.64,0.111,0.0,0.0,0.0,1105.71,0.235,0.0,0,0.0,0.0,-64,14.02,-3,-1,-4.22,0.099,0.0,0.0,0.0,1034.93,-0.148,0.0,0,0.0,0.0
serkor1,53,53.25,10,2,5.3,0.566,0.0,0.0,0.019,243.99,0.462,0.0,0,106.0,1.0,47,357.28,16,2,2.94,0.851,0.0,0.17,0.681,400.73,0.522,0.0,0,331.78,0.778,-6,304.03,6,0,-2.36,0.285,0.0,0.17,0.662,156.74,0.06,0.0,0,225.78,-0.222
timjackleus,20,39.7,7,1,2.86,0.05,1.0,0.0,0.05,92.22,0.526,0.0,0,0.0,0.0,80,36.44,20,1,4.0,0.013,1.0,0.0,0.0,190.24,0.582,0.0,0,0.0,0.0,60,-3.26,13,0,1.14,-0.037,0.0,0.0,-0.05,98.02,0.056,0.0,0,0.0,0.0
mnitta220,20,6.0,5,2,4.0,0.0,0.0,0.0,0.0,45.79,0.421,0.0,0,0.0,0.0,28,6.0,9,2,3.11,0.0,0.0,0.0,0.0,306.42,0.333,0.0,0,0.0,0.0,8,0.0,4,0,-0.89,0.0,0.0,0.0,0.0,260.63,-0.088,0.0,0,0.0,0.0
husseymarcos,27,27.85,5,1,5.4,0.037,0.0,0.074,0.0,29.67,0.423,0.0,0,0.0,0.0,73,26.85,3,1,24.33,0.027,0.0,0.014,0.0,3.42,0.806,0.0,0,0.0,0.0,46,-1.0,-2,0,18.93,-0.01,0.0,-0.06,0.0,-26.25,0.383,0.0,0,0.0,0.0
stanmart,5,31.2,2,2,2.5,0.0,0.0,0.0,0.0,247.36,0.75,0.0,0,0.0,0.0,5,22.4,1,1,5.0,0.0,0.0,0.0,0.0,0.08,1.0,0.0,0,0.0,0.0,0,-8.8,-1,-1,2.5,0.0,0.0,0.0,0.0,-247.28,0.25,0.0,0,0.0,0.0
PrittoRuban,6,17.0,3,1,2.0,0.0,0.0,0.0,0.0,434.1,0.4,0.0,0,0.0,0.0,94,16.94,31,2,3.03,0.0,0.0,0.0,0.0,165.4,0.452,0.0,0,0.0,0.0,88,-0.06,28,1,1.03,0.0,0.0,0.0,0.0,-268.7,0.052,0.0,0,0.0,0.0
vladyslav-lialkin,15,90.27,5,2,3.0,0.267,0.0,0.0,0.133,135.15,0.571,0.0,0,0.0,0.0,52,77.46,10,3,5.2,0.038,0.0,0.0,0.0,318.18,0.471,0.0,0,0.0,0.0,37,-12.81,5,1,2.2,-0.229,0.0,0.0,-0.133,183.03,-0.1,0.0,0,0.0,0.0
Mykal-Steele,33,19.0,6,2,5.5,0.121,0.0,0.061,0.0,112.45,0.719,0.0,0,0.0,0.0,67,26.99,18,3,3.72,0.119,0.0,0.0,0.0,275.17,0.606,0.0,0,0.0,0.0,34,7.99,12,1,-1.78,-0.002,0.0,-0.061,0.0,162.72,-0.113,0.0,0,0.0,0.0
SuperLlama88888,11,22.27,2,3,5.5,0.273,0.0,0.0,0.0,446.38,0.7,0.0,0,0.0,0.0,89,480.84,33,3,2.7,0.787,0.0,0.112,0.539,120.77,0.261,0.0,0,527.09,0.783,78,458.57,31,0,-2.8,0.514,0.0,0.112,0.539,-325.61,-0.439,0.0,0,527.09,0.783
ivan-hc,10,17.2,3,1,3.33,0.0,0.0,0.0,0.0,1718.26,0.667,0.0,0,0.0,0.0,64,20.14,35,2,1.83,0.016,0.0,0.0,0.0,299.79,0.206,0.0,0,0.0,0.0,54,2.94,32,1,-1.5,0.016,0.0,0.0,0.0,-1418.47,-0.461,0.0,0,0.0,0.0
benetkiewicz,5,14.8,2,2,2.5,0.0,0.0,0.0,0.0,4259.52,0.75,0.0,0,0.0,0.0,8,20.75,4,1,2.0,0.0,0.0,0.125,0.0,2279.06,0.429,0.0,0,0.0,0.0,3,5.95,2,-1,-0.5,0.0,0.0,0.125,0.0,-1980.46,-0.321,0.0,0,0.0,0.0
MikaelVallenet,20,16.6,17,2,1.18,0.0,0.05,0.0,0.0,671.19,0.053,0.0,0,0.0,0.0,32,18.84,20,1,1.6,0.0,0.0,0.0,0.0,580.02,0.355,0.0,0,0.0,0.0,12,2.24,3,-1,0.42,0.0,-0.05,0.0,0.0,-91.17,0.302,0.0,0,0.0,0.0
cpmech,7,36.0,4,1,1.75,0.0,0.0,0.143,0.0,1874.46,0.5,0.0,0,0.0,0.0,27,39.33,12,1,2.25,0.185,0.0,0.148,0.0,658.84,0.308,0.0,0,0.0,0.0,20,3.33,8,0,0.5,0.185,0.0,0.005,0.0,-1215.62,-0.192,0.0,0,0.0,0.0
davebanerjee,45,40.82,8,3,5.62,0.022,0.0,0.022,0.0,93.25,0.523,0.0,0,0.0,0.0,43,27.88,16,1,2.69,0.0,0.0,0.0,0.0,395.57,0.524,0.0,0,0.0,0.0,-2,-12.94,8,-2,-2.93,-0.022,0.0,-0.022,0.0,302.32,0.001,0.0,0,0.0,0.0
mmichie,18,392.11,1,1,18.0,0.833,0.056,0.0,0.722,1.36,0.824,0.0,0,0.0,0.0,82,596.62,7,1,11.71,0.902,0.598,0.439,0.793,69.55,0.753,0.0,0,0.0,0.0,64,204.51,6,0,-6.29,0.069,0.542,0.439,0.071,68.19,-0.071,0.0,0,0.0,0.0
jullienl,56,28.46,15,1,3.73,0.0,0.0,0.0,0.0,144.07,0.618,0.0,0,0.0,0.0,44,23.39,20,1,2.2,0.0,0.0,0.0,0.0,337.17,0.326,0.0,0,0.0,0.0,-12,-5.07,5,0,-1.53,0.0,0.0,0.0,0.0,193.1,-0.292,0.0,0,0.0,0.0
LenyPython,63,44.32,4,1,15.75,0.365,0.016,0.0,0.0,15.92,0.871,0.0,0,0.54,0.0,7,40.43,1,1,7.0,0.286,0.0,0.0,0.0,0.29,1.0,0.0,0,0.0,0.0,-56,-3.89,-3,0,-8.75,-0.079,-0.016,0.0,0.0,-15.63,0.129,0.0,0,-0.54,0.0
tristanvong,55,20.55,5,2,11.0,0.018,0.0,0.0,0.036,23.98,0.778,0.0,0,0.0,0.0,45,59.96,5,3,9.0,0.2,0.0,0.0,0.044,270.94,0.568,0.0,0,0.0,0.0,-10,39.41,0,1,-2.0,0.182,0.0,0.0,0.008,246.96,-0.21,0.0,0,0.0,0.0
JingMatrix,25,23.8,12,1,2.08,0.04,0.0,0.0,0.0,184.05,0.333,0.0,0,0.0,0.0,59,53.78,23,1,2.57,0.186,0.0,0.0,0.0,300.46,0.345,0.0,0,209.0,0.5,34,29.98,11,0,0.49,0.146,0.0,0.0,0.0,116.41,0.012,0.0,0,209.0,0.5
Aparna1Gopal,18,37.67,9,4,2.0,0.111,0.0,0.0,0.0,473.06,0.412,0.0,0,0.0,0.0,11,16.0,4,2,2.75,0.0,0.0,0.0,0.0,924.52,0.7,0.0,0,0.0,0.0,-7,-21.67,-5,-2,0.75,-0.111,0.0,0.0,0.0,451.46,0.288,0.0,0,0.0,0.0
gillibrand,10,94.7,2,1,5.0,0.4,0.0,0.0,0.0,570.85,0.778,0.0,0,0.0,0.0,6,54.33,3,2,2.0,0.667,0.0,0.0,0.0,1137.04,0.4,0.0,0,0.0,0.0,-4,-40.37,1,1,-3.0,0.267,0.0,0.0,0.0,566.19,-0.378,0.0,0,0.0,0.0
imachange,28,16.75,5,3,5.6,0.0,0.0,0.0,0.0,325.82,0.593,0.0,0,0.0,0.0,25,24.84,6,3,4.17,0.08,0.04,0.04,0.0,608.44,0.792,0.0,0,0.0,0.0,-3,8.09,1,0,-1.43,0.08,0.04,0.04,0.0,282.62,0.199,0.0,0,0.0,0.0
DipStax,53,58.75,10,1,5.3,0.132,0.774,0.0,0.0,80.57,0.538,0.0,0,180.18,0.818,22,39.0,6,2,3.67,0.136,0.727,0.273,0.0,124.28,0.476,0.0,0,248.93,0.733,-31,-19.75,-4,1,-1.63,0.004,-0.047,0.273,0.0,43.71,-0.062,0.0,0,68.75,-0.085
jacobnicked,20,15.9,4,3,5.0,0.0,0.0,0.0,0.0,298.47,0.789,0.0,0,0.0,0.0,21,23.29,4,4,5.25,0.048,0.0,0.0,0.0,19.41,0.6,0.0,0,0.0,0.0,1,7.39,0,1,0.25,0.048,0.0,0.0,0.0,-279.06,-0.189,0.0,0,0.0,0.0
AnaHill,94,22.82,14,4,6.71,0.0,0.0,0.0,0.0,171.09,0.677,0.0,0,2.0,0.0,6,34.33,1,1,6.0,0.5,0.0,0.0,0.0,0.17,1.0,0.0,0,18.0,0.0,-88,11.51,-13,-3,-0.71,0.5,0.0,0.0,0.0,-170.92,0.323,0.0,0,16.0,0.0
marcelo-mlv,19,183.68,5,2,3.8,0.842,0.263,0.0,0.053,210.08,0.444,0.0,0,0.0,0.0,81,88.0,14,5,5.79,0.333,0.321,0.012,0.025,126.43,0.475,0.0,0,0.0,0.0,62,-95.68,9,3,1.99,-0.509,0.058,0.012,-0.028,-83.65,0.031,0.0,0,0.0,0.0
rebornay,6,13.67,3,5,2.0,0.0,0.0,0.0,0.0,175.63,0.4,0.0,0,0.0,0.0,27,49.37,8,2,3.38,0.0,0.0,0.0,0.0,78.5,0.115,0.0,0,0.0,0.0,21,35.7,5,-3,1.38,0.0,0.0,0.0,0.0,-97.13,-0.285,0.0,0,0.0,0.0
dsdred,10,10.5,3,2,3.33,0.0,0.0,0.0,0.0,453.27,0.556,0.0,0,0.0,0.0,34,25.18,13,2,2.62,0.059,0.382,0.0,0.0,453.78,0.424,0.0,0,0.0,0.0,24,14.68,10,0,-0.71,0.059,0.382,0.0,0.0,0.51,-0.132,0.0,0,0.0,0.0
gabrielebnc,73,24.75,11,2,6.64,0.0,0.0,0.0,0.014,30.76,0.528,0.0,0,0.0,0.0,27,27.96,9,3,3.0,0.0,0.0,0.0,0.0,603.42,0.423,0.0,0,0.0,0.0,-46,3.21,-2,1,-3.64,0.0,0.0,0.0,-0.014,572.66,-0.105,0.0,0,0.0,0.0
klaustopher,16,55.0,7,1,2.29,0.375,0.0,0.125,0.0,544.9,0.533,0.0,0,0.0,0.0,10,105.3,2,1,5.0,0.9,0.0,0.0,0.0,120.52,0.889,0.0,0,0.0,0.0,-6,50.3,-5,0,2.71,0.525,0.0,-0.125,0.0,-424.38,0.356,0.0,0,0.0,0.0
thepablosantos,44,19.8,9,4,4.89,0.0,0.0,0.0,0.0,136.16,0.535,0.0,0,0.0,0.0,53,20.77,13,2,4.08,0.057,0.0,0.0,0.0,292.55,0.692,0.0,0,0.0,0.0,9,0.97,4,-2,-0.81,0.057,0.0,0.0,0.0,156.39,0.157,0.0,0,0.0,0.0
meir,14,39.79,4,1,3.5,0.357,0.0,0.0,0.0,38.4,0.462,0.0,0,3.86,0.0,75,17.84,15,1,5.0,0.0,0.0,0.08,0.0,112.14,0.568,0.0,0,0.0,0.0,61,-21.95,11,0,1.5,-0.357,0.0,0.08,0.0,73.74,0.106,0.0,0,-3.86,0.0
ihsaan-ullah,29,15.76,12,5,2.42,0.0,0.0,0.0,0.0,586.49,0.429,0.0,0,0.0,0.0,6,14.83,2,1,3.0,0.0,0.0,0.0,0.0,2415.27,0.8,0.0,0,0.0,0.0,-23,-0.93,-10,-4,0.58,0.0,0.0,0.0,0.0,1828.78,0.371,0.0,0,0.0,0.0
Mateo-Lemercier,18,7.33,3,2,6.0,0.0,0.0,0.0,0.0,22.75,0.059,0.0,0,0.0,0.0,9,28.89,5,3,1.8,0.111,0.0,0.0,0.0,123.31,0.125,0.0,0,0.0,0.0,-9,21.56,2,1,-4.2,0.111,0.0,0.0,0.0,100.56,0.066,0.0,0,0.0,0.0
saif87211,38,54.34,11,2,3.45,0.184,0.0,0.0,0.0,107.1,0.27,0.0,0,0.0,0.0,39,30.92,13,2,3.0,0.077,0.0,0.0,0.0,333.18,0.105,0.0,0,0.0,0.0,1,-23.42,2,0,-0.45,-0.107,0.0,0.0,0.0,226.08,-0.165,0.0,0,0.0,0.0
erase2004,65,48.83,12,1,5.42,0.154,0.123,0.0,0.0,241.89,0.641,0.0,0,0.0,0.0,15,26.07,9,1,1.67,0.0,0.867,0.0,0.0,1060.59,0.357,0.0,0,0.0,0.0,-50,-22.76,-3,0,-3.75,-0.154,0.744,0.0,0.0,818.7,-0.284,0.0,0,0.0,0.0
Charizard13,52,10.12,3,2,17.33,0.0,0.0,0.0,0.0,8.08,0.882,0.0,0,0.0,0.0,36,60.42,6,1,6.0,0.972,0.0,0.0,0.0,54.48,0.514,0.0,0,0.0,0.0,-16,50.3,3,-1,-11.33,0.972,0.0,0.0,0.0,46.4,-0.368,0.0,0,0.0,0.0
SmithEcophysLab,42,21.43,21,1,2.0,0.0,0.0,0.0,0.0,381.11,0.293,0.0,0,0.0,0.0,27,21.56,14,1,1.93,0.0,0.0,0.0,0.0,568.64,0.346,0.0,0,0.0,0.0,-15,0.13,-7,0,-0.07,0.0,0.0,0.0,0.0,187.53,0.053,0.0,0,0.0,0.0
dopaemon,19,30.95,6,1,3.17,0.421,0.105,0.053,0.0,726.75,0.667,0.0,0,0.0,0.0,35,18.71,15,1,2.33,0.029,0.0,0.0,0.0,563.59,0.382,0.0,0,0.0,0.0,16,-12.24,9,0,-0.84,-0.392,-0.105,-0.053,0.0,-163.16,-0.285,0.0,0,0.0,0.0
elderfieldzeus,95,20.77,10,3,9.5,0.032,0.0,0.021,0.0,17.68,0.574,0.0,0,0.0,0.0,5,29.6,3,1,1.67,0.0,0.0,0.0,0.0,146.91,0.5,0.0,0,0.0,0.0,-90,8.83,-7,-2,-7.83,-0.032,0.0,-0.021,0.0,129.23,-0.074,0.0,0,0.0,0.0
stijnpiron,17,49.41,2,1,8.5,0.353,0.0,0.0,0.0,9.76,0.625,0.0,0,0.0,0.0,29,200.0,8,2,3.62,0.517,0.483,0.172,0.241,291.41,0.571,0.0,0,220.69,0.25,12,150.59,6,1,-4.88,0.164,0.483,0.172,0.241,281.65,-0.054,0.0,0,220.69,0.25
Mopsgamer,15,32.4,3,1,5.0,0.133,0.0,0.0,0.0,135.46,0.714,0.0,0,0.0,0.0,85,21.94,13,3,6.54,0.059,0.471,0.106,0.024,195.47,0.702,0.0,0,71.7,0.3,70,-10.46,10,2,1.54,-0.074,0.471,0.106,0.024,60.01,-0.012,0.0,0,71.7,0.3
biroka,30,16.53,6,2,5.0,0.0,0.0,0.0,0.0,424.7,0.793,0.0,0,0.0,0.0,26,30.08,10,1,2.6,0.038,0.0,0.0,0.077,744.84,0.52,0.0,0,0.0,0.0,-4,13.55,4,-1,-2.4,0.038,0.0,0.0,0.077,320.14,-0.273,0.0,0,0.0,0.0
AsaiToshiya,35,16.31,9,4,3.89,0.057,0.0,0.0,0.0,465.9,0.324,0.0,0,0.0,0.0,10,16.7,5,1,2.0,0.0,0.0,0.0,0.0,1591.86,0.0,0.0,0,0.0,0.0,-25,0.39,-4,-3,-1.89,-0.057,0.0,0.0,0.0,1125.96,-0.324,0.0,0,0.0,0.0
mrdannyarmstrong,5,17.6,2,2,2.5,0.0,0.0,0.0,0.0,2680.87,0.75,0.0,0,0.0,0.0,95,19.97,22,1,4.32,0.0,0.0,0.0,0.0,114.79,0.617,0.0,0,0.0,0.0,90,2.37,20,-1,1.82,0.0,0.0,0.0,0.0,-2566.08,-0.133,0.0,0,0.0,0.0
ffiza,76,24.54,12,2,6.33,0.0,0.0,0.0,0.0,80.94,0.747,0.0,0,0.0,0.0,24,42.12,4,1,6.0,0.0,0.0,0.083,0.0,152.56,0.478,0.0,0,0.0,0.0,-52,17.58,-8,-1,-0.33,0.0,0.0,0.083,0.0,71.62,-0.269,0.0,0,0.0,0.0
NobleJake,41,28.1,13,1,3.15,0.073,0.0,0.0,0.0,86.6,0.425,0.0,0,0.0,0.0,43,51.88,26,1,1.65,0.372,0.047,0.0,0.0,419.89,0.238,0.0,0,0.0,0.0,2,23.78,13,0,-1.5,0.299,0.047,0.0,0.0,333.29,-0.187,0.0,0,0.0,0.0
annmonrajijames,47,117.3,2,2,23.5,0.234,0.0,0.0,0.043,20.78,0.913,0.0,0,0.0,0.0,53,47.38,2,2,26.5,0.113,0.0,0.0,0.0,3.63,0.865,0.0,0,46.94,0.294,6,-69.92,0,0,3.0,-0.121,0.0,0.0,-0.043,-17.15,-0.048,0.0,0,46.94,0.294
rickyroynardson,36,21.64,9,4,4.0,0.0,0.0,0.0,0.0,468.34,0.229,0.0,0,0.0,0.0,16,20.69,11,1,1.45,0.0,0.062,0.0,0.0,1220.89,0.333,0.0,0,0.0,0.0,-20,-0.95,2,-3,-2.55,0.0,0.062,0.0,0.0,752.55,0.104,0.0,0,0.0,0.0
hemantsharma1498,79,17.43,12,4,6.58,0.013,0.0,0.0,0.0,31.7,0.487,0.0,0,0.0,0.0,11,15.27,4,3,2.75,0.0,0.0,0.0,0.0,380.57,0.4,0.0,0,0.0,0.0,-68,-2.16,-8,-1,-3.83,-0.013,0.0,0.0,0.0,348.87,-0.087,0.0,0,0.0,0.0
jaideraf,23,17.83,5,2,4.6,0.0,0.0,0.0,0.0,201.33,0.818,0.0,0,0.0,0.0,6,11.67,2,2,3.0,0.0,0.0,0.0,0.0,1522.09,0.6,0.0,0,0.0,0.0,-17,-6.16,-3,0,-1.6,0.0,0.0,0.0,0.0,1320.76,-0.218,0.0,0,0.0,0.0
Arunkumarvp,21,14.71,10,4,2.1,0.0,0.0,0.0,0.0,653.29,0.5,0.0,0,0.0,0.0,5,30.0,3,1,1.67,0.2,0.2,0.0,0.0,2395.72,0.5,0.0,0,0.0,0.0,-16,15.29,-7,-3,-0.43,0.2,0.2,0.0,0.0,1742.43,0.0,0.0,0,0.0,0.0
404Simon,11,30.18,4,3,2.75,0.091,0.0,0.0,0.0,634.97,0.6,0.0,0,0.0,0.0,8,19.5,1,1,8.0,0.0,0.0,0.25,0.0,0.0,1.0,0.0,0,0.0,0.0,-3,-10.68,-3,-2,5.25,-0.091,0.0,0.25,0.0,-634.97,0.4,0.0,0,0.0,0.0
ArtemSBulgakov,7,27.0,1,1,7.0,0.0,0.0,0.0,0.0,6.97,0.667,0.0,0,0.0,0.0,10,38.6,4,2,2.5,0.0,1.0,0.0,0.0,561.3,0.667,0.0,0,0.0,0.0,3,11.6,3,1,-4.5,0.0,1.0,0.0,0.0,554.33,0.0,0.0,0,0.0,0.0
Muhammad-Nafees,36,16.89,7,2,5.14,0.0,0.0,0.0,0.0,53.0,0.0,0.0,0,0.0,0.0,64,27.8,14,2,4.57,0.188,0.0,0.0,0.0,148.06,0.27,0.0,0,0.0,0.0,28,10.91,7,0,-0.57,0.188,0.0,0.0,0.0,95.06,0.27,0.0,0,0.0,0.0
syntaxdesigner01,84,88.77,8,4,10.5,0.286,0.0,0.0,0.19,18.96,0.663,0.0,0,1.24,0.0,16,94.69,7,2,2.29,0.375,0.25,0.0,0.062,1207.61,0.6,0.0,0,0.0,0.0,-68,5.92,-1,-2,-8.21,0.089,0.25,0.0,-0.128,1188.65,-0.063,0.0,0,-1.24,0.0
HammCn,35,28.06,14,3,2.5,0.2,0.0,0.0,0.0,435.59,0.441,0.0,0,0.0,0.0,10,27.6,8,4,1.25,0.1,0.2,0.0,0.0,1301.53,0.0,0.0,0,0.0,0.0,-25,-0.46,-6,1,-1.25,-0.1,0.2,0.0,0.0,865.94,-0.441,0.0,0,0.0,0.0
bmdaj,11,15.45,2,2,5.5,0.0,0.0,0.182,0.0,1005.65,0.8,0.0,0,0.0,0.0,35,20.11,5,2,7.0,0.0,0.0,0.0,0.0,128.42,0.853,0.0,0,0.0,0.0,24,4.66,3,0,1.5,0.0,0.0,-0.182,0.0,-877.23,0.053,0.0,0,0.0,0.0
theEricHoang,9,13.67,1,1,9.0,0.0,0.0,0.0,0.0,6.11,0.75,0.0,0,0.0,0.0,58,43.97,14,5,4.14,0.241,0.0,0.0,0.0,155.14,0.544,0.0,0,65.33,0.222,49,30.3,13,4,-4.86,0.241,0.0,0.0,0.0,149.03,-0.206,0.0,0,65.33,0.222
duncanmwanik,10,16.0,8,2,1.25,0.0,0.0,0.0,0.0,1349.44,0.222,0.0,0,0.0,0.0,21,16.0,9,1,2.33,0.0,0.0,0.0,0.0,489.54,0.45,0.0,0,0.0,0.0,11,0.0,1,-1,1.08,0.0,0.0,0.0,0.0,-859.9,0.228,0.0,0,0.0,0.0
Jagansakharkar,13,16.38,5,3,2.6,0.0,0.0,0.0,0.0,368.28,0.5,0.0,0,0.0,0.0,40,14.62,16,4,2.5,0.0,0.0,0.0,0.0,177.13,0.385,0.0,0,0.0,0.0,27,-1.76,11,1,-0.1,0.0,0.0,0.0,0.0,-191.15,-0.115,0.0,0,0.0,0.0
pylapp,42,349.26,5,3,8.4,0.929,0.333,0.0,0.19,143.43,0.829,0.0,0,167.71,0.286,53,377.51,34,2,1.56,0.981,0.943,0.094,0.868,323.05,0.058,0.0,0,193.2,0.8,11,28.25,29,-1,-6.84,0.052,0.61,0.094,0.678,179.62,-0.771,0.0,0,25.49,0.514
michavie,29,15.62,12,1,2.42,0.0,0.0,0.0,0.0,355.19,0.5,0.0,0,0.0,0.0,11,12.55,6,1,1.83,0.0,0.0,0.0,0.0,1350.37,0.1,0.0,0,0.0,0.0,-18,-3.07,-6,0,-0.59,0.0,0.0,0.0,0.0,995.18,-0.4,0.0,0,0.0,0.0
shannonbooth,77,172.94,14,1,5.5,0.74,0.0,0.338,0.052,97.6,0.697,0.0,0,119.24,0.585,23,136.83,3,1,7.67,0.522,0.0,0.087,0.043,864.44,0.773,0.0,0,67.62,0.375,-54,-36.11,-11,0,2.17,-0.218,0.0,-0.251,-0.009,766.84,0.076,0.0,0,-51.62,-0.21
PaoloJN,27,18.74,4,2,6.75,0.0,0.074,0.0,0.0,345.68,0.846,0.0,0,0.0,0.0,32,37.38,11,4,2.91,0.031,0.062,0.0,0.0,521.77,0.323,0.0,0,0.0,0.0,5,18.64,7,2,-3.84,0.031,-0.012,0.0,0.0,176.09,-0.523,0.0,0,0.0,0.0
SnowCutieOwO,7,16.0,2,1,3.5,0.0,0.0,0.0,0.0,588.99,0.833,0.0,0,0.0,0.0,93,43.4,35,2,2.66,0.065,0.183,0.0,0.022,169.43,0.37,0.0,0,0.0,0.0,86,27.4,33,1,-0.84,0.065,0.183,0.0,0.022,-419.56,-0.463,0.0,0,0.0,0.0
Rouesvm,66,42.67,4,1,16.5,0.015,0.0,0.0,0.0,11.5,0.692,0.0,0,0.0,0.0,32,31.22,7,3,4.57,0.188,0.0,0.0,0.0,97.95,0.548,0.0,0,5.5,0.0,-34,-11.45,3,2,-11.93,0.173,0.0,0.0,0.0,86.45,-0.144,0.0,0,5.5,0.0
cristianersantos,8,22.0,1,1,8.0,0.0,0.0,0.0,0.0,3.21,0.857,0.0,0,0.0,0.0,28,31.07,6,4,4.67,0.107,0.036,0.0,0.036,111.9,0.704,0.0,0,0.0,0.0,20,9.07,5,3,-3.33,0.107,0.036,0.0,0.036,108.69,-0.153,0.0,0,0.0,0.0
yoriiis,62,37.58,9,2,6.89,0.29,0.0,0.0,0.0,140.51,0.738,0.0,0,6.0,0.0,7,46.0,1,1,7.0,0.286,0.0,0.0,0.0,1.2,0.833,0.0,0,0.0,0.0,-55,8.42,-8,-1,0.11,-0.004,0.0,0.0,0.0,-139.31,0.095,0.0,0,-6.0,0.0
wesleysantosdev,31,19.68,12,5,2.58,0.0,0.0,0.032,0.0,389.21,0.533,0.0,0,0.0,0.0,5,30.8,4,1,1.25,0.2,0.0,0.0,0.0,4408.19,0.25,0.0,0,0.0,0.0,-26,11.12,-8,-4,-1.33,0.2,0.0,-0.032,0.0,4018.98,-0.283,0.0,0,0.0,0.0
nicius2,11,15.82,2,1,5.5,0.0,0.0,0.0,0.0,163.01,0.9,0.0,0,0.0,0.0,44,29.64,13,5,3.38,0.045,0.0,0.0,0.0,306.97,0.512,0.0,0,0.0,0.0,33,13.82,11,4,-2.12,0.045,0.0,0.0,0.0,143.96,-0.388,0.0,0,0.0,0.0
ambadran,28,29.86,10,4,2.8,0.179,0.0,0.036,0.0,376.2,0.519,0.0,0,0.0,0.0,17,17.94,6,4,2.83,0.0,0.0,0.0,0.0,844.23,0.562,0.0,0,0.0,0.0,-11,-11.92,-4,0,0.03,-0.179,0.0,-0.036,0.0,468.03,0.043,0.0,0,0.0,0.0
mserajnik,34,35.24,7,2,4.86,0.029,0.5,0.0,0.0,348.34,0.758,0.0,0,0.0,0.0,48,31.67,10,1,4.8,0.0,0.521,0.0,0.0,321.36,0.745,0.0,0,0.0,0.0,14,-3.57,3,-1,-0.06,-0.029,0.021,0.0,0.0,-26.98,-0.013,0.0,0,0.0,0.0
claudiux,93,19.38,8,1,11.62,0.011,0.0,0.0,0.0,168.79,0.793,0.0,0,0.0,0.0,7,27.29,4,1,1.75,0.0,0.0,0.0,0.143,3179.68,0.5,0.0,0,0.0,0.0,-86,7.91,-4,0,-9.87,-0.011,0.0,0.0,0.143,3010.89,-0.293,0.0,0,0.0,0.0
snipher-marube,5,15.2,2,2,2.5,0.0,0.0,0.0,0.0,95.94,0.5,0.0,0,0.0,0.0,95,112.85,26,1,3.65,0.947,0.0,0.0,0.0,113.74,0.723,0.0,0,0.0,0.0,90,97.65,24,-1,1.15,0.947,0.0,0.0,0.0,17.8,0.223,0.0,0,0.0,0.0
NikitaVlas,46,23.74,5,2,9.2,0.109,0.543,0.0,0.087,26.59,0.822,0.0,0,0.0,0.0,38,33.18,7,2,5.43,0.368,0.763,0.0,0.368,94.75,0.811,0.0,0,0.0,0.0,-8,9.44,2,0,-3.77,0.259,0.22,0.0,0.281,68.16,-0.011,0.0,0,0.0,0.0
romainmottier,19,15.53,9,1,2.11,0.0,0.0,0.0,0.0,111.47,0.389,0.0,0,0.0,0.0,81,13.48,35,1,2.31,0.0,0.0,0.0,0.0,207.59,0.412,0.0,0,0.0,0.0,62,-2.05,26,0,0.2,0.0,0.0,0.0,0.0,96.12,0.023,0.0,0,0.0,0.0
B3IM4R,19,16.16,5,5,3.8,0.0,0.0,0.0,0.0,233.39,0.5,0.0,0,0.0,0.0,16,16.0,4,3,4.0,0.0,0.0,0.0,0.0,83.18,0.733,0.0,0,0.0,0.0,-3,-0.16,-1,-2,0.2,0.0,0.0,0.0,0.0,-150.21,0.233,0.0,0,0.0,0.0
wauwau0977,15,24.13,2,1,7.5,0.0,0.0,0.0,0.0,48.16,0.714,0.0,0,0.0,0.0,85,3.48,1,1,85.0,0.0,0.0,0.0,0.0,0.85,0.893,0.0,0,0.0,0.0,70,-20.65,-1,0,77.5,0.0,0.0,0.0,0.0,-47.31,0.179,0.0,0,0.0,0.0
Deglobeal,14,37.71,7,3,2.0,0.5,0.0,0.0,0.0,580.05,0.462,0.0,0,20.0,0.0,6,15.5,3,2,2.0,0.167,0.0,0.0,0.0,556.87,0.4,0.0,0,0.0,0.0,-8,-22.21,-4,-1,0.0,-0.333,0.0,0.0,0.0,-23.18,-0.062,0.0,0,-20.0,0.0
asitwas729,59,12.92,6,4,9.83,0.0,0.0,0.0,0.0,90.9,0.655,0.0,0,0.0,0.0,6,16.0,4,1,1.5,0.0,0.0,0.0,0.0,3173.16,0.4,0.0,0,0.0,0.0,-53,3.08,-2,-3,-8.33,0.0,0.0,0.0,0.0,3082.26,-0.255,0.0,0,0.0,0.0
Shingbb,19,14.32,6,2,3.17,0.0,0.0,0.0,0.211,65.69,0.167,0.0,0,0.0,0.0,56,19.82,16,4,3.5,0.0,0.661,0.0,0.214,64.97,0.255,0.0,0,0.0,0.0,37,5.5,10,2,0.33,0.0,0.661,0.0,0.003,-0.72,0.088,0.0,0,0.0,0.0
piyushrai007,52,45.44,13,4,4.0,0.173,0.0,0.0,0.019,157.19,0.686,0.0,0,0.0,0.0,6,13.17,6,2,1.0,0.0,0.0,0.0,0.0,2687.88,0.0,0.0,0,0.0,0.0,-46,-32.27,-7,-2,-3.0,-0.173,0.0,0.0,-0.019,2530.69,-0.686,0.0,0,0.0,0.0
iamarghamallick,39,15.87,9,5,4.33,0.0,0.0,0.0,0.0,261.47,0.658,0.0,0,0.0,0.0,12,21.92,5,1,2.4,0.167,0.0,0.0,0.0,1130.39,0.636,0.0,0,0.0,0.0,-27,6.05,-4,-4,-1.93,0.167,0.0,0.0,0.0,868.92,-0.022,0.0,0,0.0,0.0
LewisLosa,21,15.33,5,2,4.2,0.0,0.0,0.0,0.0,751.73,0.8,0.0,0,0.0,0.0,20,14.75,5,4,4.0,0.0,0.0,0.05,0.0,381.45,0.684,0.0,0,0.0,0.0,-1,-0.58,0,2,-0.2,0.0,0.0,0.05,0.0,-370.28,-0.116,0.0,0,0.0,0.0
MariiaSam,77,12.23,6,5,12.83,0.0,0.0,0.0,0.0,12.75,0.632,0.0,0,0.0,0.0,9,1.56,6,2,1.5,0.0,0.0,0.0,0.0,630.28,0.375,0.0,0,0.0,0.0,-68,-10.67,0,-3,-11.33,0.0,0.0,0.0,0.0,617.53,-0.257,0.0,0,0.0,0.0
yeon-jae,18,18.22,5,2,3.6,0.056,0.0,0.0,0.0,573.09,0.588,0.0,0,0.0,0.0,21,16.0,12,1,1.75,0.0,0.0,0.0,0.0,754.43,0.3,0.0,0,0.0,0.0,3,-2.22,7,-1,-1.85,-0.056,0.0,0.0,0.0,181.34,-0.288,0.0,0,0.0,0.0
Alignof,9,40.78,3,1,3.0,0.444,0.0,0.0,0.0,222.58,0.75,0.0,0,0.0,0.0,16,38.38,11,1,1.45,0.312,0.0,0.0,0.0,1033.13,0.2,0.0,0,19.4,0.2,7,-2.4,8,0,-1.55,-0.132,0.0,0.0,0.0,810.55,-0.55,0.0,0,19.4,0.2
evanthemann,77,31.18,19,1,4.05,0.312,0.0,0.0,0.026,217.79,0.474,0.0,0,0.0,0.0,23,20.35,12,1,1.92,0.043,0.0,0.0,0.0,814.9,0.318,0.0,0,0.0,0.0,-54,-10.83,-7,0,-2.13,-0.269,0.0,0.0,-0.026,597.11,-0.156,0.0,0,0.0,0.0
sdg7onado,9,45.56,4,2,2.25,0.111,0.0,0.0,0.111,1686.92,0.5,0.0,0,0.0,0.0,54,79.54,12,3,4.5,0.315,0.0,0.0,0.019,217.43,0.585,0.0,0,38.4,0.3,45,33.98,8,1,2.25,0.204,0.0,0.0,-0.092,-1469.49,0.085,0.0,0,38.4,0.3
EnricoMi,32,30.66,12,1,2.67,0.0,0.0,0.312,0.0,496.85,0.516,0.0,0,1.64,0.0,5,18.4,3,1,1.67,0.0,0.0,0.4,0.0,3678.66,0.5,0.0,0,0.0,0.0,-27,-12.26,-9,0,-1.0,0.0,0.0,0.088,0.0,3181.81,-0.016,0.0,0,-1.64,0.0
jhonsoad,56,38.75,15,3,3.73,0.286,0.0,0.0,0.0,221.94,0.455,0.0,0,10.76,0.118,44,41.98,7,3,6.29,0.205,0.0,0.0,0.0,305.54,0.628,0.0,0,0.0,0.0,-12,3.23,-8,0,2.56,-0.081,0.0,0.0,0.0,83.6,0.173,0.0,0,-10.76,-0.118
L1m3Kun,41,12.83,11,5,3.73,0.0,0.0,0.0,0.0,185.32,0.425,0.0,0,0.0,0.0,9,17.44,6,1,1.5,0.111,0.0,0.0,0.0,2340.84,0.25,0.0,0,0.0,0.0,-32,4.61,-5,-4,-2.23,0.111,0.0,0.0,0.0,2155.52,-0.175,0.0,0,0.0,0.0
deepakmahakale,28,19.54,7,1,4.0,0.0,0.0,0.0,0.0,447.23,0.593,0.0,0,0.0,0.0,10,29.5,4,1,2.5,0.1,0.0,0.0,0.0,1562.45,0.556,0.0,0,0.0,0.0,-18,9.96,-3,0,-1.5,0.1,0.0,0.0,0.0,1115.22,-0.037,0.0,0,0.0,0.0
basith-ahmed,34,16.76,5,3,6.8,0.0,0.0,0.0,0.0,58.95,0.727,0.0,0,0.0,0.0,66,15.11,16,3,4.12,0.0,0.0,0.0,0.0,203.24,0.538,0.0,0,0.0,0.0,32,-1.65,11,0,-2.68,0.0,0.0,0.0,0.0,144.29,-0.189,0.0,0,0.0,0.0
MrZihan,27,18.37,6,2,4.5,0.0,0.0,0.0,0.0,247.48,0.731,0.0,0,0.0,0.0,51,19.92,13,2,3.92,0.0,0.0,0.0,0.0,211.16,0.62,0.0,0,0.0,0.0,24,1.55,7,0,-0.58,0.0,0.0,0.0,0.0,-36.32,-0.111,0.0,0,0.0,0.0
TheosCreation,90,21.51,10,1,9.0,0.033,0.0,0.0,0.0,24.99,0.798,0.0,0,0.0,0.0,10,11.6,2,1,5.0,0.0,0.0,0.0,0.0,90.25,0.889,0.0,0,0.0,0.0,-80,-9.91,-8,0,-4.0,-0.033,0.0,0.0,0.0,65.26,0.091,0.0,0,0.0,0.0
tiagomartinhoo,46,34.35,11,4,4.18,0.043,0.0,0.109,0.0,104.88,0.2,0.0,0,0.0,0.0,35,23.37,12,2,2.92,0.086,0.0,0.0,0.0,494.52,0.559,0.0,0,0.0,0.0,-11,-10.98,1,-2,-1.26,0.043,0.0,-0.109,0.0,389.64,0.359,0.0,0,0.0,0.0
AndriyPapirnyk,15,16.0,4,1,3.75,0.0,0.0,0.0,0.0,126.45,0.714,0.0,0,0.0,0.0,85,16.0,28,1,3.04,0.0,0.0,0.0,0.0,227.35,0.452,0.0,0,0.0,0.0,70,0.0,24,0,-0.71,0.0,0.0,0.0,0.0,100.9,-0.262,0.0,0,0.0,0.0
cmintert,52,53.5,7,1,7.43,0.115,0.0,0.0,0.019,23.1,0.49,0.0,0,32.0,0.333,48,54.83,8,4,6.0,0.104,0.0,0.021,0.042,63.32,0.404,0.0,0,0.0,0.0,-4,1.33,1,3,-1.43,-0.011,0.0,0.021,0.023,40.22,-0.086,0.0,0,-32.0,-0.333
i5anin,36,15.5,13,2,2.77,0.056,0.0,0.0,0.0,268.59,0.4,0.0,0,0.0,0.0,64,65.16,17,1,3.76,0.203,0.234,0.0,0.125,228.33,0.667,0.0,0,0.0,0.0,28,49.66,4,-1,0.99,0.147,0.234,0.0,0.125,-40.26,0.267,0.0,0,0.0,0.0
miguelachaotic,17,23.24,8,1,2.12,0.0,0.0,0.0,0.0,88.6,0.312,0.0,0,0.0,0.0,62,28.48,5,3,12.4,0.081,0.0,0.0,0.0,70.63,0.721,0.0,0,0.0,0.0,45,5.24,-3,2,10.28,0.081,0.0,0.0,0.0,-17.97,0.409,0.0,0,0.0,0.0
tupakkatapa,95,90.49,25,3,3.8,0.326,0.053,0.021,0.253,79.51,0.543,0.0,0,307.71,0.8,5,138.2,4,1,1.25,0.4,0.0,0.0,0.4,530.85,0.0,0.0,0,118.4,0.8,-90,47.71,-21,-2,-2.55,0.074,-0.053,-0.021,0.147,451.34,-0.543,0.0,0,-189.31,0.0
FilipeDellaPorta,20,51.1,3,1,6.67,0.0,0.0,0.0,0.0,23.96,0.789,0.0,0,0.0,0.0,80,29.62,18,1,4.44,0.0,0.412,0.0,0.0,155.23,0.658,0.0,0,0.0,0.0,60,-21.48,15,0,-2.23,0.0,0.412,0.0,0.0,131.27,-0.131,0.0,0,0.0,0.0
llipengda,69,20.09,18,1,3.83,0.0,0.0,0.101,0.029,57.21,0.294,0.0,0,0.0,0.0,31,8.32,17,1,1.82,0.0,0.0,0.0,0.0,430.74,0.1,0.0,0,0.0,0.0,-38,-11.77,-1,0,-2.01,0.0,0.0,-0.101,-0.029,373.53,-0.194,0.0,0,0.0,0.0
ExtremeFiretop,36,28.03,7,3,5.14,0.0,0.0,0.056,0.0,438.11,0.657,0.0,0,0.0,0.0,64,74.77,23,4,2.78,0.703,0.0,0.0,0.0,220.12,0.286,0.0,0,901.88,0.588,28,46.74,16,1,-2.36,0.703,0.0,-0.056,0.0,-217.99,-0.371,0.0,0,901.88,0.588
GHolk,50,57.02,23,1,2.17,0.16,0.0,0.04,0.02,349.19,0.388,0.0,0,0.0,0.0,8,41.75,4,1,2.0,0.125,0.0,0.0,0.0,1522.43,0.571,0.0,0,0.0,0.0,-42,-15.27,-19,0,-0.17,-0.035,0.0,-0.04,-0.02,1173.24,0.183,0.0,0,0.0,0.0
LilMark0o,23,23.78,12,3,1.92,0.0,0.0,0.0,0.043,686.72,0.364,0.0,0,0.0,0.0,6,16.5,5,1,1.2,0.0,0.0,0.0,0.0,1899.94,0.2,0.0,0,0.0,0.0,-17,-7.28,-7,-2,-0.72,0.0,0.0,0.0,-0.043,1213.22,-0.164,0.0,0,0.0,0.0
kingkuys2123,19,16.0,1,1,19.0,0.0,0.0,0.0,0.0,1.5,0.944,0.0,0,0.0,0.0,81,19.16,16,1,5.06,0.037,0.0,0.0,0.0,199.87,0.75,0.0,0,0.0,0.0,62,3.16,15,0,-13.94,0.037,0.0,0.0,0.0,198.37,-0.194,0.0,0,0.0,0.0
Jonathan0823,8,18.5,2,1,4.0,0.0,0.0,0.0,0.0,18.64,0.714,0.0,0,0.0,0.0,59,26.81,8,5,7.38,0.017,0.0,0.017,0.0,237.92,0.655,0.0,0,0.0,0.0,51,8.31,6,4,3.38,0.017,0.0,0.017,0.0,219.28,-0.059,0.0,0,0.0,0.0
