login,status,country,classifier_score,pre_commits,post_commits,timestamp
fqrious,skipped,,,,,2026-03-30T13:11:34.957597
Curamy,skipped,,,,,2026-03-30T13:11:53.361860
developerSeonah,skipped,,,,,2026-03-30T13:12:08.948642
AbdisaW,skipped,,,,,2026-03-30T13:12:26.874647
BhargavGarge,skipped,,,,,2026-03-30T13:12:45.635439
caiofrnca,skipped,,,,,2026-03-30T13:12:56.741431
zaitouny,skipped,,,,,2026-03-30T13:13:10.619125
infomotin,skipped,BD,,0,0,2026-03-30T13:13:29.298245
cderv,skipped,FR,,0,0,2026-03-30T13:13:32.306010
hamzaraftar,skipped,,,,,2026-03-30T13:13:51.219247
wjwarner24,skipped,,,,,2026-03-30T13:14:10.143717
ahas,skipped,KR,,0,0,2026-03-30T13:14:28.759608
diplov,skipped,NP,,0,5,2026-03-30T13:14:43.993244
yoyor00,skipped,,,,,2026-03-30T13:14:50.303107
AnkitPandey1303,skipped,,,,,2026-03-30T13:15:07.370190
haesleinhuepf,skipped,DE,,0,0,2026-03-30T13:15:26.152130
JulianDMartinez,skipped,,,,,2026-03-30T13:15:36.084303
CristianK25,skipped,,,,,2026-03-30T13:15:52.862780
vadeeek,skipped,,,,,2026-03-30T13:16:09.332522
aghyad111,skipped,,,,,2026-03-30T13:16:26.170260
xliu-g,skipped,,,,,2026-03-30T13:16:41.766240
surajvast1,skipped,,,,,2026-03-30T13:17:01.069093
devendra2690,skipped,IN,,0,0,2026-03-30T13:17:19.367226
parsaiej,skipped,,,,,2026-03-30T13:17:37.766782
lauradeng23,skipped,,,,,2026-03-30T13:17:43.827275
matcha12345,skipped,,,,,2026-03-30T13:17:50.180252
danieldevzx,skipped,,,,,2026-03-30T13:18:09.443198
TusharSaxena2005,skipped,,,,,2026-03-30T13:18:28.871741
JeffersonSenaa,scored,BR,0.0237,38,47,2026-03-30T13:18:45.139778
topherod,skipped,,,,,2026-03-30T13:19:00.284407
oledr-code,skipped,,,,,2026-03-30T13:19:06.269372
helio-frota,skipped,BR,,22,0,2026-03-30T13:19:28.380201
2602-AyushG,skipped,,,,,2026-03-30T13:19:46.703595
AliAnderson82,skipped,,,,,2026-03-30T13:20:06.278039
PeterHallonmark,skipped,SE,,0,96,2026-03-30T13:20:16.521729
AJrelapse,skipped,IN,,0,21,2026-03-30T13:20:36.799478
sharm999,skipped,US,,3,19,2026-03-30T13:20:46.520888
Takidoo,skipped,,,,,2026-03-30T13:21:05.631598
grumpyintelbear,skipped,,,,,2026-03-30T13:21:14.910130
lucianasorbelli,skipped,,,,,2026-03-30T13:21:33.506524
Lynyh2022,skipped,,,,,2026-03-30T13:21:43.492569
LuisMdelaRiva,skipped,,,,,2026-03-30T13:21:52.348681
Ziad-Mahmood,skipped,,,,,2026-03-30T13:21:59.505825
Papsanly,skipped,,,,,2026-03-30T13:22:09.555583
jinuxx,skipped,,,,,2026-03-30T13:22:19.188024
bimac,skipped,PT,,4,0,2026-03-30T13:22:39.101277
zhanxu33,skipped,,,,,2026-03-30T13:22:57.958455
vishnu26r,skipped,IN,,2,6,2026-03-30T13:23:16.943865
elcattivo66,skipped,,,,,2026-03-30T13:23:27.155395
ITValley-School,skipped,CA,,0,47,2026-03-30T13:23:47.105782
mmaatttt,skipped,,,,,2026-03-30T13:23:59.063801
AbiramiSukumaran,skipped,IN,,26,0,2026-03-30T13:24:18.398808
purusthong,skipped,,,,,2026-03-30T13:24:27.406051
valaphee,skipped,,,,,2026-03-30T13:24:43.853256
canoypa,skipped,JP,,0,0,2026-03-30T13:25:00.104597
TonyH0401,skipped,,,,,2026-03-30T13:25:18.519158
latifa-taybi,skipped,MA,,,,2026-03-30T13:25:33.846370
Gopher8484,skipped,,,,,2026-03-30T13:25:40.374808
jnpb1996,skipped,,,,,2026-03-30T13:25:50.534495
lgthevinh,scored,VN,0.029,80,20,2026-03-30T13:26:03.712930
JoaoPauloLordelo,skipped,,,,,2026-03-30T13:26:13.430262
felixparejapmdit,skipped,,,,,2026-03-30T13:26:20.345451
voidconsole,skipped,,,,,2026-03-30T13:26:38.914813
apictures,skipped,,,,,2026-03-30T13:26:48.475969
m1nh101,skipped,,,,,2026-03-30T13:26:57.743266
brsvaaa,skipped,CZ,,0,0,2026-03-30T13:27:03.522772
ghaithbenothmen,skipped,,,,,2026-03-30T13:27:22.994378
sakthisakthi9684,skipped,,,,,2026-03-30T13:27:41.938709
alshehrimazen,skipped,,,,,2026-03-30T13:27:54.318837
Matvey-17,skipped,,,,,2026-03-30T13:28:15.365341
itxzmevishal,skipped,,,,,2026-03-30T13:28:32.958784
muddi900,skipped,,,,,2026-03-30T13:28:42.243905
lemirep,skipped,,,,,2026-03-30T13:28:48.700737
dadrum,skipped,,,,,2026-03-30T13:28:58.029088
dentarg,skipped,SE,,0,0,2026-03-30T13:29:15.536302
LiweiDengDavid,skipped,AU,,0,56,2026-03-30T13:29:30.475175
anxoaragundi,skipped,ES,,0,24,2026-03-30T13:29:48.659342
Gordey1999,skipped,,,,,2026-03-30T13:30:06.737696
adarsh-201,skipped,,,,,2026-03-30T13:30:19.235025
oznaMG,skipped,,,,,2026-03-30T13:30:29.003503
snehabhujbal,skipped,,,,,2026-03-30T13:30:39.212597
BeeFox-sys,skipped,,,,,2026-03-30T13:30:57.460326
Sokheebjon,skipped,,,,,2026-03-30T13:31:16.277238
nlstaci,skipped,,,,,2026-03-30T13:31:22.396066
aduvai22,skipped,,,,,2026-03-30T13:31:39.937958
AdrianDanvila,skipped,,,,,2026-03-30T13:31:58.781047
medacoal,skipped,,,,,2026-03-30T13:32:07.928767
ReGeNss,skipped,UA,,0,100,2026-03-30T13:32:22.279766
chiyonn,skipped,,,,,2026-03-30T13:32:35.126283
rhahao,skipped,,,,,2026-03-30T13:32:44.771838
Bouvier-Tobias,skipped,FR,,0,13,2026-03-30T13:33:00.357438
JofrarcDev,skipped,,,,,2026-03-30T13:33:19.057787
thatmarkenglishguy,skipped,,,,,2026-03-30T13:33:27.422140
nanjiangwill,skipped,US,,0,0,2026-03-30T13:33:40.039818
Temake,skipped,NG,,0,31,2026-03-30T13:33:55.956742
burberryonn,skipped,,,,,2026-03-30T13:34:12.930185
Aisuko,scored,AU,0.1197,54,46,2026-03-30T13:34:23.665801
SamikshaSingh25,skipped,,,,,2026-03-30T13:34:43.270052
BBjarne,skipped,,,,,2026-03-30T13:34:49.258036
nuwan-samarasinghe,skipped,,,,,2026-03-30T13:35:04.702856
rafarm04,skipped,,,,,2026-03-30T13:35:22.978873
ZavenArra,skipped,,,,,2026-03-30T13:35:35.224526
AhasanAraShimi,skipped,,,,,2026-03-30T13:35:56.588327
ercanezin,skipped,,,,,2026-03-30T13:36:11.774933
jihyuk0414,skipped,,,,,2026-03-30T13:36:21.555284
AndrewHabl,skipped,,,,,2026-03-30T13:36:41.913289
Haipm26,skipped,,,,,2026-03-30T13:36:56.991275
chengzwk,skipped,,,,,2026-03-30T13:37:17.877714
ashiqsahajama,skipped,,,,,2026-03-30T13:37:38.978581
AndreasHoegh,skipped,,,,,2026-03-30T13:37:57.741263
akksharvan,skipped,,,,,2026-03-30T13:38:11.267270
usamec,skipped,,,,,2026-03-30T13:38:20.979002
eduardoshanahan,skipped,IE,,0,100,2026-03-30T13:38:31.049488
karl-run,skipped,NO,,0,0,2026-03-30T13:38:40.730107
dcho24,skipped,,,,,2026-03-30T13:38:46.816326
DeanWard,skipped,,,,,2026-03-30T13:38:58.822571
2pir2,skipped,,,,,2026-03-30T13:39:15.244053
mmilata,skipped,,,,,2026-03-30T13:39:30.826582
PeterLaudy,skipped,,,,,2026-03-30T13:39:50.374460
jocedalex,skipped,,,,,2026-03-30T13:40:07.198279
onlymisaky,skipped,,,,,2026-03-30T13:40:26.898460
Shreyansh-1998,skipped,,,,,2026-03-30T13:40:44.203199
MaksFULL,skipped,,,,,2026-03-30T13:40:50.781715
Andre-Moura-Dev,skipped,,,,,2026-03-30T13:41:09.680149
DrakBall,skipped,,,,,2026-03-30T13:41:30.168365
Mogiwalla,skipped,,,,,2026-03-30T13:41:48.764350
Shrey0610,skipped,,,,,2026-03-30T13:42:08.944163
GLHFranco322,skipped,,,,,2026-03-30T13:42:27.529487
Cl0udG0d,skipped,,,,,2026-03-30T13:42:40.592368
Allano256,skipped,,,,,2026-03-30T13:42:59.368385
Notoriousmb10,skipped,,,,,2026-03-30T13:43:19.198019
vildanbina,skipped,,,,,2026-03-30T13:43:37.445393
wshena,skipped,ID,,9,0,2026-03-30T13:43:56.523377
ramirobarrantes,skipped,,,,,2026-03-30T13:44:12.432473
deadash,skipped,,,,,2026-03-30T13:44:31.379564
amdufour,skipped,HU,,0,0,2026-03-30T13:44:50.232547
SuyashParmar,skipped,IN,,0,18,2026-03-30T13:45:09.497810
unkrich,skipped,US,,0,0,2026-03-30T13:45:27.331288
ThomasAurelius,scored,US,0.0333,40,12,2026-03-30T13:45:43.183118
Anselmo-Filho-NAVA,skipped,,,,,2026-03-30T13:45:50.408029
MasterPtato,skipped,,,,,2026-03-30T13:45:59.723875
MelMorette,skipped,,,,,2026-03-30T13:46:06.708443
SAMARTHSHANBHAG,skipped,,,,,2026-03-30T13:46:25.447581
ds-edu,skipped,,,,,2026-03-30T13:46:35.312189
pascui1995,skipped,,,,,2026-03-30T13:46:41.345113
agabani,skipped,GB,,0,0,2026-03-30T13:46:55.303846
infinitus0,skipped,,,,,2026-03-30T13:46:58.165015
brad2014,skipped,,,,,2026-03-30T13:47:04.349336
PoleWick,skipped,,,,,2026-03-30T13:47:14.035138
jlriom,skipped,,,,,2026-03-30T13:47:28.056834
Wahaj-Developer,skipped,,,,,2026-03-30T13:47:47.453654
bellitabellota,skipped,,,,,2026-03-30T13:48:03.520164
Criptoruim,skipped,PT,,0,35,2026-03-30T13:48:16.464572
Dipak4064,skipped,NP,,0,100,2026-03-30T13:48:26.165250
Hoon94,skipped,KR,,96,0,2026-03-30T13:48:38.939957
mikejobson,skipped,GB,,0,86,2026-03-30T13:48:49.275214
sriram-ravi705,skipped,IN,,0,61,2026-03-30T13:49:02.430423
starandry,skipped,,,,,2026-03-30T13:49:12.155646
jgraeger,skipped,DE,,0,0,2026-03-30T13:49:21.291040
jeffrichards,skipped,,,,,2026-03-30T13:49:25.763630
Hello-LSY,scored,KR,0.0447,27,73,2026-03-30T13:49:35.940264
KauaAissa,skipped,,,,,2026-03-30T13:49:55.989027
bensler,skipped,,,,,2026-03-30T13:50:10.591092
hardingjam,skipped,DE,,0,0,2026-03-30T13:50:23.332896
priyamvadha28,skipped,IN,,0,26,2026-03-30T13:50:43.015618
khairi143,skipped,,,,,2026-03-30T13:51:02.534523
ZXColt,skipped,,,,,2026-03-30T13:51:21.498105
hiprathamesh,skipped,,,,,2026-03-30T13:51:40.990748
Anayreddy,skipped,,,,,2026-03-30T13:51:59.535060
FerreteriaSuperior,skipped,,,,,2026-03-30T13:52:10.126125
Tuavsn,skipped,,,,,2026-03-30T13:52:29.514480
losshye,skipped,,,,,2026-03-30T13:52:38.755378
Auromera,skipped,,,,,2026-03-30T13:52:41.622499
demigod-22,skipped,,,,,2026-03-30T13:52:54.010379
marman2,skipped,,,,,2026-03-30T13:53:09.734730
avinash1410-cyber,skipped,IN,,1,0,2026-03-30T13:53:25.862096
maryagiamah,skipped,,,,,2026-03-30T13:53:39.244257
FKingQueen,skipped,,,,,2026-03-30T13:53:57.871323
ivan-nejezchleb,skipped,,,,,2026-03-30T13:54:00.948893
h1096224896,skipped,,,,,2026-03-30T13:54:04.027095
jelmerk,skipped,,,,,2026-03-30T13:54:23.161638
raghu1827,skipped,,,,,2026-03-30T13:54:29.246541
zzjtnb,skipped,,,,,2026-03-30T13:54:45.721758
btoms20,skipped,,,,,2026-03-30T13:54:56.363450
yjoonjang,skipped,KR,,10,0,2026-03-30T13:55:18.404055
Yonom,skipped,,,,,2026-03-30T13:55:39.413174
f-buerckel,skipped,,,,,2026-03-30T13:55:45.907853
Fsuzack,skipped,,,,,2026-03-30T13:55:52.748272
faisalrony-epyllion,skipped,,,,,2026-03-30T13:56:08.728628
NanduRajak,skipped,IN,,0,80,2026-03-30T13:56:28.596722
pavith490,skipped,,,,,2026-03-30T13:56:47.559866
DanielChendyrov,skipped,,,,,2026-03-30T13:57:00.815191
technikamateur,skipped,DE,,0,0,2026-03-30T13:57:16.974278
jincito,scored,US,0.029,19,16,2026-03-30T13:57:36.492126
ultimate-enable-right-click,skipped,,,,,2026-03-30T13:57:45.681444
viveksharma2508,skipped,,,,,2026-03-30T13:58:04.915265
bigorn0,skipped,,,,,2026-03-30T13:58:07.933338
Limeau,skipped,,,,,2026-03-30T13:58:17.333740
F1lpz,skipped,,,,,2026-03-30T13:58:23.291550
aggiers,skipped,BR,,0,100,2026-03-30T13:58:33.465167
WhiteSnake-MrBBoo,skipped,,,,,2026-03-30T13:58:54.808625
JYLeeBioinfo,skipped,,,,,2026-03-30T13:59:04.993975
libondev,scored,CN,0.1404,56,13,2026-03-30T13:59:11.653502
mahdychv,skipped,,,,,2026-03-30T13:59:21.084961
dn1209,skipped,,,,,2026-03-30T13:59:23.975020
TOUNSTM,skipped,,,,,2026-03-30T13:59:26.967488
Savolro,skipped,LT,,,,2026-03-30T13:59:46.381924
web-yk516,skipped,,,,,2026-03-30T13:59:53.223649
vinsmokevetji,skipped,,,,,2026-03-30T14:00:09.027546
HugoBiegas,skipped,,,,,2026-03-30T14:00:18.302469
AsierMUI,skipped,,,,,2026-03-30T14:00:37.009885
obs-gh-enricogiorio,skipped,,,,,2026-03-30T14:00:39.927170
JuveSoft,skipped,,,,,2026-03-30T14:01:00.267290
asymingt,skipped,US,,0,0,2026-03-30T14:01:06.510899
sph-mn,skipped,,,,,2026-03-30T14:01:16.322805
Stefan-Driessen,skipped,NL,,0,0,2026-03-30T14:01:36.252148
nahlarmash,skipped,EG,,0,100,2026-03-30T14:01:52.763486
santosh7273,skipped,,,,,2026-03-30T14:02:12.064901
Brazilianian,skipped,,,,,2026-03-30T14:02:22.682259
eddt123,skipped,,,,,2026-03-30T14:02:37.217185
RahulGit2004,skipped,,,,,2026-03-30T14:02:57.295726
Lomik888,skipped,,,,,2026-03-30T14:03:03.843954
chunhuizng,skipped,US,,0,0,2026-03-30T14:03:16.273400
VeraBeraGT,skipped,,,,,2026-03-30T14:03:25.923432
babyo77,skipped,,,,,2026-03-30T14:03:32.776560
hisanafarveen,skipped,,,,,2026-03-30T14:03:41.996079
singvarr,skipped,UA,,0,9,2026-03-30T14:03:57.407668
dashty94,skipped,,,,,2026-03-30T14:04:10.594840
teeray10,skipped,,,,,2026-03-30T14:04:30.258995
mo-tenstorrent,skipped,,,,,2026-03-30T14:04:36.248326
manan5657,skipped,,,,,2026-03-30T14:04:55.251223
santosdios,skipped,,,,,2026-03-30T14:05:04.611065
mshobana1990,skipped,,,,,2026-03-30T14:05:10.697118
Nadimpg,skipped,BD,,10,0,2026-03-30T14:05:29.218277
francedot,skipped,,,,,2026-03-30T14:05:44.590720
ThaiDuy29042002,skipped,,,,,2026-03-30T14:06:06.604555
AndriiSherman,skipped,UA,,0,0,2026-03-30T14:06:09.723688
samettcelik,scored,TR,0.0535,11,5,2026-03-30T14:06:28.722813
wolgyes,skipped,,,,,2026-03-30T14:06:47.098506
joshua-jinu,skipped,IN,,0,9,2026-03-30T14:06:53.616633
DataByteDigital-Bot,skipped,,,,,2026-03-30T14:06:59.770247
kevinzehnder,skipped,,,,,2026-03-30T14:07:10.069419
dan-ledezma-twc,skipped,,,,,2026-03-30T14:07:13.070825
mennarashed113,skipped,,,,,2026-03-30T14:07:35.240072
Sahil-Jana,skipped,,,,,2026-03-30T14:07:57.129520
basikMisha,skipped,,,,,2026-03-30T14:08:15.657635
itsmesauravk,skipped,NP,,100,0,2026-03-30T14:08:29.065328
mrsimonemms,skipped,GB,,0,0,2026-03-30T14:08:45.040056
weivienne,skipped,,,,,2026-03-30T14:08:57.921113
quang1409thanh,skipped,,,,,2026-03-30T14:09:04.620117
Kr1ss22,skipped,EE,,,,2026-03-30T14:09:24.487005
RichardHightower,skipped,US,,0,0,2026-03-30T14:09:41.543280
mohahmadi322,skipped,,,,,2026-03-30T14:09:55.076929
pat6h,skipped,,,,,2026-03-30T14:10:14.401321
YannisFouzi,skipped,,,,,2026-03-30T14:10:26.993216
KiwiFunk,skipped,GB,,0,100,2026-03-30T14:10:47.717635
jjd214,scored,PH,0.0821,6,94,2026-03-30T14:11:07.263541
FlipBrooke,skipped,US,,0,53,2026-03-30T14:11:20.541998
evlmaistrenko,skipped,,,,,2026-03-30T14:11:31.425352
lamescholar,skipped,,,,,2026-03-30T14:11:38.148512
kakiha11,skipped,,,,,2026-03-30T14:11:55.247455
daylikezero,skipped,,,,,2026-03-30T14:12:05.392014
wjdgh2910a,skipped,,,,,2026-03-30T14:12:24.315813
MonyiGamer,skipped,,,,,2026-03-30T14:12:30.249136
kritikanair,skipped,,,,,2026-03-30T14:12:39.712720
lucasviniz,skipped,,,,,2026-03-30T14:12:58.728385
joachim-n,skipped,,,,,2026-03-30T14:13:15.664932
Mykola7900,skipped,,,,,2026-03-30T14:13:22.747297
Manojsurya1,skipped,,,,,2026-03-30T14:13:38.720276
aorizondo,skipped,,,,,2026-03-30T14:13:41.799944
donovanjcg,skipped,,,,,2026-03-30T14:13:51.767580
eyo-as,skipped,,,,,2026-03-30T14:14:11.235335
Iordaighe,skipped,,,,,2026-03-30T14:14:17.285686
mahmedsaleem1,skipped,PK,,0,10,2026-03-30T14:14:36.569428
foxgem,skipped,,,,,2026-03-30T14:14:49.550402
neri-dervisheva-acn,skipped,,,,,2026-03-30T14:14:56.076710
gottatouchsomegrass,skipped,,,,,2026-03-30T14:15:16.727632
keenanmaupin,skipped,,,,,2026-03-30T14:15:36.696071
xXHenneBXx,skipped,,,,,2026-03-30T14:15:54.152629
kukushking,skipped,GB,,0,0,2026-03-30T14:15:57.324914
white069,skipped,,,,,2026-03-30T14:16:10.398956
yhwg333,skipped,,,,,2026-03-30T14:16:22.001423
AleksandrVavilov,skipped,,,,,2026-03-30T14:16:31.754773
vinaykumar231,skipped,IN,,8,0,2026-03-30T14:16:50.498578
supermobiteam2,skipped,,,,,2026-03-30T14:17:04.176422
AdrianRCV,skipped,,,,,2026-03-30T14:17:23.444307
lionelbui1992,skipped,,,,,2026-03-30T14:17:44.116918
alpapago,skipped,KR,,0,37,2026-03-30T14:18:03.550511
jet-niraj,skipped,,,,,2026-03-30T14:18:23.401814
AadarshaSherstha23,skipped,,,,,2026-03-30T14:18:43.466081
hong66489,skipped,,,,,2026-03-30T14:18:46.520004
Skibidi50-lol,skipped,,,,,2026-03-30T14:19:05.901840
anicyne,skipped,,,,,2026-03-30T14:19:08.796427
ahmedASM1,skipped,,,,,2026-03-30T14:19:30.812528
jhazla,skipped,,,,,2026-03-30T14:19:43.613646
Rob23oba,skipped,,,,,2026-03-30T14:19:53.231970
Roliyal,skipped,,,,,2026-03-30T14:20:10.775191
DestinyTimothy,skipped,NG,,0,68,2026-03-30T14:20:30.558055
Rakshithk1,skipped,,,,,2026-03-30T14:20:54.261332
thebekhruz,skipped,,,,,2026-03-30T14:21:13.457655
Doofens24,skipped,,,,,2026-03-30T14:21:20.144215
danielrosehill,skipped,,,,,2026-03-30T14:21:39.232935
segunemma2003,skipped,,,,,2026-03-30T14:21:54.610582
Jamesakeluru,skipped,,,,,2026-03-30T14:22:15.868230
getmarkus,scored,US,0.1383,42,53,2026-03-30T14:22:36.804145
kanasaki15,skipped,,,,,2026-03-30T14:22:55.943113
1U3er,skipped,,,,,2026-03-30T14:23:06.105816
haneenraafat162,skipped,,,,,2026-03-30T14:23:15.626967
cimpianRadu,skipped,RO,,13,0,2026-03-30T14:23:29.713523
Big-Smarty,skipped,,,,,2026-03-30T14:23:42.737163
MliliGenes,skipped,,,,,2026-03-30T14:24:01.015444
dongcmd,skipped,,,,,2026-03-30T14:24:20.104755
edmondas,skipped,,,,,2026-03-30T14:24:32.131296
danialtneus,skipped,,,,,2026-03-30T14:24:35.350435
mrbusche,skipped,,,,,2026-03-30T14:24:55.406446
dmostoller,skipped,,,,,2026-03-30T14:24:58.531675
Shivam-Singh-Coder,skipped,,,,,2026-03-30T14:25:21.544823
aditya-goyal01,skipped,IN,,0,5,2026-03-30T14:25:28.306536
dakota-rennels,skipped,,,,,2026-03-30T14:25:39.135715
BenukEl,skipped,FR,,0,4,2026-03-30T14:25:45.407374
korliuk-busyrebel,skipped,,,,,2026-03-30T14:25:51.384370
Zrty456,skipped,,,,,2026-03-30T14:26:00.689119
zekejenkins,skipped,,,,,2026-03-30T14:26:15.594082
antooniodev,skipped,,,,,2026-03-30T14:26:32.303429
SirKZ005,skipped,,,,,2026-03-30T14:26:51.536485
sandraev,skipped,FR,,0,1,2026-03-30T14:27:01.484509
bboonstra,skipped,,,,,2026-03-30T14:27:16.175452
Daoud-mohamed,skipped,,,,,2026-03-30T14:27:19.196835
Snoopy1866,skipped,CN,,0,100,2026-03-30T14:27:30.370571
belenaraceli,skipped,,,,,2026-03-30T14:27:48.955290
goodlucklucky,skipped,,,,,2026-03-30T14:27:55.718396
17Andri17,skipped,,,,,2026-03-30T14:28:12.204122
kkatsuro,skipped,,,,,2026-03-30T14:28:29.105313
jsilll,skipped,IE,,57,0,2026-03-30T14:28:42.915525
andriidovbenko,skipped,,,,,2026-03-30T14:29:01.750012
RedMan13,skipped,,,,,2026-03-30T14:29:08.336734
kumoriri,skipped,,,,,2026-03-30T14:29:18.066761
Gahbriehel,skipped,,,,,2026-03-30T14:29:36.296729
IMAnastasi,skipped,,,,,2026-03-30T14:29:51.877020
MosRat,skipped,CN,,3,2,2026-03-30T14:30:07.583162
sipatir08,skipped,,,,,2026-03-30T14:30:22.904051
JNygaard-Skylight,skipped,,,,,2026-03-30T14:30:32.240921
ParikshitJ20,skipped,IN,,0,22,2026-03-30T14:30:51.357342
KaanSezen1923,skipped,,,,,2026-03-30T14:31:10.293292
skoolkid,skipped,,,,,2026-03-30T14:31:17.478739
ifoxhz,skipped,,,,,2026-03-30T14:31:29.818751
hummingbird420,skipped,,,,,2026-03-30T14:31:48.241359
nikitagagare,skipped,,,,,2026-03-30T14:32:07.785535
newton2149,skipped,IN,,0,0,2026-03-30T14:32:26.365329
sdiemer,skipped,,,,,2026-03-30T14:32:36.038774
ZhangXut,skipped,,,,,2026-03-30T14:32:42.715992
marty1885,skipped,TW,,0,0,2026-03-30T14:33:01.878788
alexandr-masl,skipped,ES,,0,0,2026-03-30T14:33:05.985654
AMAN-7017,skipped,,,,,2026-03-30T14:33:24.861536
brunoguerios,skipped,,,,,2026-03-30T14:33:40.945441
SirMcSteven,skipped,,,,,2026-03-30T14:33:51.317643
MaxKellermann,skipped,DE,,14,0,2026-03-30T14:33:58.642699
priyajana,skipped,,,,,2026-03-30T14:34:11.289649
IvayloG,skipped,,,,,2026-03-30T14:34:17.360718
imenwafra,skipped,,,,,2026-03-30T14:34:32.709800
ansaschmulbach,skipped,,,,,2026-03-30T14:34:52.085870
tyler-floyd,skipped,,,,,2026-03-30T14:35:07.798879
suyogtapkir,skipped,,,,,2026-03-30T14:35:17.251936
chhtz,skipped,,,,,2026-03-30T14:35:20.300596
RogueGrim,skipped,,,,,2026-03-30T14:35:36.213366
jhonnylucius,skipped,,,,,2026-03-30T14:35:49.112433
dobinpark,scored,KR,0.0381,36,51,2026-03-30T14:36:07.229510
CatVin99,skipped,,,,,2026-03-30T14:36:16.797771
iamrahulmahato,skipped,IN,,7,1,2026-03-30T14:36:26.103773
NinadCoder,skipped,,,,,2026-03-30T14:36:43.898136
tengizmikhelidze,skipped,,,,,2026-03-30T14:37:02.373970
ruiqurm,skipped,,,,,2026-03-30T14:37:15.229311
irfan-mansoori,skipped,PK,,1,0,2026-03-30T14:37:24.800910
pilsneyrouset,skipped,,,,,2026-03-30T14:37:31.275787
Fl0W97,skipped,,,,,2026-03-30T14:37:48.103713
AbidemiDare,skipped,NG,,0,7,2026-03-30T14:38:03.800992
KaiMitchell,skipped,NZ,,0,100,2026-03-30T14:38:17.005606
amandafeijoo,skipped,NO,,2,19,2026-03-30T14:38:34.308439
seangibbz,skipped,CA,,0,0,2026-03-30T14:38:43.469924
JiamengLv,skipped,,,,,2026-03-30T14:38:59.290128
congvo-dev,skipped,,,,,2026-03-30T14:39:18.112200
vinikjkkj,skipped,,,,,2026-03-30T14:39:27.950051
FireMasterK,skipped,GB,,0,0,2026-03-30T14:39:34.323812
ilcann,skipped,,,,,2026-03-30T14:39:47.498646
reezekim,skipped,KR,,1,0,2026-03-30T14:40:03.242514
Prat13k,skipped,,,,,2026-03-30T14:40:13.871212
maretrodep,skipped,,,,,2026-03-30T14:40:32.736991
SecVpnApp,skipped,,,,,2026-03-30T14:40:39.433745
Andersonjesusvital,skipped,,,,,2026-03-30T14:40:45.469065
xantime000,skipped,,,,,2026-03-30T14:41:04.433357
onh711,skipped,,,,,2026-03-30T14:41:11.181865
SarEnderTarkanson,skipped,NO,,26,0,2026-03-30T14:41:30.891394
yeomgahui,skipped,,,,,2026-03-30T14:41:49.866830
Dishashetty546,skipped,,,,,2026-03-30T14:42:08.924656
AndrewMurtagh,skipped,IE,,0,0,2026-03-30T14:42:27.441835
INUK-ai,skipped,,,,,2026-03-30T14:42:37.995300
MacCracken,skipped,,,,,2026-03-30T14:42:45.835177
talhaf952,skipped,,,,,2026-03-30T14:43:04.392130
krishDev55,skipped,,,,,2026-03-30T14:43:23.282811
Thedeergod666,skipped,,,,,2026-03-30T14:43:32.556368
tsvetelinda,skipped,BG,,,,2026-03-30T14:43:52.116547
rfeinman,skipped,,,,,2026-03-30T14:44:05.705888
cdupuis,skipped,US,,0,0,2026-03-30T14:44:15.578774
tuanhuu3264,skipped,,,,,2026-03-30T14:44:34.621632
HeathLoganCampbell,skipped,NZ,,0,0,2026-03-30T14:44:57.464005
DannyDorito,skipped,,,,,2026-03-30T14:45:08.871665
GuardiansAscend,skipped,,,,,2026-03-30T14:45:24.614930
ssini-oh,skipped,,,,,2026-03-30T14:45:45.296236
sb-annamari,skipped,,,,,2026-03-30T14:46:04.224069
Mohamed-akmal0,skipped,,,,,2026-03-30T14:46:22.821372
ChrisX21,skipped,NL,,44,0,2026-03-30T14:46:39.665607
LGLO,skipped,PL,,0,0,2026-03-30T14:46:55.111172
NirmalScaria,scored,IN,0.0361,25,10,2026-03-30T14:49:15.011034
AyeZeeBB,skipped,,,,,2026-03-30T14:49:37.974588
chak-shing-lo-justice,skipped,,,,,2026-03-30T14:49:40.893189
SlemimanPzz,scored,MX,0.0253,92,8,2026-03-30T14:50:01.016200
rwood-moz,skipped,CA,,0,0,2026-03-30T14:50:07.196526
OpenSource-For-Freedom,skipped,US,,0,100,2026-03-30T14:50:16.631938
cienvaras,skipped,CR,,,,2026-03-30T14:50:32.306769
CartagoGit,skipped,ES,,0,2,2026-03-30T14:50:42.262831
Sayshal,skipped,,,,,2026-03-30T14:51:00.398395
zhaomengxiao,skipped,,,,,2026-03-30T14:51:13.041563
OsmanArshid,skipped,,,,,2026-03-30T14:51:32.553222
anushkach14,skipped,,,,,2026-03-30T14:51:43.161123
ben-manes,skipped,,,,,2026-03-30T14:51:58.237444
m1n999999,skipped,,,,,2026-03-30T14:52:16.889354
Praveeenmain,skipped,,,,,2026-03-30T14:52:35.939351
ILoveAGoodCrisp,skipped,,,,,2026-03-30T14:52:46.388027
SvenGuthe,skipped,,,,,2026-03-30T14:53:03.244392
Shdhz,skipped,,,,,2026-03-30T14:53:22.955722
vithocbai,skipped,,,,,2026-03-30T14:53:41.291936
ploeh,skipped,DK,,0,0,2026-03-30T14:53:57.502336
evb0110,skipped,,,,,2026-03-30T14:54:04.406509
devanshshrivastava16,skipped,,,,,2026-03-30T14:54:20.954588
RegolithIII,skipped,,,,,2026-03-30T14:54:37.412121
Mark-EC-2023,skipped,,,,,2026-03-30T14:54:57.244987
nguyenthanhhungdev,skipped,,,,,2026-03-30T14:55:16.517383
tlringer,skipped,,,,,2026-03-30T14:55:23.268531
Cunuduh,skipped,,,,,2026-03-30T14:55:33.489792
imlavaraju,skipped,,,,,2026-03-30T14:55:40.741504
NiteshSaini4,skipped,,,,,2026-03-30T14:55:59.632733
roxanne-mackinnon,skipped,,,,,2026-03-30T14:56:18.990333
magigugu,skipped,,,,,2026-03-30T14:56:37.047035
cammerbroscammerbro,skipped,,,,,2026-03-30T14:56:56.039122
Aryco26,skipped,,,,,2026-03-30T14:57:14.721392
fnielsen,skipped,DK,,0,0,2026-03-30T14:57:24.420500
VaNaChiMa,skipped,,,,,2026-03-30T14:57:34.430658
tronghoang98,skipped,,,,,2026-03-30T14:57:40.533995
DunamisMax,skipped,,,,,2026-03-30T14:57:50.579121
palmergk,skipped,NG,,32,0,2026-03-30T14:58:09.283243
0xPROSTO,skipped,,,,,2026-03-30T14:58:28.501221
Ambition9186,skipped,,,,,2026-03-30T14:58:31.639697
palmeiroerick,skipped,,,,,2026-03-30T14:58:38.357429
twoneis,scored,NL,0.1358,21,56,2026-03-30T14:58:58.275424
phamcongchung,skipped,,,,,2026-03-30T14:59:17.431286
ninjageek78,skipped,,,,,2026-03-30T14:59:26.770075
lindascarano,skipped,,,,,2026-03-30T14:59:45.238809
aws-aemilia-icn,skipped,,,,,2026-03-30T15:00:03.151820
MarinaYadevich,skipped,,,,,2026-03-30T15:00:22.574431
sergey-kozub,skipped,CH,,0,80,2026-03-30T15:00:29.177872
grahamstark,skipped,GB,,0,0,2026-03-30T15:00:35.945365
MineRaphi,scored,AT,0.0462,5,21,2026-03-30T15:00:56.318335
tjbck,skipped,,,,,2026-03-30T15:01:16.294361
AnupriyaRathaur,skipped,,,,,2026-03-30T15:01:36.203472
Bpost129,skipped,,,,,2026-03-30T15:01:46.011285
NinaBucic,skipped,HR,,,,2026-03-30T15:02:05.246786
Subhashyd,skipped,,,,,2026-03-30T15:02:17.697401
smclacke,skipped,,,,,2026-03-30T15:02:28.438678
kerfaiyass54,skipped,,,,,2026-03-30T15:02:39.417862
ToastmastersLee,skipped,,,,,2026-03-30T15:02:45.676740
triple0t,skipped,NG,,0,0,2026-03-30T15:03:01.376222
funkyhippo,skipped,,,,,2026-03-30T15:03:08.074447
HelaKali1,skipped,,,,,2026-03-30T15:03:27.087181
Jayjayd753,skipped,,,,,2026-03-30T15:03:46.611696
Sangioo,skipped,IT,,0,100,2026-03-30T15:03:53.638694
firas-rebai,skipped,,,,,2026-03-30T15:04:14.235585
VenusKing1026,skipped,CN,,0,17,2026-03-30T15:04:29.956453
Trox824,skipped,,,,,2026-03-30T15:04:48.980124
sparktech989,skipped,,,,,2026-03-30T15:05:01.955467
CharlotteHVA,skipped,NL,,0,21,2026-03-30T15:05:25.272831
arulandu,skipped,,,,,2026-03-30T15:05:41.304352
bruhu,skipped,DE,,0,12,2026-03-30T15:05:47.706036
NaoufalElmeskini,skipped,,,,,2026-03-30T15:06:06.705730
FlyRideR1986,skipped,,,,,2026-03-30T15:06:13.786414
LennyTaelman,skipped,,,,,2026-03-30T15:06:24.060795
vulogov,skipped,,,,,2026-03-30T15:06:42.881860
hsniama,skipped,,,,,2026-03-30T15:06:58.669127
ArmaanSingh04,skipped,,,,,2026-03-30T15:07:23.366971
Welcome-Stasic,skipped,,,,,2026-03-30T15:07:43.139049
SogolHaghighat,skipped,,,,,2026-03-30T15:07:52.738489
vikramkumartejani,skipped,,,,,2026-03-30T15:08:11.587620
Shubham6-9,skipped,,,,,2026-03-30T15:08:30.363566
drlefevre,skipped,,,,,2026-03-30T15:08:40.384260
JunRain2,skipped,,,,,2026-03-30T15:08:51.776299
ft6066,skipped,,,,,2026-03-30T15:09:07.697131
TheCyberWeaver,scored,DE,0.0907,50,7,2026-03-30T15:09:26.577253
ShantoOBS,scored,BD,0.1237,37,63,2026-03-30T15:09:46.756430
Kercson17,skipped,,,,,2026-03-30T15:10:05.488800
LuisMichelP,skipped,,,,,2026-03-30T15:10:24.028224
DavidFdzAliseda,skipped,,,,,2026-03-30T15:10:33.496771
MdMirzaShihab,skipped,,,,,2026-03-30T15:10:48.890699
0to1e,skipped,,,,,2026-03-30T15:11:07.622426
yuyunjae,skipped,KR,,48,0,2026-03-30T15:11:27.111039
GokaiInfinity,skipped,,,,,2026-03-30T15:11:46.224197
NerakNightmare,skipped,,,,,2026-03-30T15:12:01.663847
leo4stone,skipped,,,,,2026-03-30T15:12:17.167143
DAYANAOVALLE,skipped,,,,,2026-03-30T15:12:30.008116
nickhealGDS,skipped,,,,,2026-03-30T15:12:45.648373
aadriellyy,skipped,,,,,2026-03-30T15:13:06.307095
Bharath-S-V,skipped,IN,,18,0,2026-03-30T15:13:22.586463
JingxuOuyang,skipped,,,,,2026-03-30T15:13:31.970902
BlueFinBima,skipped,GB,,0,0,2026-03-30T15:13:44.798757
Geetha-RK,skipped,CA,,0,75,2026-03-30T15:14:03.893984
paulbrauner-da,skipped,,,,,2026-03-30T15:14:06.818283
lxZLR,skipped,,,,,2026-03-30T15:14:22.286316
roodi-dev,skipped,,,,,2026-03-30T15:14:41.604039
llivigni,skipped,,,,,2026-03-30T15:14:57.330658
pallavi-student,skipped,,,,,2026-03-30T15:15:19.176433
VitHonc,skipped,,,,,2026-03-30T15:15:25.690880
tvm2360,skipped,,,,,2026-03-30T15:15:45.313987
acampb46,skipped,,,,,2026-03-30T15:16:01.466096
Anshik01,skipped,,,,,2026-03-30T15:16:20.736334
AnJungGeon,scored,KR,0.0628,6,6,2026-03-30T15:16:39.442608
Selaelo1,skipped,,,,,2026-03-30T15:16:58.937792
Kroszborg,skipped,IN,,20,0,2026-03-30T15:17:18.139713
stonksmasters,skipped,,,,,2026-03-30T15:17:35.016807
mirooon,skipped,PL,,0,0,2026-03-30T15:17:45.280053
barissemerci,skipped,,,,,2026-03-30T15:17:55.497693
sahajrajmalla,skipped,NP,,0,0,2026-03-30T15:18:16.454202
Ranjithbaswaraju,skipped,,,,,2026-03-30T15:18:35.833539
do-not-do-that,skipped,,,,,2026-03-30T15:18:48.938534
SamuelOshin,skipped,,,,,2026-03-30T15:19:05.690761
ffedox,skipped,IT,,99,1,2026-03-30T15:19:16.297732
LucasBurriel,skipped,,,,,2026-03-30T15:19:29.618510
GlobuX,skipped,,,,,2026-03-30T15:19:46.273560
ksm9399,skipped,,,,,2026-03-30T15:20:05.143250
ixhamza,skipped,,,,,2026-03-30T15:20:08.327222
SmartParkMinHyuk,skipped,,,,,2026-03-30T15:20:24.922893
doggoley,skipped,,,,,2026-03-30T15:20:27.824512
JohnnyGOX17,skipped,,,,,2026-03-30T15:20:34.709124
tirthpandya1,skipped,,,,,2026-03-30T15:20:53.813438
xxxxyu,skipped,CN,,0,88,2026-03-30T15:21:16.416561
GigaProgramm,skipped,,,,,2026-03-30T15:21:23.379612
kyotosanayi,skipped,,,,,2026-03-30T15:21:42.522567
Jmuccigr,skipped,,,,,2026-03-30T15:21:50.705086
kyss0311,skipped,,,,,2026-03-30T15:22:09.547587
ai-ahsan,skipped,,,,,2026-03-30T15:22:16.989624
Hansest,skipped,CN,,0,7,2026-03-30T15:22:23.134254
Dhivya-SF4094,skipped,,,,,2026-03-30T15:22:29.200717
andersonr-odrigo,skipped,,,,,2026-03-30T15:22:36.117640
mayorova,skipped,ES,,0,0,2026-03-30T15:22:42.670137
zargarzadehm,skipped,,,,,2026-03-30T15:23:00.041404
imaboylol,skipped,,,,,2026-03-30T15:23:09.895670
Z102F,skipped,,,,,2026-03-30T15:23:29.157246
leticiaron,skipped,,,,,2026-03-30T15:23:48.388837
Pubgmad,skipped,IN,,0,28,2026-03-30T15:24:07.506625
Sai-Chandra-Sriramula,skipped,,,,,2026-03-30T15:24:18.515828
brianchandotcom,skipped,US,,0,0,2026-03-30T15:24:21.494247
acisseJZhong,skipped,,,,,2026-03-30T15:24:40.642778
reyhanefarahii,skipped,,,,,2026-03-30T15:24:55.346250
cizacas,skipped,,,,,2026-03-30T15:25:09.862132
piction165,skipped,,,,,2026-03-30T15:25:17.072555
talibabbas77,skipped,,,,,2026-03-30T15:25:36.494111
JdMasuta,skipped,,,,,2026-03-30T15:25:56.374839
Monoblaster,skipped,,,,,2026-03-30T15:26:13.104376
Soohwan123,scored,KR,0.0465,27,6,2026-03-30T15:26:33.034158
Mow69,skipped,FR,,0,0,2026-03-30T15:26:51.369465
agentframework,skipped,,,,,2026-03-30T15:26:58.425052
Parthsss,skipped,IN,,8,0,2026-03-30T15:27:14.039467
Rookie4567,skipped,,,,,2026-03-30T15:27:20.239803
mafkee,skipped,,,,,2026-03-30T15:27:29.701199
waterlou,skipped,,,,,2026-03-30T15:27:36.083127
davidmgvaz,skipped,,,,,2026-03-30T15:27:54.775062
saltedfishxx,skipped,,,,,2026-03-30T15:28:04.534387
danielrpgj31,skipped,,,,,2026-03-30T15:28:07.609256
cyyever,scored,SG,0.0331,10,9,2026-03-30T15:28:14.189005
Piaar21,skipped,,,,,2026-03-30T15:28:24.147546
purushg16,skipped,,,,,2026-03-30T15:28:43.014519
newshubly,skipped,,,,,2026-03-30T15:28:49.613929
achamorro-dev,skipped,ES,,0,0,2026-03-30T15:29:09.385576
rprado25,skipped,,,,,2026-03-30T15:29:19.233147
Ulia388,skipped,,,,,2026-03-30T15:29:32.080326
RononDex,skipped,CH,,0,0,2026-03-30T15:29:51.241198
stashjones,skipped,,,,,2026-03-30T15:30:01.337977
solaeus,skipped,,,,,2026-03-30T15:30:10.834777
Lukide0,skipped,,,,,2026-03-30T15:30:20.556176
Mroziu0,skipped,,,,,2026-03-30T15:30:39.248833
salmanharitsi,skipped,,,,,2026-03-30T15:30:57.732831
Dumple17,skipped,,,,,2026-03-30T15:31:17.208135
sergs1305,skipped,,,,,2026-03-30T15:31:26.568363
TheGuyFromBSTD,skipped,,,,,2026-03-30T15:31:33.399386
sj0919,skipped,,,,,2026-03-30T15:31:36.521226
Dannatinjaca,skipped,,,,,2026-03-30T15:31:42.935346
frazarshad,skipped,,,,,2026-03-30T15:32:02.850808
Antosik,skipped,,,,,2026-03-30T15:32:10.805072
dav200435,skipped,,,,,2026-03-30T15:32:24.328252
TangYy-Lzu,skipped,,,,,2026-03-30T15:32:36.856102
psh4204,skipped,,,,,2026-03-30T15:32:56.464410
SuhaniBhosale375,skipped,,,,,2026-03-30T15:33:04.004077
HwWobbe,skipped,,,,,2026-03-30T15:33:22.407259
HefkayDev18,skipped,,,,,2026-03-30T15:33:42.852085
drewtuan,skipped,,,,,2026-03-30T15:33:58.003262
VitorHCM,skipped,,,,,2026-03-30T15:34:10.360344
contact2theshreya,skipped,,,,,2026-03-30T15:34:26.699236
pintordev,skipped,KR,,4,0,2026-03-30T15:34:45.349563
hasanshiwantek,skipped,,,,,2026-03-30T15:34:54.444337
srsalari,skipped,,,,,2026-03-30T15:35:10.333346
Eren0414,skipped,,,,,2026-03-30T15:35:29.194690
kipieslim,skipped,,,,,2026-03-30T15:35:32.086936
ms1963,skipped,DE,,0,0,2026-03-30T15:35:51.580259
Cristian-27,skipped,,,,,2026-03-30T15:36:12.819286
EsanRanu,skipped,,,,,2026-03-30T15:36:25.437820
AssiarDev,skipped,,,,,2026-03-30T15:36:36.541471
AnilBiluvala,skipped,,,,,2026-03-30T15:36:56.529430
AndrewQuijano,skipped,US,,0,0,2026-03-30T15:36:59.584292
jeandrek,skipped,NZ,,0,0,2026-03-30T15:37:19.014161
singhvivek7,skipped,IN,,0,0,2026-03-30T15:37:37.317686
ft1573734,skipped,,,,,2026-03-30T15:37:49.391356
pradeepradee1,skipped,,,,,2026-03-30T15:38:09.014490
remi-or,skipped,FR,,0,0,2026-03-30T15:38:27.562727
nizomiddin-rakhimberdiev,skipped,,,,,2026-03-30T15:38:46.950508
mohitsingh4716,skipped,,,,,2026-03-30T15:39:07.837186
mondayy1,skipped,,,,,2026-03-30T15:39:19.415670
yashpreet07,skipped,,,,,2026-03-30T15:39:35.514653
millieXie,skipped,,,,,2026-03-30T15:39:51.724958
MartinYSpasov,skipped,GB,,0,0,2026-03-30T15:40:00.892394
elenatobi,skipped,,,,,2026-03-30T15:40:21.120701
Windaa014,skipped,,,,,2026-03-30T15:40:30.566438
craibo,skipped,AU,,0,100,2026-03-30T15:40:37.879691
ThanhDat-hub,skipped,,,,,2026-03-30T15:40:56.386430
emiilyyou,skipped,,,,,2026-03-30T15:41:15.232311
py241026093,skipped,,,,,2026-03-30T15:41:21.531044
GufengYu520,scored,CN,0.0351,30,32,2026-03-30T15:41:34.636145
agalan8,skipped,ES,,0,100,2026-03-30T15:41:42.142533
tombch,scored,CH,0.0891,39,9,2026-03-30T15:41:55.585377
pedroGermano,skipped,,,,,2026-03-30T15:42:05.560849
Mike-Gilge,skipped,,,,,2026-03-30T15:42:08.493507
lf-,skipped,,,,,2026-03-30T15:42:24.448790
cure,skipped,,,,,2026-03-30T15:42:27.521734
abzel27,skipped,,,,,2026-03-30T15:42:46.106910
ivanisovmaks,skipped,,,,,2026-03-30T15:43:05.679733
humeradev,skipped,,,,,2026-03-30T15:43:24.398218
zoemarie28,skipped,,,,,2026-03-30T15:43:36.936666
ethanflower1903,skipped,US,,0,0,2026-03-30T15:43:57.439901
impostor4291,skipped,,,,,2026-03-30T15:44:03.687678
Nav-Codes,skipped,,,,,2026-03-30T15:44:23.574333
ritanastacio,skipped,,,,,2026-03-30T15:44:29.565783
erha19,skipped,CN,,0,0,2026-03-30T15:44:35.677146
Renzely,skipped,,,,,2026-03-30T15:44:47.209645
Xskullibur,skipped,,,,,2026-03-30T15:45:06.345161
Kpinnoes,skipped,,,,,2026-03-30T15:45:25.822128
ggbotnet,skipped,,,,,2026-03-30T15:45:45.617568
m-iwanicki,skipped,,,,,2026-03-30T15:45:53.687258
bgonc,skipped,,,,,2026-03-30T15:46:04.032473
LbKinging,skipped,,,,,2026-03-30T15:46:10.458421
makukha,skipped,,,,,2026-03-30T15:46:28.894662
FranciscoFarfan,skipped,,,,,2026-03-30T15:46:39.467714
misantibanez,skipped,,,,,2026-03-30T15:46:58.525296
cboburg,skipped,,,,,2026-03-30T15:47:07.825178
ren-joey,skipped,TW,,0,0,2026-03-30T15:47:20.245066
doy,skipped,,,,,2026-03-30T15:47:30.106929
MangariDeeraj,skipped,,,,,2026-03-30T15:47:33.273793
jjyy0804,skipped,,,,,2026-03-30T15:47:52.305154
adriandpExt,skipped,,,,,2026-03-30T15:48:11.586093
RobertMcGregorIsCool,skipped,,,,,2026-03-30T15:48:31.097824
prasanna-badiger-7,skipped,,,,,2026-03-30T15:48:49.773275
bridgetlittle13,skipped,,,,,2026-03-30T15:49:07.833463
scott-snyder,skipped,,,,,2026-03-30T15:49:13.904136
proninsn,skipped,,,,,2026-03-30T15:49:23.094140
Deyvalst,skipped,,,,,2026-03-30T15:49:42.790830
imansmallapple,skipped,PL,,0,41,2026-03-30T15:49:59.137893
feverrun,skipped,,,,,2026-03-30T15:50:02.234003
JasonMerit,skipped,,,,,2026-03-30T15:50:16.301017
zstan,skipped,,,,,2026-03-30T15:50:27.374961
Tonyvdkieft,skipped,,,,,2026-03-30T15:50:31.502055
victoribe01,skipped,,,,,2026-03-30T15:50:41.242180
RiyaHablani,skipped,,,,,2026-03-30T15:50:56.629263
koukarei,skipped,,,,,2026-03-30T15:51:06.515017
MarkNoordraven,skipped,NL,,0,0,2026-03-30T15:51:16.971037
monz111,skipped,,,,,2026-03-30T15:51:25.604604
zihao-cpu,skipped,,,,,2026-03-30T15:51:31.788641
haojieji,skipped,,,,,2026-03-30T15:51:51.401000
angelSuho,skipped,KR,,52,0,2026-03-30T15:52:11.496328
emansibghat,skipped,,,,,2026-03-30T15:52:30.247629
3363957186,skipped,,,,,2026-03-30T15:52:49.150948
GGxcollab,skipped,,,,,2026-03-30T15:53:07.555396
ashutipper,skipped,,,,,2026-03-30T15:53:27.197861
DeathRayXXVII,skipped,,,,,2026-03-30T15:53:37.075818
y4sh1k4,skipped,,,,,2026-03-30T15:53:55.383054
Mcd0nld,skipped,,,,,2026-03-30T15:54:10.908795
HwangYooHyun1,skipped,,,,,2026-03-30T15:54:23.772233
katharinakohls,skipped,,,,,2026-03-30T15:54:40.081076
Besufekad-HAZ,skipped,,,,,2026-03-30T15:54:53.581643
NextGeneration22,skipped,,,,,2026-03-30T15:55:13.831271
Allan-J0hn,skipped,,,,,2026-03-30T15:55:33.839590
swaper1232,skipped,,,,,2026-03-30T15:55:51.987847
leonnicolas,scored,DE,0.1294,16,16,2026-03-30T15:56:12.987993
compdecon,skipped,US,,0,0,2026-03-30T15:56:28.857141
EnockOMONDI,skipped,KE,,0,0,2026-03-30T15:56:47.723101
romani,skipped,,,,,2026-03-30T15:56:55.163110
FelipeBaumgartel,skipped,,,,,2026-03-30T15:57:01.800884
iamnotluka,scored,AU,0.0435,74,26,2026-03-30T15:57:08.496340
shreyashbsw,skipped,,,,,2026-03-30T15:57:24.086919
UnixJunkie,skipped,GB,,30,0,2026-03-30T15:57:41.441411
HaeSim,skipped,,,,,2026-03-30T15:57:51.175434
avtobiff,skipped,,,,,2026-03-30T15:58:04.305145
npfedwards,skipped,GB,,0,0,2026-03-30T15:58:20.807011
Alphazng,skipped,,,,,2026-03-30T15:58:36.166681
wyatt-avilla,skipped,,,,,2026-03-30T15:58:49.415528
Freego1783,skipped,FR,,3,2,2026-03-30T15:58:55.873101
Herbenne,skipped,,,,,2026-03-30T15:59:14.570332
AnnaMZieli,skipped,,,,,2026-03-30T15:59:34.603127
GowthamAkula89,skipped,,,,,2026-03-30T15:59:50.569876
JassinAlSafe,skipped,SE,,0,0,2026-03-30T16:00:09.212369
takechi-scratch,skipped,,,,,2026-03-30T16:00:25.040687
dc-tec,skipped,,,,,2026-03-30T16:00:42.084859
musmeong,skipped,,,,,2026-03-30T16:00:57.735228
jakeactually,skipped,,,,,2026-03-30T16:01:19.246804
maxidragon,scored,PL,0.0267,95,5,2026-03-30T16:01:37.248278
Hamzaqureshi401,skipped,,,,,2026-03-30T16:01:47.250273
KohanskyiSasha,skipped,,,,,2026-03-30T16:02:06.807107
mkohlhaas,skipped,,,,,2026-03-30T16:02:13.467355
kevinbackhouse,skipped,GB,,0,0,2026-03-30T16:02:26.009887
snrk0622,skipped,,,,,2026-03-30T16:02:44.975911
10playqualiyarin,skipped,,,,,2026-03-30T16:02:54.832589
lukeliu,skipped,,,,,2026-03-30T16:03:10.595243
Hanyuezhuohua,skipped,US,,0,0,2026-03-30T16:03:30.126078
bedelmk1311,skipped,,,,,2026-03-30T16:03:49.009187
OhWonJu,skipped,KR,,5,0,2026-03-30T16:03:58.818829
sunnyhaibin,skipped,,,,,2026-03-30T16:04:07.772708
jai-sanghvi,skipped,,,,,2026-03-30T16:04:24.198987
Ritij-AI-Artisan,skipped,,,,,2026-03-30T16:04:46.619509
lssy89723,skipped,,,,,2026-03-30T16:04:53.936622
dasunwijayathilaka,skipped,LK,,0,73,2026-03-30T16:05:14.089641
niksava,skipped,,,,,2026-03-30T16:05:34.297802
borcherd,skipped,BE,,77,0,2026-03-30T16:05:50.886868
ksu14044,skipped,,,,,2026-03-30T16:06:09.996987
SuriyaRamesh,skipped,,,,,2026-03-30T16:06:28.866233
sandyjuanc460,skipped,,,,,2026-03-30T16:06:36.143992
Pzzles,skipped,,,,,2026-03-30T16:06:54.631512
JayaramH2908,skipped,IN,,0,21,2026-03-30T16:07:04.339713
Vanesh4,skipped,CO,,100,0,2026-03-30T16:07:17.781174
keif888,skipped,AU,,2,0,2026-03-30T16:07:33.694092
domrachev03,skipped,,,,,2026-03-30T16:07:53.393393
VRKdr,skipped,,,,,2026-03-30T16:08:09.206905
Mallik-3112,skipped,,,,,2026-03-30T16:08:18.975415
chengdevith,skipped,,,,,2026-03-30T16:08:37.621032
MarcusRLE,skipped,,,,,2026-03-30T16:08:58.584945
RemyCastella,skipped,,,,,2026-03-30T16:09:19.800923
Skewered,skipped,,,,,2026-03-30T16:09:36.093686
daniel-hasan,skipped,,,,,2026-03-30T22:17:04.450429
multiyozhik,skipped,,,,,2026-03-30T22:17:20.491477
Hripsime33,skipped,,,,,2026-03-30T22:17:35.877224
jjmullan,skipped,,,,,2026-03-30T22:17:42.997797
vsevolodnedora,skipped,DE,,3,0,2026-03-30T22:17:55.868298
Guru-vignesh-2001,skipped,,,,,2026-03-30T22:18:05.039166
RomannaBidnyk,skipped,,,,,2026-03-30T22:18:25.730031
reynave,skipped,,,,,2026-03-30T22:18:52.567362
byteflyfunny,skipped,,,,,2026-03-30T22:18:55.558114
AltaArts,skipped,,,,,2026-03-30T22:19:12.048769
RamaLakshmi5161,skipped,,,,,2026-03-30T22:19:17.948948
sctech-tr,skipped,,,,,2026-03-30T22:19:25.112010
HelioFabricio,skipped,,,,,2026-03-30T22:19:44.029321
AdityaRDX,skipped,IN,,4,18,2026-03-30T22:20:00.078829
tracenarts,skipped,,,,,2026-03-30T22:20:09.334286
Seygy31,skipped,,,,,2026-03-30T22:20:25.991846
TrisahWaini,skipped,,,,,2026-03-30T22:20:35.555449
haccchan,skipped,,,,,2026-03-30T22:20:50.917723
komodoSam,skipped,,,,,2026-03-30T22:21:06.289606
erloncabral,skipped,,,,,2026-03-30T22:21:22.030554
yimenggg,skipped,,,,,2026-03-30T22:21:35.631749
SpandanNagale,skipped,,,,,2026-03-30T22:21:54.515218
shruti0503,skipped,,,,,2026-03-30T22:22:06.870098
abhaypardeshii,skipped,,,,,2026-03-30T22:22:16.033317
shifa-91,skipped,,,,,2026-03-30T22:22:22.877141
Ebiethub,skipped,,,,,2026-03-30T22:22:41.941576
jackburrus,skipped,,,,,2026-03-30T22:22:44.931657
xuanzhu9785,skipped,,,,,2026-03-30T22:22:50.881571
alexdlveliz-ciancoders,skipped,,,,,2026-03-30T22:23:10.446105
Faralha,scored,ID,0.0673,19,6,2026-03-30T22:23:29.723331
david-rodriguez-ie,skipped,,,,,2026-03-30T22:23:43.640314
Sofiya-Banmala,skipped,AU,,0,0,2026-03-30T22:24:01.975642
Rxr232,skipped,,,,,2026-03-30T22:24:12.841051
joeleg96,skipped,,,,,2026-03-30T22:24:32.662688
diontools,skipped,,,,,2026-03-30T22:24:35.657847
feng-fire,skipped,,,,,2026-03-30T22:24:41.681771
HelloOjasMutreja,skipped,IN,,25,0,2026-03-30T22:25:00.313156
qzsee,skipped,,,,,2026-03-30T22:25:06.314449
baiitang,skipped,,,,,2026-03-30T22:25:13.229017
valteryde,skipped,,,,,2026-03-30T22:25:29.675937
Advaith3600,skipped,,,,,2026-03-30T22:25:46.694449
AnoopChaleppady,skipped,,,,,2026-03-30T22:26:05.728574
ToreMerkely,skipped,,,,,2026-03-30T22:26:08.710215
DIABLOSER,skipped,,,,,2026-03-30T22:26:28.266395
Filu99,skipped,,,,,2026-03-30T22:26:34.332003
MaxwellW32,skipped,,,,,2026-03-30T22:26:46.506209
gamitej,skipped,IN,,0,0,2026-03-30T22:26:58.700324
msschwartz21,skipped,,,,,2026-03-30T22:27:08.531759
Nelson-Tsa,skipped,,,,,2026-03-30T22:27:27.216354
SvetimFM,scored,US,0.266,5,80,2026-03-30T22:27:46.866464
MissMern,skipped,,,,,2026-03-30T22:28:05.448047
hnrklssn,skipped,US,,0,0,2026-03-30T22:28:14.584379
samuelmaj5,skipped,,,,,2026-03-30T22:28:21.358740
Sahilsharma-ss,skipped,,,,,2026-03-30T22:28:40.715187
zhang-wendi,skipped,,,,,2026-03-30T22:28:57.157165
victorgaard,skipped,,,,,2026-03-30T22:29:10.542951
Adjiarame,skipped,,,,,2026-03-30T22:29:26.318936
valdomantiri01,skipped,,,,,2026-03-30T22:29:39.873163
gerrywang1117,skipped,,,,,2026-03-30T22:29:48.802480
rawgimaster,skipped,,,,,2026-03-30T22:29:55.678306
kavinda101,skipped,,,,,2026-03-30T22:30:02.967077
Jamesfryer1998,skipped,,,,,2026-03-30T22:30:21.922692
Riggs-Lloyd,skipped,,,,,2026-03-30T22:30:27.982865
hoducminh123,skipped,,,,,2026-03-30T22:30:47.005798
MrJoshGross,skipped,,,,,2026-03-30T22:30:53.428388
valeriadamante,skipped,,,,,2026-03-30T22:30:56.654840
Kishor978,skipped,,,,,2026-03-30T22:31:13.070073
882006,skipped,,,,,2026-03-30T22:31:19.786710
en-sc,skipped,,,,,2026-03-30T22:31:22.808561
tuncAksuna,skipped,,,,,2026-03-30T22:31:40.987853
MicaelLucasDT,skipped,,,,,2026-03-30T22:32:00.375371
Gchbg,skipped,,,,,2026-03-30T22:32:06.665466
sloria,skipped,US,,0,0,2026-03-30T22:32:16.610222
huasheng6656,skipped,,,,,2026-03-30T22:32:22.815212
mahalabsi,skipped,,,,,2026-03-30T22:32:41.568892
agusnt,skipped,ES,,0,0,2026-03-30T22:32:53.771359
IEPrasad,skipped,,,,,2026-03-30T22:32:58.116602
borisBoris17,skipped,,,,,2026-03-31T10:52:29.051194
fostersnt,skipped,,,,,2026-03-31T10:52:46.593112
ahmedkh67,skipped,,,,,2026-03-31T10:53:04.599901
manbearwiz,skipped,US,,0,0,2026-03-31T10:53:07.413032
Sangun-Choi,skipped,,,,,2026-03-31T10:53:13.295563
spicycoder,skipped,IN,,30,1,2026-03-31T10:53:32.753100
aidankmcalister,skipped,US,,19,0,2026-03-31T10:53:47.893816
PedroHSN98,skipped,,,,,2026-03-31T10:54:03.502392
arilamstein,skipped,US,,0,0,2026-03-31T10:54:16.878226
gxiaosong,skipped,CN,,0,0,2026-03-31T11:02:17.810037
Lampese,scored,CN,0.0241,56,31,2026-03-31T11:02:31.002955
viveksinghnarwaria,skipped,US,,0,0,2026-03-31T11:02:33.933125
Rain-Gayming,skipped,,,,,2026-03-31T11:02:51.734592
wintangz,skipped,,,,,2026-03-31T11:03:01.262796
jaredesteban,skipped,,,,,2026-03-31T11:03:07.993139
NeriyaFilber,skipped,,,,,2026-03-31T11:03:19.704785
RomainB78,skipped,,,,,2026-03-31T11:03:25.832637
iamwisdom97,skipped,,,,,2026-03-31T11:03:44.722993
heetbeet,skipped,,,,,2026-03-31T11:04:03.690790
Erliandikasyahputraa,scored,ID,0.1318,6,32,2026-03-31T11:04:15.953472
khalifan-kfan,skipped,,,,,2026-03-31T11:04:35.095541
laurenceKohli,skipped,,,,,2026-03-31T11:04:42.628279
peruvianidol,scored,US,0.1384,6,43,2026-03-31T11:05:01.853005
j1nh0,skipped,,,,,2026-03-31T11:05:19.452385
YeyeFull,skipped,,,,,2026-03-31T11:05:26.038927
metamike23,skipped,,,,,2026-03-31T11:05:43.809382
marceloses,skipped,BR,,0,44,2026-03-31T11:05:55.752709
derekjgrove,skipped,,,,,2026-03-31T11:06:13.173963
YYSSKK1,skipped,,,,,2026-03-31T11:06:22.194418
yejively,scored,KR,0.0334,8,5,2026-03-31T11:06:34.046645
vinisouz4,skipped,BR,,0,8,2026-03-31T11:06:48.759199
theadityakr,skipped,IN,,0,12,2026-03-31T11:07:07.002414
ihomp,skipped,SE,,0,0,2026-03-31T11:07:09.898215
ratul-724,skipped,BD,,0,1,2026-03-31T11:07:27.244209
ygtbal,skipped,,,,,2026-03-31T11:07:45.267039
anton-buds,skipped,,,,,2026-03-31T11:08:03.417757
bmcdonald3,skipped,,,,,2026-03-31T11:08:18.518406
Lix3nn53,skipped,TR,,17,1,2026-03-31T11:08:28.322613
jinyoung0711,skipped,,,,,2026-03-31T11:08:46.637771
Arin1611,skipped,,,,,2026-03-31T11:09:04.505279
arkarOnHub,skipped,,,,,2026-03-31T11:09:21.804062
mdoering,skipped,DE,,2,0,2026-03-31T11:09:30.681382
coghcogh0411,skipped,,,,,2026-03-31T11:09:39.876760
paul-maidment,skipped,,,,,2026-03-31T11:09:48.490301
ssoima,skipped,,,,,2026-03-31T11:10:00.915267
Rahulpa045,skipped,,,,,2026-03-31T11:10:06.682887
akarthik1910,skipped,,,,,2026-03-31T11:10:15.597295
agnij-dutta,skipped,,,,,2026-03-31T11:10:34.457926
Hyobeen-Park,skipped,,,,,2026-03-31T11:10:46.903368
jauregao,skipped,,,,,2026-03-31T11:10:58.659932
Kevindecastro,skipped,,,,,2026-03-31T11:11:07.626197
Infordatadhs,skipped,,,,,2026-03-31T11:11:19.248098
Prudence152,skipped,,,,,2026-03-31T11:11:27.831767
Yoon-Ro,skipped,,,,,2026-03-31T11:11:44.996795
nintendont-fanboy,skipped,,,,,2026-03-31T11:11:47.780875
Himanshupokhriyal1305,skipped,,,,,2026-03-31T11:12:05.885483
Kaua-Silva-Eshows,skipped,,,,,2026-03-31T11:12:12.420159
rsurana-atri,skipped,,,,,2026-03-31T11:12:27.333524
sophie-myk,skipped,,,,,2026-03-31T11:12:37.331615
jhortizu01,skipped,,,,,2026-03-31T11:12:50.036810
edwinmoreno77,skipped,CL,,11,0,2026-03-31T11:13:07.597372
blacktipit-admin,skipped,,,,,2026-03-31T11:13:10.320979
ebbeknudsen,skipped,,,,,2026-03-31T11:13:19.380166
andreaspeters,skipped,DE,,0,0,2026-03-31T11:13:37.458714
pvcnt,skipped,FR,,0,0,2026-03-31T11:13:50.921539
seintpl,skipped,,,,,2026-03-31T11:14:09.535888
ayushaga14,skipped,,,,,2026-03-31T11:14:15.046925
tsukagoshi1025,skipped,,,,,2026-03-31T11:14:21.292206
clef-men,skipped,,,,,2026-03-31T11:14:27.416207
icereed,skipped,DE,,0,0,2026-03-31T11:14:38.883423
2DAM-adrianrod493,skipped,,,,,2026-03-31T11:14:52.470151
YerayIBF,skipped,,,,,2026-03-31T11:15:07.398945
MickeyMoz,skipped,,,,,2026-03-31T11:15:11.493656
Hoang993007,skipped,,,,,2026-03-31T11:15:28.969097
antonweizmann,skipped,,,,,2026-03-31T11:15:46.945594
Aya-daaboul,skipped,,,,,2026-03-31T11:15:52.756524
adidas820,skipped,ES,,0,20,2026-03-31T11:16:07.437067
mnbvcxzyj,skipped,,,,,2026-03-31T11:16:17.728154
Mithra-J,skipped,,,,,2026-03-31T11:16:37.681818
jaketimothy,skipped,,,,,2026-03-31T11:16:53.547054
Aryam2121,skipped,,,,,2026-03-31T11:17:11.576568
koshikraj,skipped,IN,,0,0,2026-03-31T11:17:29.196720
SPYDER46,skipped,IN,,0,3,2026-03-31T11:17:43.750688
luoxiao-supermap,skipped,,,,,2026-03-31T11:17:46.624433
a1234441,skipped,,,,,2026-03-31T11:17:55.928355
AnkushGitRepo,skipped,IN,,0,100,2026-03-31T11:18:11.175143
terezaconst,skipped,,,,,2026-03-31T11:18:23.693934
UNKNOWN-SAINT,skipped,,,,,2026-03-31T11:18:27.620422
Lars1156,skipped,,,,,2026-03-31T11:18:44.638935
arjitgithub,skipped,,,,,2026-03-31T11:19:02.483512
amaantootla,skipped,,,,,2026-03-31T11:19:14.327116
Tyrannicodin,skipped,,,,,2026-03-31T11:19:29.790643
Scandal46,skipped,,,,,2026-03-31T11:19:41.987723
RostislavZeberg,skipped,,,,,2026-03-31T11:19:59.489654
Pahnzen1,skipped,,,,,2026-03-31T11:20:12.942683
MaxTheWhale,skipped,BE,,0,0,2026-03-31T11:20:28.327382
shashank-u03,skipped,,,,,2026-03-31T11:20:46.578892
ststeiger,skipped,CH,,0,0,2026-03-31T11:21:04.170788
shubhampund9325,skipped,,,,,2026-03-31T11:21:22.215970
RohitKumar608,skipped,IN,,0,0,2026-03-31T11:21:25.163211
vanglin,skipped,,,,,2026-03-31T11:21:34.058425
Tom-lchg,scored,FR,0.0635,12,8,2026-03-31T11:21:42.797173
Bonnyx1,skipped,,,,,2026-03-31T11:21:48.398906
GGERRYDEV,skipped,,,,,2026-03-31T11:21:54.327507
devb0x,skipped,,,,,2026-03-31T11:22:12.138684
MomentQYC,skipped,,,,,2026-03-31T11:22:21.062342
DibbayajyotiRoy,skipped,IN,,61,0,2026-03-31T11:22:33.385515
inon-13,skipped,,,,,2026-03-31T11:22:49.150520
novandi18,skipped,ID,,0,0,2026-03-31T11:23:07.805038
bclement-ocp,skipped,FR,,1,0,2026-03-31T11:23:13.492115
alexias1,skipped,,,,,2026-03-31T11:23:30.874756
1bigC13,skipped,,,,,2026-03-31T11:23:33.578450
rsZWang,skipped,TW,,0,0,2026-03-31T11:23:47.903001
reblocke,skipped,,,,,2026-03-31T11:24:00.298313
BastianNelsonGalvez,skipped,,,,,2026-03-31T11:24:11.787744
georgiisafonkin,skipped,,,,,2026-03-31T11:24:24.420913
Tsarles,skipped,,,,,2026-03-31T11:24:42.358802
ElijahDelaRosa,skipped,,,,,2026-03-31T11:24:53.892918
beatadeleon,skipped,,,,,2026-03-31T11:24:56.623063
huanxiaomang,scored,CN,0.2356,14,6,2026-03-31T11:25:11.519738
ryasrk,skipped,,,,,2026-03-31T11:25:26.479235
Buhua-Liu,skipped,,,,,2026-03-31T11:25:35.902403
BRKalow,skipped,,,,,2026-03-31T11:25:46.010913
apancik,skipped,,,,,2026-03-31T11:26:03.362670
y3none,skipped,,,,,2026-03-31T11:26:11.985845
Ale-Jez,skipped,,,,,2026-03-31T11:26:31.228277
Vlatombe,skipped,FR,,0,0,2026-03-31T11:26:34.025071
Rein-ArXiv,skipped,,,,,2026-03-31T11:26:46.691308
utkarsh-123,skipped,,,,,2026-03-31T11:26:55.703310
tushyagupta81,skipped,IN,,0,1,2026-03-31T11:27:13.172068
Chris-0307,skipped,,,,,2026-03-31T11:27:31.215042
gusejr4547,skipped,KR,,11,0,2026-03-31T11:27:46.184905
Mike352-design,skipped,,,,,2026-03-31T11:27:55.993246
IVEHydra,skipped,,,,,2026-03-31T11:28:08.785779
GHLandy,skipped,,,,,2026-03-31T11:28:21.481605
umairalipathan1980,skipped,,,,,2026-03-31T11:28:39.750371
mstetter,skipped,,,,,2026-03-31T11:28:51.848027
ualex73,skipped,NL,,1,0,2026-03-31T11:29:04.923683
PaidiMuniKishore,skipped,IN,,4,8,2026-03-31T11:29:23.427760
jeje-ar,skipped,,,,,2026-03-31T11:29:35.178891
Mgphone,skipped,,,,,2026-03-31T11:29:53.679738
saisarmarachakonda,skipped,,,,,2026-03-31T11:30:12.186419
AngelRomanC,skipped,,,,,2026-03-31T11:30:29.764327
petermaringer,skipped,,,,,2026-03-31T11:30:36.417544
Indra-db,skipped,,,,,2026-03-31T11:30:50.220505
linnaid,skipped,,,,,2026-03-31T11:31:00.488593
Vixxxz,skipped,,,,,2026-03-31T11:31:09.338470
brunoedu4rdo,skipped,,,,,2026-03-31T11:31:27.631516
hudem1,skipped,,,,,2026-03-31T11:31:42.803542
route250,skipped,,,,,2026-03-31T11:32:01.976633
pablodupret,skipped,,,,,2026-03-31T11:32:20.484714
beatdash,skipped,,,,,2026-03-31T11:32:26.480150
Xerronn,skipped,,,,,2026-03-31T11:32:36.008382
AriPerkkio,skipped,FI,,0,0,2026-03-31T11:32:53.755571
ThiruDev50,scored,IN,0.0644,16,21,2026-03-31T11:33:11.939347
Cjake28,skipped,,,,,2026-03-31T11:33:18.873972
idg10,skipped,GB,,0,0,2026-03-31T11:33:30.797511
ArteMwqa,skipped,,,,,2026-03-31T11:33:39.637142
xunge,skipped,,,,,2026-03-31T11:33:51.203800
Mother1teresa,skipped,,,,,2026-03-31T11:34:08.881159
JuanmiAcosta,skipped,,,,,2026-03-31T11:34:27.679103
M-Laetitia,scored,FR,0.0403,93,7,2026-03-31T11:34:40.713267
SakeenaMajeed,skipped,,,,,2026-03-31T11:34:58.966901
Zimex01,skipped,,,,,2026-03-31T11:35:10.924788
Yorunina,skipped,,,,,2026-03-31T11:35:28.708479
ErTreK8,skipped,,,,,2026-03-31T11:35:46.286474
ulises-jimenez07,skipped,,,,,2026-03-31T11:36:02.103166
NirWolfer,skipped,,,,,2026-03-31T11:36:04.972746
kaungzhan,skipped,,,,,2026-03-31T11:36:22.568238
Alpha-1729,skipped,,,,,2026-03-31T11:36:25.419449
EdoardoDd,skipped,,,,,2026-03-31T11:36:31.154936
aavash-ww,skipped,,,,,2026-03-31T11:36:48.766443
vongtrung,skipped,,,,,2026-03-31T11:36:54.350108
AzdenO,skipped,,,,,2026-03-31T11:37:06.279851
olovy,skipped,,,,,2026-03-31T11:37:09.066304
Alejandro5486,skipped,,,,,2026-03-31T11:37:19.661527
kurzii-0903,skipped,,,,,2026-03-31T11:37:34.966575
illysito,skipped,,,,,2026-03-31T11:37:50.496985
Const-Ali,skipped,,,,,2026-03-31T11:37:56.589237
Nomos11,skipped,,,,,2026-03-31T11:38:01.142046
rolandoto,skipped,CO,,0,0,2026-03-31T11:38:18.185667
morakib,skipped,,,,,2026-03-31T11:38:36.342368
mithilwane,skipped,IN,,0,0,2026-03-31T11:38:54.622061
stanislavsemeniuk,skipped,CZ,,1,83,2026-03-31T11:39:09.784285
jllamasr11,skipped,,,,,2026-03-31T11:39:15.350598
sfc-gh-kambady,skipped,,,,,2026-03-31T11:39:21.275819
Jithin027,skipped,,,,,2026-03-31T11:39:30.293494
Ianzinn,skipped,,,,,2026-03-31T11:39:49.059164
Janak-Baldaniya,skipped,,,,,2026-03-31T11:40:06.277759
SSpindt,skipped,,,,,2026-03-31T11:40:15.117299
crispinprojects,skipped,,,,,2026-03-31T11:40:38.790193
afrocha99,skipped,,,,,2026-03-31T11:40:47.297079
AryanJaiswal763,skipped,,,,,2026-03-31T11:40:56.485211
luizfelipe20006,skipped,,,,,2026-03-31T11:41:16.506503
zaky02,skipped,,,,,2026-03-31T11:41:25.866778
benhepworth,skipped,US,,0,26,2026-03-31T11:41:37.818094
DiegoHerreraGre,skipped,CL,,0,70,2026-03-31T11:41:56.645260
sdslack,skipped,,,,,2026-03-31T11:42:06.597169
kishankumar22,skipped,,,,,2026-03-31T11:42:24.219201
a-agmon,skipped,,,,,2026-03-31T11:42:39.443568
holatuwol,skipped,,,,,2026-03-31T11:42:45.120569
bhagwatankita,skipped,,,,,2026-03-31T11:43:02.711513
yatryan,skipped,US,,0,0,2026-03-31T11:43:08.439344
DevMobyEnd,skipped,,,,,2026-03-31T11:43:25.558048
anenadic,skipped,GB,,0,0,2026-03-31T11:43:34.444875
Norhan-salem,scored,EG,0.0286,32,31,2026-03-31T11:43:50.508527
eswars86,skipped,,,,,2026-03-31T11:44:05.738907
dfrazzitta,skipped,,,,,2026-03-31T11:44:20.804506
donghyunkoo,skipped,,,,,2026-03-31T11:44:32.856273
KhaledChehabeddine,skipped,,,,,2026-03-31T11:44:41.325366
Papa1999,skipped,,,,,2026-03-31T11:44:58.602592
mauremathieu,skipped,,,,,2026-03-31T11:45:10.109683
Abhishekayodhyaaaa,skipped,,,,,2026-03-31T11:45:25.185863
SpikeViper,skipped,US,,0,0,2026-03-31T11:45:43.788786
zLeonzxc,skipped,,,,,2026-03-31T11:45:50.029199
brahimsaadii,skipped,,,,,2026-03-31T11:46:08.208332
bffo-0,skipped,,,,,2026-03-31T11:46:14.337966
OgaoNeema,skipped,,,,,2026-03-31T11:46:27.258565
ashushetty,skipped,,,,,2026-03-31T11:46:46.496606
bozzhik,skipped,,,,,2026-03-31T11:46:56.116944
FatherSword,skipped,,,,,2026-03-31T11:47:10.920027
BoningZ,skipped,GB,,0,0,2026-03-31T11:47:28.618699
IamK77,skipped,,,,,2026-03-31T11:47:40.764928
RonaldBarberi,skipped,,,,,2026-03-31T11:47:58.567349
totoLab,skipped,IT,,37,0,2026-03-31T11:48:13.828307
waterluy,skipped,,,,,2026-03-31T11:48:28.660212
halseth,skipped,,,,,2026-03-31T11:48:46.602357
Altunnel,skipped,,,,,2026-03-31T11:48:52.722705
Navnath3864,skipped,IN,,6,0,2026-03-31T11:49:09.756305
robert-affinidi,skipped,,,,,2026-03-31T11:49:12.431812
chrisdeutsch,skipped,DE,,0,0,2026-03-31T11:49:18.686512
Daniel1798-web,skipped,AR,,3,0,2026-03-31T11:49:36.586731
gekoke,skipped,,,,,2026-03-31T11:49:54.018932
nitrus619,skipped,,,,,2026-03-31T11:49:58.116802
kimeojin35,skipped,,,,,2026-03-31T11:50:07.440807
harshreact,skipped,,,,,2026-03-31T11:50:24.889588
TayTelar,skipped,,,,,2026-03-31T11:50:39.518701
ebolyen,skipped,,,,,2026-03-31T11:50:51.071724
us-ja,skipped,,,,,2026-03-31T11:50:59.692844
dhdeangelis,scored,SE,0.1282,5,15,2026-03-31T11:51:12.663422
lnt,skipped,IN,,0,0,2026-03-31T11:51:27.120161
Pritam1136,scored,IN,0.0265,17,5,2026-03-31T11:51:41.999010
m-lmi,skipped,,,,,2026-03-31T11:51:48.345565
liborjelinek,skipped,,,,,2026-03-31T11:51:53.951408
UKChris-osm,scored,GB,0.0303,27,44,2026-03-31T11:52:06.815055
qapps-forks,skipped,US,,0,0,2026-03-31T11:52:09.680994
Holyhelper1,skipped,,,,,2026-03-31T11:52:27.378456
maruchacro,skipped,,,,,2026-03-31T11:52:44.389035
ZAHERKRYEM,skipped,,,,,2026-03-31T11:53:02.202251
TuJinSAMA,skipped,CN,,31,0,2026-03-31T11:53:20.080062
lwamuhaji,skipped,,,,,2026-03-31T11:53:36.413066
duvarakeshss,skipped,,,,,2026-03-31T11:53:52.786123
Deepti-lodhi-2003,skipped,,,,,2026-03-31T11:54:09.994968
pudo,skipped,DE,,3,0,2026-03-31T11:54:28.467748
WalidBenzineb,skipped,,,,,2026-03-31T11:54:46.647708
Consultordevia,skipped,,,,,2026-03-31T11:54:58.695954
lukasflavio,skipped,,,,,2026-03-31T11:55:16.204779
sparkling-wild-fire,skipped,,,,,2026-03-31T11:55:25.473827
zsanifekete,skipped,,,,,2026-03-31T11:55:34.073173
jsrafi,skipped,,,,,2026-03-31T11:55:51.589979
BesuDev195,skipped,ET,,,,2026-03-31T11:56:10.092078
Parameshy,skipped,,,,,2026-03-31T11:56:27.445182
eonnui,skipped,,,,,2026-03-31T11:56:45.389693
elitho,skipped,,,,,2026-03-31T11:57:00.241658
mattseddon,skipped,,,,,2026-03-31T11:57:10.167088
StafLoker,skipped,,,,,2026-03-31T11:57:22.873249
thecypherzen,skipped,,,,,2026-03-31T11:57:40.358930
cjlee01,skipped,,,,,2026-03-31T11:57:49.148377
dccarter,skipped,,,,,2026-03-31T11:58:04.587476
khovratovich,skipped,,,,,2026-03-31T11:58:18.762558
failfmi,skipped,,,,,2026-03-31T11:58:30.734842
t-webber,skipped,,,,,2026-03-31T11:58:48.744856
mouse-rider,skipped,,,,,2026-03-31T11:59:07.856409
BenjDW,skipped,FR,,0,51,2026-03-31T11:59:26.420824
Mpyykko,skipped,,,,,2026-03-31T11:59:44.575869
kietdz0505,scored,VN,0.0444,40,5,2026-03-31T12:00:00.083281
carlonicolo,skipped,,,,,2026-03-31T12:00:18.800954
cgeils25,skipped,,,,,2026-03-31T12:00:24.649083
WINRARisyou,skipped,,,,,2026-03-31T12:00:33.524224
juanro-pf,skipped,,,,,2026-03-31T12:00:51.176247
Joe-Andrews,skipped,,,,,2026-03-31T12:00:57.354393
dancoates,skipped,AU,,0,0,2026-03-31T12:01:09.310059
itakastudio,skipped,,,,,2026-03-31T12:01:26.380533
NvMahendraVarma,skipped,,,,,2026-03-31T12:01:41.575157
UmeshShewale,skipped,,,,,2026-03-31T12:02:00.405637
johnstont05,skipped,,,,,2026-03-31T12:02:07.514161
natthanon-t,skipped,TH,,1,3,2026-03-31T12:02:25.582973
Ssbullock,skipped,,,,,2026-03-31T12:02:43.735140
Goldbeener,skipped,,,,,2026-03-31T12:02:52.781613
JulioCesarTavarez,skipped,,,,,2026-03-31T12:03:05.040812
Tech0ne,skipped,,,,,2026-03-31T12:03:20.513766
GoHarder,skipped,,,,,2026-03-31T12:03:37.547607
isawangyx,skipped,,,,,2026-03-31T12:03:49.225994
BusraBulut222,skipped,,,,,2026-03-31T12:03:56.415012
khuzema786,skipped,IN,,0,0,2026-03-31T12:04:05.669252
KevinSanchez0522,skipped,,,,,2026-03-31T12:04:11.692343
kienvc,skipped,,,,,2026-03-31T12:04:20.813173
278261631,skipped,,,,,2026-03-31T12:04:32.470336
makstusk,skipped,,,,,2026-03-31T12:04:43.923424
johnforgit,skipped,,,,,2026-03-31T12:04:56.247571
tainarabastosmoco,skipped,,,,,2026-03-31T12:05:10.788751
resulraveendran,skipped,,,,,2026-03-31T12:05:25.012551
tsutsen,skipped,,,,,2026-03-31T12:05:36.930692
Ranjit-Kumar-Nayak,skipped,,,,,2026-03-31T12:05:45.647655
elidupree,skipped,,,,,2026-03-31T12:05:52.284673
fredymcfly,skipped,,,,,2026-03-31T12:06:09.940607
Vermouth-hub,skipped,,,,,2026-03-31T12:06:21.826786
PavolSlovak,skipped,,,,,2026-03-31T12:06:34.269009
playfuldreamz,skipped,US,,0,0,2026-03-31T12:06:40.021436
s2cocos2,skipped,,,,,2026-03-31T12:06:47.226731
ClaireSer,skipped,,,,,2026-03-31T12:07:04.618661
TelmoRibeiro,skipped,,,,,2026-03-31T12:07:23.103306
TreasureJim,skipped,SE,,0,0,2026-03-31T12:07:40.337693
ManuelPS-ASIR,skipped,,,,,2026-03-31T12:07:49.565357
bronwyn-c-h,skipped,,,,,2026-03-31T12:08:08.041631
HuangSJ-TY,skipped,,,,,2026-03-31T12:08:16.783182
chacha86,skipped,,,,,2026-03-31T12:08:34.101054
MAKProjects,skipped,,,,,2026-03-31T12:08:42.811762
Curanda,skipped,,,,,2026-03-31T12:08:58.164474
brea83,skipped,,,,,2026-03-31T12:09:13.262485
devminoh,skipped,KR,,34,0,2026-03-31T12:09:24.982861
korbindeman,skipped,NL,,0,100,2026-03-31T12:09:34.476919
DouglasDGAlbuquerque,skipped,,,,,2026-03-31T12:09:40.176660
tmk1809,skipped,,,,,2026-03-31T12:09:58.121071
spalda100,skipped,,,,,2026-03-31T12:10:04.520577
Tzyinc,skipped,SG,,0,0,2026-03-31T12:10:20.394262
mohaimenmahi,skipped,BD,,0,0,2026-03-31T12:10:38.738743
wangxiaoyou1993,skipped,,,,,2026-03-31T12:10:41.488553
nyi-nyi-phone-hlaing,skipped,,,,,2026-03-31T12:10:58.855686
timjosten,skipped,,,,,2026-03-31T12:11:16.057016
HashimChoudry,skipped,,,,,2026-03-31T12:11:31.088632
Bill-GD,skipped,VN,,65,0,2026-03-31T12:11:46.588302
gnozzzzzz,skipped,,,,,2026-03-31T12:11:52.109337
dthv201,skipped,,,,,2026-03-31T12:12:09.991838
yuzhou03,skipped,,,,,2026-03-31T12:12:12.850589
Dharmrajtomar,skipped,,,,,2026-03-31T12:12:30.619761
ChrisWiGit,skipped,,,,,2026-03-31T12:12:36.831833
LeomharT,skipped,,,,,2026-03-31T12:12:48.958260
cattyman919,scored,ID,0.0329,81,8,2026-03-31T12:13:06.988773
sashaKorovkina,skipped,GB,,0,1,2026-03-31T12:13:15.652533
BlackRam-oss,skipped,IT,,0,0,2026-03-31T12:13:27.372933
tanvidhope,skipped,,,,,2026-03-31T12:13:45.337994
theworkingdirectory,skipped,,,,,2026-03-31T12:13:51.400340
Otju,skipped,,,,,2026-03-31T12:14:00.376330
HeminRahimi,skipped,,,,,2026-03-31T12:14:07.072970
swheat,skipped,US,,0,87,2026-03-31T12:14:21.970164
UmutAkbayin,skipped,,,,,2026-03-31T12:14:29.053817
Blaster1111,skipped,,,,,2026-03-31T12:14:46.707135
nileshpatil6,skipped,,,,,2026-03-31T12:15:01.429047
mana-byte,skipped,,,,,2026-03-31T12:15:16.432579
mollikpro,skipped,BD,,0,24,2026-03-31T12:15:31.592521
sakria9,skipped,,,,,2026-03-31T12:15:54.991658
Arun4486,skipped,,,,,2026-03-31T12:16:12.320606
felipeantoniob,skipped,,,,,2026-03-31T12:16:25.364371
lidiabm,skipped,,,,,2026-03-31T12:16:31.320236
007-Agent,skipped,,,,,2026-03-31T12:16:53.614690
lsh0131,skipped,,,,,2026-03-31T12:16:59.521198
Kittuxthere,skipped,,,,,2026-03-31T12:17:12.110352
bowenli86,skipped,,,,,2026-03-31T12:17:15.275211
cosmoradio,skipped,,,,,2026-03-31T12:17:33.067958
marcklingen,skipped,,,,,2026-03-31T12:17:38.562115
GAURANSH-26,skipped,,,,,2026-03-31T12:17:56.122268
courville,skipped,FR,,0,0,2026-03-31T12:18:13.616867
PortaldeloteriasMacPoint,skipped,,,,,2026-03-31T12:18:19.305334
jogoossens,skipped,,,,,2026-03-31T12:18:22.163661
jastenn,skipped,,,,,2026-03-31T12:18:39.388823
leoncjgjk,skipped,,,,,2026-03-31T12:18:44.854864
Nandana-NNR,skipped,,,,,2026-03-31T12:18:47.551904
ChrisKareh0-0,skipped,,,,,2026-03-31T12:19:05.496408
ljhfafa,skipped,,,,,2026-03-31T12:19:23.179301
Vishvam10,skipped,IN,,0,0,2026-03-31T12:19:42.062071
serenalwang,skipped,,,,,2026-03-31T12:19:55.125831
nuadolos,skipped,RU,,28,0,2026-03-31T12:20:12.753605
Adotweb,skipped,,,,,2026-03-31T12:20:24.711355
AlchlcDvl,scored,CA,0.0302,40,60,2026-03-31T12:20:34.353491
Elsayedmahrous,skipped,,,,,2026-03-31T12:20:43.814684
Skoliboi,skipped,,,,,2026-03-31T12:20:55.262775
abhiram2504,scored,US,0.0291,30,13,2026-03-31T12:21:13.274041
aecio-ig,skipped,,,,,2026-03-31T12:21:21.856033
nopnop,skipped,FR,,0,0,2026-03-31T12:21:27.552537
kedrzu,skipped,PL,,0,0,2026-03-31T12:21:39.701238
AnujDhasmana,skipped,,,,,2026-03-31T12:21:48.134267
nicholasberlin,skipped,,,,,2026-03-31T12:21:53.799331
AngryPenguinPL,skipped,,,,,2026-03-31T12:21:59.609450
jennifer-shehane,skipped,US,,0,0,2026-03-31T12:22:11.737183
BaseMax,skipped,,,,,2026-03-31T12:22:17.475680
patrickng-dreamsai,skipped,,,,,2026-03-31T12:22:23.202955
lukas1177,skipped,,,,,2026-03-31T12:22:33.319075
Shon25000,skipped,,,,,2026-03-31T12:22:39.046016
Ayush1325,skipped,IN,,0,0,2026-03-31T12:22:54.180790
ChamithDilshanKahandawala,skipped,LK,,4,8,2026-03-31T12:23:12.325016
AriaKoohafkan,skipped,,,,,2026-03-31T12:23:30.806564
wbxyz,skipped,,,,,2026-03-31T12:23:36.555455
Rajashekar-6300,skipped,,,,,2026-03-31T12:23:54.178233
AbhishekVarpe100,skipped,,,,,2026-03-31T12:24:11.847688
tai-meetshah,skipped,,,,,2026-03-31T12:24:21.002681
vishan01,scored,IN,0.0331,77,23,2026-03-31T12:24:33.427757
peteryn,skipped,,,,,2026-03-31T12:24:44.065011
Imam-hhussain,skipped,,,,,2026-03-31T12:24:52.545430
theDheerajjha,skipped,IN,,0,1,2026-03-31T12:25:10.483215
vandi37,skipped,RU,,0,100,2026-03-31T12:25:21.589148
victoriaEssien,scored,NG,0.0243,34,8,2026-03-31T12:25:36.699495
jackbangindc,skipped,,,,,2026-03-31T12:25:42.729041
mahmoudmyusuf,skipped,EG,,4,0,2026-03-31T12:26:00.297518
kergomard,skipped,,,,,2026-03-31T12:26:14.730039
SSG1122,skipped,,,,,2026-03-31T12:26:33.179143
EstebanBiret,scored,FR,0.0259,58,42,2026-03-31T12:26:48.733103
htetpyie,skipped,,,,,2026-03-31T12:27:03.821599
viethung213,skipped,,,,,2026-03-31T12:27:18.784366
Paris4721,skipped,,,,,2026-03-31T12:27:27.553817
adamsocki,skipped,US,,0,0,2026-03-31T12:27:45.841796
MatthiasCaroux,skipped,,,,,2026-03-31T12:28:04.392029
Lubnaalhalabi,skipped,,,,,2026-03-31T12:28:22.655996
stevegwh,skipped,GB,,0,0,2026-03-31T12:28:40.537526
fevac,skipped,,,,,2026-03-31T12:28:43.221697
GwangCheonLee,skipped,,,,,2026-03-31T12:29:00.387918
alouvre,skipped,ID,,11,0,2026-03-31T12:29:18.139543
Matrix5567,skipped,,,,,2026-03-31T12:29:36.403099
XuJianxu,skipped,CN,,5,0,2026-03-31T12:29:42.423070
Am-K8,skipped,,,,,2026-03-31T12:30:02.011846
Roy-Jin,skipped,CN,,0,100,2026-03-31T12:30:21.075165
malkin1729,skipped,GB,,1,89,2026-03-31T12:30:39.661051
ruohai0925,skipped,,,,,2026-03-31T12:30:48.300746
VarunSingh-git,skipped,,,,,2026-03-31T12:31:05.983525
MSghais,skipped,,,,,2026-03-31T12:31:20.710835
anlewong,skipped,,,,,2026-03-31T12:31:35.753141
a-myakishev,skipped,RU,,0,52,2026-03-31T12:31:48.097085
DavidLRowe,skipped,,,,,2026-03-31T12:31:51.158991
lyxcnzj,skipped,,,,,2026-03-31T12:31:57.640204
Ujjal-Dey,skipped,,,,,2026-03-31T12:32:09.622285
zeankundev,skipped,ID,,3,0,2026-03-31T12:32:25.667102
sinazobettagaming,skipped,,,,,2026-03-31T12:32:31.938409
YatiZ,skipped,,,,,2026-03-31T12:32:49.144822
Van-Dong,skipped,,,,,2026-03-31T12:33:06.553066
arjun6757,skipped,,,,,2026-03-31T12:33:28.131310
kaishin,skipped,SE,,0,0,2026-03-31T12:33:45.565991
vm75,scored,US,0.0515,43,19,2026-03-31T12:33:59.441929
varunsatish14,skipped,US,,1,11,2026-03-31T12:34:08.335284
Arcs-ur,skipped,CN,,0,0,2026-03-31T12:34:13.484164
kkarimwahba,skipped,,,,,2026-03-31T12:34:30.462566
DARSHAN-V-G,skipped,,,,,2026-03-31T12:34:45.305617
ccbsdu,skipped,,,,,2026-03-31T12:34:52.839031
TamirEliav,skipped,,,,,2026-03-31T12:35:02.306796
davidhedrin,skipped,,,,,2026-03-31T12:35:20.362587
HaKIMus,skipped,,,,,2026-03-31T12:35:34.404684
QuangHuy231,skipped,,,,,2026-03-31T12:35:52.348968
csanjuan99,skipped,,,,,2026-03-31T12:36:09.457646
Yolo-ZZY,skipped,,,,,2026-03-31T12:36:21.522608
Tejasvipratap818,skipped,,,,,2026-03-31T12:36:30.331464
LucasTotino,skipped,,,,,2026-03-31T12:36:44.667792
xzh767,skipped,CN,,46,0,2026-03-31T12:37:00.256509
VladUshakov97,skipped,,,,,2026-03-31T12:37:17.665205
chgeo,scored,DE,0.0906,10,25,2026-03-31T12:37:33.831169
DenisShylin,skipped,UA,,0,84,2026-03-31T12:37:49.129663
m1k2i1t9ad,skipped,ET,,,,2026-03-31T12:38:06.795075
aplayerv1,skipped,,,,,2026-03-31T12:38:13.268466
AlperenAdam,skipped,,,,,2026-03-31T12:38:18.900576
rsannareddy,skipped,,,,,2026-03-31T12:38:34.738938
grooverrrrrr,skipped,,,,,2026-03-31T12:38:40.440010
rbeuque74,skipped,,,,,2026-03-31T12:38:53.437354
versaloon,skipped,CN,,0,0,2026-03-31T12:39:07.803431
jfparie,scored,NL,0.0339,12,18,2026-03-31T12:39:25.569417
RefigeM,skipped,,,,,2026-03-31T12:39:37.538061
mvelimir,skipped,RS,,,,2026-03-31T12:39:43.857281
dlbarduzzi,skipped,,,,,2026-03-31T12:39:49.761741
Lucas34750,skipped,,,,,2026-03-31T12:40:07.227422
olivia-schwartz,skipped,,,,,2026-03-31T12:40:25.413876
DW-HAO,skipped,,,,,2026-03-31T12:40:43.144060
gaurav-2711,skipped,,,,,2026-03-31T12:40:51.525921
alex-soulis,skipped,GR,,0,34,2026-03-31T12:41:09.552448
XcloudFance,skipped,,,,,2026-03-31T12:41:27.554266
anna-agerone,skipped,,,,,2026-03-31T12:41:45.857501
GTR1774,skipped,,,,,2026-03-31T12:41:51.539039
mib348,skipped,PK,,0,0,2026-03-31T12:42:10.584531
samsuzie,skipped,,,,,2026-03-31T12:42:25.836925
RohitGhosh07,skipped,IN,,9,0,2026-03-31T12:42:43.520556
Smart-Ace-Designs,skipped,,,,,2026-03-31T12:43:01.546965
FezinDev,skipped,,,,,2026-03-31T12:43:05.787187
phuongdoand,skipped,,,,,2026-03-31T12:43:14.610659
Musa-20,skipped,,,,,2026-03-31T12:43:33.512854
manlongdan,skipped,,,,,2026-03-31T12:43:36.404194
mohitna09,skipped,,,,,2026-03-31T12:43:56.606941
Deepthi5114,skipped,,,,,2026-03-31T12:44:02.574601
HyeonjungYun,skipped,,,,,2026-03-31T12:44:08.435977
Robert12-git,skipped,,,,,2026-03-31T12:44:24.145998
coderxsa,skipped,ZA,,1,99,2026-03-31T12:44:33.882859
LamHoangCatVy,skipped,,,,,2026-03-31T12:44:58.974631
gori2016,skipped,,,,,2026-03-31T12:45:17.256250
rgeimer,skipped,,,,,2026-03-31T12:45:25.913395
Walland3r,skipped,PL,,0,82,2026-03-31T12:45:44.922277
sufani,skipped,US,,0,75,2026-03-31T12:46:04.508662
reza-hajizade,skipped,,,,,2026-03-31T12:46:19.029268
Mique10,skipped,,,,,2026-03-31T12:46:34.043248
yudhalexa,skipped,ID,,0,49,2026-03-31T12:46:48.777617
markusleb,skipped,,,,,2026-03-31T12:47:01.216780
GoriniSanti,skipped,,,,,2026-03-31T12:47:03.942974
FlareShift,skipped,UA,,0,5,2026-03-31T12:47:09.608203
iamyulong,skipped,GB,,1,0,2026-03-31T12:47:19.128064
wnjoon,skipped,,,,,2026-03-31T12:47:31.650253
kadivalirshad,skipped,,,,,2026-03-31T12:47:49.097029
Richard-kendal,skipped,,,,,2026-03-31T12:48:06.968573
inna77777,skipped,,,,,2026-03-31T12:48:20.575989
alasseaaa,skipped,,,,,2026-03-31T12:48:30.326985
jbabob,skipped,,,,,2026-03-31T12:48:33.084432
duanmengkk,skipped,,,,,2026-03-31T12:48:35.854131
dbajpeyi,skipped,HU,,0,0,2026-03-31T12:48:53.086417
damemi,skipped,US,,0,0,2026-03-31T12:48:59.085886
brncmn,skipped,,,,,2026-03-31T12:49:13.983385
kosuke-1221,skipped,,,,,2026-03-31T12:49:28.171919
JaredLove,skipped,,,,,2026-03-31T12:49:33.865752
telemachus,skipped,,,,,2026-03-31T12:51:54.928429
wentao883,skipped,,,,,2026-03-31T12:52:01.383567
SOLEROM,skipped,,,,,2026-03-31T12:52:16.991905
S1ro1,skipped,CZ,,0,0,2026-03-31T12:52:36.216304
manika-lamba,skipped,US,,0,0,2026-03-31T12:52:39.361125
hshirasan,skipped,,,,,2026-03-31T12:52:48.430810
Sanyam61,skipped,,,,,2026-03-31T12:52:59.843383
DzeBakuEso,skipped,,,,,2026-03-31T12:53:18.141056
HerbertKwok2001,skipped,,,,,2026-03-31T12:53:25.085062
lorenzorossi7,skipped,,,,,2026-03-31T12:53:39.298717
smanders,skipped,,,,,2026-03-31T12:53:51.984164
khiemne,skipped,,,,,2026-03-31T12:54:00.493855
moin786,skipped,BD,,4,30,2026-03-31T12:54:19.752044
ezequiel-lima,skipped,BR,,9,1,2026-03-31T12:54:37.536779
nevillejohn,skipped,US,,0,1,2026-03-31T12:54:52.339486
JoaoChi,skipped,,,,,2026-03-31T12:55:09.710665
ThomasCaneday,scored,US,0.0536,6,36,2026-03-31T12:55:27.587733
kkeyan931,skipped,,,,,2026-03-31T12:55:42.157998
hyeryunYou,skipped,,,,,2026-03-31T12:56:00.493986
MBSR-M,skipped,,,,,2026-03-31T12:56:17.973068
kaushaki-kumari,skipped,,,,,2026-03-31T12:56:36.223028
zakarz77,skipped,,,,,2026-03-31T12:56:47.568648
Alachi24,skipped,NG,,44,2,2026-03-31T12:57:05.551400
Guiiiiiiiiiiiiiiiiiilllllleeeee,scored,MX,0.1239,7,42,2026-03-31T12:57:23.891082
zarino,skipped,GB,,0,0,2026-03-31T12:57:35.722587
sarunm,skipped,,,,,2026-03-31T12:57:47.023283
Mrutyunjaya1997,skipped,,,,,2026-03-31T12:58:05.953445
palisthadeshar,skipped,,,,,2026-03-31T12:58:23.566611
t1ww,skipped,TH,,11,0,2026-03-31T12:58:42.252017
byronkeet,skipped,,,,,2026-03-31T12:59:05.325719
Sarbani2101,skipped,IN,,0,79,2026-03-31T12:59:20.568880
homeboy445,scored,IN,0.0297,10,17,2026-03-31T12:59:38.678505
heiko-hotz,skipped,GB,,0,0,2026-03-31T12:59:54.904387
dishakochar19,skipped,,,,,2026-03-31T13:00:06.612562
oladelemi,skipped,US,,0,0,2026-03-31T13:00:18.437130
eladb,skipped,,,,,2026-03-31T13:00:27.976643
ruswan,skipped,ID,,66,3,2026-03-31T13:00:38.898322
Jeff-67,skipped,,,,,2026-03-31T13:00:50.282478
Akiliyh,skipped,,,,,2026-03-31T13:01:05.234635
vlmbuyd,skipped,,,,,2026-03-31T13:01:15.227602
junnwest,skipped,,,,,2026-03-31T13:01:35.153568
sahilbisht-saimanshetty,skipped,,,,,2026-03-31T13:01:40.610348
davidmyriel,skipped,CA,,0,17,2026-03-31T13:01:55.135941
VasilyStrelyaev,skipped,,,,,2026-03-31T13:01:58.013777
truong92cdv,skipped,,,,,2026-03-31T13:02:10.424318
LucaCinquini,skipped,,,,,2026-03-31T13:02:16.779936
SurajGardi,skipped,,,,,2026-03-31T13:02:26.226059
ericm-db,skipped,,,,,2026-03-31T13:02:34.733322
kraftankaran,skipped,,,,,2026-03-31T13:02:52.267266
WassefRPZ,skipped,,,,,2026-03-31T13:03:01.454478
anishakomal,skipped,,,,,2026-03-31T13:03:19.320100
voynpower,skipped,,,,,2026-03-31T13:03:36.382693
paulcsimon,skipped,,,,,2026-03-31T13:03:39.088789
sarajoha,skipped,CO,,0,0,2026-03-31T13:03:57.922231
BismayDey,skipped,,,,,2026-03-31T13:04:15.615191
AkashPawar6553,skipped,,,,,2026-03-31T13:04:27.326693
iSubrat,skipped,,,,,2026-03-31T13:04:36.755646
lassesofus,skipped,,,,,2026-03-31T13:04:51.851839
thisissivamani,skipped,,,,,2026-03-31T13:05:01.547714
elchangoluisa2,skipped,,,,,2026-03-31T13:05:23.217988
Mehul-Sharma-Git,skipped,,,,,2026-03-31T13:05:41.131873
ElenaExposito,skipped,,,,,2026-03-31T13:05:58.825607
MouseBrilliant,skipped,,,,,2026-03-31T13:06:13.538027
DaNiIlaIoS,skipped,,,,,2026-03-31T13:06:30.931184
demonking-mw,skipped,,,,,2026-03-31T13:06:43.910758
ashish1233,skipped,IN,,0,0,2026-03-31T13:07:01.292461
Tavolata,skipped,,,,,2026-03-31T13:07:18.569809
LanQiDongLai,skipped,,,,,2026-03-31T13:07:35.904979
Ando61,skipped,,,,,2026-03-31T13:07:44.960551
ShivKumar12054,skipped,,,,,2026-03-31T13:08:00.351323
moezabdelkefi,skipped,,,,,2026-03-31T13:08:12.683529
RandoMan70,skipped,,,,,2026-03-31T13:08:21.235684
GuilhermeSemionato,skipped,,,,,2026-03-31T13:08:39.679126
PrajwalThakur12345-coder,skipped,,,,,2026-03-31T13:08:48.258060
Aureusa,skipped,NL,,0,93,2026-03-31T13:09:07.563210
RobertGregg,skipped,,,,,2026-03-31T13:09:17.107756
st3iny,skipped,DE,,0,0,2026-03-31T13:09:29.188173
andrewd-zededa,skipped,,,,,2026-03-31T13:09:31.967418
musicbydise1,skipped,,,,,2026-03-31T13:09:49.420065
coheigea,skipped,IE,,63,0,2026-03-31T13:09:56.327948
TheFoXi,skipped,EE,,,,2026-03-31T13:10:07.739186
jgomezbau,skipped,ES,,0,37,2026-03-31T13:10:25.512160
natnaelat,skipped,,,,,2026-03-31T13:10:40.480758
vasil-cf,skipped,,,,,2026-03-31T13:10:52.238312
Nitish-Bakshi-1,skipped,IN,,0,22,2026-03-31T13:11:09.764471
duckets,skipped,,,,,2026-03-31T13:11:25.645257
Aziz-Alzayed,skipped,FI,,0,35,2026-03-31T13:11:38.966594
mongsam2,skipped,KR,,0,100,2026-03-31T13:11:57.678564
pushtikadia,skipped,IN,,0,67,2026-03-31T13:12:16.378782
mikolajwirkijowski97,skipped,,,,,2026-03-31T13:12:34.207553
srloris,scored,BR,0.0377,39,26,2026-03-31T13:12:49.221478
EsteraC9,skipped,,,,,2026-03-31T13:12:51.923209
nolanle,skipped,VN,,0,0,2026-03-31T13:13:09.083523
DavidMartinezo039,skipped,,,,,2026-03-31T13:13:21.268160
david-montiel-t,skipped,,,,,2026-03-31T13:13:24.076493
rudoi,skipped,US,,0,0,2026-03-31T13:13:41.993662
c3-h2,skipped,,,,,2026-03-31T13:13:44.862249
blex-max,skipped,,,,,2026-03-31T13:13:50.704398
keshavsharma5118,skipped,,,,,2026-03-31T13:14:08.602193
Jecobe,skipped,,,,,2026-03-31T13:14:23.539103
muneerbawany,skipped,,,,,2026-03-31T13:14:41.210094
Fanelia82,skipped,,,,,2026-03-31T13:14:46.830741
ornan-matos,skipped,BR,,0,100,2026-03-31T13:14:54.361181
Bardak-ui,skipped,,,,,2026-03-31T13:15:11.623600
Coldmare,skipped,,,,,2026-03-31T13:15:20.659225
shivaraj-bh,skipped,IN,,10,0,2026-03-31T13:15:30.050051
bdsaglam,skipped,,,,,2026-03-31T13:15:45.869143
XiaoyongZHANG,skipped,,,,,2026-03-31T13:15:59.731804
Lukaouh,skipped,,,,,2026-03-31T13:16:17.425524
akum2,skipped,,,,,2026-03-31T13:16:49.697043
nkomonen-amazon,skipped,CA,,0,0,2026-03-31T13:16:52.578553
Capslock-Numlock,skipped,PL,,0,38,2026-03-31T13:17:04.712766
christian-lorange,skipped,,,,,2026-03-31T13:17:16.552007
Fok3d,skipped,,,,,2026-03-31T13:17:35.679222
dajkagabi,scored,HU,0.0485,12,9,2026-03-31T13:17:54.248198
duyt1713,skipped,FI,,0,66,2026-03-31T13:18:12.116291
utkarsh050505,skipped,,,,,2026-03-31T13:18:31.954290
agray998,skipped,,,,,2026-03-31T13:18:41.350904
ics-kitagawa,skipped,,,,,2026-03-31T13:18:50.248734
freemode1614,skipped,,,,,2026-03-31T13:19:05.513273
MahajanPreksha,skipped,IN,,100,0,2026-03-31T13:19:22.759775
Jayx2u,skipped,,,,,2026-03-31T13:19:44.100781
contactsrihari,skipped,,,,,2026-03-31T13:19:56.070108
rimapaulione,skipped,LT,,,,2026-03-31T13:20:13.751150
Abdelrahman-AboELshohoud,skipped,,,,,2026-03-31T13:20:31.106724
tisam20,skipped,,,,,2026-03-31T13:20:48.824782
LouDnl,skipped,,,,,2026-03-31T13:20:58.197769
valhrdn,skipped,,,,,2026-03-31T13:21:13.578548
Terrak1n,skipped,,,,,2026-03-31T13:21:31.223777
Zeineb2001,skipped,,,,,2026-03-31T13:21:37.658444
ErinvanderVeen,skipped,SE,,1,0,2026-03-31T13:21:55.444691
scchiara,skipped,,,,,2026-03-31T13:22:07.283197
school-man4enk,skipped,,,,,2026-03-31T13:22:22.106273
BettyJoya,scored,CN,0.1742,13,19,2026-03-31T13:22:36.762353
nembal,skipped,,,,,2026-03-31T13:22:42.534307
jatinwadhwa921,skipped,,,,,2026-03-31T13:22:51.096544
J54264,skipped,,,,,2026-03-31T13:22:57.741671
Renan-Sena,skipped,BR,,0,42,2026-03-31T13:23:16.994881
nikomatsakis,skipped,US,,0,0,2026-03-31T13:23:28.854776
usakovigor,skipped,,,,,2026-03-31T13:23:32.619750
kadencartwright,skipped,US,,0,0,2026-03-31T13:23:45.041002
AdriaanLarcai,skipped,ZA,,0,0,2026-03-31T13:23:50.675736
HelloSJ00,scored,KR,0.0569,5,95,2026-03-31T13:23:59.917842
kooutar,skipped,,,,,2026-03-31T13:24:17.174933
amina-dourdi,skipped,,,,,2026-03-31T13:24:34.903804
otalavera06,skipped,,,,,2026-03-31T13:24:53.374074
fenomenogr777,skipped,GR,,59,0,2026-03-31T13:25:11.573492
damien0x0023,skipped,,,,,2026-03-31T13:25:21.144362
nwizer,skipped,,,,,2026-03-31T13:25:34.125860
andrey-lawyer,skipped,,,,,2026-03-31T13:25:51.961827
Mr-AXEL01,skipped,,,,,2026-03-31T13:26:10.225407
altserg,skipped,,,,,2026-03-31T13:26:13.080834
Igor-Tymchuk,skipped,UA,,0,36,2026-03-31T13:26:30.993141
Jf08ml,skipped,,,,,2026-03-31T13:26:48.964767
Sokamoka,skipped,HU,,0,1,2026-03-31T13:27:07.476656
Mage84,skipped,,,,,2026-03-31T13:27:25.433830
HafidzNurmawanHakim,skipped,ID,,1,0,2026-03-31T13:27:43.177412
anubhav-auth,skipped,,,,,2026-03-31T13:27:57.954802
pooochoo,skipped,,,,,2026-03-31T13:28:15.811476
tommycho1223,skipped,,,,,2026-03-31T13:28:28.151289
danishru,skipped,,,,,2026-03-31T13:28:35.516307
romms921,skipped,,,,,2026-03-31T13:28:48.064424
redsuperbat,skipped,SE,,0,0,2026-03-31T13:28:54.133405
jclarkk,skipped,,,,,2026-03-31T13:29:01.195569
tvandsport,skipped,,,,,2026-03-31T13:29:06.868361
krewast,skipped,DE,,0,0,2026-03-31T13:29:15.791339
KirillKurnakov,skipped,,,,,2026-03-31T13:29:30.377902
Falzz1010,skipped,ID,,0,0,2026-03-31T13:29:47.468622
eranga2000,skipped,,,,,2026-03-31T13:30:05.745677
AllOfTech-Org,skipped,BD,,0,57,2026-03-31T13:30:24.018493
turkish2026,skipped,,,,,2026-03-31T13:30:33.275052
JW-Ahn0,skipped,,,,,2026-03-31T13:30:52.049227
DalyshaY,skipped,,,,,2026-03-31T13:31:09.734055
palpha,skipped,SE,,0,0,2026-03-31T13:31:13.665723
thomasmeylaers,skipped,,,,,2026-03-31T13:31:31.364361
IEMCS-Lab,skipped,,,,,2026-03-31T13:31:37.286085
RezaBaza,skipped,SE,,0,11,2026-03-31T13:31:46.202647
sekaralishaa,skipped,,,,,2026-03-31T13:32:05.023854
benoitjry,skipped,,,,,2026-03-31T13:32:07.738464
Himasha800,skipped,,,,,2026-03-31T13:32:28.448144
TanXingZhong,skipped,,,,,2026-03-31T13:32:34.977706
NadayaProg,skipped,RU,,0,6,2026-03-31T13:32:43.687926
Roxanne2122,skipped,,,,,2026-03-31T13:32:49.724293
amaccarini,skipped,,,,,2026-03-31T13:32:56.257039
saeidmaleki,skipped,,,,,2026-03-31T13:33:02.265509
bdc65469,skipped,,,,,2026-03-31T13:33:20.360150
RushalMdhr,skipped,,,,,2026-03-31T13:33:38.199261
IldarKhayrutdinov,skipped,RU,,0,0,2026-03-31T13:33:41.124935
marcelino003,skipped,,,,,2026-03-31T13:33:56.833758
Betsq,skipped,,,,,2026-03-31T13:34:14.762240
RiverHornet3209,skipped,RS,,,,2026-03-31T13:34:20.773743
adarshvee,skipped,,,,,2026-03-31T13:34:38.577122
wajik45,skipped,ID,,81,0,2026-03-31T13:34:56.926447
24900818,skipped,,,,,2026-03-31T13:34:59.773262
rdinv,skipped,UA,,34,0,2026-03-31T13:35:20.681875
mariuskiessling,skipped,DE,,0,0,2026-03-31T13:35:38.098490
robvanvolt,skipped,,,,,2026-03-31T13:35:48.097026
kisiiii,skipped,,,,,2026-03-31T13:36:06.823050
KubaTaba1uga,skipped,PL,,0,100,2026-03-31T13:36:26.613488
etiennehomer,skipped,,,,,2026-03-31T13:36:29.350590
Aarifsde,skipped,,,,,2026-03-31T13:36:48.340286
luis-ffe,scored,PT,0.0488,71,29,2026-03-31T13:37:00.948157
HasiiPerera,scored,LK,0.0739,12,8,2026-03-31T13:37:15.725377
mediumkreation,skipped,IN,,0,100,2026-03-31T13:37:23.604930
wingo-cody,skipped,,,,,2026-03-31T13:37:29.317681
itush,skipped,IN,,0,0,2026-03-31T13:37:47.344611
Ayan292005,skipped,,,,,2026-03-31T13:38:06.957476
AureliaM-c,skipped,,,,,2026-03-31T13:38:25.372152
Rithmatist,skipped,,,,,2026-03-31T13:38:28.228171
snowy0301,skipped,,,,,2026-03-31T13:38:40.189480
EdwardCodeTriber,skipped,,,,,2026-03-31T13:38:57.631501
christelle10,skipped,,,,,2026-03-31T13:39:15.262379
masakiShito,skipped,,,,,2026-03-31T13:39:33.815425
LilianFakhouri,skipped,,,,,2026-03-31T13:39:45.731523
nicolovitelli,skipped,IT,,0,1,2026-03-31T13:39:51.482927
TheWorldVsEthan,skipped,,,,,2026-03-31T13:40:00.454307
abel2901,skipped,,,,,2026-03-31T13:40:16.548189
GirianSeed,skipped,,,,,2026-03-31T13:40:19.435223
tmudigondalodgelink,skipped,,,,,2026-03-31T13:40:25.523579
krn369,skipped,FR,,0,100,2026-03-31T13:40:32.225630
anujmodi2021,skipped,IN,,0,0,2026-03-31T13:40:46.339602
rafaelsobook,skipped,,,,,2026-03-31T13:41:03.538848
ThuThuMyoThat,skipped,,,,,2026-03-31T13:41:15.084444
naryan1726,skipped,US,,0,38,2026-03-31T13:41:32.846572
bourdeau,skipped,,,,,2026-03-31T13:41:43.722576
yurkimus,skipped,BE,,0,100,2026-03-31T13:41:59.373580
UniqueITMaitriBhimani,skipped,,,,,2026-03-31T13:42:16.589204
tgeiling,skipped,,,,,2026-03-31T13:42:34.545457
willbryant,skipped,NZ,,5,4,2026-03-31T13:42:53.260933
Yiwei666,skipped,,,,,2026-03-31T13:42:59.563661
anchpop,skipped,,,,,2026-03-31T13:43:18.232941
seiichi1101,skipped,DE,,0,0,2026-03-31T13:43:27.608003
Seedzster,skipped,,,,,2026-03-31T13:43:39.536329
mescobal,skipped,,,,,2026-03-31T13:43:55.077446
pogware,skipped,,,,,2026-03-31T13:44:04.384019
samplackett,skipped,,,,,2026-03-31T13:44:17.261846
ariesclark,skipped,CA,,0,0,2026-03-31T13:44:23.799213
sheriffm32,skipped,,,,,2026-03-31T13:44:26.530752
bruno-gazola,skipped,,,,,2026-03-31T13:44:39.279775
Ahmad-danaf,skipped,,,,,2026-03-31T13:44:48.766172
ScottJutras,skipped,,,,,2026-03-31T13:44:54.991447
phnxtrill,skipped,,,,,2026-03-31T13:45:13.044695
MoonEater0912,skipped,,,,,2026-03-31T13:45:29.092738
arpitkumar2004,skipped,,,,,2026-03-31T13:45:37.955731
RicardoVaca109,skipped,,,,,2026-03-31T13:45:55.769000
sether31,scored,PH,0.215,23,77,2026-03-31T13:46:14.391207
styloon31,skipped,,,,,2026-03-31T13:46:32.075413
Elecrow-RD,skipped,CN,,0,0,2026-03-31T13:46:50.309430
esraakhalifa,skipped,,,,,2026-03-31T13:47:05.750222
enrico-dgr,skipped,,,,,2026-03-31T13:47:16.246873
login198,skipped,,,,,2026-03-31T13:47:22.029129
orhanbalci,skipped,,,,,2026-03-31T13:47:37.654286
mostafa-asg,skipped,DE,,0,0,2026-03-31T13:47:55.699888
Pratisthachand,skipped,,,,,2026-03-31T13:48:10.330623
nporter2027,skipped,,,,,2026-03-31T13:48:21.703498
Taslr2,skipped,,,,,2026-03-31T13:48:29.813082
2602405766,skipped,,,,,2026-03-31T13:48:35.331111
Hezel2000,skipped,,,,,2026-03-31T13:48:41.580097
snjo,skipped,NO,,0,0,2026-03-31T13:48:54.235883
jaehdesign,skipped,,,,,2026-03-31T13:49:06.054573
AbAeterno8445,skipped,,,,,2026-03-31T13:49:19.620612
chaoyi-wu,skipped,CN,,85,0,2026-03-31T13:49:28.971195
mihiragath,skipped,IN,,0,85,2026-03-31T13:49:47.553218
Hamheadon,skipped,,,,,2026-03-31T13:50:00.098874
Gabritorre,skipped,IT,,11,1,2026-03-31T13:50:19.474556
SakaSinatrya,skipped,,,,,2026-03-31T13:50:40.036411
hby-byte,skipped,,,,,2026-03-31T13:50:49.187068
shishirRsiam,skipped,,,,,2026-03-31T13:50:55.628754
CheunRamassy,skipped,,,,,2026-03-31T13:51:14.672393
NaverCloudTrustServices,skipped,,,,,2026-03-31T13:51:21.070095
Chris2Rich,skipped,GB,,0,100,2026-03-31T13:51:28.274609
fabiobnm,skipped,,,,,2026-03-31T13:51:43.565476
davide-lombardo,scored,IT,0.0401,34,29,2026-03-31T13:51:55.978688
dartasen,skipped,FR,,0,0,2026-03-31T13:51:59.013578
oeilvert1997,skipped,,,,,2026-03-31T13:52:16.474347
MrModest,skipped,DE,,0,0,2026-03-31T13:52:34.528391
ohoponza,skipped,,,,,2026-03-31T13:52:40.632344
RussianCow,scored,US,0.0399,31,28,2026-03-31T13:52:56.905618
myweb-ma,skipped,,,,,2026-03-31T13:53:03.912341
hqman,skipped,,,,,2026-03-31T13:53:15.390006
developer-maythinn,skipped,,,,,2026-03-31T13:53:35.233207
reymark345,skipped,,,,,2026-03-31T13:53:48.664161
malki214,skipped,,,,,2026-03-31T13:54:06.184786
dave-lovell,skipped,GB,,72,0,2026-03-31T13:54:23.979357
Lan-zk,skipped,,,,,2026-03-31T13:54:42.373594
JL-EFR,skipped,,,,,2026-03-31T13:55:01.997068
ChiefRavinder,skipped,IN,,29,0,2026-03-31T13:55:11.355550
aj3423,skipped,,,,,2026-03-31T13:55:26.136750
TheNnoitra,skipped,,,,,2026-03-31T13:55:40.832272
madp4ul,skipped,,,,,2026-03-31T13:55:52.707621
AlissonLimaG,skipped,,,,,2026-03-31T13:56:07.427975
AlexChristensen,skipped,,,,,2026-03-31T13:56:13.951174
GAURAV1-ui,skipped,,,,,2026-03-31T13:56:27.944738
pnguyen72,skipped,,,,,2026-03-31T13:56:34.683885
lbojo006,skipped,,,,,2026-03-31T13:56:49.665742
deepakjangid12,skipped,,,,,2026-03-31T13:57:09.871407
sau45,skipped,,,,,2026-03-31T13:57:32.585933
mccartyc,skipped,,,,,2026-03-31T13:57:41.169947
hyvos07,skipped,ID,,0,100,2026-03-31T13:57:57.119733
MunbodPRGRM,skipped,,,,,2026-03-31T13:58:17.745542
Mr-A-S-K,skipped,,,,,2026-03-31T13:58:34.695708
fhahn,skipped,,,,,2026-03-31T13:58:49.350160
RudyKarpus,skipped,,,,,2026-03-31T13:59:10.404197
paolodamilano,skipped,,,,,2026-03-31T14:01:34.444310
Jhojhonika,skipped,,,,,2026-03-31T14:01:52.375115
fajieyuan,skipped,,,,,2026-03-31T14:01:58.908491
sebuloan,skipped,,,,,2026-03-31T14:02:17.442908
leekyuyoung-ai,skipped,,,,,2026-03-31T14:02:23.441665
surajprj1993,skipped,IN,,0,7,2026-03-31T14:02:35.107431
ThanawitGZS,skipped,,,,,2026-03-31T14:02:50.762151
LTHcute,skipped,,,,,2026-03-31T14:03:08.382871
rezakurniasetiawan,skipped,,,,,2026-03-31T14:03:28.980326
cmanez,skipped,,,,,2026-03-31T14:03:46.868404
jnsrnhld,skipped,DE,,0,83,2026-03-31T14:03:58.576444
quokkavely,skipped,,,,,2026-03-31T14:04:07.310945
DavidJBHenriques,skipped,,,,,2026-03-31T14:04:21.303661
NicolasRiel,skipped,,,,,2026-03-31T14:04:32.135841
PeppeL-G,skipped,SE,,0,0,2026-03-31T14:04:46.796530
dmelk,skipped,UA,,0,0,2026-03-31T14:05:03.111018
loujiayu,skipped,,,,,2026-03-31T14:05:12.103230
rchrabas,skipped,,,,,2026-03-31T14:05:14.854001
AnastasiyaGolovach,skipped,,,,,2026-03-31T14:05:34.728337
PramodCodes,skipped,,,,,2026-03-31T14:05:44.246445
TirtaRizki,skipped,,,,,2026-03-31T14:05:59.168021
faraazahmad,skipped,IN,,3,2,2026-03-31T14:06:18.284260
sadadw1,skipped,,,,,2026-03-31T14:06:22.273505
bhabna14,skipped,,,,,2026-03-31T14:06:40.234399
akallabeth,skipped,,,,,2026-03-31T14:06:43.112483
ReemHasanA,skipped,,,,,2026-03-31T14:07:01.181998
Uelsky,skipped,,,,,2026-03-31T14:07:18.818724
bermudarater,skipped,,,,,2026-03-31T14:07:24.836324
timmmmmmmmm,skipped,,,,,2026-03-31T14:07:33.466495
headF1rst,skipped,KR,,100,0,2026-03-31T14:07:41.309267
crdenassierra,skipped,,,,,2026-03-31T14:07:45.331956
AbdullahLaham,skipped,,,,,2026-03-31T14:08:03.425121
theCodeBear,skipped,,,,,2026-03-31T14:08:22.580840
nicholasmakhija,scored,AU,0.1876,11,89,2026-03-31T14:08:32.244881
eritpchy,skipped,CN,,0,0,2026-03-31T14:08:43.864910
subwiz,skipped,IN,,0,4,2026-03-31T14:08:58.099167
oscarfd81,skipped,,,,,2026-03-31T14:09:14.746173
alan7s,skipped,,,,,2026-03-31T14:09:29.690260
yeseong9769,skipped,,,,,2026-03-31T14:09:48.129281
wulawulu,skipped,,,,,2026-03-31T14:10:02.835503
Ravichandra-C,skipped,IN,,0,0,2026-03-31T14:10:18.130888
D4V1D-101,skipped,HU,,5,0,2026-03-31T14:10:35.580520
byPixelTV,scored,DE,0.0448,46,54,2026-03-31T14:10:42.400324
adamowczarek68,skipped,,,,,2026-03-31T14:10:52.621078
funnyfranky,skipped,,,,,2026-03-31T14:11:07.839940
Wenish,skipped,,,,,2026-03-31T14:11:25.770588
shaka-bot,skipped,,,,,2026-03-31T14:11:28.587140
Smachy24,skipped,FR,,100,0,2026-03-31T14:11:38.037620
Abed-12,skipped,,,,,2026-03-31T14:11:55.815336
Thomas-Delany,skipped,ES,,0,100,2026-03-31T14:12:02.728105
ArllenNog,skipped,,,,,2026-03-31T14:12:08.660314
Beafzzz,skipped,,,,,2026-03-31T14:12:26.984515
adarshh-h,skipped,,,,,2026-03-31T14:12:45.752904
ThinhNguyenrt,skipped,,,,,2026-03-31T14:13:01.437192
xuguim,skipped,,,,,2026-03-31T14:13:10.156581
Iaskasan,skipped,,,,,2026-03-31T14:13:19.754449
NieNieNe,skipped,,,,,2026-03-31T14:13:28.664439
Denis78-sys,skipped,,,,,2026-03-31T14:13:46.032960
Obimbo07,scored,KE,0.0994,54,46,2026-03-31T14:14:05.115413
jagadish011,skipped,,,,,2026-03-31T14:14:17.303615
MonopolyBotTelegram,skipped,,,,,2026-03-31T14:14:23.182849
oglok,skipped,ES,,0,0,2026-03-31T14:14:37.669626
loganritter,skipped,,,,,2026-03-31T14:14:55.304396
Nichika0617,skipped,,,,,2026-03-31T14:15:12.734561
kumitterer,skipped,,,,,2026-03-31T14:15:18.326120
ruizterce,skipped,,,,,2026-03-31T14:15:36.062184
zoepje,skipped,,,,,2026-03-31T14:15:39.196280
damarev,skipped,,,,,2026-03-31T14:15:48.662147
Cwohaocai,skipped,,,,,2026-03-31T14:15:55.840893
matham,skipped,,,,,2026-03-31T14:16:03.887986
AlexMeyer-Gohde,skipped,DE,,0,100,2026-03-31T14:16:10.597355
ssw2003,skipped,,,,,2026-03-31T14:16:16.953283
jchiarulli,skipped,,,,,2026-03-31T14:16:29.095071
Mariamibrahim88,skipped,,,,,2026-03-31T14:16:41.287188
greg-slater,skipped,,,,,2026-03-31T14:16:55.977219
icywt,skipped,,,,,2026-03-31T14:17:04.679959
sleeplessnight2,skipped,,,,,2026-03-31T14:17:16.332121
hamzakhalem,skipped,,,,,2026-03-31T14:17:25.172134
djudjuu,skipped,DE,,0,0,2026-03-31T14:17:37.225535
rjkoh,skipped,,,,,2026-03-31T14:17:46.180870
ArturAkh,skipped,,,,,2026-03-31T14:17:49.082832
Proxystudio30,skipped,,,,,2026-03-31T14:18:03.076376
BlancoFS,skipped,,,,,2026-03-31T14:18:12.519598
hexaeder,skipped,,,,,2026-03-31T14:18:22.657566
A3A9N,skipped,,,,,2026-03-31T14:18:41.367247
ValerieVirt,skipped,,,,,2026-03-31T14:18:47.834603
nunez7,skipped,,,,,2026-03-31T14:19:04.918391
GamyuX,skipped,,,,,2026-03-31T14:19:23.241976
akasur00,skipped,,,,,2026-03-31T14:19:38.274683
ayoubbuoya,skipped,,,,,2026-03-31T14:19:56.187333
hb379,skipped,,,,,2026-03-31T14:20:02.129435
floydrise,skipped,,,,,2026-03-31T14:20:21.765743
daveposh,skipped,,,,,2026-03-31T14:20:33.560942
hly1445,skipped,,,,,2026-03-31T14:20:39.352755
HexRift,skipped,,,,,2026-03-31T14:20:46.299548
dhananjaykr306,scored,IN,0.2667,14,8,2026-03-31T14:21:05.906568
ZINZINBIN,skipped,,,,,2026-03-31T14:21:20.660165
bau-mann,skipped,,,,,2026-03-31T14:21:23.558348
7368697661,skipped,,,,,2026-03-31T14:21:30.760032
Dina2703,skipped,,,,,2026-03-31T14:21:45.714502
ivybrundege,skipped,,,,,2026-03-31T14:21:54.587872
OhadRevah,skipped,,,,,2026-03-31T14:21:57.392178
trenc,skipped,,,,,2026-03-31T14:22:16.471098
Drofnin,skipped,,,,,2026-03-31T14:22:30.808080
itz-mohit-014,skipped,IN,,23,0,2026-03-31T14:22:50.988002
tusamni,skipped,US,,0,0,2026-03-31T14:22:58.109605
B-nod,skipped,,,,,2026-03-31T14:23:16.189651
chakyeth,skipped,,,,,2026-03-31T14:23:28.575317
vladimirovertheworld,skipped,EE,,,,2026-03-31T14:23:45.827353
HenryJammes,skipped,FR,,0,0,2026-03-31T14:23:48.629237
floriangeigl,skipped,AT,,0,0,2026-03-31T14:23:55.686548
LeonSenis,skipped,,,,,2026-03-31T14:24:01.254261
t1zeusthongnhat,skipped,,,,,2026-03-31T14:24:18.951989
RyAndrew,skipped,,,,,2026-03-31T14:24:37.591767
darianboggs,skipped,,,,,2026-03-31T14:24:49.650274
hatanakamaki,skipped,,,,,2026-03-31T14:24:52.480855
seb4stien,skipped,,,,,2026-03-31T14:24:59.609174
AnmarH,skipped,,,,,2026-03-31T14:25:12.094243
hptsilva,skipped,BR,,0,100,2026-03-31T14:25:22.972135
herin7,skipped,,,,,2026-03-31T14:25:38.802983
maryjohnben,scored,US,0.2591,8,7,2026-03-31T14:25:57.473880
MariusChristensen,skipped,,,,,2026-03-31T14:26:12.579528
knight-tara,skipped,GB,,0,5,2026-03-31T14:26:26.779397
EdgarFav,skipped,,,,,2026-03-31T14:26:32.536958
dqtkien,skipped,,,,,2026-03-31T14:26:43.200007
JhonEdinson-Shongo,skipped,,,,,2026-03-31T14:26:58.671308
sathviknallamothu,skipped,US,,2,4,2026-03-31T14:27:15.607745
xjh2009,skipped,,,,,2026-03-31T14:27:30.256953
lsegal,scored,US,0.2498,23,77,2026-03-31T14:27:37.399968
janmejoysarkar,skipped,,,,,2026-03-31T14:27:47.277810
maria-rehman,skipped,,,,,2026-03-31T14:27:59.173812
Sebbasmans,skipped,,,,,2026-03-31T14:28:02.001157
paullorb,skipped,DE,,3,0,2026-03-31T14:28:17.684345
Elan456,skipped,,,,,2026-03-31T14:28:36.099299
SohanGhodla,skipped,,,,,2026-03-31T14:28:58.284459
jengGod,skipped,,,,,2026-03-31T14:29:10.712202
alkatrivedi,skipped,,,,,2026-03-31T14:29:20.570763
ketki-mude,skipped,,,,,2026-03-31T14:29:40.984984
arunhr013,skipped,,,,,2026-03-31T14:29:55.910698
mortiZimmerman,skipped,ES,,2,19,2026-03-31T14:30:13.726154
Yogavignesh-Raju,skipped,,,,,2026-03-31T14:30:31.955670
rumengling,skipped,,,,,2026-03-31T14:30:34.875546
jayzhang,skipped,CN,,0,0,2026-03-31T14:30:53.039446
pierres,skipped,DE,,0,0,2026-03-31T14:31:03.471133
zentoo31,skipped,,,,,2026-03-31T14:31:21.659577
IuLiA109,skipped,,,,,2026-03-31T14:31:39.816437
BeomyeolYu,skipped,US,,2,0,2026-03-31T14:31:51.033612
Loic-1,skipped,FR,,0,100,2026-03-31T14:31:57.427361
vigneshibmpub,skipped,,,,,2026-03-31T14:32:02.909227
jhruza,skipped,,,,,2026-03-31T14:32:18.163460
Ulugbek736,skipped,,,,,2026-03-31T14:32:36.086863
fallenhert,skipped,,,,,2026-03-31T14:32:47.853689
ashish8513,skipped,,,,,2026-03-31T14:33:09.437330
laoreja,skipped,,,,,2026-03-31T14:33:18.309747
AbrarJahin7,skipped,,,,,2026-03-31T14:33:24.791256
hashimaziz88,skipped,ZA,,0,100,2026-03-31T14:33:37.573013
movser,skipped,,,,,2026-03-31T14:33:46.773866
aviad1486,skipped,,,,,2026-03-31T14:34:01.835394
ecrinyildiz,skipped,,,,,2026-03-31T14:34:17.843511
Tacman1981,skipped,,,,,2026-03-31T14:34:24.967217
agdturner,skipped,GB,,0,88,2026-03-31T14:34:36.509376
itssimonbiggs,skipped,,,,,2026-03-31T14:34:42.247181
Aaron-Heath,skipped,US,,100,0,2026-03-31T14:35:01.064163
alipirpiran,skipped,IR,,,,2026-03-31T14:35:16.366518
AxisShine,skipped,,,,,2026-03-31T14:35:19.229817
Togitahub,skipped,,,,,2026-03-31T14:35:34.100528
CrawKatt,skipped,,,,,2026-03-31T14:35:46.700004
Sem-Philippo,skipped,,,,,2026-03-31T14:35:59.310407
csbizz,skipped,,,,,2026-03-31T14:36:08.751702
Furkanbeker,skipped,TR,,0,10,2026-03-31T14:36:26.393243
mxgifiedyt,skipped,,,,,2026-03-31T14:36:33.072822
YahorKazlou,skipped,,,,,2026-03-31T14:36:46.003186
cgmuros,skipped,,,,,2026-03-31T14:37:04.445488
Di-anaBF,skipped,,,,,2026-03-31T14:37:13.613572
johnkraczek,skipped,,,,,2026-03-31T14:37:30.095733
abhijitCleanCode,skipped,,,,,2026-03-31T14:37:48.225706
jarofgreen,skipped,GB,,0,0,2026-03-31T14:38:05.830879
mfarhann10,skipped,ID,,0,10,2026-03-31T14:38:23.374319
ayanspeaks,skipped,,,,,2026-03-31T14:38:42.697380
MaueDev,skipped,,,,,2026-03-31T14:38:58.877050
h56983577,skipped,CN,,0,0,2026-03-31T14:39:14.443426
VictorNain26,skipped,FR,,0,100,2026-03-31T14:39:22.600031
Vieira-zj,skipped,,,,,2026-03-31T14:39:28.946811
artemtotal,skipped,,,,,2026-03-31T14:39:40.950111
derekwayne,skipped,,,,,2026-03-31T14:39:59.990200
Nitin-M-1,skipped,IN,,0,33,2026-03-31T14:40:18.115547
vargasmiranda-victormanuel,skipped,,,,,2026-03-31T14:40:38.776178
the-gongoozler,skipped,,,,,2026-03-31T14:40:44.575345
thiagoassis7,skipped,,,,,2026-03-31T14:41:02.201391
chanho0908,scored,KR,0.0411,30,70,2026-03-31T14:41:14.986519
AbhishekAce,skipped,,,,,2026-03-31T14:41:27.497004
Deepanshu7065,skipped,,,,,2026-03-31T14:41:45.002733
DragonFruit8,skipped,,,,,2026-03-31T14:41:59.481534
eavanvalkenburg,skipped,NL,,2,0,2026-03-31T14:42:11.347635
gh-tom-schmidt,skipped,,,,,2026-03-31T14:42:31.436068
liquibot,skipped,,,,,2026-03-31T14:42:34.285043
martinschaible,scored,CH,0.0504,22,78,2026-03-31T14:42:44.426787
JacobButcher-Github,skipped,,,,,2026-03-31T14:43:00.656205
apprakash,skipped,,,,,2026-03-31T14:43:16.945390
nakamurakko,scored,JP,0.0788,16,81,2026-03-31T14:43:27.286932
ehicks05,skipped,,,,,2026-03-31T14:43:35.946424
ysuzuki-bysystems,skipped,,,,,2026-03-31T14:43:53.281958
123Lemanruss321,skipped,,,,,2026-03-31T14:44:02.263423
shyam-v-7span,skipped,,,,,2026-03-31T14:44:17.956407
FabianoHermann,skipped,,,,,2026-03-31T14:44:35.636057
ItsMeBrianD,skipped,,,,,2026-03-31T14:44:43.064594
GabrielGagn0n,skipped,,,,,2026-03-31T14:44:55.612557
Akshatkhurana,skipped,,,,,2026-03-31T14:45:10.690493
Yanmeeei,skipped,US,,42,0,2026-03-31T14:45:25.752606
IRus,skipped,,,,,2026-03-31T14:45:46.091098
bryantbiggs,scored,US,0.2781,6,5,2026-03-31T14:46:05.497899
kirotnes,skipped,,,,,2026-03-31T14:46:16.817181
bayraktarengin,skipped,,,,,2026-03-31T14:46:34.877094
julianferdiyanto,skipped,,,,,2026-03-31T14:46:52.494795
bowenyi21,skipped,,,,,2026-03-31T14:46:55.229013
arslanbinjaffar,skipped,,,,,2026-03-31T14:47:07.174151
hilatsivion,skipped,,,,,2026-03-31T14:47:25.181428
aceslick911,skipped,,,,,2026-03-31T14:47:33.913759
MohamadOkla,skipped,,,,,2026-03-31T14:47:51.454935
CodeMaster633,skipped,,,,,2026-03-31T14:48:09.699256
lureka,skipped,,,,,2026-03-31T14:48:15.887670
SunSerega,skipped,,,,,2026-03-31T14:48:32.996447
evgeniyc,skipped,UA,,0,0,2026-03-31T14:48:52.977997
valerioformato,skipped,IT,,2,0,2026-03-31T14:49:08.367802
MarciaBenatte,skipped,,,,,2026-03-31T14:49:12.513758
agarwalaanushree,skipped,,,,,2026-03-31T14:49:25.487344
WiktoriaMK,skipped,,,,,2026-03-31T14:49:42.030765
askariIslam1,skipped,,,,,2026-03-31T14:49:47.697211
rakesh-mane,skipped,,,,,2026-03-31T14:50:02.140967
Hariswar,skipped,,,,,2026-03-31T14:50:20.095698
Daliens01,skipped,,,,,2026-03-31T14:50:36.144227
hackerman123818231,skipped,,,,,2026-03-31T14:50:50.724571
makrofaj67,skipped,,,,,2026-03-31T14:50:56.956271
chrixOB,skipped,,,,,2026-03-31T14:51:17.347696
LaraBiewers,scored,DE,0.04,21,79,2026-03-31T14:51:29.863258
Nataliya25,skipped,,,,,2026-03-31T14:51:48.583277
pdxrlj,skipped,,,,,2026-03-31T14:52:00.664850
guites,skipped,,,,,2026-03-31T14:52:15.505329
fsrv-xyz,skipped,DE,,0,0,2026-03-31T14:52:27.317703
sheracore,skipped,,,,,2026-03-31T14:52:46.870017
soubhagyagithub,skipped,IN,,8,0,2026-03-31T14:53:05.463873
devresaja,skipped,,,,,2026-03-31T14:53:26.927517
acdifran,skipped,US,,0,0,2026-03-31T14:53:35.909299
mecukuryurt,scored,TR,0.0437,18,76,2026-03-31T14:53:54.266701
saba00001,skipped,,,,,2026-03-31T14:54:03.631853
NeelaGitH,skipped,,,,,2026-03-31T14:54:21.756116
Qv1ko,skipped,,,,,2026-03-31T14:54:40.601423
Zeann3th,scored,VN,0.047,52,48,2026-03-31T14:54:57.211919
t1pcrips,skipped,,,,,2026-03-31T14:55:13.746599
datltse182179,skipped,,,,,2026-03-31T14:55:19.775864
meryem-uludagli,skipped,,,,,2026-03-31T14:55:38.121342
sjw9588,skipped,KR,,0,0,2026-03-31T14:55:55.221880
millben33,skipped,,,,,2026-03-31T14:56:03.748484
Suryasharma10,skipped,,,,,2026-03-31T14:56:22.996637
codeApostle1,skipped,,,,,2026-03-31T14:56:40.520531
oliverzolan,skipped,US,,3,97,2026-03-31T14:56:53.232876
ArtMooney,skipped,SE,,0,100,2026-03-31T14:57:00.216179
Gauser23,skipped,UA,,0,4,2026-03-31T14:57:05.992477
Yasminsantos013,skipped,,,,,2026-03-31T14:57:11.859423
dulalaavas,skipped,,,,,2026-03-31T14:57:29.956032
davidedilorenzounicam,skipped,,,,,2026-03-31T14:57:36.119507
katmiah,skipped,GB,,0,24,2026-03-31T14:57:54.759671
Adit122022,skipped,IN,,0,100,2026-03-31T14:58:07.494074
NickUtenkov,skipped,,,,,2026-03-31T14:58:22.153375
ZacharyLane1204,skipped,,,,,2026-03-31T14:58:34.631336
rafael2k,skipped,PT,,4,23,2026-03-31T14:58:50.767933
Zoronew,skipped,,,,,2026-03-31T14:59:03.353330
runker54,skipped,,,,,2026-03-31T14:59:09.478801
DollyRamella,skipped,,,,,2026-03-31T14:59:15.545896
swarajbachu,skipped,,,,,2026-03-31T14:59:31.751474
whispersoftheelders,skipped,,,,,2026-03-31T14:59:40.667122
Blaadam,scored,GB,0.0378,85,15,2026-03-31T14:59:59.161229
vuslysty,skipped,UA,,0,0,2026-03-31T15:00:17.730614
MidgeOnGithub,skipped,,,,,2026-03-31T15:00:36.743405
Ana-Luiza-SC,skipped,,,,,2026-03-31T15:00:52.176657
mulgurul,skipped,,,,,2026-03-31T15:00:57.925630
AnhThong1503,skipped,,,,,2026-03-31T15:01:15.772770
LYchuadliu,skipped,,,,,2026-03-31T15:01:26.077195
sujazoya,skipped,,,,,2026-03-31T15:01:44.060308
oliverziegert,skipped,,,,,2026-03-31T15:02:01.242257
JohnLeM,skipped,FR,,18,0,2026-03-31T15:02:11.118544
IvanEnclonar,skipped,PH,,19,0,2026-03-31T15:02:29.114424
Mihail-Tsaletov,skipped,,,,,2026-03-31T15:02:49.219146
ckaruthapandi,skipped,,,,,2026-03-31T15:03:07.845103
amake,skipped,JP,,0,0,2026-03-31T15:03:14.310160
runoob09,skipped,,,,,2026-03-31T15:03:32.529466
AshwiniRajput1,skipped,GB,,0,36,2026-03-31T15:03:50.867163
lpil,skipped,GB,,0,0,2026-03-31T15:04:02.869493
skole-cgnx,skipped,,,,,2026-03-31T15:04:06.325321
cuifanfan,skipped,,,,,2026-03-31T15:04:24.555745
achetronic,skipped,,,,,2026-03-31T15:04:45.156452
AimenFahmi98,skipped,,,,,2026-03-31T15:05:04.116726
Quasercoderdilip,skipped,IN,,0,100,2026-03-31T15:05:16.187031
ffontaine,skipped,,,,,2026-03-31T15:05:19.306696
KyryloStroiev,skipped,,,,,2026-03-31T15:05:25.796196
yaseenaljamal,skipped,US,,7,0,2026-03-31T15:05:34.978486
fbonds,skipped,US,,0,0,2026-03-31T15:05:40.907193
umlx5h,skipped,,,,,2026-03-31T15:05:50.399840
sehrivaliyeva,skipped,,,,,2026-03-31T15:06:08.434322
WillItCompile,skipped,,,,,2026-03-31T15:06:27.340249
cmullenx,skipped,,,,,2026-03-31T15:06:39.698991
tibor-is-back,skipped,,,,,2026-03-31T15:06:45.455750
JessaUngod,skipped,,,,,2026-03-31T15:06:51.014244
brunosbrito,skipped,,,,,2026-03-31T15:07:09.733169
tunglev,skipped,,,,,2026-03-31T15:07:18.997195
a-numajiri,skipped,,,,,2026-03-31T15:07:28.013173
QEDminus20,skipped,,,,,2026-03-31T15:07:37.053510
eduardoparolin,skipped,,,,,2026-03-31T15:07:42.985391
eenattayani,skipped,,,,,2026-03-31T15:08:02.311476
alexneri,skipped,NL,,0,0,2026-03-31T15:08:16.762290
tonky,skipped,DE,,0,0,2026-03-31T15:08:25.990701
saduwka,skipped,,,,,2026-03-31T15:08:44.443064
BinaryGivens,skipped,,,,,2026-03-31T15:08:53.765738
kaangermiyann,skipped,TR,,0,16,2026-03-31T15:09:11.639839
sethdivyansh,skipped,,,,,2026-03-31T15:09:20.774886
yooha0518,skipped,,,,,2026-03-31T15:09:31.833557
AtMostafa,skipped,GB,,1,2,2026-03-31T15:09:40.075156
liedekef,skipped,BE,,0,0,2026-03-31T15:09:49.130070
Chloezhu010,skipped,,,,,2026-03-31T15:09:58.484519
GerHobbelt,skipped,,,,,2026-03-31T15:10:01.493785
wubomir,skipped,,,,,2026-03-31T15:10:08.254267
venkatesh-245,skipped,,,,,2026-03-31T15:10:20.304194
tuttofaredigitale,skipped,IT,,0,0,2026-03-31T15:10:38.609832
LukaD45,skipped,,,,,2026-03-31T15:10:55.988365
Vaasiilii,skipped,,,,,2026-03-31T15:11:12.336579
aliceisjustplaying,skipped,GB,,8,0,2026-03-31T15:11:27.053183
VolodymyrKyba,skipped,,,,,2026-03-31T15:11:45.520205
isheglov,skipped,,,,,2026-03-31T15:11:57.753889
plural,skipped,,,,,2026-03-31T15:12:15.416407
Kurt-Leopard,skipped,,,,,2026-03-31T15:12:31.523221
djs0109,skipped,DE,,0,100,2026-03-31T15:12:41.815807
lohchness,skipped,AU,,0,0,2026-03-31T15:12:57.760039
jabin-Kwon,skipped,,,,,2026-03-31T15:13:12.629697
andresdanielmtz,skipped,MX,,100,0,2026-03-31T15:13:30.774812
lksoftwares,skipped,,,,,2026-03-31T15:13:48.443795
Umbrella167,skipped,,,,,2026-03-31T15:14:02.881174
QVEYNACHTER,skipped,,,,,2026-03-31T15:14:21.125457
junedshaikh-web,skipped,IN,,0,0,2026-03-31T15:14:38.279357
zikrya,skipped,,,,,2026-03-31T15:14:56.178682
DanyaCho,skipped,,,,,2026-03-31T15:15:03.866393
hafsahjilanee,skipped,,,,,2026-03-31T15:15:13.288195
jay-bcm,skipped,,,,,2026-03-31T15:15:23.740831
merleau42,skipped,,,,,2026-03-31T15:15:30.031197
thatdevgirl,skipped,,,,,2026-03-31T15:15:48.477864
wlhtea,skipped,,,,,2026-03-31T15:15:57.711915
kiranktp,skipped,IN,,0,0,2026-03-31T15:16:00.529558
adiosbyebye,skipped,,,,,2026-03-31T15:16:09.657268
imyesung,skipped,,,,,2026-03-31T15:16:28.371649
MobeenRashid,skipped,PK,,0,0,2026-03-31T15:16:42.868702
TimVanC,skipped,,,,,2026-03-31T15:16:49.372016
faith-shirley,skipped,,,,,2026-03-31T15:17:07.943562
sschwindt,skipped,DE,,0,0,2026-03-31T15:17:26.866897
krajneretve-rodjeni,skipped,,,,,2026-03-31T15:17:33.805038
liuwusong,skipped,,,,,2026-03-31T15:17:52.372232
KUHELI08,skipped,,,,,2026-03-31T15:18:10.217345
gorthal,skipped,,,,,2026-03-31T15:18:29.197608
Maruf2309,scored,BD,0.0356,28,72,2026-03-31T15:18:45.524879
phanisurya-7,skipped,,,,,2026-03-31T15:19:05.224895
MjrDal,skipped,,,,,2026-03-31T15:19:23.164550
NelmerAyala,skipped,,,,,2026-03-31T15:19:34.775767
allanReyMacasaquit,skipped,,,,,2026-03-31T15:19:55.028639
kangjjs,skipped,,,,,2026-03-31T15:20:10.006803
philipmjohnson,skipped,,,,,2026-03-31T15:20:27.969325
dweiss,skipped,PL,,0,3,2026-03-31T15:20:51.556824
dmi-feo,skipped,NL,,0,16,2026-03-31T15:21:01.840198
Aastha-Jaiman,skipped,,,,,2026-03-31T15:21:19.558535
AbdulBasit7775,skipped,,,,,2026-03-31T15:21:34.845849
DimitriB01,skipped,,,,,2026-03-31T15:21:44.056972
lovelyJason,skipped,,,,,2026-03-31T15:22:02.312028
oneTureCode,skipped,,,,,2026-03-31T15:22:08.237815
leehuwuj,scored,VN,0.0301,24,19,2026-03-31T15:22:23.429702
WINDOWS-95-SE,skipped,,,,,2026-03-31T15:22:30.909866
ctessum,skipped,,,,,2026-03-31T15:22:40.194017
jiminkyung,skipped,,,,,2026-03-31T15:22:46.860364
jrasm91,skipped,,,,,2026-03-31T15:23:04.709866
datapopcorn,skipped,,,,,2026-03-31T15:23:20.534252
hseok-oh,skipped,KR,,0,0,2026-03-31T15:23:26.382662
aws-aemilia-fra,skipped,,,,,2026-03-31T15:23:43.314930
RomanJRW,skipped,DE,,0,0,2026-03-31T15:23:56.073428
LarysaLemeshuk,skipped,,,,,2026-03-31T15:24:14.356826
Mayo-In,skipped,IN,,0,31,2026-03-31T15:24:32.555189
KuangjuX,skipped,CN,,34,0,2026-03-31T15:24:38.696252
jgraham,skipped,,,,,2026-03-31T15:24:51.505876
kusawokoshitemori,skipped,,,,,2026-03-31T15:25:09.414771
badhenke,skipped,,,,,2026-03-31T15:25:12.266792
Mightt-gifty,skipped,,,,,2026-03-31T15:25:15.225509
akhil5564,skipped,,,,,2026-03-31T15:25:30.295940
disturb-yy,skipped,,,,,2026-03-31T15:25:42.441035
LiamTyl78,skipped,US,,40,0,2026-03-31T15:26:04.050034
henry3695,skipped,,,,,2026-03-31T15:26:20.355648
HriThik-MaNoj,skipped,,,,,2026-03-31T15:26:27.016170
nguyenduongtun,skipped,,,,,2026-03-31T15:26:39.764918
Cuervita,skipped,,,,,2026-03-31T15:26:57.137686
pilbert12,skipped,,,,,2026-03-31T15:27:03.333688
garzuze,skipped,,,,,2026-03-31T15:27:15.818582
jc-cb,skipped,,,,,2026-03-31T15:27:33.685057
Baumann001,skipped,,,,,2026-03-31T15:27:53.346258
kristeno01,skipped,,,,,2026-03-31T15:28:11.147585
ali-rezai,skipped,,,,,2026-03-31T15:28:25.959439
ajilenakh,skipped,,,,,2026-03-31T15:28:43.684263
OpAditya1109,skipped,,,,,2026-03-31T15:28:58.128513
Din0zaBr,skipped,,,,,2026-03-31T15:29:04.484974
sippam,skipped,,,,,2026-03-31T15:29:19.802139
Sudeozubek,skipped,TR,,1,89,2026-03-31T15:29:39.572724
SabaUrgup,skipped,TR,,18,0,2026-03-31T15:29:55.611931
Yesner,skipped,,,,,2026-03-31T15:30:14.633296
ThomasRubini,skipped,,,,,2026-03-31T15:30:26.733971
sariya23,scored,RU,0.1276,14,86,2026-03-31T15:30:48.336502
RogerPenna,skipped,,,,,2026-03-31T15:30:55.305092
Prakashpatil8868,skipped,,,,,2026-03-31T15:31:12.926117
DarioRojas87,skipped,US,,5,0,2026-03-31T15:31:31.265835
SachinSah18,skipped,,,,,2026-03-31T15:31:51.111808
YashJagani,skipped,,,,,2026-03-31T15:32:10.864129
Cocove,skipped,,,,,2026-03-31T15:32:29.038273
TOMMY-CODER28,skipped,,,,,2026-03-31T15:32:37.542161
lukkachavchavazde,skipped,,,,,2026-03-31T15:32:57.766607
Mivr,skipped,,,,,2026-03-31T15:33:06.754998
hestad,skipped,NO,,0,0,2026-03-31T15:33:22.419490
BOUDRIGAYassine,skipped,,,,,2026-03-31T15:33:41.243348
hrishikesh8848,skipped,,,,,2026-03-31T15:33:45.474921
JaketheZ,skipped,,,,,2026-03-31T15:33:48.387222
Krzmbrzl,skipped,,,,,2026-03-31T15:33:54.813611
w3i-andrea,skipped,,,,,2026-03-31T15:34:03.818940
anekkanti,skipped,,,,,2026-03-31T15:34:15.938501
Pxyzi3c,skipped,,,,,2026-03-31T15:34:33.966915
rohitbuwala,skipped,,,,,2026-03-31T15:34:53.287684
VitalikN,skipped,,,,,2026-03-31T15:35:12.484313
mr22206,skipped,FR,,0,85,2026-03-31T15:35:31.118909
Adwin120,skipped,,,,,2026-03-31T15:35:46.021368
Aman-Data-wizard,skipped,,,,,2026-03-31T15:36:04.206464
LEGENDBOSS123,skipped,,,,,2026-03-31T15:36:21.671323
dkolba,skipped,DE,,0,0,2026-03-31T15:36:35.047248
LnzMigll14,skipped,,,,,2026-03-31T15:36:52.876829
dariusgrassi,skipped,,,,,2026-03-31T15:36:59.131790
redpenguiney,skipped,,,,,2026-03-31T15:37:08.324224
paduszyk,scored,PL,0.2646,25,75,2026-03-31T15:37:26.510773
MatthewMaitland,skipped,US,,0,13,2026-03-31T15:37:41.601634
irenarindos,skipped,US,,0,0,2026-03-31T15:37:44.321975
shreyashchaware,skipped,,,,,2026-03-31T15:37:56.400296
Gumraze-git,skipped,,,,,2026-03-31T15:38:03.166308
hahnbeelee,skipped,,,,,2026-03-31T15:38:27.078445
Trishu-Patel,skipped,,,,,2026-03-31T15:38:45.243996
Egrvigrf,skipped,,,,,2026-03-31T15:38:57.934133
stsnel,skipped,NL,,0,0,2026-03-31T15:39:07.053011
JohnDoe287,skipped,MX,,0,0,2026-03-31T15:39:16.235007
neha-bytedev,skipped,,,,,2026-03-31T15:39:31.472913
yngrdyn,skipped,,,,,2026-03-31T15:39:46.110037
dork-er,skipped,KE,,0,50,2026-03-31T15:40:04.875565
q15971095971,skipped,,,,,2026-03-31T15:40:07.877170
Calvin155,skipped,,,,,2026-03-31T15:40:14.583792
elioschmutz,skipped,DE,,0,0,2026-03-31T15:40:29.339372
JThh,skipped,SG,,1,0,2026-03-31T15:40:47.280441
romain-grecourt,skipped,US,,0,0,2026-03-31T15:40:50.228384
shamsa19,skipped,,,,,2026-03-31T15:40:59.780851
ft-NotArt,skipped,,,,,2026-03-31T15:41:19.007712
akarifrites,skipped,,,,,2026-03-31T15:41:35.403008
oerc0122,skipped,,,,,2026-03-31T15:41:51.111514
PeterKassenaar,skipped,,,,,2026-03-31T15:42:00.748099
raijke1337,skipped,,,,,2026-03-31T15:42:07.534815
StevTobs,skipped,TH,,0,0,2026-03-31T15:42:25.250475
sudo-ambrose,skipped,,,,,2026-03-31T15:42:33.715183
araman-m,skipped,FR,,0,0,2026-03-31T15:42:36.518058
beyondchenlin,skipped,,,,,2026-03-31T15:42:42.359656
diatrcz,skipped,HU,,33,0,2026-03-31T15:43:00.550823
KhoeunSopheak,skipped,,,,,2026-03-31T15:43:18.727828
UrielHaile,skipped,,,,,2026-03-31T15:43:27.459809
Einsteinj04,skipped,,,,,2026-03-31T15:43:46.719401
hthieu1110,skipped,,,,,2026-03-31T15:43:53.783514
dntstck,skipped,GB,,0,19,2026-03-31T15:44:00.711481
Mahmoud-ELSayed-Younes,skipped,,,,,2026-03-31T15:44:13.099095
carlosrs14,skipped,CO,,0,65,2026-03-31T15:44:25.642546
sammeltassen,scored,NL,0.0316,55,7,2026-03-31T15:44:37.472381
holidayworking,skipped,JP,,0,0,2026-03-31T15:44:55.699421
Collinsdaberechukwu,skipped,,,,,2026-03-31T15:45:13.775209
Hodoo08,skipped,,,,,2026-03-31T15:45:31.777950
trangsinhdia,skipped,,,,,2026-03-31T15:45:40.872126
luisg6z,skipped,,,,,2026-03-31T15:45:59.514048
vanilla-extracts,skipped,FR,,0,31,2026-03-31T15:46:08.958420
yatanokarasu,skipped,,,,,2026-03-31T15:46:23.673081
fatimaezahramouhdane,skipped,,,,,2026-03-31T15:46:38.570326
Fedozie,skipped,NG,,0,0,2026-03-31T15:46:55.215037
Rs0V,skipped,,,,,2026-03-31T15:47:12.823980
KervinCruzARAP,skipped,,,,,2026-03-31T15:47:18.519657
Salem0515,skipped,,,,,2026-03-31T15:47:36.531546
kakearney,skipped,US,,0,0,2026-03-31T15:47:45.643704
tobiscr,skipped,DE,,0,0,2026-03-31T15:47:49.703641
tejas-contentstack,scored,IN,0.0396,11,21,2026-03-31T15:47:59.465968
Amanar-Marouane,skipped,,,,,2026-03-31T15:48:17.673798
CCM-AI,skipped,,,,,2026-03-31T15:48:35.266729
theavege,skipped,,,,,2026-03-31T15:48:45.024648
tyfiero,skipped,US,,1,0,2026-03-31T15:48:57.083602
Divaaaan,skipped,,,,,2026-03-31T15:49:12.580781
codesyellow,skipped,,,,,2026-03-31T15:49:18.768810
AnnaKotl,skipped,UA,,79,0,2026-03-31T15:49:37.964911
kc1212,skipped,,,,,2026-03-31T15:49:55.325989
ericqueirozc,skipped,BR,,2,0,2026-03-31T15:50:12.584772
ChristineV67,skipped,,,,,2026-03-31T15:50:30.615676
hjd1964,skipped,,,,,2026-03-31T15:50:37.777431
salvar3nga,scored,DE,0.0684,5,13,2026-03-31T15:50:52.864455
vbhayden,skipped,,,,,2026-03-31T15:51:03.274205
AndresLamar,skipped,CO,,48,0,2026-03-31T15:51:18.822819
Idlaviv17,skipped,MX,,61,0,2026-03-31T15:51:36.943366
VtCasagrande,skipped,,,,,2026-03-31T15:51:52.658467
Mathis-Bermond,skipped,,,,,2026-03-31T15:54:08.463903
pmcollins,skipped,US,,0,0,2026-03-31T15:54:14.514938
ManuelGraziani,skipped,,,,,2026-03-31T15:54:32.890510
ShadowDara,skipped,,,,,2026-03-31T15:54:42.648614
QuBenhao,skipped,CN,,0,26,2026-03-31T15:55:02.424210
rayane-hdr,skipped,,,,,2026-03-31T15:55:19.749411
hhhhhyx,skipped,GB,,0,0,2026-03-31T15:55:34.647900
Ascynx,skipped,BE,,60,0,2026-03-31T15:55:44.139126
alexandrutomescu,scored,FI,0.0922,5,23,2026-03-31T15:56:01.320839
natebeauregard,skipped,US,,0,0,2026-03-31T15:56:05.534181
mateus-robers-amaral,skipped,,,,,2026-03-31T15:56:23.981018
Bionicgitman,skipped,,,,,2026-03-31T15:56:29.589128
nsun95,skipped,,,,,2026-03-31T15:56:41.201999
arafays,skipped,PK,,2,1,2026-03-31T15:56:47.022950
hernandito,skipped,,,,,2026-03-31T15:57:01.336403
isShayulajiao,skipped,,,,,2026-03-31T15:57:07.225940
havasd,skipped,,,,,2026-03-31T15:57:21.590868
dfberenson,skipped,,,,,2026-03-31T15:57:44.373457
dangello-g,skipped,CO,,18,0,2026-03-31T15:58:01.813226
Maurennn,skipped,,,,,2026-03-31T15:58:19.635662
1DAW-victorjim551,skipped,,,,,2026-03-31T15:58:38.165878
sumitdalal76,skipped,,,,,2026-03-31T15:58:53.413712
a18361272323,skipped,,,,,2026-03-31T15:59:11.546329
thunderforce1,skipped,,,,,2026-03-31T15:59:18.974262
mywyau,skipped,,,,,2026-03-31T15:59:38.629708
mariovfaqua,skipped,,,,,2026-03-31T15:59:44.330547
houbeng,skipped,,,,,2026-03-31T16:00:01.970292
HarshSingh-code,skipped,,,,,2026-03-31T16:00:11.023130
ELENGA-ASSEKA,skipped,,,,,2026-03-31T16:00:26.252004
slimreaper35,scored,CZ,0.1235,33,58,2026-03-31T16:00:40.976723
abradley202,skipped,,,,,2026-03-31T16:00:43.859358
TonyV2Intl,skipped,CN,,0,59,2026-03-31T16:00:57.041400
Pi2608,skipped,,,,,2026-03-31T16:01:07.000678
XxDrancerxX,skipped,,,,,2026-03-31T16:01:14.519409
iam4m1n,skipped,,,,,2026-03-31T16:01:31.913750
EllieBach,skipped,,,,,2026-03-31T16:01:47.447816
Phantom5800,skipped,,,,,2026-03-31T16:01:56.964988
saifaimizumi,skipped,,,,,2026-03-31T16:02:14.644489
Ritesh115,skipped,IN,,0,100,2026-03-31T16:02:31.611483
ishanigiri,skipped,,,,,2026-03-31T16:02:49.636546
jamesweb83,skipped,,,,,2026-03-31T16:02:58.872510
fbarcelo8,skipped,,,,,2026-03-31T16:03:08.363202
bladesan21,skipped,,,,,2026-03-31T16:03:15.027360
YonyUk,skipped,,,,,2026-03-31T16:03:29.977324
vilmarvalval,skipped,,,,,2026-03-31T16:03:48.858466
manuparra,skipped,ES,,0,0,2026-03-31T16:03:57.613528
DeLorenzoRD,skipped,,,,,2026-03-31T16:04:04.055519
omni1chirag,skipped,,,,,2026-03-31T16:04:19.985210
threedeyes,skipped,RU,,0,0,2026-03-31T16:04:38.048753
StefanSchullerAndrei,skipped,,,,,2026-03-31T16:04:56.356735
VpnShield,skipped,,,,,2026-03-31T16:05:02.734370
GyorgyPeter,skipped,,,,,2026-03-31T16:05:09.114280
chriswalker,skipped,GB,,0,0,2026-03-31T16:05:21.202433
newnaveendhawan,skipped,,,,,2026-03-31T16:05:41.846786
Tsarontop,skipped,,,,,2026-03-31T16:05:54.266001
mcoirad,skipped,,,,,2026-03-31T16:06:12.285389
dolmen,skipped,FR,,0,0,2026-03-31T16:06:24.671347
NgFinn,skipped,,,,,2026-03-31T16:06:36.507698
pbasumatary,skipped,,,,,2026-03-31T16:06:42.313891
hi-heavens,skipped,,,,,2026-03-31T16:07:01.672851
Eishfaq,skipped,,,,,2026-03-31T16:07:19.630723
yanaficl,skipped,,,,,2026-03-31T16:07:25.390291
DanMaker01,skipped,BR,,0,34,2026-03-31T16:07:42.996427
khos2ow,skipped,CA,,0,0,2026-03-31T16:07:45.912547
Hellager,skipped,,,,,2026-03-31T16:07:56.109414
MaXal,skipped,,,,,2026-03-31T16:08:08.157592
nicolade119,skipped,,,,,2026-03-31T16:08:17.625416
JJungEunnn,skipped,,,,,2026-03-31T16:08:33.112581
EldonBird,skipped,,,,,2026-03-31T16:08:51.608761
AgustinGuti,skipped,,,,,2026-03-31T16:09:00.803504
uhyun-fe,skipped,,,,,2026-03-31T16:09:19.157277
B8O8,skipped,,,,,2026-03-31T16:09:37.636455
iiiii0vicky0-0singh0iiiii,skipped,,,,,2026-03-31T16:09:45.374354
Rat01047,skipped,,,,,2026-03-31T16:09:57.198742
kisliakovsky,skipped,,,,,2026-03-31T16:10:14.766171
lwey,skipped,,,,,2026-03-31T16:10:21.160593
llsrwsaint225,skipped,,,,,2026-03-31T16:10:35.878051
vshatravenko,skipped,,,,,2026-03-31T16:10:45.235263
Midenissi,skipped,,,,,2026-03-31T16:11:05.652897
luustik,skipped,GB,,0,100,2026-03-31T16:11:19.217500
Tola-lemma,skipped,ET,,,,2026-03-31T16:11:37.358404
liuk7071,skipped,IT,,87,2,2026-03-31T16:11:46.853326
fifijo,skipped,PL,,0,0,2026-03-31T16:12:03.864070
matthewlipski,skipped,,,,,2026-03-31T16:12:16.445534
Rohan7654,skipped,IN,,0,0,2026-03-31T16:14:37.488613
shuqi-mo,skipped,CN,,0,0,2026-03-31T16:14:52.988181
shkim6526,skipped,,,,,2026-03-31T16:14:58.750979
liuzh385,skipped,,,,,2026-03-31T16:15:04.568182
Hamed18,scored,BD,0.0304,8,51,2026-03-31T16:15:23.940665
JalapatiRavikumar,skipped,IN,,0,7,2026-03-31T16:15:41.320107
pillowbytes,skipped,IE,,0,6,2026-03-31T16:15:55.736818
uo287983,skipped,,,,,2026-03-31T16:16:01.158200
KumikoSama,skipped,,,,,2026-03-31T16:16:23.203143
zaingz,skipped,GB,,0,0,2026-03-31T16:16:40.476867
Ahmed-ozta,skipped,,,,,2026-03-31T16:16:51.525748
DodginJam,skipped,,,,,2026-03-31T16:17:06.747910
Jung93,skipped,,,,,2026-03-31T16:17:23.095323
pdm21,skipped,,,,,2026-03-31T16:17:41.847945
PimVanLeeuwen,skipped,NL,,0,11,2026-03-31T16:17:52.204021
jryanakl,skipped,,,,,2026-03-31T16:18:01.028837
AS-Baba,scored,NG,0.0452,26,5,2026-03-31T16:18:18.936325
sorayaskavinski,skipped,,,,,2026-03-31T16:18:28.030710
LocateRequestStatus,skipped,,,,,2026-03-31T16:18:35.564739
MagicM-96,skipped,,,,,2026-03-31T16:18:42.028174
JanBurle,skipped,,,,,2026-03-31T16:18:50.883579
deshakil,skipped,IN,,0,36,2026-03-31T16:19:10.184642
dkuriharaume,skipped,,,,,2026-03-31T16:19:28.661960
elinkronander,skipped,,,,,2026-03-31T16:19:34.467469
shamuraix,skipped,,,,,2026-03-31T16:19:44.690340
bartoszclapinski,skipped,PL,,18,0,2026-03-31T16:20:03.538865
huanghitoy,skipped,,,,,2026-03-31T16:20:08.007701
ShlomiRex,skipped,IL,,0,0,2026-03-31T16:20:26.415723
strawgate,skipped,,,,,2026-03-31T16:20:38.941337
sheveg,skipped,,,,,2026-03-31T16:20:58.857645
ciao621,skipped,,,,,2026-03-31T16:21:05.032566
AngelinaCo10,skipped,,,,,2026-03-31T16:21:25.616084
ad6ms,skipped,,,,,2026-03-31T16:21:45.653930
mdrasel97,skipped,BD,,0,38,2026-03-31T16:22:02.973115
aref400,skipped,,,,,2026-03-31T16:22:18.085664
abcdef30,skipped,,,,,2026-03-31T16:22:24.163086
Edward-RSE,skipped,,,,,2026-03-31T16:22:36.903921
robifr,skipped,,,,,2026-03-31T16:22:56.150730
rad182,skipped,PH,,0,0,2026-03-31T16:23:13.908713
liliya94270,skipped,,,,,2026-03-31T16:23:30.444929
vkoori,skipped,,,,,2026-03-31T16:23:48.462812
mcirami,skipped,,,,,2026-03-31T16:24:09.486569
harbamediagroup,skipped,,,,,2026-03-31T16:24:12.414500
Dimjol,skipped,,,,,2026-03-31T16:24:30.303651
ilopez-r,skipped,,,,,2026-03-31T16:24:49.127900
rburing,skipped,FR,,0,0,2026-03-31T16:25:01.151741
vishmithSuranjaya,skipped,,,,,2026-03-31T16:25:18.634743
niski1996,skipped,,,,,2026-03-31T16:25:36.752677
MASOOM-BIT,skipped,,,,,2026-03-31T16:25:52.300784
w12928293,skipped,,,,,2026-03-31T16:25:56.667097
enqviste,skipped,,,,,2026-03-31T16:26:02.344029
dk4g,skipped,,,,,2026-03-31T16:26:05.265608
robinso1,skipped,,,,,2026-03-31T16:26:22.577203
hadar-co,skipped,,,,,2026-03-31T16:26:31.874125
eyurtsev,skipped,US,,11,0,2026-03-31T16:26:41.283110
mike-hoegeman,skipped,,,,,2026-03-31T16:26:52.732208
DylanColton,skipped,,,,,2026-03-31T16:27:10.601180
michaeltuszynski,skipped,,,,,2026-03-31T16:27:28.918573
LefterisSakakos,skipped,,,,,2026-03-31T16:27:35.198426
TheNerdHolden,skipped,,,,,2026-03-31T16:27:54.462282
SHANKARPDJ,skipped,,,,,2026-03-31T16:28:01.095621
jambolo1970,skipped,,,,,2026-03-31T16:28:10.421821
ahmedmodi8,skipped,,,,,2026-03-31T16:28:20.502663
lottiepot,skipped,,,,,2026-03-31T16:28:29.262007
DmitriyLewen,skipped,,,,,2026-03-31T16:28:35.609216
Tonaion02,skipped,,,,,2026-03-31T16:28:49.150314
abhishekkumar-githb,skipped,IN,,3,14,2026-03-31T16:29:06.837676
MohsenNz,skipped,,,,,2026-03-31T16:29:25.850768
DaniChioibas,skipped,,,,,2026-03-31T16:29:43.606883
sam-laskowski,scored,GB,0.0728,6,8,2026-03-31T16:30:03.843420
tomdol,skipped,,,,,2026-03-31T16:30:22.138589
ShabbeerLio,skipped,,,,,2026-03-31T16:30:39.378562
Zak-Hussain,scored,CH,0.0286,61,39,2026-03-31T16:30:48.406776
akhilgit19,skipped,,,,,2026-03-31T16:31:01.972635
JacobF10,skipped,,,,,2026-03-31T16:31:08.074452
sonnn1505,skipped,,,,,2026-03-31T16:31:26.710872
Vinaykumar021,skipped,,,,,2026-03-31T16:31:35.818284
acollette,skipped,,,,,2026-03-31T16:31:53.336920
Guidin007,skipped,,,,,2026-03-31T16:32:14.145703
saif-ali01,scored,IN,0.3048,5,14,2026-03-31T16:32:31.726178
AtharvaParadkar,skipped,,,,,2026-03-31T16:32:49.864896
JeongHunHui,skipped,KR,,88,1,2026-03-31T16:33:02.109582
Paramo2508,skipped,,,,,2026-03-31T16:33:04.967212
APirateHat,skipped,,,,,2026-03-31T16:33:22.351830
jyoo030,skipped,,,,,2026-03-31T16:33:41.038870
Jorge-Andres17,skipped,,,,,2026-03-31T16:33:58.722356
leewensheng,skipped,,,,,2026-03-31T16:34:04.831828
Mirzaazmath,skipped,IN,,9,0,2026-03-31T16:34:24.625052
AtharvaSrivastavaIsACoderAndHacker,skipped,,,,,2026-03-31T16:34:31.092114
saakaar-barthwal,skipped,,,,,2026-03-31T16:34:37.012670
honghaoz,skipped,US,,0,0,2026-03-31T16:34:54.775745
Ksenia-Nazarina,skipped,,,,,2026-03-31T16:35:12.653668
saiwebdeveloper,skipped,,,,,2026-03-31T16:35:30.044686
GindaChen,skipped,US,,0,0,2026-03-31T16:35:38.849547
jiyun2000,skipped,,,,,2026-03-31T16:35:49.503597
MariaGorelik,skipped,,,,,2026-03-31T16:36:07.203622
AminurAlam,skipped,,,,,2026-03-31T16:36:17.962458
ExNG51,skipped,,,,,2026-03-31T16:36:24.731674
KholdStare,skipped,CA,,0,0,2026-03-31T16:36:35.467288
dmh2000,skipped,US,,2,0,2026-03-31T16:36:55.119823
ndrsc3,skipped,,,,,2026-03-31T16:37:13.378932
Shahinbavili,skipped,,,,,2026-03-31T16:37:25.360212
DevilsCSTM,skipped,,,,,2026-03-31T16:37:31.977622
arv,skipped,FR,,0,0,2026-03-31T16:37:44.637833
uniqueplayer9102,skipped,,,,,2026-03-31T16:37:50.546284
danielalvsaaker,skipped,,,,,2026-03-31T16:38:09.631087
7azmi,scored,MY,0.0332,14,6,2026-03-31T16:38:27.126513
ADguyCN990,skipped,,,,,2026-03-31T16:38:39.743413
zineb-24,skipped,,,,,2026-03-31T16:38:59.074502
badanimator,skipped,,,,,2026-03-31T16:39:26.351266
sashaboi,skipped,,,,,2026-03-31T16:39:41.910412
artur-debv,skipped,,,,,2026-03-31T16:40:01.414290
ArifMubarok,skipped,,,,,2026-03-31T16:40:26.930514
fpyyy,skipped,,,,,2026-03-31T16:40:29.821142
ackraaij,skipped,,,,,2026-03-31T16:40:35.793489
tomggill,skipped,GB,,4,64,2026-03-31T16:41:09.264643
yitsonj,skipped,,,,,2026-03-31T16:41:20.893887
nevasion,skipped,,,,,2026-03-31T16:41:29.854906
echoix,skipped,CA,,0,0,2026-03-31T16:41:32.765480
shubham94github,skipped,IN,,3,0,2026-03-31T16:41:47.360268
IldarSaygafarov2,skipped,,,,,2026-03-31T16:41:56.903162
habibi03336,skipped,,,,,2026-03-31T16:42:12.133933
krishnareddy725,skipped,,,,,2026-03-31T16:42:23.685701
AndresRSaravia,skipped,,,,,2026-03-31T16:42:33.317378
AlaaALMidani,skipped,,,,,2026-03-31T16:42:50.824168
sanmamama,skipped,,,,,2026-03-31T16:42:58.093599
meganrm,skipped,,,,,2026-03-31T16:43:07.230690
em-usman,skipped,,,,,2026-03-31T16:43:26.153228
SUNIL-000,skipped,,,,,2026-03-31T16:43:43.593140
IlyesMazouz,skipped,,,,,2026-03-31T16:43:55.758470
sebastiangz,skipped,,,,,2026-03-31T16:44:05.219439
SandorTeleki,skipped,,,,,2026-03-31T16:44:21.419823
SerhiyStoperkevych,skipped,,,,,2026-03-31T16:44:39.072812
CraRAX,skipped,,,,,2026-03-31T16:44:48.771406
mpreiner,skipped,,,,,2026-03-31T16:44:55.395888
gabbymassaro,skipped,,,,,2026-03-31T16:45:01.527287
nikachkharti,skipped,,,,,2026-03-31T16:45:14.789866
CKemmeren,skipped,,,,,2026-03-31T16:45:19.071898
boosja,skipped,NO,,36,0,2026-03-31T16:45:39.942344
mhbka,scored,SG,0.1629,86,14,2026-03-31T16:45:53.887139
juliusv,skipped,DE,,0,0,2026-03-31T16:46:04.151962
RogerioPereira22,skipped,,,,,2026-03-31T16:46:13.487378
sandertuisk,skipped,,,,,2026-03-31T16:46:31.227744
Drsheppard01,skipped,,,,,2026-03-31T16:46:45.505741
Tordnado,skipped,NO,,0,64,2026-03-31T16:46:54.694188
YESHUA444,skipped,,,,,2026-03-31T16:47:01.990810
boros-csaba,skipped,,,,,2026-03-31T16:47:19.569579
danielpeig,skipped,,,,,2026-03-31T16:47:26.341293
bradharding,skipped,AU,,0,100,2026-03-31T16:47:33.955617
GouravSittam,skipped,,,,,2026-03-31T16:47:46.324241
divyankprajapati,skipped,,,,,2026-03-31T16:48:04.176502
valangelo,skipped,,,,,2026-03-31T16:48:19.367789
giganigeria,skipped,DE,,0,48,2026-03-31T16:48:34.795886
devfloww,skipped,NG,,0,56,2026-03-31T16:48:47.050789
Z9RTM,skipped,JP,,3,16,2026-03-31T16:49:06.973997
li192863,skipped,,,,,2026-03-31T16:49:25.913251
Ranji-07,skipped,,,,,2026-03-31T16:49:43.457021
fdkovalevv,skipped,,,,,2026-03-31T16:49:53.147673
clauseggers,skipped,NL,,0,1,2026-03-31T16:49:59.977216
fernando-delosrios-sp,skipped,ES,,8,1,2026-03-31T16:50:09.497382
Snowfl4k3s,skipped,,,,,2026-03-31T16:50:18.536292
Jinx-1120,skipped,,,,,2026-03-31T16:50:36.214081
radomala,skipped,,,,,2026-03-31T16:50:42.378881
florian-at-bareos,skipped,,,,,2026-03-31T16:50:45.107255
esther2000,skipped,,,,,2026-03-31T16:51:03.555921
s204475,skipped,,,,,2026-03-31T16:51:21.314057
Phenixis,skipped,,,,,2026-03-31T16:51:33.442677
benyamin-mashkoorzadeh,skipped,,,,,2026-03-31T16:51:52.278484
PatrickFreytas,skipped,,,,,2026-03-31T16:52:00.841052
slosar,skipped,,,,,2026-03-31T16:52:12.430524
IDMoquan,skipped,,,,,2026-03-31T16:52:18.798816
tomiaa12,scored,CN,0.0698,6,93,2026-03-31T16:52:34.986948
changmmml,skipped,,,,,2026-03-31T16:52:45.613307
leic4u,skipped,,,,,2026-03-31T16:52:51.507900
Muhseenajas,skipped,,,,,2026-03-31T16:53:04.376702
themattinthehatt,scored,US,0.0398,5,8,2026-03-31T16:53:14.171591
kevinirawand,skipped,,,,,2026-03-31T16:53:31.787699
SamithVa,skipped,,,,,2026-03-31T16:53:40.564567
songleo,skipped,,,,,2026-03-31T16:53:47.150229
Wster11,skipped,CN,,32,0,2026-03-31T16:53:56.134666
olich97,scored,IT,0.0393,47,11,2026-03-31T16:54:09.334203
MustaficIvan,skipped,,,,,2026-03-31T16:54:24.175088
mmohamedbassiouny,skipped,,,,,2026-03-31T16:54:41.678692
SandeepRed,skipped,IE,,0,12,2026-03-31T16:54:52.751588
zdzdzdfive,skipped,,,,,2026-03-31T16:54:58.743041
salmaelgohary,skipped,,,,,2026-03-31T16:55:16.481141
c935289832,skipped,,,,,2026-03-31T16:55:22.130497
saurabhmetal,skipped,,,,,2026-03-31T16:55:27.796466
niqifan007,skipped,,,,,2026-03-31T16:55:42.460165
JosePizarro3,scored,DE,0.0501,74,26,2026-03-31T16:55:58.675464
davidcassany,skipped,ES,,0,0,2026-03-31T16:56:08.865684
leudz,skipped,FR,,0,72,2026-03-31T16:56:25.394746
Th3Mayar,skipped,,,,,2026-03-31T16:56:44.284702
north-blue,skipped,,,,,2026-03-31T16:57:01.683238
AlvaroReynoso,skipped,,,,,2026-03-31T16:57:16.927803
abhibs,skipped,,,,,2026-03-31T16:57:37.043090
imfineimgood,skipped,,,,,2026-03-31T16:57:58.100783
dsampson94,skipped,,,,,2026-03-31T16:58:15.376937
smaranbhupathi,skipped,,,,,2026-03-31T16:58:31.401493
CDerksen,skipped,DE,,0,1,2026-03-31T16:58:37.040077
Minsang0130,skipped,,,,,2026-03-31T16:58:48.830644
Faizallpangestu,skipped,,,,,2026-03-31T16:59:06.815645
SYYoung,skipped,,,,,2026-03-31T16:59:19.502737
Kanghyeon00,skipped,,,,,2026-03-31T16:59:37.351855
Andy2003,skipped,DE,,0,0,2026-03-31T16:59:43.768882
HatoriMei,skipped,,,,,2026-03-31T17:00:01.673272
MattePavons,skipped,,,,,2026-03-31T17:00:08.210491
katsu1101,skipped,,,,,2026-03-31T17:00:25.926194
mustafaa-zaman,skipped,,,,,2026-03-31T17:00:43.504351
NataliZaitseva,skipped,,,,,2026-03-31T17:00:49.194664
cesarmod2017,skipped,,,,,2026-03-31T17:01:07.326762
TailonSilva,skipped,,,,,2026-03-31T17:01:25.439149
Savin73,skipped,,,,,2026-03-31T17:01:33.956977
kornevaanna,skipped,,,,,2026-03-31T17:01:40.209091
Wrailway,skipped,,,,,2026-03-31T17:01:43.054683
ashutosh229,skipped,,,,,2026-03-31T17:01:58.398304
stirlo,skipped,AU,,0,100,2026-03-31T17:02:07.621126
InSeok9068,skipped,,,,,2026-03-31T17:02:25.985867
JamesLowenthal,skipped,,,,,2026-03-31T17:02:32.965196
ItsMeNengYi,skipped,,,,,2026-03-31T17:02:48.595716
paroj,skipped,DE,,0,0,2026-03-31T17:03:00.304008
enderlinp-uha,skipped,,,,,2026-03-31T17:03:17.497208
holloway,skipped,NZ,,0,0,2026-03-31T17:03:23.748272
cskmnrpt,skipped,,,,,2026-03-31T17:03:29.524161
FUSAKLA,skipped,CZ,,0,0,2026-03-31T17:03:41.237169
jarohen,skipped,GB,,1,0,2026-03-31T17:03:59.836302
amarelali,skipped,,,,,2026-03-31T17:04:11.504118
moreorlessanand,skipped,,,,,2026-03-31T17:04:17.900630
sri7373,skipped,SG,,0,46,2026-03-31T17:04:36.027910
Arren11111,skipped,SG,,0,0,2026-03-31T17:04:40.211633
sviatoslav-krupa,skipped,UA,,0,100,2026-03-31T17:04:47.024415
IronFox,skipped,,,,,2026-03-31T17:05:04.464877
roaa-mamdouh,skipped,,,,,2026-03-31T17:05:28.291294
RStr84,skipped,,,,,2026-03-31T17:05:45.686957
thewca-bot,skipped,,,,,2026-03-31T17:05:48.430990
AyushDeuja,skipped,NP,,0,77,2026-03-31T17:06:06.914604
jswijnands,skipped,,,,,2026-03-31T17:06:13.053440
HashanTG,skipped,,,,,2026-03-31T17:06:30.627310
codecrafters-2023,skipped,,,,,2026-03-31T17:06:44.419133
jianli-wei,skipped,CN,,0,0,2026-03-31T17:06:47.336072
MatthieuHanania,skipped,FR,,21,0,2026-03-31T17:07:02.743852
yacob-awad,skipped,,,,,2026-03-31T17:07:08.659385
mynameisYera,skipped,,,,,2026-03-31T17:07:26.689179
manojsaharan01,skipped,CA,,0,0,2026-03-31T17:07:29.552315
GabriPires,skipped,BR,,0,1,2026-03-31T17:07:48.397892
hrhwilliams,skipped,,,,,2026-03-31T17:08:06.167677
Karnatakasravani,skipped,,,,,2026-03-31T17:08:12.805180
hestiacn,skipped,,,,,2026-03-31T17:08:16.676757
johnfa1508,skipped,,,,,2026-03-31T17:08:32.019040
ndelval,skipped,,,,,2026-03-31T17:08:52.260383
victazzz,skipped,PL,,0,3,2026-03-31T17:09:01.023838
craftzmask,skipped,US,,0,100,2026-03-31T17:09:18.896286
itxtoledo,skipped,BR,,2,0,2026-03-31T17:09:35.835208
Bigshowzyb,skipped,,,,,2026-03-31T17:09:42.074247
niushuai1991,skipped,,,,,2026-03-31T17:09:59.461285
keshan3262,skipped,UA,,3,0,2026-03-31T17:10:14.712374
baljeetmatta,skipped,,,,,2026-03-31T17:10:31.711836
nathansherburn,skipped,AU,,0,0,2026-03-31T17:10:43.903959
josephweinkamgov,skipped,,,,,2026-03-31T17:10:49.212235
kneeraj0909,skipped,,,,,2026-03-31T17:10:57.563485
war-in,skipped,PL,,28,1,2026-03-31T17:11:13.089802
robbyxp1,skipped,,,,,2026-03-31T17:11:26.227138
vamshired2,skipped,,,,,2026-03-31T17:11:40.883459
vasilev-dev,skipped,RU,,0,0,2026-03-31T17:11:51.007589
HPW-dev,skipped,RU,,99,1,2026-03-31T17:11:58.889997
gaiksaya,skipped,US,,0,0,2026-03-31T17:12:04.977409
elizabethcbailey,skipped,,,,,2026-03-31T17:12:07.677521
msmith158,skipped,US,,0,100,2026-03-31T17:12:20.139284
gonter,skipped,AT,,2,6,2026-03-31T17:12:35.366803
erisk405,skipped,,,,,2026-03-31T17:12:51.405209
joedewet36,skipped,ZA,,15,2,2026-03-31T17:13:08.916508
davyssonlucas,scored,PT,0.0456,39,14,2026-03-31T17:13:23.809688
UncSald,skipped,,,,,2026-03-31T17:13:30.109891
ritika-abc,skipped,,,,,2026-03-31T17:13:47.463275
YangLeda,skipped,,,,,2026-03-31T17:13:57.083852
smrutidevops2025,skipped,,,,,2026-03-31T17:14:12.771114
jtroussard,skipped,US,,0,0,2026-03-31T17:14:19.695514
Chidelma,skipped,,,,,2026-03-31T17:14:37.559734
andreroxhage,skipped,,,,,2026-03-31T17:14:49.809279
MaximilianFechner,skipped,,,,,2026-03-31T17:14:59.325518
christianastudillo,skipped,,,,,2026-03-31T17:15:16.523119
azmatullah-h,skipped,,,,,2026-03-31T17:15:22.528254
notZairus,skipped,,,,,2026-03-31T17:15:37.286038
hareesh5jampala,skipped,,,,,2026-03-31T17:15:54.611489
CheonjiKim,scored,KR,0.0385,42,40,2026-03-31T17:16:12.383943
amalshahan,skipped,,,,,2026-03-31T17:16:30.208482
athenova,skipped,,,,,2026-03-31T17:16:47.568673
dholbach,skipped,DE,,2,0,2026-03-31T17:16:59.175154
ma27inranma,skipped,,,,,2026-03-31T17:17:14.194746
sayyad-asifbasha,skipped,,,,,2026-03-31T17:17:22.815457
joaquimcampos,skipped,,,,,2026-03-31T17:17:35.252197
IsteakShupto,skipped,,,,,2026-03-31T17:17:57.455331
lucidLuckylee,skipped,DE,,0,0,2026-03-31T17:18:03.431568
vain,skipped,,,,,2026-03-31T17:18:21.077197
lwilli13,skipped,,,,,2026-03-31T17:18:26.737374
rohan-pckg,skipped,,,,,2026-03-31T17:18:44.023515
astro215,skipped,IN,,9,0,2026-03-31T17:18:58.592537
MikeCamp828,skipped,,,,,2026-03-31T17:19:13.533670
larsrh,skipped,,,,,2026-03-31T17:19:28.973365
ChuPhanNhatLong-SE183738,skipped,,,,,2026-03-31T17:19:46.628761
czs007,skipped,,,,,2026-03-31T17:19:52.373820
ignatovv,skipped,,,,,2026-03-31T17:20:07.101671
JosunLP,scored,DE,0.0417,25,28,2026-03-31T17:20:28.026393
lueyo31,skipped,,,,,2026-03-31T17:20:44.398603
zukadzm,skipped,,,,,2026-03-31T17:20:50.665194
jon-bogert,skipped,,,,,2026-03-31T17:21:03.131948
TalMoshel1,skipped,,,,,2026-03-31T17:21:09.959643
Steiden,scored,RU,0.0337,16,47,2026-03-31T17:21:29.093591
andrecaiado,skipped,PT,,0,100,2026-03-31T17:21:39.275620
A1iHassan,skipped,,,,,2026-03-31T17:21:56.710448
Aoitide,skipped,,,,,2026-03-31T17:22:11.015099
DipakRaut11,skipped,,,,,2026-03-31T17:22:28.588433
funnyQZQ,scored,CN,0.0595,10,16,2026-03-31T17:22:43.258614
desuzaaa,skipped,,,,,2026-03-31T17:23:01.029633
saramadonia,skipped,,,,,2026-03-31T17:23:06.805839
upgrade2,skipped,,,,,2026-03-31T17:23:22.101173
Oseembiya,skipped,GB,,3,57,2026-03-31T17:23:40.508686
NazmulIslam95,skipped,BD,,26,2,2026-03-31T17:23:55.342265
AlanY1an,skipped,,,,,2026-03-31T17:24:07.752405
Jetveil,skipped,RU,,0,0,2026-03-31T17:24:20.015063
MisaAndrejezieski,skipped,,,,,2026-03-31T17:24:27.602325
Juanma200343,skipped,,,,,2026-03-31T17:24:42.678470
Tanvir-Chowdhury,skipped,,,,,2026-03-31T17:24:57.698251
wxhzhwxhzh,skipped,,,,,2026-03-31T17:25:06.416409
NadyaHermaliaPutri,skipped,,,,,2026-03-31T17:25:24.075615
anajoyceamorim,skipped,,,,,2026-03-31T17:25:38.098206
AndreasNelson,skipped,,,,,2026-03-31T17:25:50.443268
jamesphillipdeguzman,skipped,,,,,2026-03-31T17:25:59.929686
RaphaelAntonioSR,skipped,,,,,2026-03-31T17:26:17.626645
Amxzxn-Bxnny,skipped,,,,,2026-03-31T17:26:23.564939
dedyk,skipped,,,,,2026-03-31T17:26:29.888210
suporte-ddllaw,skipped,,,,,2026-03-31T17:26:35.785694
voarix,skipped,,,,,2026-03-31T17:26:53.654326
hj102,skipped,,,,,2026-03-31T17:27:02.383384
lijh8,skipped,,,,,2026-03-31T17:27:26.234888
naive-zhang,skipped,,,,,2026-03-31T17:27:35.166398
DenDy1227,skipped,,,,,2026-03-31T17:27:49.552921
WolferTamer,skipped,,,,,2026-03-31T17:28:07.045713
nodestake,skipped,,,,,2026-03-31T17:28:09.946749
pawan-88,skipped,,,,,2026-03-31T17:28:31.329883
FatedFabs,skipped,,,,,2026-03-31T17:28:46.198694
dulip-sameera,skipped,,,,,2026-03-31T17:28:59.519253
Acdar,skipped,,,,,2026-03-31T17:29:09.455326
taissaxl,skipped,,,,,2026-03-31T17:29:27.040193
murfra,skipped,,,,,2026-03-31T17:29:43.128836
boojianhao,skipped,,,,,2026-03-31T17:29:55.646631
karan2oo3,skipped,IN,,0,20,2026-03-31T17:30:11.864602
navi-desu,skipped,,,,,2026-03-31T17:30:17.569505
johnchen383,skipped,AU,,5,0,2026-03-31T17:30:27.468144
goodlunatic,skipped,CN,,0,0,2026-03-31T17:30:31.275256
ustcfury,skipped,,,,,2026-03-31T17:30:37.644463
steven0099,skipped,,,,,2026-03-31T17:30:58.219067
chiragpatel16,skipped,,,,,2026-03-31T17:31:16.737773
ShivangSharma3,skipped,,,,,2026-03-31T17:31:23.023845
shahin715,skipped,,,,,2026-03-31T17:31:40.567053
DawidBer,skipped,,,,,2026-03-31T17:31:58.556966
nono-fp,skipped,,,,,2026-03-31T17:32:16.279375
MALINAYAGODA,skipped,RU,,3,2,2026-03-31T17:32:32.233493
FrankkDarko,skipped,FR,,0,67,2026-03-31T17:32:45.078115
PaicuMagda,skipped,,,,,2026-03-31T17:32:51.515232
Asteroidness,skipped,,,,,2026-03-31T17:33:00.323152
jamsbeat,skipped,,,,,2026-03-31T17:33:18.731586
anguzuDaniel,skipped,,,,,2026-03-31T17:33:33.729825
Soi-Siberia,skipped,,,,,2026-03-31T17:33:48.686785
P-Albrecht,skipped,,,,,2026-03-31T17:34:00.946119
GM41,skipped,,,,,2026-03-31T17:34:16.883518
AamanPrime,skipped,,,,,2026-03-31T17:34:29.500825
SOTFS,skipped,,,,,2026-03-31T17:34:46.883560
iosbilario,skipped,BR,,1,23,2026-03-31T17:35:04.728186
00gigs,skipped,,,,,2026-03-31T17:35:20.480670
jli05,skipped,GB,,0,0,2026-03-31T17:35:29.660969
austinorth,scored,US,0.2124,17,34,2026-03-31T17:35:46.738462
zxkmm,skipped,,,,,2026-03-31T17:35:59.142005
Athira-p-g,skipped,IN,,0,5,2026-03-31T17:36:16.546368
vverma022,skipped,,,,,2026-03-31T17:36:28.155880
jp-agenta,skipped,,,,,2026-03-31T17:36:30.899464
weiweiyusi,skipped,,,,,2026-03-31T17:36:36.634781
dhanushQik,skipped,,,,,2026-03-31T17:36:42.114226
jjaime2,skipped,US,,3,6,2026-03-31T17:36:59.832000
Najlaebakali,skipped,,,,,2026-03-31T17:37:15.604212
isseysandei,skipped,,,,,2026-03-31T17:37:21.379318
Khanabeev,skipped,,,,,2026-03-31T17:37:42.622540
profjellybean,skipped,AT,,59,0,2026-03-31T17:38:09.164633
lorenzpfei,skipped,DE,,83,0,2026-03-31T17:38:22.075860
greatmice,skipped,,,,,2026-03-31T17:38:32.290579
newaz10,scored,BD,0.05,5,16,2026-03-31T17:38:45.139132
viniciusbelchior0,scored,BR,0.0406,48,52,2026-03-31T17:38:55.023648
axeleszu,skipped,,,,,2026-03-31T17:39:08.680009
D-man-official,skipped,,,,,2026-03-31T17:39:26.709928
Leonid390,skipped,,,,,2026-03-31T17:39:44.652877
ProfeFran89,skipped,CL,,7,0,2026-03-31T17:40:00.821086
Jaden-Sm,skipped,,,,,2026-03-31T17:40:12.480808
Coderhitesh,skipped,IN,,7,0,2026-03-31T17:40:29.722385
syedazeeminam,skipped,PK,,0,77,2026-03-31T17:40:44.875350
Federal-Sedinam,skipped,,,,,2026-03-31T17:41:02.725496
SethSamuelCode,skipped,NZ,,0,10,2026-03-31T17:41:20.578990
iKingsman,skipped,,,,,2026-03-31T17:41:33.295212
PNWBNW,skipped,,,,,2026-03-31T17:41:41.245826
nimeshika21,skipped,,,,,2026-03-31T17:41:58.909556
ImSwordQueen,skipped,,,,,2026-03-31T17:42:07.953397
hunter-nguyen,skipped,,,,,2026-03-31T17:42:13.761757
rama7993,skipped,IN,,0,100,2026-03-31T17:42:22.358669
brianaqp,skipped,,,,,2026-03-31T17:42:40.593486
bel1y,skipped,,,,,2026-03-31T17:42:58.557951
robertszczepanski,skipped,PL,,0,0,2026-03-31T17:43:17.026529
yashank123,skipped,,,,,2026-03-31T17:43:36.006523
nayzeen2548,skipped,,,,,2026-03-31T17:43:41.902206
alothanhh,skipped,,,,,2026-03-31T17:43:58.717317
zczl929,skipped,,,,,2026-03-31T17:44:13.774254
jessicasilvacodes,skipped,BR,,0,4,2026-03-31T17:44:31.377746
germanusK,skipped,,,,,2026-03-31T17:44:45.656340
Troyano85,skipped,,,,,2026-03-31T17:45:03.081064
kentamt,skipped,GB,,3,0,2026-03-31T17:45:19.216673
npawelek,skipped,,,,,2026-03-31T17:45:29.488042
NIOSAG,skipped,,,,,2026-03-31T17:45:41.412001
tejascm1308,skipped,,,,,2026-03-31T17:46:00.902021
Fafsfalira,skipped,,,,,2026-03-31T17:46:15.253648
gsteenkamp89,skipped,ZA,,0,0,2026-03-31T17:46:26.898000
Chatarinaeva,skipped,,,,,2026-03-31T17:46:38.702500
markasch,scored,FR,0.0361,90,10,2026-03-31T17:46:53.660012
suraffy,skipped,,,,,2026-03-31T17:47:10.346703
cmyr,skipped,CA,,1,0,2026-03-31T17:47:20.096629
thorbert-anson-shi,skipped,,,,,2026-03-31T17:47:38.814099
SATVIK202004,skipped,IN,,0,41,2026-03-31T17:47:56.891435
LucasFerreira2004,skipped,,,,,2026-03-31T17:48:14.747350
Veenoway,skipped,,,,,2026-03-31T17:48:24.245350
carped99,skipped,,,,,2026-03-31T17:48:30.178317
Hannisiddiqui,skipped,,,,,2026-03-31T17:48:41.966069
rrit5727,skipped,,,,,2026-03-31T17:48:59.251815
Siri6k,skipped,,,,,2026-03-31T17:49:17.030468
tomjelinek,skipped,,,,,2026-03-31T17:49:19.818079
BunnyHatcher,skipped,,,,,2026-03-31T17:49:37.750508
GaidYusuf,skipped,,,,,2026-03-31T17:49:56.275595
notactuallyfinn,skipped,,,,,2026-03-31T17:50:05.342030
christopherwoodland,skipped,,,,,2026-03-31T17:50:12.942592
Latrino,skipped,,,,,2026-03-31T17:50:31.668312
Humbedooh,skipped,DK,,0,0,2026-03-31T17:50:40.564343
Aizhon,skipped,ES,,0,5,2026-03-31T17:50:47.402171
alexbarnsley,skipped,,,,,2026-03-31T17:50:59.416238
alexakten,scored,SE,0.0484,31,69,2026-03-31T17:51:05.932440
Kai7orz,skipped,,,,,2026-03-31T17:51:24.802228
AardvarkMan,skipped,,,,,2026-03-31T17:51:41.280439
LadoAsambadze,skipped,,,,,2026-03-31T17:51:58.908751
fazilcanakbas,skipped,,,,,2026-03-31T17:52:18.109844
antonpichka,skipped,,,,,2026-03-31T17:52:35.650282
anwayde,skipped,,,,,2026-03-31T17:52:38.838516
Zoron87,skipped,,,,,2026-03-31T17:52:48.386131
fmount,scored,IT,0.0982,19,27,2026-03-31T17:53:00.937115
avalonche,skipped,,,,,2026-03-31T17:53:13.024614
SamVanini,skipped,IT,,40,0,2026-03-31T17:53:24.842254
kadyb,skipped,PL,,2,0,2026-03-31T17:53:44.042572
Josh5,skipped,NZ,,0,0,2026-03-31T17:53:53.455850
parado06,skipped,,,,,2026-03-31T17:53:59.418802
kkevxuu,skipped,,,,,2026-03-31T17:54:06.935698
dmitkuzn,skipped,,,,,2026-03-31T17:54:22.097675
Sriram-Merugu,skipped,IN,,4,2,2026-03-31T17:54:36.596390
ponmiso,skipped,,,,,2026-03-31T17:54:49.349947
Bfunk54,skipped,,,,,2026-03-31T17:55:07.899477
nikita-v,skipped,PL,,0,0,2026-03-31T17:55:25.145090
pollomarzo,skipped,,,,,2026-03-31T17:55:41.046782
evarisk-charles,skipped,,,,,2026-03-31T17:55:43.909814
Taejin7088,skipped,,,,,2026-03-31T17:55:55.745790
nufny,skipped,AT,,4,6,2026-03-31T17:56:05.023521
emilymliau,skipped,,,,,2026-03-31T17:56:10.906890
JeffHu88,skipped,,,,,2026-03-31T17:56:13.595123
samokander,skipped,,,,,2026-03-31T17:56:31.433236
aviatorandy,skipped,,,,,2026-03-31T17:56:45.900065
dave-sommerville,skipped,,,,,2026-03-31T17:57:05.357720
Platinum-Saber,skipped,,,,,2026-03-31T17:57:17.874081
kimandrews,skipped,US,,6,1,2026-03-31T17:57:33.377013
phantom2152,skipped,,,,,2026-03-31T17:57:48.132829
ceciliefrydendal,skipped,,,,,2026-03-31T17:58:05.631925
fatttrain,skipped,NL,,0,1,2026-03-31T17:58:11.979806
Radolsav16,skipped,,,,,2026-03-31T17:58:21.132904
ItsMJ99,scored,IN,0.0391,90,9,2026-03-31T17:58:35.914374
0xKrauser,skipped,,,,,2026-03-31T17:58:44.906893
olavsl,scored,NO,0.0423,94,6,2026-03-31T17:58:56.576336
wtcpython,skipped,,,,,2026-03-31T17:59:04.003840
dominiktilman,skipped,,,,,2026-03-31T17:59:06.745597
artiom-negara,skipped,RO,,2,13,2026-03-31T17:59:18.508962
sebelga,skipped,,,,,2026-03-31T17:59:28.308748
AvielEsperansa,skipped,,,,,2026-03-31T17:59:39.978440
Thomasjkeel,skipped,GB,,0,0,2026-03-31T17:59:46.756360
gusthoff,skipped,,,,,2026-03-31T17:59:59.132283
ggobug,skipped,,,,,2026-03-31T18:00:11.336355
cskiller24,skipped,PH,,8,0,2026-03-31T18:00:27.381513
Tamilselvan8248,skipped,,,,,2026-03-31T18:00:45.384274
emrahkacar,skipped,,,,,2026-03-31T18:00:53.970117
loubrgn,skipped,,,,,2026-03-31T18:01:05.470408
hayashi-juri,skipped,,,,,2026-03-31T18:01:23.790447
rahul0x24,scored,GB,0.029,18,29,2026-03-31T18:01:33.937219
nicollguarnizo,skipped,US,,4,0,2026-03-31T18:01:43.195873
lazaroalvesr,skipped,,,,,2026-03-31T18:02:03.964407
Tobi1kenobi,skipped,GB,,0,0,2026-03-31T18:02:23.150666
Rintaro196,skipped,JP,,0,100,2026-03-31T18:02:37.201542
Azicel,skipped,,,,,2026-03-31T18:02:54.437374
dscpinheiro,skipped,CA,,3,3,2026-03-31T18:03:04.340788
Kai-0224,skipped,,,,,2026-03-31T18:03:19.490286
waterskysmall,skipped,,,,,2026-03-31T18:03:28.184405
MWolf538329,skipped,,,,,2026-03-31T18:03:48.634902
WangXin1507,skipped,,,,,2026-03-31T18:03:54.541277
lxzcl,skipped,,,,,2026-03-31T18:04:00.645934
brunoarruda04,skipped,,,,,2026-03-31T18:04:19.116792
dipak-w2003,skipped,,,,,2026-03-31T18:04:36.904881
meji-odoo,skipped,,,,,2026-03-31T18:04:56.701948
DefinetlyNotAI,skipped,AE,,4,96,2026-03-31T18:05:06.019530
phoddie,skipped,,,,,2026-03-31T18:05:10.061712
ifan0507,skipped,,,,,2026-03-31T18:05:28.821116
realashleybailey,skipped,GB,,0,0,2026-03-31T18:05:44.481544
sh1erkeh,skipped,,,,,2026-03-31T18:06:00.795208
d4lion,skipped,,,,,2026-03-31T18:06:16.782981
Justin-Aw46,skipped,,,,,2026-03-31T18:06:28.457266
gopi-suvanam,skipped,IN,,0,0,2026-03-31T18:06:31.704437
Navaf-U,skipped,IN,,0,100,2026-03-31T18:06:41.760844
znoine,skipped,,,,,2026-03-31T18:06:51.224341
lakshayvaishnav,skipped,,,,,2026-03-31T18:07:08.579808
A-J-Roberts,skipped,,,,,2026-03-31T18:07:17.089470
BlueBomberPL,skipped,,,,,2026-03-31T18:07:25.770849
deepukunjumon,skipped,,,,,2026-03-31T18:07:40.070158
MajorDown,skipped,,,,,2026-03-31T18:08:00.826227
AnriiGegliuk,skipped,JP,,35,0,2026-03-31T18:08:18.945934
AMStore-server,skipped,,,,,2026-03-31T18:08:27.573200
jacogasp,skipped,IT,,5,1,2026-03-31T18:08:34.095583
MuratCandasBozyigit,skipped,,,,,2026-03-31T18:08:40.784528
PrabeshChalise,skipped,,,,,2026-03-31T18:08:58.148081
Dbot453,skipped,,,,,2026-03-31T18:09:04.102319
josedarlan,skipped,,,,,2026-03-31T18:09:21.496462
4o3F,skipped,,,,,2026-03-31T18:09:39.570813
makiss92,skipped,,,,,2026-03-31T18:09:52.127974
hengyoush,skipped,,,,,2026-03-31T18:10:01.824749
anujap120,skipped,,,,,2026-03-31T18:10:07.421481
rasmussvala,scored,SE,0.0621,28,72,2026-03-31T18:10:13.831355
Mmmm1ch43l,skipped,,,,,2026-03-31T18:10:22.973874
BillRPT,skipped,,,,,2026-03-31T18:10:41.037127
Billyngwa,skipped,,,,,2026-03-31T18:10:56.022692
creachadair,scored,US,0.163,5,11,2026-03-31T18:11:04.074137
krishd44,skipped,,,,,2026-03-31T18:11:12.824995
alandefreitas,skipped,,,,,2026-03-31T18:11:30.384969
cherylli,skipped,AU,,0,0,2026-03-31T18:11:36.927208
juliatakaki,skipped,,,,,2026-03-31T18:11:55.560244
adityapipixel,skipped,,,,,2026-03-31T18:11:58.289588
Ariyan-Rahman-Anas,scored,BD,0.0571,22,12,2026-03-31T18:12:15.843235
mathababhassan,skipped,,,,,2026-03-31T18:12:32.090229
NtsoaElie,skipped,CA,,0,38,2026-03-31T18:12:47.003954
Berstarhunter,skipped,,,,,2026-03-31T18:12:52.731558
joshbrooks,skipped,,,,,2026-03-31T18:13:10.505042
kritik05,skipped,,,,,2026-03-31T18:13:28.071077
levankan,skipped,,,,,2026-03-31T18:13:42.434138
rcrdortiz,skipped,ES,,1,65,2026-03-31T18:13:57.223765
igiagante,skipped,,,,,2026-03-31T18:14:00.094693
maysonma,skipped,,,,,2026-03-31T18:14:27.370577
Geoffreey,skipped,,,,,2026-03-31T18:14:45.259714
AlexStr94,skipped,,,,,2026-03-31T18:15:01.098640
yoandiny,skipped,,,,,2026-03-31T18:15:20.384160
izeye,skipped,,,,,2026-03-31T18:15:26.639764
Ussernameee,skipped,,,,,2026-03-31T18:15:35.643919
bastienperez,skipped,FR,,4,96,2026-03-31T18:15:44.824177
K-Zawis,scored,GB,0.1053,31,12,2026-03-31T18:15:59.819431
HarshK97,scored,IN,0.078,6,73,2026-03-31T18:16:16.266517
Bloxigus,skipped,,,,,2026-03-31T18:16:25.501346
dikanevn,skipped,,,,,2026-03-31T18:16:39.628494
arayaryoma,skipped,JP,,0,0,2026-03-31T18:16:57.054381
Philippe-Augusto,skipped,,,,,2026-03-31T18:17:12.694657
Paul-Chukwuemeka,skipped,,,,,2026-03-31T18:17:30.113538
introsent,skipped,BE,,0,100,2026-03-31T18:17:45.221253
mikemykhaylov,skipped,US,,0,0,2026-03-31T18:17:59.483535
NikitaSimakov,skipped,,,,,2026-03-31T18:18:18.104500
Unbounder1,skipped,,,,,2026-03-31T18:18:27.813161
KevinGit9,skipped,,,,,2026-03-31T18:18:34.185338
chrhein,skipped,NO,,1,0,2026-03-31T18:18:49.906020
joshjones-jp,skipped,JP,,0,17,2026-03-31T18:19:05.399714
Rsyddd,skipped,,,,,2026-03-31T18:19:22.688651
AyanSinhaMahapatra,skipped,IN,,0,0,2026-03-31T18:19:37.632414
Pavli88,skipped,,,,,2026-03-31T18:19:46.352638
malshaniS,skipped,,,,,2026-03-31T18:19:52.038354
ArpithaSureshappa,skipped,,,,,2026-03-31T18:19:54.905131
gmalouf,skipped,US,,0,0,2026-03-31T18:19:57.748021
3dwardch3ng,skipped,AU,,0,0,2026-03-31T18:20:09.637286
Mooshi-1,skipped,,,,,2026-03-31T18:20:28.111551
vnsemkin,skipped,,,,,2026-03-31T18:20:46.272043
nkelloni,skipped,,,,,2026-03-31T18:20:52.334291
ronito1,skipped,,,,,2026-03-31T18:21:10.207141
frangoJ,skipped,,,,,2026-03-31T18:21:24.452241
abhimanyuspark,skipped,,,,,2026-03-31T18:21:37.897865
Krishnaraj017,scored,IN,0.0377,32,10,2026-03-31T18:21:56.612860
Lionel-Rocha,skipped,BR,,0,86,2026-03-31T18:22:15.465133
RyanJTalbot,skipped,CH,,1,0,2026-03-31T18:22:25.486815
manivtitan780,skipped,,,,,2026-03-31T18:22:36.979559
Tuee22,skipped,,,,,2026-03-31T18:22:46.038145
DanielMadan2001,skipped,CA,,19,0,2026-03-31T18:23:04.830408
briansune,skipped,,,,,2026-03-31T18:23:11.033806
marjattaw,skipped,,,,,2026-03-31T18:23:28.437418
Niks-Kozlovs,skipped,,,,,2026-03-31T18:23:49.531316
shaheerali838,skipped,,,,,2026-03-31T18:24:09.749853
ArthurDanMac,skipped,,,,,2026-03-31T18:24:21.796632
0xSimbaDev,skipped,,,,,2026-03-31T18:24:41.711367
JuanDavid111,skipped,,,,,2026-03-31T18:24:59.507740
OmerRizhi,skipped,,,,,2026-03-31T18:25:05.141682
BekLG,skipped,,,,,2026-03-31T18:25:23.336003
I-am-Batak,skipped,,,,,2026-03-31T18:25:32.734591
JoeyGran100,skipped,,,,,2026-03-31T18:25:47.087264
WonYunSun,skipped,,,,,2026-03-31T18:26:02.692129
zhu91aizhu,skipped,,,,,2026-03-31T18:26:17.685598
Cyberguru1,skipped,NG,,100,0,2026-03-31T18:26:27.160321
Tranductra,skipped,,,,,2026-03-31T18:26:44.394442
AnusheelSharma1,skipped,,,,,2026-03-31T18:26:50.068346
LaurenEld004,skipped,,,,,2026-03-31T18:26:59.035803
mdomnik,scored,PL,0.0517,17,83,2026-03-31T18:27:12.575109
utkarsh130301,skipped,,,,,2026-03-31T18:27:21.280130
samjvsutcliffe,skipped,,,,,2026-03-31T18:27:34.387789
MuhammadJamee,skipped,PK,,0,0,2026-03-31T18:27:46.128922
dbutts,skipped,US,,0,0,2026-03-31T18:28:03.500567
bereverte,skipped,,,,,2026-03-31T18:28:21.305817
DRubioG,skipped,,,,,2026-03-31T18:28:40.665826
kaklamaru,skipped,,,,,2026-03-31T18:29:03.876852
SridharVadla45,skipped,IN,,2,9,2026-03-31T18:29:10.005732
yenkins-admin,skipped,,,,,2026-03-31T18:29:12.842877
Steevensaurio,skipped,,,,,2026-03-31T18:29:31.933596
chanung-ki,skipped,,,,,2026-03-31T18:29:44.458347
ardevazsign,skipped,,,,,2026-03-31T18:30:02.195720
YazhiniArumugam,skipped,,,,,2026-03-31T18:30:20.359065
weversonmuciarone,skipped,,,,,2026-03-31T18:30:29.379167
kitryc,skipped,,,,,2026-03-31T18:30:48.159868
Yufantianzhou,skipped,,,,,2026-03-31T18:31:03.673160
gponcon,skipped,,,,,2026-03-31T18:31:12.586774
longlinh123456,skipped,,,,,2026-03-31T18:31:27.545158
ClintonOgembo,skipped,,,,,2026-03-31T18:31:42.324863
Loading617,skipped,,,,,2026-03-31T18:31:48.856854
justinochoa5792,skipped,,,,,2026-03-31T18:32:03.321770
Yi-Jung0430,skipped,,,,,2026-03-31T18:32:18.063808
pbardy2000,skipped,,,,,2026-03-31T18:32:27.024853
mohammedfarhannp,skipped,IN,,0,29,2026-03-31T18:32:45.323424
Toscanah,scored,IT,0.1067,39,61,2026-03-31T18:33:12.082615
Sri4834,skipped,,,,,2026-03-31T18:33:29.714245
pyungkim,skipped,,,,,2026-03-31T18:33:36.233410
merlin-northern,skipped,,,,,2026-03-31T18:33:39.059370
cenviity,skipped,AU,,0,0,2026-03-31T18:33:54.274005
DevCrop,skipped,,,,,2026-03-31T18:34:11.395942
Saba-Ahmad-sp,skipped,,,,,2026-03-31T18:34:28.781831
Shult,skipped,,,,,2026-03-31T18:34:48.506861
sinchang,skipped,CN,,0,0,2026-03-31T18:35:06.778077
crazymanish,skipped,NL,,0,0,2026-03-31T18:35:24.552887
mikkj17,skipped,DK,,4,3,2026-03-31T18:35:43.319626
dominhok,skipped,,,,,2026-03-31T18:35:59.234981
Medvedev91,skipped,,,,,2026-03-31T18:36:06.337863
ShokoLocoMocco,skipped,,,,,2026-03-31T18:36:12.024800
philippebner,skipped,,,,,2026-03-31T18:36:17.957732
star-hengxing,skipped,,,,,2026-03-31T18:36:36.330195
jia1217,skipped,,,,,2026-03-31T18:36:40.468935
pskrbasu,skipped,,,,,2026-03-31T18:36:50.833552
RODZER98,skipped,,,,,2026-03-31T18:37:08.914560
mactony,skipped,,,,,2026-03-31T18:37:20.646690
cherrys1234,skipped,,,,,2026-03-31T18:37:30.567264
LCS-FS,skipped,,,,,2026-03-31T18:37:48.928693
3001Wulan,skipped,,,,,2026-03-31T18:38:06.446580
pierre-dickinson,scored,FR,0.068,5,21,2026-03-31T18:38:24.487077
BoyeongIm,skipped,,,,,2026-03-31T18:38:36.622686
kesiavit,skipped,,,,,2026-03-31T18:38:53.817943
MTofayelAhmed,skipped,,,,,2026-03-31T18:39:13.209051
jattu8602,scored,IN,0.0758,26,74,2026-03-31T18:39:31.388494
rhom6us,skipped,US,,0,0,2026-03-31T18:39:37.073817
aditigopalan,skipped,,,,,2026-03-31T18:39:48.779394
namasaw,skipped,,,,,2026-03-31T18:40:05.859813
snetlamu,skipped,,,,,2026-03-31T18:40:08.790771
Floppy,skipped,GB,,0,0,2026-03-31T18:40:24.781346
Jtdsiriwardena,skipped,,,,,2026-03-31T18:40:40.051480
oWretch,skipped,NZ,,2,0,2026-03-31T18:40:54.702354
julio-alv,skipped,,,,,2026-03-31T18:41:13.543719
rfchacon52,skipped,,,,,2026-03-31T18:41:28.939970
NullVoxPopuli,skipped,,,,,2026-03-31T18:41:46.286984
mukeshhost,skipped,,,,,2026-03-31T18:41:57.575315
harryville,skipped,,,,,2026-03-31T18:42:06.057322
sob3r-r,skipped,,,,,2026-03-31T18:42:11.866153
Carles11,skipped,,,,,2026-03-31T18:42:29.074462
wellintonmbvix,skipped,,,,,2026-03-31T18:42:43.623449
mdhvsk,skipped,,,,,2026-03-31T18:43:01.589543
gengdy1545,skipped,,,,,2026-03-31T18:43:16.885252
anbashayan,skipped,,,,,2026-03-31T18:43:33.966664
Monkey-fi,skipped,,,,,2026-03-31T18:43:51.429650
wyf9,scored,CN,0.0461,22,78,2026-03-31T18:44:05.689898
rchinson,skipped,,,,,2026-03-31T18:44:17.930358
dr-lizhiwei,scored,CN,0.04,54,39,2026-03-31T18:44:38.436243
szieglerICF,skipped,US,,0,0,2026-03-31T18:44:51.325659
clahi,skipped,,,,,2026-03-31T18:45:00.106118
aranyia,skipped,AE,,0,0,2026-03-31T18:45:14.280432
lihe1966,skipped,,,,,2026-03-31T18:45:31.422167
Ntye,skipped,,,,,2026-03-31T18:45:49.474068
rdxheree,skipped,,,,,2026-03-31T18:46:01.158708
paugal,skipped,ES,,0,0,2026-03-31T18:46:19.154608
PurpleNurps,skipped,,,,,2026-03-31T18:46:25.948526
QuietWindUponTheMoor,skipped,,,,,2026-03-31T18:46:35.200539
WSQsGithub,scored,CN,0.0563,24,19,2026-03-31T18:46:53.744174
gdim47,skipped,,,,,2026-03-31T18:46:56.690155
Vishnuvarun077,skipped,,,,,2026-03-31T18:47:14.244547
muhammadrohanmirza,skipped,PK,,0,15,2026-03-31T18:47:31.836257
angus2468,skipped,,,,,2026-03-31T18:47:49.534023
sahila130854,skipped,,,,,2026-03-31T18:47:55.308389
Divs-B,skipped,,,,,2026-03-31T18:48:03.985359
yantessa,skipped,,,,,2026-03-31T18:48:15.554414
mfkucuk,skipped,,,,,2026-03-31T18:48:30.590957
8T1LiYuMh96vrfvMfqAvlPbi4dR2Hhx8yzE16dG,skipped,,,,,2026-03-31T18:48:47.807526
Subakutty07,skipped,,,,,2026-03-31T18:49:05.689414
typfel,skipped,DE,,0,0,2026-03-31T18:49:14.618223
gigsanatomy,skipped,,,,,2026-03-31T18:49:20.460882
EomYerim,skipped,,,,,2026-03-31T18:49:37.923295
YooE05,skipped,,,,,2026-03-31T18:49:55.809705
typos12onlr,skipped,,,,,2026-03-31T18:50:04.637261
m4tiss,skipped,,,,,2026-03-31T18:50:22.696149
nzaytsev,skipped,,,,,2026-03-31T18:50:35.480323
tobi1509,skipped,,,,,2026-03-31T18:50:53.253745
a23hugomg,skipped,,,,,2026-03-31T18:50:59.395919
Mahesh1997tech,skipped,,,,,2026-03-31T18:51:18.030883
time2024,skipped,,,,,2026-03-31T18:51:24.470178
RadziuOi,skipped,,,,,2026-03-31T18:51:27.166437
evbogue,skipped,,,,,2026-03-31T18:51:39.168795
gadingnst,skipped,ID,,0,0,2026-03-31T18:51:56.494852
ricbencar,skipped,PT,,0,100,2026-03-31T18:52:06.877612
shagun0x00,skipped,,,,,2026-03-31T18:52:21.098477
bharathveerakumar,skipped,,,,,2026-03-31T18:52:39.043465
kvikleez,skipped,,,,,2026-03-31T18:52:56.499687
willdaplum,skipped,,,,,2026-03-31T18:53:08.560236
georg5ru,skipped,,,,,2026-03-31T18:53:25.909986
corentinffoucault,skipped,,,,,2026-03-31T18:53:37.615522
stefanatcroud,skipped,GB,,1,24,2026-03-31T18:53:52.439134
Jenya476,skipped,,,,,2026-03-31T18:54:03.973081
MadeleineYeu,skipped,,,,,2026-03-31T18:54:21.505329
vrhughes,skipped,,,,,2026-03-31T18:54:28.738496
rm4n0s,skipped,GR,,0,0,2026-03-31T18:54:35.968996
alitourani,skipped,,,,,2026-03-31T18:54:55.052587
precious123-gifted,skipped,,,,,2026-03-31T18:55:13.621979
Tu-Hao,skipped,,,,,2026-03-31T18:55:31.324130
asommar,skipped,,,,,2026-03-31T18:55:49.530238
irvancharis,skipped,,,,,2026-03-31T18:56:04.347806
Mcgurk-Adam,skipped,,,,,2026-03-31T18:56:10.993253
MxBurger,skipped,,,,,2026-03-31T18:56:18.161097
YviKiwi00,skipped,,,,,2026-03-31T18:56:24.687536
limaalef,skipped,,,,,2026-03-31T18:56:30.907514
Eliran789,skipped,,,,,2026-03-31T18:56:36.783955
dattle329,skipped,,,,,2026-03-31T18:56:42.534465
roseprojetos,skipped,,,,,2026-03-31T18:56:51.518462
alansobchacki,scored,BR,0.0508,25,8,2026-03-31T18:57:06.894169
crefati,skipped,,,,,2026-03-31T18:57:25.423812
felepo,skipped,,,,,2026-03-31T18:57:43.934211
danowar2k,skipped,DE,,0,0,2026-03-31T18:57:55.577474
MiuKaShi,skipped,JP,,0,0,2026-03-31T18:58:08.577895
Juguitoo,skipped,,,,,2026-03-31T18:58:18.040418
Luisgar0821,skipped,,,,,2026-03-31T18:58:35.995712
Peblo423,skipped,,,,,2026-03-31T18:58:41.808850
danieleinnamorato93,skipped,,,,,2026-03-31T18:58:59.351880
daliranas,skipped,,,,,2026-03-31T18:59:10.936789
RR3Z,skipped,,,,,2026-03-31T18:59:17.342590
alextekartik,scored,FR,0.0635,9,18,2026-03-31T18:59:27.436834
nrynss,skipped,IN,,0,2,2026-03-31T18:59:36.300687
miltonrey,skipped,CO,,0,14,2026-03-31T18:59:45.138294
kr1shtal,skipped,,,,,2026-03-31T19:00:02.354414
tsutterley,scored,US,0.0299,31,12,2026-03-31T19:00:22.552661
nidzammst,skipped,ID,,28,0,2026-03-31T19:00:40.277871
INARI02,skipped,,,,,2026-03-31T19:00:57.701127
Bruno402bot,skipped,,,,,2026-03-31T19:01:14.178801
albinasaveleva,skipped,RU,,0,0,2026-03-31T19:01:26.381042
ishaqyusuf,skipped,,,,,2026-03-31T19:01:35.215153
bocchiarati,skipped,,,,,2026-03-31T19:01:53.610912
Vishalchau2003,skipped,,,,,2026-03-31T19:02:11.344027
darksquare1,skipped,,,,,2026-03-31T19:02:17.798298
PavithraJ888,skipped,,,,,2026-03-31T19:02:27.338089
Zoltan3do,skipped,,,,,2026-03-31T19:02:46.273014
Desarso,skipped,,,,,2026-03-31T19:03:04.727096
Greenfoot5,skipped,GB,,0,0,2026-03-31T19:03:23.052866
JP-SH,skipped,,,,,2026-03-31T19:03:37.480393
omarabdulaziz259,skipped,EG,,0,54,2026-03-31T19:03:56.124718
AlexGlan,skipped,LV,,,,2026-03-31T19:04:11.743168
vrangr1,skipped,US,,0,0,2026-03-31T19:04:20.430758
kim-boho,skipped,,,,,2026-03-31T19:04:34.823702
tkleinke,skipped,,,,,2026-03-31T19:04:40.715871
cfinn68916,skipped,,,,,2026-03-31T19:04:58.696499
emaanuelmariean,skipped,,,,,2026-03-31T19:05:04.611789
JamesMcGowan123,skipped,,,,,2026-03-31T19:05:13.323729
rouke-broersma,skipped,NL,,37,3,2026-03-31T19:05:19.800872
PradeepG-07,skipped,,,,,2026-03-31T19:05:44.388931
rraghadBa,skipped,,,,,2026-03-31T19:06:00.761943
DoctorHCode333,skipped,,,,,2026-03-31T19:06:15.720623
anggiaintan,skipped,,,,,2026-03-31T19:06:32.626844
GS8LIFE,skipped,,,,,2026-03-31T19:06:43.380040
arjudavid,skipped,,,,,2026-03-31T19:07:01.930886
johntango,skipped,US,,0,0,2026-03-31T19:07:13.478143
leyanadabare,skipped,,,,,2026-03-31T19:07:28.571338
radha29006malhotra,skipped,,,,,2026-03-31T19:07:46.825929
Petar-Koprinkov,skipped,BG,,,,2026-03-31T19:08:05.265759
dhru-repository,skipped,,,,,2026-03-31T19:08:17.000529
SildelaBarrera,skipped,,,,,2026-03-31T19:08:35.270393
imtheprince7,scored,IN,0.0368,6,36,2026-03-31T19:08:53.081562
tgragnato,skipped,IT,,0,100,2026-03-31T19:09:00.350034
SketchiiArtist,skipped,,,,,2026-03-31T19:09:03.241133
remycrochon,skipped,,,,,2026-03-31T19:09:16.857477
justindonnaruma,skipped,US,,0,0,2026-03-31T19:09:25.446105
salemm3647,skipped,,,,,2026-03-31T19:09:31.266509
Bartlomiej-Wieloch,skipped,PL,,0,0,2026-03-31T19:09:36.940890
yonguelink,skipped,CA,,0,82,2026-03-31T19:09:51.724448
Wolfram2211,skipped,,,,,2026-03-31T19:10:00.802926
likelasttime,skipped,KR,,4,1,2026-03-31T19:10:18.644739
bsdinis,skipped,US,,0,0,2026-03-31T19:10:37.227283
Harii10,skipped,,,,,2026-03-31T19:10:57.049705
Kretta,skipped,,,,,2026-03-31T19:11:05.999707
hp457,skipped,IN,,0,83,2026-03-31T19:11:12.106899
yenteho-felix,skipped,,,,,2026-03-31T19:11:22.120858
pcm9909,skipped,KR,,0,100,2026-03-31T19:11:38.140340
adrianmcphee,skipped,NL,,3,0,2026-03-31T19:11:50.125959
amrs-tech,skipped,IN,,0,0,2026-03-31T19:12:08.174456
allexxius,skipped,,,,,2026-03-31T19:12:26.358861
Kaakaanuts,skipped,,,,,2026-03-31T19:12:44.964874
dracontes,skipped,PT,,0,0,2026-03-31T19:12:47.699839
DressedHuman,skipped,,,,,2026-03-31T19:13:05.204522
cameronmeissner,skipped,US,,6,0,2026-03-31T19:13:13.936618
Inna949Festchuk,skipped,RU,,9,0,2026-03-31T19:13:32.697259
201534303,skipped,,,,,2026-03-31T19:13:38.605761
Anjali8827,skipped,,,,,2026-03-31T19:13:55.521397
majid680,skipped,,,,,2026-03-31T19:14:10.437175
DameJov,skipped,,,,,2026-03-31T19:14:23.949275
BryanSilva117,skipped,,,,,2026-03-31T19:14:43.978276
Akshaysrajan,skipped,,,,,2026-03-31T19:15:00.593815
Pierre-Gilles,skipped,,,,,2026-03-31T19:15:09.534435
TylerFisher,skipped,NL,,0,0,2026-03-31T19:15:24.050662
smillerc,skipped,US,,0,0,2026-03-31T19:15:32.694866
Moorsknight11,skipped,,,,,2026-03-31T19:15:39.045530
AldoQuintalP,skipped,,,,,2026-03-31T19:15:56.895266
woody2244,skipped,,,,,2026-03-31T19:16:06.751794
uzwebline,skipped,UZ,,,,2026-03-31T19:16:15.635061
jes0321,skipped,,,,,2026-03-31T19:16:27.631723
saida344,skipped,,,,,2026-03-31T19:16:30.545309
DevGeekX,skipped,,,,,2026-03-31T19:16:39.107134
danieldaquino,skipped,,,,,2026-03-31T19:16:48.249426
crowderwini,skipped,,,,,2026-03-31T19:17:06.277363
taehoon0518,skipped,,,,,2026-03-31T19:17:25.931306
tiiiiiiiii12,skipped,,,,,2026-03-31T19:17:36.309978
Hendrick12327-Hendo,skipped,,,,,2026-03-31T19:17:45.073006
jedtetteh,skipped,,,,,2026-03-31T19:17:50.800546
gabrieldeespindolamartins,skipped,,,,,2026-03-31T19:18:10.502231
tejas-gk,skipped,IN,,44,0,2026-03-31T19:18:22.438540
LahaLuhem,skipped,,,,,2026-03-31T19:18:40.784255
NikNeiser,skipped,,,,,2026-03-31T19:18:56.668356
Berginoff,skipped,BE,,0,8,2026-03-31T19:19:11.292679
Sayantan-iitkgp,skipped,,,,,2026-03-31T19:19:28.975681
jpwilliams,skipped,GB,,0,0,2026-03-31T19:19:40.407738
daniel-stephens,skipped,US,,0,0,2026-03-31T19:19:52.143374
AshanManuka,skipped,LK,,35,0,2026-03-31T19:20:12.532872
MoisesCCuevas,skipped,,,,,2026-03-31T19:20:30.745431
geraldo-dev,skipped,,,,,2026-03-31T19:20:48.563831
VladimirShestakov,skipped,RU,,0,0,2026-03-31T19:20:55.618055
david-bretaud-dev,skipped,FR,,0,100,2026-03-31T19:21:01.572051
Unreal-Dan,skipped,,,,,2026-03-31T19:21:09.539444
gelicia,skipped,,,,,2026-03-31T19:21:29.220747
Hamzaarifsyed,skipped,,,,,2026-03-31T19:21:48.143132
Introvert696,scored,RU,0.0304,18,19,2026-03-31T19:22:06.157725
jasonfghx,skipped,,,,,2026-03-31T19:22:14.375020
conformist-mw,skipped,UA,,5,0,2026-03-31T19:22:26.375014
steven-eklou-vinci,skipped,,,,,2026-03-31T19:22:43.983341
essen,skipped,,,,,2026-03-31T19:23:01.509749
Torajabu,skipped,,,,,2026-03-31T19:23:17.295170
MAbdoArabianSystems,skipped,,,,,2026-03-31T19:23:26.696698
ashwinvx,skipped,CA,,0,0,2026-03-31T19:23:41.286991
fahimshai,skipped,,,,,2026-03-31T19:23:47.062866
djermayer,skipped,,,,,2026-03-31T19:23:59.569093
ericl3illinois,skipped,,,,,2026-03-31T19:24:05.346697
ALL-tyl,skipped,,,,,2026-03-31T19:24:22.825260
ddowi,skipped,,,,,2026-03-31T19:24:31.420425
ducable16,skipped,,,,,2026-03-31T19:24:47.571177
tasso905,skipped,,,,,2026-03-31T19:25:05.616556
MegaR,skipped,NL,,0,0,2026-03-31T19:25:11.738161
jaimesilvalorca,skipped,,,,,2026-03-31T19:25:32.394146
giacomoravetta,skipped,,,,,2026-03-31T19:25:43.271697
maruf-ahammed-75,skipped,,,,,2026-03-31T19:25:52.605349
tayseer2,skipped,,,,,2026-03-31T19:26:10.360333
ph1987,skipped,,,,,2026-03-31T19:26:27.596945
infatuationX,skipped,,,,,2026-03-31T19:26:37.563541
ahmig,skipped,ES,,0,36,2026-03-31T19:26:49.372948
nazimboudeffa,skipped,FR,,2,2,2026-03-31T19:27:07.139610
Samthnalyst1234,skipped,,,,,2026-03-31T19:27:24.473005
mekonger,skipped,,,,,2026-03-31T19:27:42.630656
hisyam99,skipped,ID,,0,0,2026-03-31T19:27:48.674374
MiaAltieri,skipped,DE,,0,0,2026-03-31T19:28:00.580393
tranduc2612,skipped,,,,,2026-03-31T19:28:17.848690
mivalsten,skipped,,,,,2026-03-31T19:28:27.809414
miapfaff,skipped,,,,,2026-03-31T19:28:47.170094
MATIK0582,skipped,,,,,2026-03-31T19:28:58.944069
leonamaliqii,skipped,,,,,2026-03-31T19:29:05.046772
pefecomemo,skipped,,,,,2026-03-31T19:29:20.543623
alexcrocha,skipped,CA,,45,0,2026-03-31T19:29:32.288815
vvvladzagNine,skipped,RU,,0,0,2026-03-31T19:29:49.762008
Fznamznon,skipped,DE,,0,0,2026-03-31T19:30:04.278218
smbonn2005,skipped,US,,0,100,2026-03-31T19:30:14.049305
kulloc1,skipped,,,,,2026-03-31T19:30:20.281948
KIVUOS1999,skipped,,,,,2026-03-31T19:30:39.067307
Ruben-Villegas,skipped,,,,,2026-03-31T19:30:45.479827
lrkaussie,skipped,AU,,0,0,2026-03-31T19:31:03.025294
Choi-kanggun,skipped,,,,,2026-03-31T19:31:15.237776
chaloult,skipped,,,,,2026-03-31T19:31:33.688915
Rich-F-G-Mills,skipped,,,,,2026-03-31T19:31:51.188590
jbacheldor,scored,US,0.154,79,21,2026-03-31T19:32:01.223179
evykassirer,skipped,,,,,2026-03-31T19:32:19.933836
davcam,skipped,,,,,2026-03-31T19:32:31.481961
Camintheflow,skipped,,,,,2026-03-31T19:32:37.007031
ryantxu,skipped,KE,,0,0,2026-03-31T19:32:43.043432
ressu,skipped,,,,,2026-03-31T19:32:57.600931
Edhic1,skipped,,,,,2026-03-31T19:33:11.166682
tiankii,skipped,,,,,2026-03-31T19:33:22.640913
adriana-rs,skipped,IT,,0,100,2026-03-31T19:33:41.362241
Sobowale-Daniel,skipped,,,,,2026-03-31T19:34:00.263499
escocare360,skipped,,,,,2026-03-31T19:34:09.077070
kingoftowns,skipped,,,,,2026-03-31T19:34:26.783745
amdGuizmo,skipped,,,,,2026-03-31T19:34:41.381168
soytupadrrre,skipped,,,,,2026-03-31T19:35:00.709313
grandjeanmartin,skipped,CH,,2,0,2026-03-31T19:35:12.987671
lavantien,skipped,,,,,2026-03-31T19:35:31.828761
timokoessler,scored,DE,0.045,63,24,2026-03-31T19:35:48.358723
XavierCoupe,skipped,,,,,2026-03-31T19:35:54.002720
soyNelsonValenzuela,skipped,,,,,2026-03-31T19:36:11.391577
Aarongramlich,skipped,,,,,2026-03-31T19:36:27.361006
noureddein,skipped,,,,,2026-03-31T19:36:46.448915
vidishaaa,skipped,,,,,2026-03-31T19:37:04.242224
dmitriyratu,skipped,US,,6,0,2026-03-31T19:37:22.638450
alexusgracia,skipped,ES,,0,100,2026-03-31T19:37:34.533643
vernisaz,skipped,,,,,2026-03-31T19:37:52.170387
joe1817,skipped,,,,,2026-03-31T19:38:12.027804
HotMugOfCocoa,skipped,,,,,2026-03-31T19:38:23.583406
younglim,skipped,SG,,0,0,2026-03-31T19:38:30.613717
MSameeha,skipped,,,,,2026-03-31T19:38:48.322563
gauravpawar47,scored,IN,0.0713,9,55,2026-03-31T19:39:07.789975
Malcolm189,skipped,,,,,2026-03-31T19:39:16.738429
PrabhaCodz,skipped,,,,,2026-03-31T19:39:34.653440
UYSCUTTI,skipped,,,,,2026-03-31T19:39:46.764769
ElaBosak233,skipped,CN,,2,65,2026-03-31T19:40:03.690347
SLI97,skipped,,,,,2026-03-31T19:40:18.370019
sebasmrl,skipped,CO,,25,0,2026-03-31T19:40:38.942365
AashikSharif,skipped,US,,4,33,2026-03-31T19:40:49.481832
prajwalsharma00,skipped,AU,,0,14,2026-03-31T19:41:01.149028
hieutrpham,skipped,FI,,0,0,2026-03-31T19:41:13.303996
Lqrock,skipped,,,,,2026-03-31T19:41:34.004038
Justinlauhub,skipped,,,,,2026-03-31T19:41:39.864047
honami-fukui,skipped,,,,,2026-03-31T19:41:57.356070
yordan-gergov01,skipped,BG,,,,2026-03-31T19:42:15.506918
JonatanKovalik,skipped,,,,,2026-03-31T19:42:21.914138
MonocleSecurity,skipped,,,,,2026-03-31T19:42:27.727250
f1lth,skipped,CA,,13,0,2026-03-31T19:42:42.140093
jagrut27,skipped,,,,,2026-03-31T19:42:53.796111
jitu5,skipped,IE,,0,45,2026-03-31T19:43:05.832685
SevenDespised,skipped,CN,,0,100,2026-03-31T19:43:20.889808
IanWill2k16,skipped,,,,,2026-03-31T19:43:27.543878
MatsRahmat,skipped,,,,,2026-03-31T19:43:45.853460
knewjade,skipped,,,,,2026-03-31T19:43:53.685197
adoroszlai,skipped,HU,,5,2,2026-03-31T19:44:06.048252
Wi1dfire,skipped,,,,,2026-03-31T19:44:12.192388
sjhaque14,skipped,,,,,2026-03-31T19:44:18.434148
qubicmio,skipped,,,,,2026-03-31T19:44:21.220262
Ziiarat,skipped,,,,,2026-03-31T19:44:35.898885
Mstoegerer,skipped,,,,,2026-03-31T19:44:38.833528
akashdip2001,skipped,IN,,28,0,2026-03-31T19:44:57.912629
hsunekichi,skipped,,,,,2026-03-31T19:45:12.999189
Cesaragsilva,skipped,,,,,2026-03-31T19:45:22.592412
jordanarldt,skipped,US,,2,0,2026-03-31T19:45:40.328421
ollypom,skipped,GB,,0,0,2026-03-31T19:45:46.979612
shabbir-azizi,skipped,,,,,2026-03-31T19:45:57.467666
Icexuegao,skipped,CN,,0,100,2026-03-31T19:46:04.381431
Tito915,skipped,,,,,2026-03-31T19:46:10.201383
raxod502,skipped,US,,0,0,2026-03-31T19:46:24.814548
kiwi-sherbet,skipped,US,,5,4,2026-03-31T19:46:42.503744
mherbarseghyann,skipped,,,,,2026-03-31T19:46:56.424363
radhd,skipped,,,,,2026-03-31T19:47:02.762233
DavidsonGomes,skipped,BR,,0,0,2026-03-31T19:47:14.105414
sebaviscu,skipped,,,,,2026-03-31T19:47:31.677762
REBEL-INX,skipped,,,,,2026-03-31T19:47:34.535136
Titouan-B,skipped,,,,,2026-03-31T19:47:43.633993
0xKaizendev,skipped,,,,,2026-03-31T19:48:01.084063
FrancoisPierreRousseau,skipped,FR,,0,0,2026-03-31T19:48:18.474748
maxkatrenko,skipped,,,,,2026-03-31T19:48:37.288760
emil14,skipped,,,,,2026-03-31T19:48:42.974406
Linzeeeeee,skipped,,,,,2026-03-31T19:48:48.735466
mjbunink,skipped,NL,,0,14,2026-03-31T19:48:57.805556
hanlunli,skipped,,,,,2026-03-31T19:49:13.030755
PopeNobody,skipped,,,,,2026-03-31T19:49:22.318218
mmesall,skipped,,,,,2026-03-31T19:49:39.733495
MousaThe14,skipped,,,,,2026-03-31T19:49:58.963662
hurryclear,scored,DE,0.0556,5,95,2026-03-31T19:50:11.489225
apterry1,skipped,,,,,2026-03-31T19:50:34.255537
SerhiiHoncharov0912,skipped,,,,,2026-03-31T19:50:46.968640
Loirooriol,skipped,,,,,2026-03-31T19:50:55.499488
WalterBM68,skipped,ZA,,10,0,2026-03-31T19:51:15.446347
keith-horton,skipped,,,,,2026-03-31T19:51:23.813462
athallabf,skipped,,,,,2026-03-31T19:51:41.202191
D4N1ELL,skipped,MD,,,,2026-03-31T19:51:59.490752
Ahmed-Abdul-Rahman,skipped,,,,,2026-03-31T19:52:11.279394
lokibdevops,skipped,,,,,2026-03-31T19:52:25.789062
antonioastorino,skipped,NL,,0,0,2026-03-31T19:52:33.022535
insomnious,skipped,,,,,2026-03-31T19:52:44.732588
LowrensRosinelli,skipped,,,,,2026-03-31T19:53:01.935645
frallax,skipped,,,,,2026-03-31T19:53:04.716097
bradr5,skipped,,,,,2026-03-31T19:53:07.495732
pan-don,skipped,,,,,2026-03-31T19:53:26.101771
iamrishi-x,skipped,,,,,2026-03-31T19:53:31.913485
CvBoghara,skipped,,,,,2026-03-31T19:53:49.330898
BorisMenshikov,skipped,,,,,2026-03-31T19:53:56.221858
Finbear2,skipped,GB,,0,95,2026-03-31T19:54:11.457627
matheushsamancio,skipped,BR,,0,17,2026-03-31T19:54:17.305679
Jrol123,scored,RU,0.0589,93,6,2026-03-31T19:54:26.935225
Balaje,skipped,,,,,2026-03-31T19:54:41.608200
Renganayaki123,skipped,,,,,2026-03-31T19:54:56.500937
nik787,skipped,RU,,0,3,2026-03-31T19:55:05.996304
CenaAshoori,skipped,,,,,2026-03-31T19:55:20.224718
mtopolnik,skipped,HR,,,,2026-03-31T19:55:31.561292
OlegZas,skipped,US,,15,0,2026-03-31T19:55:51.450056
PavansGitHubb,skipped,,,,,2026-03-31T19:56:06.632092
huynhtrankhanh,skipped,VN,,13,0,2026-03-31T19:56:13.667135
R4CC00N,skipped,,,,,2026-03-31T19:56:19.831457
Narendra78327,skipped,,,,,2026-03-31T19:56:32.533929
JoanneZamorano,skipped,,,,,2026-03-31T19:56:50.593003
henvisi-1994,skipped,,,,,2026-03-31T19:57:08.049388
JuliethSierra,skipped,,,,,2026-03-31T19:57:26.681640
NhanHuy07,skipped,,,,,2026-03-31T19:57:41.335990
jbatonnet,skipped,CA,,0,0,2026-03-31T19:57:59.714705
Jimmy21048,skipped,,,,,2026-03-31T19:58:16.956356
lnotspotl,skipped,,,,,2026-03-31T19:58:32.038052
maengjj,skipped,,,,,2026-03-31T19:58:43.953131
sehajmahajan,skipped,,,,,2026-03-31T19:59:00.639537
q1anyun,skipped,SG,,0,84,2026-03-31T19:59:09.880268
Yuvraj-kumar00,skipped,,,,,2026-03-31T19:59:24.115793
TaingLinnMaung,skipped,,,,,2026-03-31T19:59:41.388122
szepesisz,skipped,HU,,0,1,2026-03-31T19:59:50.023166
FranOrteg,skipped,,,,,2026-03-31T20:00:09.378481
RDjarbeng,skipped,,,,,2026-03-31T20:00:27.486833
KeyurGamit11,skipped,,,,,2026-03-31T20:00:36.722359
KwanWooPark97,skipped,,,,,2026-03-31T20:00:55.159596
lanmo29,skipped,,,,,2026-03-31T20:01:12.842305
gbhangale416,skipped,,,,,2026-03-31T20:01:15.739264
marwinglaser,skipped,,,,,2026-03-31T20:01:21.395384
ppksgopin,skipped,,,,,2026-03-31T20:01:26.955144
Safairette,skipped,,,,,2026-03-31T20:01:39.939688
yuhaopro,skipped,,,,,2026-03-31T20:01:52.692989
SerovAA,skipped,,,,,2026-03-31T20:02:03.070433
alansajith,skipped,IN,,0,26,2026-03-31T20:02:17.711206
won0845,skipped,,,,,2026-03-31T20:02:23.753126
Jakob-W-Lucas,skipped,,,,,2026-03-31T20:02:38.812780
arnavsaxena17,skipped,,,,,2026-03-31T20:02:48.316918
jperry18999,skipped,,,,,2026-03-31T20:02:51.021650
Varsha-1605,skipped,,,,,2026-03-31T20:03:03.707956
JBS-UAE,skipped,,,,,2026-03-31T20:03:12.744919
amareshotta01,skipped,,,,,2026-03-31T20:03:30.020459
hellgby,skipped,,,,,2026-03-31T20:03:43.273527
erleibiazzio,skipped,,,,,2026-03-31T20:03:56.276804
yassinebenkacem123,skipped,,,,,2026-03-31T20:04:14.546900
annakuznetsova56,skipped,,,,,2026-03-31T20:04:32.083747
erayinal,skipped,TR,,0,19,2026-03-31T20:04:49.539076
suanna0,skipped,,,,,2026-03-31T20:04:59.066447
bryceweiner,skipped,,,,,2026-03-31T20:05:13.740568
hboisgibault,skipped,,,,,2026-03-31T20:05:23.125226
alinikkhah,skipped,,,,,2026-03-31T20:05:26.712930
tal-hason,skipped,IL,,5,0,2026-03-31T20:05:36.546191
fleimisch,skipped,SI,,,,2026-03-31T20:05:42.809527
Professional-Procrastinat0r,skipped,,,,,2026-03-31T20:05:51.657504
bjschafer,skipped,,,,,2026-03-31T20:06:03.799975
gsgrattan,skipped,,,,,2026-03-31T20:06:13.211115
BinToss,skipped,US,,0,8,2026-03-31T20:06:22.551398
LAXMIKANTHREDDY92,skipped,,,,,2026-03-31T20:06:40.147019
theexiile1305,skipped,DE,,2,1,2026-03-31T20:07:00.037699
atidot3,skipped,,,,,2026-03-31T20:07:17.465486
ka-chang,skipped,US,,15,0,2026-03-31T20:07:24.024183
KnorpelSenf,scored,DE,0.0868,18,5,2026-03-31T20:07:41.170130
rajan-shubham,skipped,IN,,100,0,2026-03-31T20:07:48.750851
Nobutarou,skipped,,,,,2026-03-31T20:07:56.233136
TyronBech,skipped,PH,,100,0,2026-03-31T20:08:14.404989
diraDJ83,skipped,,,,,2026-03-31T20:08:32.662333
prettycurious,skipped,,,,,2026-03-31T20:08:49.975313
yeminxi,skipped,,,,,2026-03-31T20:09:05.475086
nrjphwe,skipped,,,,,2026-03-31T20:09:12.472502
mbourema,skipped,,,,,2026-03-31T20:09:27.701649
suleyman-yilmaz,skipped,,,,,2026-03-31T20:09:45.465705
gameenudara,skipped,LK,,1,38,2026-03-31T20:10:03.394966
kbmackenzie,scored,BR,0.3952,78,22,2026-03-31T20:10:16.487032
Zianoz,skipped,,,,,2026-03-31T20:10:40.928468
jonylu7,skipped,,,,,2026-03-31T20:10:58.939072
Faheetah,skipped,US,,0,0,2026-03-31T20:11:18.448121
vasilsaroka,scored,GB,0.1379,24,23,2026-03-31T20:11:36.513528
spongerxd,skipped,,,,,2026-03-31T20:11:54.158062
lucapalazzo,skipped,,,,,2026-03-31T20:12:11.565580
affan-habib,skipped,,,,,2026-03-31T20:12:26.307127
18gourav,skipped,,,,,2026-03-31T20:12:41.129863
ryeol22e,skipped,,,,,2026-03-31T20:12:48.705832
ChingFanSheu,skipped,TW,,2,1,2026-03-31T20:12:59.546364
NeonSpectrum,skipped,,,,,2026-03-31T20:13:06.067659
Frederick-Chon,skipped,US,,0,0,2026-03-31T20:13:24.338764
t184256,skipped,CZ,,0,0,2026-03-31T20:13:30.607814
DoganM95,scored,DE,0.1177,7,12,2026-03-31T20:13:49.572463
peachily,skipped,,,,,2026-03-31T20:14:07.035814
Alkarex,skipped,DK,,0,0,2026-03-31T20:14:12.541107
jithinkrishnanrs,skipped,IN,,0,0,2026-03-31T20:14:26.983106
CTCingithub,skipped,,,,,2026-03-31T20:14:46.000043
DiyorbekAkbaroff,skipped,,,,,2026-03-31T20:14:57.395640
hello-peiqi,skipped,,,,,2026-03-31T20:15:00.183715
Majharulislam1,skipped,BD,,0,0,2026-03-31T20:15:17.339867
Eragon24z,skipped,,,,,2026-03-31T20:15:27.231786
Lyof429,skipped,,,,,2026-03-31T20:15:39.758090
Ons23,skipped,,,,,2026-03-31T20:15:45.930439
marcosuma,skipped,SG,,11,0,2026-03-31T20:16:02.979209
Melkory,skipped,,,,,2026-03-31T20:16:20.577853
syedazeez337,skipped,,,,,2026-03-31T20:16:35.426211
ahmadabed1,skipped,,,,,2026-03-31T20:16:47.145500
DommSite,skipped,,,,,2026-03-31T20:17:05.632082
ssahu200122,skipped,,,,,2026-03-31T20:17:20.498622
MadePutraSanjaya,skipped,ID,,0,0,2026-03-31T20:17:38.050541
STAR-web4,skipped,,,,,2026-03-31T20:17:49.342014
Mohitawasthi9695,skipped,,,,,2026-03-31T20:18:07.303379
Ziuwar,skipped,DE,,0,4,2026-03-31T20:18:25.078163
Quangdung090,skipped,,,,,2026-03-31T20:18:40.439984
RadhikaVijay1617,skipped,,,,,2026-03-31T20:18:47.392111
StevenJBurns,skipped,US,,3,0,2026-03-31T20:19:05.087924
aldorelbec,skipped,,,,,2026-03-31T20:19:22.390539
nahuelRo,skipped,AR,,97,3,2026-03-31T20:19:38.623584
nilsnevertree,skipped,,,,,2026-03-31T20:19:58.398072
PixeLarm12,skipped,BR,,2,0,2026-03-31T20:20:15.714733
kushdeepwalia,skipped,,,,,2026-03-31T20:20:35.500337
Mohammed-Mamoun98,skipped,,,,,2026-03-31T20:20:53.838568
erickyania,skipped,,,,,2026-03-31T20:21:11.142689
robcs9,skipped,BR,,5,0,2026-03-31T20:21:25.775413
samvv,skipped,BE,,0,39,2026-03-31T20:21:35.045593
TinNghia1711,skipped,,,,,2026-03-31T20:21:40.546860
Akash9078,skipped,,,,,2026-03-31T20:21:52.484647
rapiBeginner,skipped,,,,,2026-03-31T20:22:09.613661
3951384218,skipped,,,,,2026-03-31T20:22:15.358009
DashaBO72,skipped,,,,,2026-03-31T20:22:29.891508
TimBMK,skipped,DE,,0,0,2026-03-31T20:22:47.561157
reinaldoleon,skipped,,,,,2026-03-31T20:22:59.311100
MWargelin,skipped,,,,,2026-03-31T20:23:14.977957
halvaradop,skipped,CO,,0,100,2026-03-31T20:23:24.881356
kentvchr,skipped,,,,,2026-03-31T20:23:33.961902
gonndr,skipped,GB,,0,0,2026-03-31T20:23:52.115176
lina325,skipped,,,,,2026-03-31T20:24:01.266976
whatisjery,skipped,FR,,0,100,2026-03-31T20:24:07.730196
qsiguy,skipped,,,,,2026-03-31T20:24:22.813020
Aayush-Dwivedi,skipped,IN,,0,33,2026-03-31T20:24:41.493466
xiaomohuang,skipped,,,,,2026-03-31T20:24:47.983149
r-melvin,skipped,,,,,2026-03-31T20:25:04.002660
jyoti-kurhe,skipped,,,,,2026-03-31T20:25:16.020476
jrebelo,skipped,NL,,0,7,2026-03-31T20:25:21.932438
darthlivesey,skipped,,,,,2026-03-31T20:25:39.850575
AbderrahimAllani,skipped,,,,,2026-03-31T20:25:54.369109
datnt11122004,skipped,,,,,2026-03-31T20:26:15.721351
jaswinder-singh,skipped,,,,,2026-03-31T20:26:21.814585
jan-auer,skipped,AT,,0,0,2026-03-31T20:26:38.879416
adipadi12,skipped,,,,,2026-03-31T20:26:56.416146
Mirko-von-Leipzig,skipped,,,,,2026-03-31T20:27:10.098905
nuuuwan,skipped,LK,,0,0,2026-03-31T20:27:27.604495
LIUXVuse,skipped,,,,,2026-03-31T20:27:42.244154
GuillemFo,skipped,ES,,1,4,2026-03-31T20:27:59.770392
devPharos,skipped,BR,,0,6,2026-03-31T20:28:05.396314
Divya-Manivannan-hmrc,skipped,,,,,2026-03-31T20:28:08.080736
kryptonbutterfly,skipped,,,,,2026-03-31T20:28:26.768319
thomve,skipped,FR,,0,93,2026-03-31T20:28:44.405003
ucheniks,skipped,,,,,2026-03-31T20:28:55.874919
emanueleusai,skipped,US,,0,0,2026-03-31T20:29:01.710171
void-anurxg,skipped,,,,,2026-03-31T20:29:07.276835
hershey984,skipped,,,,,2026-03-31T20:29:25.302839
alisio,skipped,,,,,2026-03-31T20:29:39.759485
Reldin,skipped,,,,,2026-03-31T20:29:58.032343
KatanaFinKoi,skipped,,,,,2026-03-31T20:30:17.810035
student2741,skipped,,,,,2026-03-31T20:30:29.415357
pippyn,skipped,,,,,2026-03-31T20:30:48.920668
rajkatla-hmcts,skipped,,,,,2026-03-31T20:30:51.635841
TongCHEN779,scored,DK,0.0614,37,10,2026-03-31T20:31:12.009502
dv00d00,skipped,,,,,2026-03-31T20:31:30.198597
sabithasann,skipped,BD,,20,3,2026-03-31T20:31:50.211851
ketiduracoska98,skipped,,,,,2026-03-31T20:32:07.673660
diferrr,skipped,,,,,2026-03-31T20:32:16.325034
w3stling,skipped,,,,,2026-03-31T20:32:24.902893
Blacg13,skipped,BE,,0,36,2026-03-31T20:32:45.628449
SteveRunser,skipped,,,,,2026-03-31T20:32:51.416329
janaom,skipped,,,,,2026-03-31T20:33:00.228660
noe-delos,skipped,FR,,0,51,2026-03-31T20:33:17.888422
Funkysys,skipped,,,,,2026-03-31T20:33:35.768686
AlfaroJoel,skipped,,,,,2026-03-31T20:33:52.826521
thekushak0003,skipped,,,,,2026-03-31T20:33:59.137536
mohammed558,skipped,,,,,2026-03-31T20:34:16.608902
rae-annthomas,skipped,,,,,2026-03-31T20:34:32.225383
FurkanCetin547,skipped,,,,,2026-03-31T20:34:38.403884
Marley2500,skipped,,,,,2026-03-31T20:34:44.060323
Yevhenii-93,skipped,UA,,0,28,2026-03-31T20:35:02.182064
H1tRecord,skipped,,,,,2026-03-31T20:35:20.764378
pelinbingl,scored,TR,0.0442,54,11,2026-03-31T20:35:40.547680
G82ft,skipped,,,,,2026-03-31T20:35:57.953142
Aditya9207,skipped,,,,,2026-03-31T20:36:15.908952
koishi-actions,skipped,,,,,2026-03-31T20:36:21.758164
saddam478,skipped,,,,,2026-03-31T20:36:41.748899
VIVITEK22,skipped,,,,,2026-03-31T20:36:59.817338
Wh31028,skipped,,,,,2026-03-31T20:37:10.741982
BushraSabir758,skipped,,,,,2026-03-31T20:37:25.091895
HassanAlam55,skipped,,,,,2026-03-31T20:37:44.641179
Sourav-28,skipped,,,,,2026-03-31T20:38:03.858807
23DP4MOzol,skipped,,,,,2026-03-31T20:38:21.287634
atakandemiral,skipped,,,,,2026-03-31T20:38:27.068620
MSallermann,skipped,,,,,2026-03-31T20:38:41.492127
dimas5330,skipped,ID,,0,0,2026-03-31T20:38:58.988448
Beka01247,skipped,,,,,2026-03-31T20:39:19.746044
Nikola-Saltirov,skipped,,,,,2026-03-31T20:39:37.954279
Tushar8117,skipped,,,,,2026-03-31T20:39:58.893074
dejoao,skipped,BR,,2,98,2026-03-31T20:40:10.876766
fgyanz,skipped,ES,,0,53,2026-03-31T20:40:22.770329
NuDavai,skipped,,,,,2026-03-31T20:40:42.763837
j-thepac,skipped,,,,,2026-03-31T20:40:57.820200
NRetrospec,skipped,,,,,2026-03-31T20:41:16.317687
monikeo,skipped,,,,,2026-03-31T20:41:34.089204
ZainV4,skipped,,,,,2026-03-31T20:41:54.315028
riccardomodanese,skipped,,,,,2026-03-31T20:42:00.090416
Swiftmane,skipped,,,,,2026-03-31T20:42:05.989536
Feiyang1,skipped,,,,,2026-03-31T20:42:15.175562
saharon613,skipped,,,,,2026-03-31T20:42:32.809338
Manjeeri-Maske,skipped,,,,,2026-03-31T20:42:41.372277
IndigoBeetle,skipped,,,,,2026-03-31T20:42:48.484990
0xdevalias,skipped,AU,,0,0,2026-03-31T20:43:05.927804
Vlad-dualv,skipped,PT,,13,0,2026-03-31T20:43:23.529768
karye,skipped,SE,,0,0,2026-03-31T20:43:38.126918
Ghulam-Ali-Khan,skipped,,,,,2026-03-31T20:43:56.897374
MinaGeo,skipped,,,,,2026-03-31T20:44:14.111390
jkemming,skipped,,,,,2026-03-31T20:44:24.066962
Doc-ice,skipped,,,,,2026-03-31T20:44:37.900865
Mahalakshmi5450,skipped,,,,,2026-03-31T20:44:44.040167
CircleSeok,skipped,,,,,2026-03-31T20:44:50.108724
LengTech11,skipped,,,,,2026-03-31T20:45:07.333726
miniprojectb5,skipped,,,,,2026-03-31T20:45:25.977546
davinawuy,skipped,,,,,2026-03-31T20:45:44.936411
gui-pais,skipped,,,,,2026-03-31T20:45:47.655349
Vsk2353,skipped,,,,,2026-03-31T20:46:02.918376
pmdevita,skipped,US,,0,0,2026-03-31T20:46:18.263870
ShunlaeNY,skipped,,,,,2026-03-31T20:46:35.982921
AppleJack9050,skipped,,,,,2026-03-31T20:46:53.625870
rickutino,skipped,JP,,0,0,2026-03-31T20:47:02.915112
happyhappy-jun,skipped,KR,,0,0,2026-03-31T20:47:21.856813
twonth,skipped,,,,,2026-03-31T20:47:28.172517
kylescudder,skipped,GB,,0,100,2026-03-31T20:47:35.682087
shailesh-cell,skipped,,,,,2026-03-31T20:47:48.769419
donymashup,skipped,,,,,2026-03-31T20:48:08.070487
blakepettersson,skipped,,,,,2026-03-31T20:48:10.856372
arthuurw,skipped,,,,,2026-03-31T20:48:26.289264
Dinujaya-Sandaruwan,skipped,LK,,0,0,2026-03-31T20:48:43.725099
howitzerg,skipped,,,,,2026-03-31T20:48:49.779182
OlgaBoiko27,skipped,,,,,2026-03-31T20:49:07.147088
ZiskaS,skipped,ES,,9,0,2026-03-31T20:49:19.102613
messias-code,skipped,,,,,2026-03-31T20:49:35.960530
WearBLANC,skipped,,,,,2026-03-31T20:49:47.554745
RambabuKarravula,skipped,,,,,2026-03-31T20:50:05.706298
cloudpunkz,skipped,DE,,0,0,2026-03-31T20:50:11.166942
Nnnnuri,skipped,,,,,2026-03-31T20:50:21.169671
SaiKiranMatta,skipped,,,,,2026-03-31T20:50:27.077955
dian-nov,skipped,,,,,2026-03-31T20:50:36.091554
maxbutler407,skipped,,,,,2026-03-31T20:50:48.305173
juanez1999,skipped,CO,,0,0,2026-03-31T20:51:03.012808
kuldeep1441,skipped,,,,,2026-03-31T20:51:20.871391
SebaMax097,skipped,,,,,2026-03-31T20:51:32.392526
skakunma,skipped,,,,,2026-03-31T20:51:47.469164
DrC0ns0le,skipped,,,,,2026-03-31T20:52:03.083331
piki1489,skipped,,,,,2026-03-31T20:52:20.518842
Chii1914,skipped,,,,,2026-03-31T20:52:38.862430
Ashen1919,skipped,LK,,0,100,2026-03-31T20:52:51.678834
nunocorverag,skipped,,,,,2026-03-31T20:53:06.898009
SaranshOp,skipped,,,,,2026-03-31T20:53:18.819013
in3kk,skipped,,,,,2026-03-31T20:53:31.258253
Pemulaajiw,skipped,,,,,2026-03-31T20:53:46.654845
chstavrakis,skipped,,,,,2026-03-31T20:53:52.865441
wilhelm9986,skipped,,,,,2026-03-31T20:54:11.518974
Fanxi1992,skipped,,,,,2026-03-31T20:54:17.492208
cnolanminich,skipped,,,,,2026-03-31T20:54:23.317061
saifieedakhan,skipped,,,,,2026-03-31T20:54:34.928223
sjwall,skipped,GB,,4,0,2026-03-31T20:54:42.013582
MickePros,skipped,,,,,2026-03-31T20:54:59.317442
JayJamieson010,skipped,,,,,2026-03-31T20:55:08.078358
mfussi66,skipped,IT,,10,2,2026-03-31T20:55:21.210610
seanhuber,skipped,US,,0,10,2026-03-31T20:55:39.930561
acl-cqc,skipped,GB,,0,0,2026-03-31T20:55:42.647641
DorineLam,skipped,,,,,2026-03-31T20:55:47.044139
manuel-barreiro,skipped,,,,,2026-03-31T20:55:53.173017
lurodriguezzz,skipped,,,,,2026-03-31T20:56:05.062938
Abdelrhman-Ellithy,skipped,SA,,0,15,2026-03-31T20:56:22.689839
minweny,skipped,,,,,2026-03-31T20:56:34.180295
Alfareiza,scored,BR,0.0307,29,10,2026-03-31T20:56:44.638986
kingpaviyonmanova,skipped,,,,,2026-03-31T20:57:02.593832
TVLTruong,skipped,,,,,2026-03-31T20:57:15.065613
npechl,skipped,GB,,0,0,2026-03-31T20:57:30.628568
jonathanfallon,scored,FR,0.2461,17,5,2026-03-31T20:57:45.729982
gjlee0802,skipped,KR,,0,1,2026-03-31T20:57:55.199606
ted7088,skipped,,,,,2026-03-31T20:58:08.988827
Jared-Glenn,skipped,,,,,2026-03-31T20:58:28.537951
XRay71,skipped,CA,,3,4,2026-03-31T20:58:46.252866
piatoss3612,skipped,,,,,2026-03-31T20:58:53.738059
Professor348,skipped,,,,,2026-03-31T20:59:02.540084
ThariTheekshana,skipped,,,,,2026-03-31T20:59:20.008011
beomki-yeo,skipped,,,,,2026-03-31T20:59:30.920967
Asta-project,skipped,,,,,2026-03-31T20:59:39.730754
88lin,scored,CN,0.0574,10,90,2026-03-31T20:59:49.556494
tamas-p,skipped,,,,,2026-03-31T21:00:04.334776
HumbertoFox,skipped,,,,,2026-03-31T21:00:16.800377
inca,skipped,,,,,2026-03-31T21:00:35.590446
yungshan629,skipped,,,,,2026-03-31T21:00:41.945044
zfixler,skipped,,,,,2026-03-31T21:00:52.225803
T-Wezzy,skipped,,,,,2026-03-31T21:01:09.525447
clx828,skipped,,,,,2026-03-31T21:01:23.543397
Cubic5,skipped,,,,,2026-03-31T21:01:35.781509
ereyes,skipped,FR,,0,0,2026-03-31T21:01:42.397093
makimamu,skipped,,,,,2026-03-31T21:02:01.143724
kmpm,skipped,SE,,0,3,2026-03-31T21:02:16.437781
CheariX,skipped,,,,,2026-03-31T21:02:28.639766
kithmini11,skipped,,,,,2026-03-31T21:02:40.944423
Alex-Nita,skipped,,,,,2026-03-31T21:02:43.664134
abhi-243,skipped,AU,,0,47,2026-03-31T21:03:01.467141
alecpizz,skipped,,,,,2026-03-31T21:03:12.979334
ecamellini,skipped,IT,,0,0,2026-03-31T21:03:31.361443
smressle,skipped,,,,,2026-03-31T21:03:37.043792
edbertplopenio,skipped,,,,,2026-03-31T21:03:52.223762
Andrewmh71,skipped,,,,,2026-03-31T21:04:00.858444
raj-prince,skipped,IN,,0,0,2026-03-31T21:04:15.634683
HamzaWakkas,skipped,,,,,2026-03-31T21:04:22.033477
mssngr,skipped,US,,0,0,2026-03-31T21:04:31.125387
anuabarnabsf4019,skipped,,,,,2026-03-31T21:04:36.822256
mustafa543ed,skipped,,,,,2026-03-31T21:04:54.197689
vparent05,skipped,,,,,2026-03-31T21:05:06.022179
KHIZERBUTT07,skipped,,,,,2026-03-31T21:05:12.487060
sengar23,skipped,NL,,0,0,2026-03-31T21:05:26.738426
astrobearrrrr,skipped,,,,,2026-03-31T21:05:35.596883
mariia-alam,skipped,,,,,2026-03-31T21:05:53.021284
MicroBlueee,skipped,SG,,0,100,2026-03-31T21:05:59.220817
Raoufbendii,skipped,,,,,2026-03-31T21:06:17.197953
SyahrulBhudiF,skipped,,,,,2026-03-31T21:06:35.073692
mgrave,skipped,,,,,2026-03-31T21:06:52.443887
ayushmanbt,skipped,IN,,0,0,2026-03-31T21:07:13.290389
ctreatma,skipped,,,,,2026-03-31T21:07:24.627128
tramkris,skipped,,,,,2026-03-31T21:07:30.994961
jesusbueren,skipped,PT,,0,100,2026-03-31T21:07:37.611503
sabrinaaraujomoreira,skipped,,,,,2026-03-31T21:07:52.828687
faizanmanshad,skipped,,,,,2026-03-31T21:08:05.142417
Daniel-C56-Pd3,skipped,,,,,2026-03-31T21:08:07.956490
Fatih-YF,skipped,,,,,2026-03-31T21:08:10.817147
XuanLee-HEALER,skipped,CN,,0,100,2026-03-31T21:08:19.718275
Dellyyy,skipped,,,,,2026-03-31T21:08:38.391736
SunshineDN,skipped,BR,,14,0,2026-03-31T21:08:55.648520
pierremtb,skipped,CA,,1,2,2026-03-31T21:09:10.309646
alexwarrior1991,skipped,,,,,2026-03-31T21:09:27.614433
IcelandSpar,skipped,,,,,2026-03-31T21:09:42.443084
milantaky,skipped,,,,,2026-03-31T21:10:00.925486
chaosatleast,skipped,,,,,2026-03-31T21:10:09.544662
Asib27,skipped,,,,,2026-03-31T21:10:27.257524
BUICUONGG,skipped,,,,,2026-03-31T21:10:34.023015
barmac,skipped,PL,,0,0,2026-03-31T21:10:48.722891
tomoyan99,skipped,,,,,2026-03-31T21:10:56.043849
agamjotsingh1,skipped,,,,,2026-03-31T21:11:09.587075
30220298,skipped,,,,,2026-03-31T21:11:15.594850
omar15hr,skipped,CL,,0,100,2026-03-31T21:11:22.001161
kadankyi1,skipped,,,,,2026-03-31T21:11:34.479222
tbehner,skipped,,,,,2026-03-31T21:11:51.562993
stibu81,scored,CH,0.0418,19,15,2026-03-31T21:11:58.443825
6HngYxZ,skipped,,,,,2026-03-31T21:12:16.143479
andrewp-CWF,skipped,,,,,2026-03-31T21:12:21.780188
radenmuaz,skipped,MY,,2,93,2026-03-31T21:12:39.035356
noodlethrillstudio,skipped,,,,,2026-03-31T21:12:45.462717
abdulmunimjemal,skipped,,,,,2026-03-31T21:12:54.234375
Carlitossaulmenem,skipped,,,,,2026-03-31T21:13:03.613880
juanpabloarias1,skipped,ES,,0,5,2026-03-31T21:13:15.375529
SilentMoQuan,skipped,,,,,2026-03-31T21:13:24.661599
Ash-Har-Ali,skipped,,,,,2026-03-31T21:13:30.435685
R7rainz,skipped,,,,,2026-03-31T21:13:45.875820
msft-paddy14,skipped,,,,,2026-03-31T21:13:48.662271
mttsdlerrdgwy,skipped,,,,,2026-03-31T21:13:51.396994
sduduzog,skipped,,,,,2026-03-31T21:13:58.521352
Mallu722,skipped,,,,,2026-03-31T21:14:10.158670
Shazbot,skipped,HR,,,,2026-03-31T21:14:16.394178
saanagai,skipped,,,,,2026-03-31T21:14:34.630265
kavyaks20,skipped,SG,,0,11,2026-03-31T21:14:52.210405
mrzwk-b,skipped,,,,,2026-03-31T21:15:09.574835
shining-bluemoon-11,skipped,,,,,2026-03-31T21:15:21.168246
EduardoNolasco,skipped,,,,,2026-03-31T21:15:32.580571
mpetrolati,skipped,,,,,2026-03-31T21:15:41.051363
jakechevrier-sg,skipped,,,,,2026-03-31T21:15:43.765765
MalekMansour,skipped,,,,,2026-03-31T21:16:03.197364
massimoalbarello,skipped,CH,,9,0,2026-03-31T21:16:20.026965
Pushpa-24,skipped,,,,,2026-03-31T21:16:28.577379
axis1410,skipped,IN,,0,0,2026-03-31T21:16:43.179920
fly0utWest,skipped,,,,,2026-03-31T21:16:52.519975
Eddydev-ALU,skipped,,,,,2026-03-31T21:17:01.882856
katherinehhh,skipped,CN,,0,0,2026-03-31T21:17:21.416646
toqurqks,skipped,,,,,2026-03-31T21:17:39.782603
adityayyy,skipped,,,,,2026-03-31T21:17:54.624802
js23305,skipped,,,,,2026-03-31T21:18:12.761667
woojin115,skipped,,,,,2026-03-31T21:18:23.087797
The-Faust,skipped,,,,,2026-03-31T21:18:40.661856
gxxxr-111,skipped,,,,,2026-03-31T21:18:49.925289
stern-sigma,skipped,,,,,2026-03-31T21:19:04.864105
saptarshi1992,skipped,,,,,2026-03-31T21:19:22.606902
eucarious,skipped,,,,,2026-03-31T21:19:40.523454
Mageshkumar8104,skipped,,,,,2026-03-31T21:19:46.383981
mohamedctm,skipped,,,,,2026-03-31T21:20:03.543566
morganekoval,skipped,,,,,2026-03-31T21:20:22.164363
leonardoalt,skipped,,,,,2026-03-31T21:20:36.950262
jinnotgin,skipped,SG,,13,2,2026-03-31T21:20:46.275259
NurEnggar,skipped,,,,,2026-03-31T21:21:03.983737
MikixIT,skipped,DE,,4,0,2026-03-31T21:21:16.212202
Ais-ul,skipped,,,,,2026-03-31T21:21:37.775502
tomoya3178,skipped,,,,,2026-03-31T21:21:56.808669
nisarthpatel,skipped,IN,,0,18,2026-03-31T21:22:14.455425
MkOMIN,skipped,,,,,2026-03-31T21:22:32.307263
DonPestelle,skipped,,,,,2026-03-31T21:22:50.192360
Aminochka4,skipped,,,,,2026-03-31T21:23:07.907310
yulong88888,scored,CN,0.0267,11,5,2026-03-31T21:23:25.687984
astrid-local,skipped,,,,,2026-03-31T21:23:31.762050
HoDucManhNguyen,skipped,US,,0,100,2026-03-31T21:23:47.715638
yohoo49123,skipped,,,,,2026-03-31T21:23:57.497130
ThomasDev4,skipped,,,,,2026-03-31T21:24:09.191805
ElishaSamPeterPrabhu,skipped,IN,,0,7,2026-03-31T21:24:23.501787
caoyuwu,skipped,,,,,2026-03-31T21:24:46.917629
AntonioSantos8,skipped,,,,,2026-03-31T21:24:59.358617
Alao001,scored,NG,0.0504,5,26,2026-03-31T21:25:11.368919
chirag-madlani,skipped,IN,,2,0,2026-03-31T21:25:20.908300
gprasadbhat948231,skipped,,,,,2026-03-31T21:25:39.910048
sohanpatharla,skipped,IN,,22,0,2026-03-31T21:25:57.291683
akosh25,skipped,HU,,0,100,2026-03-31T21:26:09.740093
briandowns,skipped,US,,0,0,2026-03-31T21:26:24.305732
QuackerAs,skipped,,,,,2026-03-31T21:26:42.777417
humbertoyusta,skipped,ES,,100,0,2026-03-31T21:26:51.949129
worklz,skipped,,,,,2026-03-31T21:27:07.722046
yuvraj-coder1,skipped,,,,,2026-03-31T21:27:25.675808
RafalSz1270,skipped,,,,,2026-03-31T21:27:43.407064
key1018,skipped,,,,,2026-03-31T21:27:58.616625
astreeter,skipped,,,,,2026-03-31T21:28:06.836235
HadisRe,skipped,IT,,0,100,2026-03-31T21:28:14.881646
daviz616,skipped,,,,,2026-03-31T21:28:33.376336
victorponz,skipped,,,,,2026-03-31T21:28:45.133792
2210994875,skipped,,,,,2026-03-31T21:29:02.421122
aarushi126,skipped,,,,,2026-03-31T21:29:20.319205
BriScanlon,skipped,,,,,2026-03-31T21:29:38.373023
BirasaDivine,skipped,,,,,2026-03-31T21:29:47.581601
AduragbemiShobowale,skipped,,,,,2026-03-31T21:30:05.244079
rob-harper,skipped,,,,,2026-03-31T21:30:19.841539
erjank,skipped,,,,,2026-03-31T21:30:26.750006
KhanhPham7520,skipped,VN,,2,32,2026-03-31T21:30:41.975309
MEHRSHAD-MIRSHEKARY,skipped,IR,,,,2026-03-31T21:30:44.823450
manu4980,skipped,,,,,2026-03-31T21:30:53.267171
fdekeers,skipped,BE,,0,0,2026-03-31T21:31:03.315992
q-dat,skipped,VN,,0,100,2026-03-31T21:31:20.463663
kala-techies,skipped,IN,,0,9,2026-03-31T21:31:34.673318
nahuhh,skipped,,,,,2026-03-31T21:31:37.584059
joto,skipped,DE,,0,0,2026-03-31T21:31:45.763066
duongnt0712,skipped,VN,,0,0,2026-03-31T21:32:04.355691
Skukyky,skipped,,,,,2026-03-31T21:32:10.730570
Mahfuza-Nasrin,skipped,,,,,2026-03-31T21:32:28.171125
kimzerovirus,skipped,KR,,86,0,2026-03-31T21:32:43.435091
RepositorioProjetosCurso,skipped,,,,,2026-03-31T21:32:49.031298
Luphaestus,skipped,,,,,2026-03-31T21:33:03.835667
Terrad77,skipped,,,,,2026-03-31T21:33:24.459705
Ayoubioussoufa,skipped,,,,,2026-03-31T21:33:42.016685
HaruCy16,skipped,,,,,2026-03-31T21:34:00.115028
ethandsz,skipped,,,,,2026-03-31T21:34:18.295378
Hirdy7,skipped,,,,,2026-03-31T21:34:36.055065
aanu3804,skipped,,,,,2026-03-31T21:34:49.971136
TomasArrachea,skipped,AR,,11,0,2026-03-31T21:35:08.127279
amithkv246,skipped,,,,,2026-03-31T21:35:25.785391
shnikd,skipped,,,,,2026-03-31T21:35:28.450460
wwagner4,skipped,,,,,2026-03-31T21:35:37.420649
1-rafael-1,skipped,,,,,2026-03-31T21:35:54.255945
Primav1022,skipped,,,,,2026-03-31T21:36:12.627652
YoavMeiri,skipped,,,,,2026-03-31T21:36:29.652241
egbertbouman,skipped,NL,,0,0,2026-03-31T21:36:32.539425
abbiehuynh,skipped,,,,,2026-03-31T21:36:50.578996
AlvistCruise,skipped,,,,,2026-03-31T21:37:08.243738
angelicagardner,scored,SE,0.1723,29,8,2026-03-31T21:37:27.278761
faisal-foyez,skipped,BD,,45,0,2026-03-31T21:37:44.417527
FarhanDevop,skipped,,,,,2026-03-31T21:37:53.188636
dloomis2,skipped,,,,,2026-03-31T21:38:08.552634
Vidal322,skipped,,,,,2026-03-31T21:38:21.015861
gi-yun,skipped,,,,,2026-03-31T21:38:42.155298
Naiery0,skipped,,,,,2026-03-31T21:38:57.693341
sctanf,skipped,,,,,2026-03-31T21:39:04.157819
AlienWolfX,scored,PH,0.0656,16,75,2026-03-31T21:39:12.362247
bmkriszti,skipped,,,,,2026-03-31T21:39:24.561296
pengchant,skipped,,,,,2026-03-31T21:39:41.584482
vkirs229037,skipped,,,,,2026-03-31T21:39:50.864599
ghostzero0018,skipped,,,,,2026-03-31T21:39:56.737783
univerexplorer,skipped,,,,,2026-03-31T21:40:03.922077
olisedoc,skipped,DK,,0,0,2026-03-31T21:40:11.314458
Farkhad012,skipped,,,,,2026-03-31T21:40:28.954900
nerolation,skipped,AT,,0,0,2026-03-31T21:40:47.438921
valter-tonon,skipped,,,,,2026-03-31T21:41:06.545099
francosalvucci14,skipped,IT,,0,100,2026-03-31T21:41:13.232215
cix601,skipped,,,,,2026-03-31T21:41:21.888867
ayarii,skipped,,,,,2026-03-31T21:41:40.784716
mouad-P7,skipped,,,,,2026-03-31T21:41:58.776046
simolus3,skipped,,,,,2026-03-31T21:42:06.479655
devUmar91,skipped,,,,,2026-03-31T21:42:23.434306
eivanov89,skipped,RS,,,,2026-03-31T21:42:29.188845
Venu1433697,skipped,,,,,2026-03-31T21:42:33.961488
elibennett03,skipped,,,,,2026-03-31T21:42:52.086932
mnjirjak,skipped,HR,,,,2026-03-31T21:42:58.045949
ps9824,skipped,,,,,2026-03-31T21:43:12.838508
molostovvs,skipped,,,,,2026-03-31T21:43:24.560036
Veeru73,skipped,IN,,12,0,2026-03-31T21:43:39.630480
JJayamani,skipped,,,,,2026-03-31T21:43:57.156514
Paraboy-TechTinker,skipped,,,,,2026-03-31T21:44:14.237303
shourov-newroz,skipped,,,,,2026-03-31T21:44:28.630317
mailvijayasingh,skipped,,,,,2026-03-31T21:44:35.633082
BD5HLI,skipped,,,,,2026-03-31T21:44:48.084481
LAIBA0415,skipped,,,,,2026-03-31T21:44:59.273264
siavashmosadegh,skipped,,,,,2026-03-31T21:45:16.446707
VerenaSchranz,skipped,,,,,2026-03-31T21:45:31.085275
Theja727,skipped,,,,,2026-03-31T21:45:49.141371
AnkitaDey23,skipped,,,,,2026-03-31T21:46:07.489244
andreaspe76,skipped,SE,,0,79,2026-03-31T21:46:25.418495
jsoncitron,skipped,,,,,2026-03-31T21:46:28.297000
fredsonchaves07,skipped,BR,,5,0,2026-03-31T21:46:47.684970
qwerty111i,skipped,US,,0,95,2026-03-31T21:47:06.031799
liqingnz,skipped,CN,,0,0,2026-03-31T21:47:13.060921
bowencraft,skipped,,,,,2026-03-31T21:47:30.817712
BodyaKutsyk,skipped,,,,,2026-03-31T21:47:36.685755
NaKeRNarolino,skipped,,,,,2026-03-31T21:47:54.754067
TocadoPorDeus,skipped,,,,,2026-03-31T21:48:00.207427
vinhthanhluong,skipped,,,,,2026-03-31T21:48:17.898518
ALIILAPRO,skipped,IR,,,,2026-03-31T21:48:36.275837
AniDhawalikar,skipped,IN,,0,4,2026-03-31T21:48:54.753942
FloSpin,skipped,,,,,2026-03-31T21:49:03.721048
Arundevloper,skipped,IN,,4,15,2026-03-31T21:49:23.190912
jonasjancarik,skipped,,,,,2026-03-31T21:49:39.234286
SquirrelDeveloper,skipped,FR,,0,6,2026-03-31T21:49:45.154007
dmsolop,skipped,,,,,2026-03-31T21:50:02.114883
thinknoack,skipped,US,,16,1,2026-03-31T21:50:18.566760
JalenEvans,skipped,,,,,2026-03-31T21:50:24.155666
Fortes08,skipped,,,,,2026-03-31T21:50:29.855864
hugolgst,skipped,NO,,0,0,2026-03-31T21:50:42.435793
saraelizalde,skipped,,,,,2026-03-31T21:51:00.059400
JordyKonpyuta,skipped,,,,,2026-03-31T21:51:17.466918
neurofumo,skipped,,,,,2026-03-31T21:51:31.937545
rekcah78,skipped,FR,,0,0,2026-03-31T21:51:49.199165
huyaboo,skipped,US,,0,0,2026-03-31T21:51:58.094795
mehakhanaa,skipped,IN,,0,0,2026-03-31T21:52:06.631504
katai5plate,skipped,JP,,0,0,2026-03-31T21:52:23.737698
diegourbina95,skipped,,,,,2026-03-31T21:52:30.686972
DikshaKharbanda,skipped,,,,,2026-03-31T21:52:48.517317
AlxGvln,skipped,,,,,2026-03-31T21:52:54.127297
aleksa07,skipped,,,,,2026-03-31T21:53:09.602748
rlnlakshmi,skipped,,,,,2026-03-31T21:53:18.302487
rana-nouman,skipped,,,,,2026-03-31T21:53:28.073608
madhumita2805,skipped,,,,,2026-03-31T21:53:33.824005
thefirstSnowflake,skipped,,,,,2026-03-31T21:53:45.761007
mnowicki94,skipped,,,,,2026-03-31T21:53:59.154312
YeshaswiM,skipped,,,,,2026-03-31T21:54:08.203891
mrodc,skipped,,,,,2026-03-31T21:54:20.490350
Ferro-Maljinn,skipped,DE,,5,0,2026-03-31T21:54:27.014473
leseb,skipped,FR,,0,1,2026-03-31T21:54:33.024085
TDanfung,skipped,,,,,2026-03-31T21:54:44.686897
Claire9518,skipped,,,,,2026-03-31T21:54:47.502391
MeikeTheGollum,skipped,,,,,2026-03-31T21:55:01.520422
blasdo,skipped,,,,,2026-03-31T21:55:17.466617
venkatanarayanbattula,skipped,,,,,2026-03-31T21:55:32.493231
Yaroglek,skipped,,,,,2026-03-31T21:55:48.351402
agmangas,skipped,ES,,0,0,2026-03-31T21:56:06.012067
Rahelkkebede,skipped,,,,,2026-03-31T21:56:17.712242
Sangun-Lee-6,skipped,,,,,2026-03-31T21:56:34.683190
TOHIRJON00,skipped,,,,,2026-03-31T21:56:46.237364
econdojo,scored,US,0.0354,33,51,2026-03-31T21:57:01.791981
maraheem12,skipped,,,,,2026-03-31T21:57:21.367244
Abirajendhiran,skipped,,,,,2026-03-31T21:57:39.102046
purvaagine,skipped,,,,,2026-03-31T21:57:47.921419
cgrayson,skipped,US,,0,1,2026-03-31T21:57:54.182851
SardarPiash,skipped,,,,,2026-03-31T21:58:12.245489
8848Digital-Rohit-Frontend,skipped,,,,,2026-03-31T21:58:16.276946
jagprog5,skipped,,,,,2026-03-31T21:58:33.786044
syrkis,skipped,,,,,2026-03-31T21:58:45.723314
stevew83,skipped,,,,,2026-03-31T21:58:55.160768
gulien,skipped,FR,,0,0,2026-03-31T21:58:59.695242
RumaniSadhukhan170204,skipped,,,,,2026-03-31T21:59:14.030569
liusihang,skipped,,,,,2026-03-31T21:59:22.876714
brasleiro01,skipped,,,,,2026-03-31T21:59:37.717037
scottbilas,skipped,PT,,0,1,2026-03-31T21:59:46.784453
Sebastian080502,skipped,,,,,2026-03-31T22:00:05.307041
silesky,scored,US,0.0687,24,16,2026-03-31T22:00:17.788278
gallayl,skipped,HU,,0,0,2026-03-31T22:00:38.199697
vroque19,skipped,,,,,2026-03-31T22:00:53.332119
douglasmiguel7,skipped,BR,,0,1,2026-03-31T22:01:10.497056
devil-mask1432,skipped,,,,,2026-03-31T22:01:25.284979
Juls-ux,skipped,,,,,2026-03-31T22:01:37.704802
boodovskiy,skipped,UA,,0,0,2026-03-31T22:01:52.215420
harnetlinh,skipped,VN,,0,0,2026-03-31T22:02:10.376286
PyDevOG,skipped,,,,,2026-03-31T22:02:28.477062
Kaidor98,skipped,,,,,2026-03-31T22:02:43.220817
renemadsen,skipped,,,,,2026-03-31T22:02:51.752314
sh694090,skipped,,,,,2026-03-31T22:02:57.770157
IsacDav66,skipped,,,,,2026-03-31T22:03:17.562388
S4NKALP,scored,NP,0.03,63,24,2026-03-31T22:03:35.774415
askazakov,skipped,,,,,2026-03-31T22:03:48.498266
gauthamkanagaraj,skipped,IN,,0,0,2026-03-31T22:04:05.988149
Supacrafter,skipped,,,,,2026-03-31T22:04:27.712769
Zubko1994,skipped,,,,,2026-03-31T22:04:45.382823
Emokui,skipped,,,,,2026-03-31T22:04:53.222382
ttbb1978,skipped,,,,,2026-03-31T22:04:59.808141
ashiyaman,skipped,IN,,0,0,2026-03-31T22:05:05.558581
PYK-BlackDrag00n,skipped,,,,,2026-03-31T22:05:12.017178
techrules07,skipped,,,,,2026-03-31T22:05:29.126561
greg6fr,skipped,,,,,2026-03-31T22:05:43.238605
muhammedsaidgokkaya,skipped,,,,,2026-03-31T22:06:00.808373
jeongeunhq,skipped,,,,,2026-03-31T22:06:15.315247
chives,skipped,,,,,2026-03-31T22:06:18.080713
f-9t9it,skipped,,,,,2026-03-31T22:06:23.624338
LucasSlessa,scored,BR,0.2571,5,6,2026-03-31T22:06:40.984266
dharmesh-hemaram,skipped,IN,,2,1,2026-03-31T22:06:56.146466
EtienneKras,skipped,,,,,2026-03-31T22:06:58.963199
hellared,skipped,EE,,,,2026-03-31T22:07:12.210781
jiangqian1997,skipped,,,,,2026-03-31T22:07:29.916354
Dasde,scored,FR,0.074,15,70,2026-03-31T22:07:42.535960
felicecesarano,skipped,,,,,2026-03-31T22:07:48.814931
muranakaaa,skipped,JP,,0,6,2026-03-31T22:07:54.801998
maxsap,skipped,,,,,2026-03-31T22:07:57.593024
walkerjameschris,scored,US,0.0602,88,12,2026-03-31T22:08:07.253331
wenqsun,skipped,,,,,2026-03-31T22:08:16.075484
Dmitry-Safonov,skipped,,,,,2026-03-31T22:08:32.167059
VirtCode,skipped,CH,,0,0,2026-03-31T22:08:50.476195
ale-rt,skipped,,,,,2026-03-31T22:08:56.061624
qwerty12321434,skipped,,,,,2026-03-31T22:09:07.789203
priyanshuP0212,skipped,,,,,2026-03-31T22:09:10.468468
Jim8y,skipped,,,,,2026-03-31T22:09:16.517049
kin0992,skipped,IT,,0,0,2026-03-31T22:09:29.248890
ElysSanntos,skipped,,,,,2026-03-31T22:09:41.792839
keirthana,skipped,,,,,2026-03-31T22:09:50.360701
AnugrahaTamang,skipped,NP,,0,100,2026-03-31T22:10:02.923659
klimburg,skipped,US,,0,0,2026-03-31T22:10:08.570920
cmammm,skipped,,,,,2026-03-31T22:10:17.901350
venom-sama,skipped,,,,,2026-03-31T22:10:35.496956
Sam-Spencer,skipped,US,,0,0,2026-03-31T22:10:38.282792
Rfan-411222036,skipped,,,,,2026-03-31T22:10:55.738136
Duran24062005,skipped,,,,,2026-03-31T22:11:05.375490
vincimech010233,skipped,,,,,2026-03-31T22:11:20.859301
BinaryBandits03,skipped,,,,,2026-03-31T22:11:29.372887
marineesta05,skipped,,,,,2026-03-31T22:11:45.056088
bguil,skipped,FR,,0,0,2026-03-31T22:11:47.906981
andikas95-dev,skipped,,,,,2026-03-31T22:12:03.896645
abchate,skipped,FR,,8,0,2026-03-31T22:12:21.066647
jacksonkasi1,scored,IN,0.0354,20,21,2026-03-31T22:12:33.162520
PJW980921,skipped,,,,,2026-03-31T22:12:39.834100
azaidy,skipped,,,,,2026-03-31T22:12:42.587725
jafamo,skipped,,,,,2026-03-31T22:12:57.397588
Alejandro-BR,skipped,,,,,2026-03-31T22:13:03.581239
mfeit-internet2,skipped,US,,0,0,2026-03-31T22:13:12.499538
ShiyangLai,skipped,,,,,2026-03-31T22:13:21.955372
mjpernot,skipped,,,,,2026-03-31T22:13:28.134719
shantanuvidhate,skipped,,,,,2026-03-31T22:13:43.539998
GSERG10,skipped,,,,,2026-03-31T22:13:56.404395
bingshiyige,skipped,,,,,2026-03-31T22:13:59.247598
fgervasoni,skipped,IT,,0,1,2026-03-31T22:14:07.863415
sun-runners,skipped,KR,,0,0,2026-03-31T22:14:21.870427
wzq016,skipped,,,,,2026-03-31T22:14:27.687229
DKnama2287,skipped,IN,,0,50,2026-03-31T22:14:48.513854
njanirudh,skipped,,,,,2026-03-31T22:15:09.133696
Luka140,skipped,,,,,2026-03-31T22:15:18.664942
Derek-Scheuerman,skipped,,,,,2026-03-31T22:15:31.047049
MINJOO-KIM,skipped,,,,,2026-03-31T22:15:36.770708
aftlah,skipped,,,,,2026-03-31T22:15:56.954429
carlosjepard,skipped,,,,,2026-03-31T22:16:14.274962
djaboxx,skipped,,,,,2026-03-31T22:16:28.414043
YogaHadiN,skipped,,,,,2026-03-31T22:16:45.680934
bigFayer,skipped,,,,,2026-03-31T22:16:55.681104
pgkrishna-301,skipped,,,,,2026-03-31T22:17:13.961059
dedicatus0,skipped,,,,,2026-03-31T22:17:21.895548
miagoldstein6,skipped,,,,,2026-03-31T22:17:41.536123
sharet9446,skipped,,,,,2026-03-31T22:17:59.446653
riskafebrianti,skipped,,,,,2026-03-31T22:18:06.181851
maksympron,skipped,,,,,2026-03-31T22:18:14.949703
aimanrifqi99,skipped,,,,,2026-03-31T22:18:35.909189
eder-matheus,skipped,,,,,2026-03-31T22:18:45.513311
jeroenflvr,skipped,,,,,2026-03-31T22:18:54.254930
amarp123,skipped,,,,,2026-03-31T22:19:11.923827
ovaixe,skipped,,,,,2026-03-31T22:19:29.756655
pieterlexis-tomtom,skipped,NL,,0,0,2026-03-31T22:19:32.474767
levieggertcru,skipped,,,,,2026-03-31T22:19:42.822579
anawalt,skipped,,,,,2026-03-31T22:19:51.524656
QuinnDamerell,skipped,US,,4,0,2026-03-31T22:20:08.023020
NoahTornqvist,skipped,,,,,2026-03-31T22:20:29.131315
OsteroyergoyJA,skipped,,,,,2026-03-31T22:20:46.130868
Siri-ayoHahahu,skipped,,,,,2026-03-31T22:20:51.778653
Eden-Gut,skipped,,,,,2026-03-31T22:20:58.128409
jhonnata-dev,skipped,BR,,0,100,2026-03-31T22:21:10.117792
Vijayb023,skipped,,,,,2026-03-31T22:21:27.120131
Its-Alex,skipped,FR,,0,0,2026-03-31T22:21:33.422256
Daviduber69,skipped,,,,,2026-03-31T22:21:50.823536
Luan-Web3,skipped,BR,,0,1,2026-03-31T22:21:56.464005
Rekkonnect,skipped,,,,,2026-03-31T22:22:09.174530
rocksdanister,skipped,IN,,0,0,2026-03-31T22:22:15.435125
juliothecesar10,skipped,,,,,2026-03-31T22:22:21.009877
zoltalar,skipped,,,,,2026-03-31T22:22:35.268657
timhdesilva,skipped,US,,0,100,2026-03-31T22:22:41.920099
Mohammad-Ebrahimiyan,skipped,,,,,2026-03-31T22:23:00.024163
skupr-anaconda,skipped,UA,,0,0,2026-03-31T22:23:05.533570
MaurisioDTS,skipped,,,,,2026-03-31T22:23:11.751067
CarlRox55,skipped,,,,,2026-03-31T22:23:29.145334
atscfpoi,skipped,,,,,2026-03-31T22:23:38.152639
Yaso1948,skipped,,,,,2026-03-31T22:23:52.793382
justprodev,skipped,,,,,2026-03-31T22:24:01.873240
diegorenesto,skipped,,,,,2026-03-31T22:24:08.560206
jaalah-akamai,skipped,,,,,2026-03-31T22:24:14.555083
DEIVID323,skipped,,,,,2026-03-31T22:24:20.998660
mdmokaramkhan,skipped,IN,,2,25,2026-03-31T22:24:35.878757
Brnt-Luap,skipped,,,,,2026-03-31T22:24:42.710482
godtang,skipped,,,,,2026-03-31T22:24:45.520300
MustafaJafar,skipped,,,,,2026-03-31T22:25:00.568028
happykoko1994,skipped,,,,,2026-03-31T22:25:19.096081
seogin,skipped,,,,,2026-03-31T22:25:33.940393
midhunprahash-ui,skipped,IN,,0,100,2026-03-31T22:25:42.957641
samerickson,skipped,CA,,0,0,2026-03-31T22:25:53.474349
kidus314,skipped,,,,,2026-03-31T22:26:08.417182
2colours,skipped,HU,,0,100,2026-03-31T22:26:15.479301
s-santillan,skipped,,,,,2026-03-31T22:26:24.215937
choonsiong,skipped,,,,,2026-03-31T22:26:30.903065
Aalok12345,skipped,,,,,2026-03-31T22:26:47.842931
Lyrth,skipped,PH,,0,1,2026-03-31T22:27:02.730519
s3927562,skipped,VN,,67,0,2026-03-31T22:27:20.418435
jooho2075,skipped,,,,,2026-03-31T22:27:30.958410
Kushagra614,skipped,IN,,4,96,2026-03-31T22:27:46.111829
joe-maitan,skipped,,,,,2026-03-31T22:28:04.935929
ajbozarth,skipped,US,,0,0,2026-03-31T22:28:10.752457
Paul3nha,skipped,ES,,0,100,2026-03-31T22:28:20.598594
ritu713,skipped,,,,,2026-03-31T22:28:32.272682
neishe321,skipped,,,,,2026-03-31T22:28:38.235576
Jcole429,skipped,,,,,2026-03-31T22:28:57.314030
Hanicef,skipped,,,,,2026-03-31T22:29:07.862724
suzushin54,skipped,,,,,2026-03-31T22:29:19.492074
IClarisse,skipped,,,,,2026-03-31T22:29:28.592195
KcanCurly,skipped,,,,,2026-03-31T22:29:34.246592
timur0108,skipped,,,,,2026-03-31T22:29:46.027903
kroune,skipped,,,,,2026-03-31T22:29:52.492264
brendanlandis,skipped,US,,0,96,2026-03-31T22:30:02.060645
gitTaynara4x4,skipped,,,,,2026-03-31T22:30:15.002843
adelinaioanaa,skipped,,,,,2026-03-31T22:30:26.443782
moonproof,skipped,,,,,2026-03-31T22:30:32.304721
ydj317,skipped,,,,,2026-03-31T22:30:35.182492
StefanVanDyck,skipped,,,,,2026-03-31T22:30:38.649824
DocD1306,skipped,,,,,2026-03-31T22:30:56.196257
ZacharyTStone,scored,JP,0.0305,73,16,2026-03-31T22:31:06.873151
zohirsho1,skipped,,,,,2026-03-31T22:31:24.306181
sh-web-lee,skipped,,,,,2026-03-31T22:31:41.419205
Jordy-Baby,skipped,,,,,2026-03-31T22:31:47.259306
drudeaudio,skipped,,,,,2026-03-31T22:32:01.916066
KiraMonev,skipped,,,,,2026-03-31T22:32:22.066249
GMahant1,skipped,CA,,21,0,2026-03-31T22:32:37.727161
schaingokul,skipped,,,,,2026-03-31T22:32:54.928155
ch3AtZ,skipped,,,,,2026-03-31T22:33:11.010302
bwmr,skipped,,,,,2026-03-31T22:33:28.851438
mihben,skipped,HU,,0,0,2026-03-31T22:33:35.312203
Zhandolia,skipped,US,,11,3,2026-03-31T22:33:52.842221
nijepa,skipped,,,,,2026-03-31T22:34:09.446455
ian-craig0,skipped,US,,0,100,2026-03-31T22:34:15.842418
Ishiat,skipped,,,,,2026-03-31T22:34:30.322271
sachin-sandhu,skipped,CA,,0,1,2026-03-31T22:34:36.127754
vanAmsterdam,skipped,,,,,2026-03-31T22:34:41.899815
kabilar,skipped,,,,,2026-03-31T22:34:44.752696
sheikoodally,skipped,,,,,2026-03-31T22:35:02.692361
APCprograma,skipped,,,,,2026-03-31T22:35:11.589949
Shafeequemk80,skipped,,,,,2026-03-31T22:35:29.779782
sujung-choi,skipped,,,,,2026-03-31T22:35:35.562728
weitanx,skipped,,,,,2026-03-31T22:35:42.436450
catsmith,skipped,,,,,2026-03-31T22:35:45.841321
NamelessIT,skipped,,,,,2026-03-31T22:36:01.363061
Jairo-GitHub-Principal,skipped,BR,,28,0,2026-03-31T22:36:20.995023
josematosworks,skipped,CH,,0,48,2026-03-31T22:36:38.529131
bswolley,skipped,,,,,2026-03-31T22:36:56.725422
jorgeluis1985,skipped,,,,,2026-03-31T22:37:08.495690
eduardoagabes,skipped,ES,,0,69,2026-03-31T22:37:28.189649
vygag,skipped,,,,,2026-03-31T22:37:48.115437
MohAli2106,skipped,,,,,2026-03-31T22:38:04.702325
aditya-shrawat,skipped,,,,,2026-03-31T22:38:23.132368
julietrajan,skipped,,,,,2026-03-31T22:38:32.612810
binbinher,skipped,,,,,2026-03-31T22:38:41.803767
Alekstremo,skipped,MX,,0,8,2026-03-31T22:38:56.005180
Aliffandy,skipped,,,,,2026-03-31T22:39:04.558028
Abdourahmane2,skipped,,,,,2026-03-31T22:39:15.951015
nbintertech,skipped,,,,,2026-03-31T22:39:19.961177
martinschmelzer,skipped,,,,,2026-03-31T22:39:28.785685
kms5064,skipped,,,,,2026-03-31T22:39:44.352997
lv520,skipped,,,,,2026-03-31T22:39:59.307095
Am-Am-Am,skipped,,,,,2026-03-31T22:40:13.655020
aoshide,skipped,,,,,2026-03-31T22:40:31.580490
ferozalikhan,skipped,,,,,2026-03-31T22:40:41.501696
wbmccrea,skipped,,,,,2026-03-31T22:40:47.519841
MisaelDMV,skipped,,,,,2026-03-31T22:40:53.538918
amit-raj1,skipped,,,,,2026-03-31T22:41:11.005930
artsbentley,skipped,,,,,2026-03-31T22:41:17.117361
jacobgellman,skipped,US,,4,79,2026-03-31T22:41:29.492854
dwmoreau,skipped,,,,,2026-03-31T22:41:38.473963
sagarika-thakran,skipped,,,,,2026-03-31T22:41:46.898307
artur-sjo,skipped,ES,,0,100,2026-03-31T22:41:52.968056
domob1812,skipped,CH,,0,0,2026-03-31T22:41:55.758470
samhohoho,skipped,,,,,2026-03-31T22:42:11.853716
akikrahman1,skipped,,,,,2026-03-31T22:42:14.545502
gunesevitan,scored,TR,0.0574,20,5,2026-03-31T22:42:22.084596
lovemyliwu,skipped,CN,,0,0,2026-03-31T22:42:39.429900
DiegoArielAyala,skipped,,,,,2026-03-31T22:42:57.011077
cacaprog,skipped,,,,,2026-03-31T22:43:17.226596
fabiopinheirobatista,skipped,,,,,2026-03-31T22:43:35.649941
tirumala-karthikeya,skipped,,,,,2026-03-31T22:43:51.697750
magne4000,skipped,FR,,0,0,2026-03-31T22:43:57.635272
Noooorbi,skipped,,,,,2026-03-31T22:44:09.671500
ibowditch,scored,AU,0.0308,65,15,2026-03-31T22:44:21.788776
mstein11,skipped,,,,,2026-03-31T22:44:39.017239
christoskontochristos,skipped,,,,,2026-03-31T22:44:44.731018
nuochenhere-123,skipped,,,,,2026-03-31T22:45:02.966062
Davis-Rippon,skipped,AU,,0,71,2026-03-31T22:45:17.717556
OmniWildcard,skipped,,,,,2026-03-31T22:45:24.285328
xmmzka,scored,CN,0.0636,17,16,2026-03-31T22:45:41.901814
ederpbrito,skipped,,,,,2026-03-31T22:46:00.464210
valerialevitskaya1204,skipped,,,,,2026-03-31T22:46:15.152367
akramj13,skipped,CA,,0,77,2026-03-31T22:46:34.793487
AlixMcGill,skipped,,,,,2026-03-31T22:46:49.039536
BobVonAnd,skipped,,,,,2026-03-31T22:46:54.987406
Ammadag,skipped,,,,,2026-03-31T22:47:13.511270
ZeL-ucas,skipped,,,,,2026-03-31T22:47:28.711354
zer0dss,skipped,,,,,2026-03-31T22:47:31.493079
bguthro,skipped,,,,,2026-03-31T22:47:38.478245
attipaci,skipped,,,,,2026-03-31T22:47:44.683476
jedbenslama,skipped,,,,,2026-03-31T22:48:04.251446
hrishaan2012,skipped,,,,,2026-03-31T22:48:21.235665
Yoon-24,skipped,,,,,2026-03-31T22:48:26.854434
bartoszjgorecki,skipped,,,,,2026-03-31T22:48:35.671965
MOURAD-TULIMAT,skipped,AE,,1,8,2026-03-31T22:48:50.257100
BeaNovo,skipped,,,,,2026-03-31T22:48:53.496717
HeartSaVioR,skipped,KR,,0,0,2026-03-31T22:49:05.599673
Glenhawk-0,skipped,,,,,2026-03-31T22:49:23.627602
kimbrow-slice,skipped,,,,,2026-03-31T22:49:36.195058
3bdalrahman,skipped,EG,,32,3,2026-03-31T22:49:53.616018
ZanyLeonic,skipped,GB,,1,2,2026-03-31T22:50:08.763472
brian-yiga,skipped,,,,,2026-03-31T22:50:23.316178
Feven237,skipped,,,,,2026-03-31T22:50:41.103921
josekay123,skipped,PL,,0,24,2026-03-31T22:50:58.699454
i-am-surovi,scored,BD,0.0331,76,24,2026-03-31T22:51:10.879208
OmarKhaled192,skipped,EG,,22,0,2026-03-31T22:51:28.487696
hacher099,skipped,,,,,2026-03-31T22:51:34.047376
badung123,skipped,,,,,2026-03-31T22:51:45.326377
lxmrc,skipped,AU,,0,0,2026-03-31T22:51:59.478594
zholtraht,skipped,,,,,2026-03-31T22:52:07.964403
mohadmsm,skipped,,,,,2026-03-31T22:52:17.168769
dusannosovic-ethernal,skipped,,,,,2026-03-31T22:52:19.802672
Sandy143toce,skipped,,,,,2026-03-31T22:52:37.058737
Goderium,skipped,,,,,2026-03-31T22:52:39.920987
Soutaro078,skipped,,,,,2026-03-31T22:52:57.625162
kar-tik-red,skipped,,,,,2026-03-31T22:53:15.148965
Niteshkumar0,skipped,,,,,2026-03-31T22:53:32.387403
rawannmmohamed,skipped,EG,,64,2,2026-03-31T22:53:51.942268
JoseJDMuxito,skipped,,,,,2026-03-31T22:53:57.585445
IsmaielSemo,skipped,,,,,2026-03-31T22:54:03.925594
FiendFyre903,skipped,,,,,2026-03-31T22:54:21.990580
lionelmelin,skipped,,,,,2026-03-31T22:54:27.771261
Sharanya-krishnamurthi,skipped,,,,,2026-03-31T22:54:45.077972
ZamIzzudin,skipped,,,,,2026-03-31T22:54:58.623999
dataCustodis,skipped,,,,,2026-03-31T22:55:10.492402
Andrew-Bark,skipped,,,,,2026-03-31T22:55:19.334604
kumadee,skipped,DE,,0,1,2026-03-31T22:55:36.481781
froland,skipped,BE,,0,0,2026-03-31T22:55:52.746517
JOSEK4,skipped,,,,,2026-03-31T22:56:10.549479
sancifuentes,skipped,,,,,2026-03-31T22:56:23.350449
Ciyei0,skipped,,,,,2026-03-31T22:56:40.786680
hostadam,skipped,,,,,2026-03-31T22:56:55.002775
HameedKhan-Sapiens,skipped,,,,,2026-03-31T22:57:00.714353
thisirs,skipped,,,,,2026-03-31T22:57:06.803747
LeeYeongDae,skipped,,,,,2026-03-31T22:57:24.233974
maldwg,skipped,,,,,2026-03-31T22:57:30.699897
Dipusingh02,skipped,,,,,2026-03-31T22:57:51.110873
programingwithbiswadeep,skipped,,,,,2026-03-31T22:57:59.676552
SimeBraica,skipped,,,,,2026-03-31T22:58:14.711162
Ronan-SAC,skipped,,,,,2026-03-31T22:58:33.053620
dengithub1,skipped,,,,,2026-03-31T22:58:42.062493
Olamide-Odusote,skipped,,,,,2026-03-31T22:58:51.949206
lazka,skipped,,,,,2026-03-31T22:59:02.405459
verymoe,skipped,,,,,2026-03-31T22:59:14.205654
ShivamKhule,skipped,,,,,2026-03-31T22:59:31.517004
xushuhui,skipped,,,,,2026-03-31T22:59:49.435903
AndreyVitovtov,skipped,,,,,2026-03-31T23:00:07.324366
MonkSoul,skipped,CN,,0,1,2026-03-31T23:00:19.112981
Pallavi-0880,skipped,,,,,2026-03-31T23:00:24.948625
mathieudoucencn,skipped,,,,,2026-03-31T23:00:39.421729
chilamakuricsreddy,skipped,,,,,2026-03-31T23:00:42.201812
nelsonic,skipped,PT,,0,0,2026-03-31T23:00:53.409305
elzody,skipped,US,,0,47,2026-03-31T23:01:05.441443
ssindiUCM,skipped,US,,0,72,2026-03-31T23:01:23.467754
google-pr-creation-bot,skipped,,,,,2026-03-31T23:01:26.142954
keerthibingi,skipped,,,,,2026-03-31T23:01:31.901744
dipanshiii,skipped,,,,,2026-03-31T23:01:46.391395
cmetz100,skipped,,,,,2026-03-31T23:01:52.250303
wtassinari,skipped,,,,,2026-03-31T23:02:10.247620
ekaratnida,skipped,TH,,0,100,2026-03-31T23:02:16.901752
demosummer,skipped,,,,,2026-03-31T23:02:33.926419
meruho,skipped,,,,,2026-03-31T23:02:42.574526
MoNoLidThZ,skipped,,,,,2026-03-31T23:03:00.466687
ayushkyp,skipped,,,,,2026-03-31T23:03:06.170628
VENKYS48,skipped,,,,,2026-03-31T23:03:22.231881
AlessandroFinocchi,skipped,,,,,2026-03-31T23:03:33.770545
dungtv0805,skipped,,,,,2026-03-31T23:03:36.594061
Gahnxd,skipped,,,,,2026-03-31T23:03:54.179264
natikgadzhi,skipped,,,,,2026-03-31T23:04:08.595606
matthew-jones-cs,skipped,,,,,2026-03-31T23:04:15.832655
DLeonardoG,skipped,,,,,2026-03-31T23:04:21.940630
ivaantxo,skipped,,,,,2026-03-31T23:04:29.793333
muhammadhussain29,skipped,PK,,2,28,2026-03-31T23:04:46.824456
Nurkeshh,skipped,,,,,2026-03-31T23:05:01.849652
HughPullman,skipped,,,,,2026-03-31T23:05:19.468856
Costa404,skipped,PT,,0,17,2026-03-31T23:05:34.045847
ViewlessNote,skipped,,,,,2026-03-31T23:05:52.122761
klokailo,skipped,,,,,2026-03-31T23:06:03.684312
shabnam-ansar,skipped,,,,,2026-03-31T23:06:09.395297
IlyesDEO,skipped,,,,,2026-03-31T23:06:26.683686
LNemo,skipped,,,,,2026-03-31T23:06:42.847381
averemee-si,skipped,,,,,2026-03-31T23:07:00.771967
RyYAO98,skipped,,,,,2026-03-31T23:07:10.214623
msamij,skipped,,,,,2026-03-31T23:07:22.622001
ruye19,skipped,ET,,,,2026-03-31T23:07:37.470505
McWooden,skipped,ID,,60,0,2026-03-31T23:07:57.472759
ggalmury,skipped,KR,,100,0,2026-03-31T23:08:09.571404
Puravcodes,skipped,IN,,4,22,2026-03-31T23:08:24.429328
RyanNgWH,skipped,,,,,2026-03-31T23:08:44.524056
Taborda-2010,skipped,CO,,5,0,2026-03-31T23:09:01.462519
msriramathreya,skipped,,,,,2026-03-31T23:09:13.506132
smart-lily,skipped,HK,,,,2026-03-31T23:09:22.107393
menyen,skipped,,,,,2026-03-31T23:09:39.402320
Zeldis1,skipped,,,,,2026-03-31T23:09:56.624332
yokoyama-eruful,skipped,,,,,2026-03-31T23:10:02.918764
aqrln,skipped,DE,,0,0,2026-03-31T23:10:20.434205
AdinathKhose03,skipped,,,,,2026-03-31T23:10:38.168732
ckiokakis,skipped,,,,,2026-03-31T23:10:52.739026
arduibag,skipped,,,,,2026-03-31T23:11:01.357345
Asthral,skipped,,,,,2026-03-31T23:11:19.558536
jstafford74,skipped,,,,,2026-03-31T23:11:34.185401
El-pabs,skipped,,,,,2026-03-31T23:11:40.537697
keulinho,skipped,,,,,2026-03-31T23:11:49.590402
Pranavsanthoshnair,skipped,,,,,2026-03-31T23:12:02.089042
neildavis,skipped,GB,,0,0,2026-03-31T23:12:10.604979
JayaManasa,skipped,,,,,2026-03-31T23:12:22.442167
leifbremer,skipped,,,,,2026-03-31T23:12:39.983141
tangankk,skipped,,,,,2026-03-31T23:12:46.363446
SanekxArcs,skipped,PL,,23,4,2026-03-31T23:13:05.787485
devray007,skipped,,,,,2026-03-31T23:13:11.583785
ABSOD,skipped,,,,,2026-03-31T23:13:20.331038
RungrojPSE,skipped,,,,,2026-03-31T23:13:37.163772
Rowan-Nag,skipped,,,,,2026-03-31T23:13:43.547639
profesorderedes,skipped,,,,,2026-03-31T23:13:53.583833
AMckayHC,skipped,,,,,2026-03-31T23:13:56.243376
priyankbagad,skipped,US,,9,0,2026-03-31T23:14:13.449394
BhautikLukhi,scored,DE,0.0394,59,41,2026-03-31T23:14:32.051601
alemagio,skipped,IT,,0,0,2026-03-31T23:14:36.211374
sungohki,skipped,KR,,19,0,2026-03-31T23:14:56.508325
dryogibansal,skipped,IE,,0,0,2026-03-31T23:15:01.810789
PSDuncan,skipped,ZA,,0,8,2026-03-31T23:15:10.636665
OnlyShoky,skipped,,,,,2026-03-31T23:15:25.008687
mewfinity06,skipped,,,,,2026-03-31T23:15:39.842068
YordanTerziev96,skipped,,,,,2026-03-31T23:15:59.529123
ishankakde,skipped,,,,,2026-03-31T23:16:11.708564
yinhanyan,skipped,CN,,3,1,2026-03-31T23:16:17.537431
saurabhgulab,skipped,IN,,0,0,2026-03-31T23:16:34.813315
federicopinho,skipped,,,,,2026-03-31T23:16:46.465615
ibede,skipped,HU,,0,1,2026-03-31T23:16:52.026985
piertv21,skipped,IT,,100,0,2026-03-31T23:16:58.064470
Arandelle,skipped,,,,,2026-03-31T23:17:16.590346
c4ldas,skipped,,,,,2026-03-31T23:17:23.087729
PureWhiteWu,scored,CN,0.0414,17,14,2026-03-31T23:17:35.248448
bwostler,skipped,,,,,2026-03-31T23:17:43.414695
mustafaDa7ah,skipped,,,,,2026-03-31T23:17:55.020714
lucasilverentand,skipped,NL,,0,36,2026-03-31T23:18:09.708191
ozrabal,skipped,PL,,0,0,2026-03-31T23:18:16.047264
samar-gupta,skipped,,,,,2026-03-31T23:18:33.044230
uttammane1,skipped,IN,,0,100,2026-03-31T23:18:48.146391
ssfwmorry,skipped,,,,,2026-03-31T23:18:57.225010
miguelfg,skipped,ES,,0,0,2026-03-31T23:19:06.011842
doantan285,skipped,,,,,2026-03-31T23:19:24.352388
alex-an-der,skipped,,,,,2026-03-31T23:19:34.611908
kirilbaskakov,skipped,,,,,2026-03-31T23:19:53.194094
Crissky,skipped,,,,,2026-03-31T23:20:02.194968
yhatt,skipped,JP,,0,0,2026-03-31T23:20:11.986139
LOSTBOY1-TCH,skipped,,,,,2026-03-31T23:20:29.904546
Fabien-B,skipped,,,,,2026-03-31T23:20:38.675049
cschasestevens,skipped,,,,,2026-03-31T23:20:50.648628
mikaelGusse,skipped,,,,,2026-03-31T23:20:54.882906
didrikwistedt,skipped,,,,,2026-03-31T23:21:04.278920
himaniprajapati28,skipped,,,,,2026-03-31T23:21:16.954500
hesptech,skipped,IT,,4,1,2026-03-31T23:21:28.453185
xuejianhuang,skipped,,,,,2026-03-31T23:21:34.227743
zhulingbiezhi,skipped,CN,,0,0,2026-03-31T23:21:51.415354
Max-001,skipped,,,,,2026-03-31T23:21:54.123675
quazuo,skipped,PL,,0,0,2026-03-31T23:22:15.309462
ImagingHoward,skipped,,,,,2026-03-31T23:22:21.528372
aafernands,skipped,,,,,2026-03-31T23:22:37.817564
Aryan5738,skipped,,,,,2026-03-31T23:22:55.406842
asteroid5566,skipped,TW,,2,5,2026-03-31T23:23:07.493215
jamm59,skipped,GB,,0,0,2026-03-31T23:23:21.774404
Edccyy,skipped,,,,,2026-03-31T23:23:36.944941
vercah,skipped,,,,,2026-03-31T23:23:54.772654
Selfeer,skipped,,,,,2026-03-31T23:24:03.334164
scelo-khoza-bbd,skipped,,,,,2026-03-31T23:24:08.975620
iamzainzai,skipped,,,,,2026-03-31T23:24:23.796403
dmail,skipped,,,,,2026-03-31T23:24:41.334645
tilfin,skipped,JP,,0,0,2026-03-31T23:24:59.333713
JoseMCabreraT,skipped,US,,0,10,2026-03-31T23:25:17.452663
BasilSabu1,skipped,,,,,2026-03-31T23:25:34.477023
mayurilad28,skipped,,,,,2026-03-31T23:25:45.805464
kimhyunmook,skipped,,,,,2026-03-31T23:25:58.318199
innocent2003,skipped,,,,,2026-03-31T23:26:15.691630
andrewgreen76,skipped,,,,,2026-03-31T23:26:22.858303
emrecncelik,skipped,TR,,1,0,2026-03-31T23:26:32.154338
ismailovel,skipped,,,,,2026-03-31T23:26:49.406352
tanvirahmed1732,skipped,,,,,2026-03-31T23:27:06.897988
zixuan1986,skipped,,,,,2026-03-31T23:27:15.513712
ndkhuong24,skipped,,,,,2026-03-31T23:27:24.587660
HUNAIN882,skipped,,,,,2026-03-31T23:27:42.422244
xakep8,skipped,IN,,5,0,2026-03-31T23:27:51.044901
jiashun-ye,skipped,CN,,0,80,2026-03-31T23:28:03.099292
olinesangro,skipped,,,,,2026-03-31T23:28:12.515728
HJ0311,skipped,,,,,2026-03-31T23:28:27.539743
atahanyorganci,skipped,TR,,11,0,2026-03-31T23:28:42.683503
AndersUhr,skipped,,,,,2026-03-31T23:28:52.597649
anbriygogo1,skipped,,,,,2026-03-31T23:29:10.075250
raipen,skipped,,,,,2026-03-31T23:29:28.166621
Suvendu2401,skipped,,,,,2026-03-31T23:29:45.683388
boisalai,skipped,CA,,0,0,2026-03-31T23:30:03.539978
Gaurav1517,skipped,IN,,0,22,2026-03-31T23:30:22.472029
khalidbouychou,skipped,,,,,2026-03-31T23:30:39.302239
Black-Tappy,skipped,KE,,0,100,2026-03-31T23:30:45.654579
daniel103,skipped,IL,,20,0,2026-03-31T23:31:00.307618
RadicalDave23,skipped,,,,,2026-03-31T23:31:11.662012
Naiina,skipped,,,,,2026-03-31T23:31:26.557944
songkyoo,skipped,,,,,2026-03-31T23:31:44.106014
predic8,skipped,DE,,0,0,2026-03-31T23:32:01.149971
ChakNikolay87,skipped,,,,,2026-03-31T23:32:07.802280
Pietjk,skipped,,,,,2026-03-31T23:32:19.498215
pujasn,skipped,,,,,2026-03-31T23:32:25.111212
Aurel31,skipped,,,,,2026-03-31T23:32:34.264213
JunitaBerglin,skipped,,,,,2026-03-31T23:32:51.505924
CodeAFox,skipped,,,,,2026-03-31T23:33:11.409578
The-BigMan-tech,skipped,,,,,2026-03-31T23:33:29.992506
TTiagoSousa,skipped,,,,,2026-03-31T23:33:47.175070
dansylvain,skipped,,,,,2026-03-31T23:33:53.435160
Alexei-github,skipped,,,,,2026-03-31T23:33:59.745501
AzharQureshi169,skipped,,,,,2026-03-31T23:34:18.343689
Santiago1398,skipped,,,,,2026-03-31T23:34:35.363099
Dilan-6,skipped,,,,,2026-03-31T23:34:49.958390
TBonnin,scored,US,0.0347,30,11,2026-03-31T23:34:56.325096
marina-zhyk,skipped,,,,,2026-03-31T23:35:02.495980
AriM2001,skipped,,,,,2026-03-31T23:35:16.902778
anupamvs,skipped,IN,,0,0,2026-03-31T23:35:32.614641
claudiunitu,skipped,,,,,2026-03-31T23:35:50.214096
Rajesh073-qa,skipped,,,,,2026-03-31T23:36:08.220176
anand-bala,skipped,US,,0,35,2026-03-31T23:36:20.310699
Dartleader1,skipped,,,,,2026-03-31T23:36:33.242559
KoizumIsaac,skipped,,,,,2026-03-31T23:36:45.117492
SteveBarnett,skipped,NZ,,0,0,2026-03-31T23:36:59.467990
Kinglord1090,scored,IN,0.082,27,37,2026-03-31T23:37:17.775528
nattuuuzamiurai,skipped,,,,,2026-03-31T23:37:32.430929
udanielnogueira,scored,BR,0.0614,25,35,2026-03-31T23:37:50.585677
Maratinhos,skipped,,,,,2026-03-31T23:37:56.420520
KNguyen260404,skipped,,,,,2026-03-31T23:38:14.986385
kdnelson,skipped,,,,,2026-03-31T23:38:30.009816
zainabmostajeran,skipped,,,,,2026-03-31T23:38:46.920216
digital-codes,skipped,DE,,0,7,2026-03-31T23:39:03.706083
indervirsingh,skipped,US,,0,23,2026-03-31T23:39:20.170056
aduskin,skipped,,,,,2026-03-31T23:39:36.182566
5010TigerDynasty,skipped,,,,,2026-03-31T23:39:53.219355
aksinghrajpoot,skipped,,,,,2026-03-31T23:40:05.310885
Ivanxdigital,skipped,,,,,2026-03-31T23:40:19.632503
aidenadzich,skipped,CA,,0,49,2026-03-31T23:40:37.686339
ronitd2002,skipped,,,,,2026-03-31T23:40:46.199200
MasterEvarior,skipped,CH,,0,0,2026-03-31T23:41:02.994733
VishistB,skipped,,,,,2026-03-31T23:41:08.824512
alineduvos,skipped,,,,,2026-03-31T23:41:26.827638
harshit-2004,skipped,IN,,44,0,2026-03-31T23:41:45.097889
Connor-McCartney,skipped,,,,,2026-03-31T23:41:52.293578
Franzyd,skipped,PL,,17,0,2026-03-31T23:42:07.625035
lcnbr,skipped,,,,,2026-03-31T23:42:23.515262
Jang-Jione,skipped,,,,,2026-03-31T23:42:44.466314
ydkhatri,skipped,AU,,0,22,2026-03-31T23:42:54.574939
teesien1998,skipped,,,,,2026-03-31T23:43:13.627488
kadelk04,skipped,,,,,2026-03-31T23:43:20.159531
halynabondar,scored,DK,0.2554,18,26,2026-03-31T23:43:37.924343
hiveer,skipped,CN,,0,0,2026-03-31T23:43:54.197647
isaevil,skipped,DE,,0,0,2026-03-31T23:43:56.864486
muhammadahmed15906,skipped,,,,,2026-03-31T23:44:14.281249
JuniorFixHow,skipped,,,,,2026-03-31T23:44:31.396817
bredmich,skipped,DE,,0,0,2026-03-31T23:44:36.872749
ibmiat,skipped,,,,,2026-03-31T23:44:43.138025
SFZPL,skipped,,,,,2026-03-31T23:45:01.359670
khaldountaktak,skipped,,,,,2026-03-31T23:45:18.544036
Daniel-Shunom,skipped,,,,,2026-03-31T23:45:32.146677
mgisrael393823,skipped,,,,,2026-03-31T23:45:49.167877
LDS-E,skipped,,,,,2026-03-31T23:46:08.894813
SalvatorePreviti,skipped,GB,,0,0,2026-03-31T23:46:24.701223
tanbeast,skipped,,,,,2026-03-31T23:46:27.549314
ladanfarbiz,skipped,SE,,1,14,2026-03-31T23:46:45.009655
adamtry,skipped,,,,,2026-03-31T23:47:02.603868
RomanPreslitsky,skipped,,,,,2026-03-31T23:47:14.258895
Ankit3002,skipped,,,,,2026-03-31T23:47:19.953718
Ahmad-Kaheel,skipped,,,,,2026-03-31T23:47:38.951949
gonzalomunozg,skipped,,,,,2026-03-31T23:47:45.247882
omarmhmmd,skipped,,,,,2026-03-31T23:47:51.500165
marrov,skipped,SE,,2,0,2026-03-31T23:48:07.345044
paulinek13,scored,PL,0.029,81,17,2026-03-31T23:48:25.764028
erickeloi,skipped,,,,,2026-03-31T23:48:35.507734
sagar0dutta,scored,NO,0.1185,75,25,2026-03-31T23:48:53.792628
piyushgyl01,skipped,IN,,0,14,2026-03-31T23:49:11.112136
Nusrat-2808,skipped,,,,,2026-03-31T23:49:29.983503
zacklow28,skipped,,,,,2026-03-31T23:49:35.906740
DuyHuynh5,skipped,,,,,2026-03-31T23:49:44.787940
asiermgonzalez,skipped,,,,,2026-03-31T23:50:02.300701
Technocrats-Society,skipped,,,,,2026-03-31T23:50:08.164968
jdevcs,skipped,DE,,0,0,2026-03-31T23:50:10.983704
ShinzTer,skipped,,,,,2026-03-31T23:50:25.211545
ImTopz,skipped,CA,,0,0,2026-03-31T23:50:28.029291
chenjian2664,skipped,SG,,0,0,2026-03-31T23:50:39.851212
fraidev,skipped,,,,,2026-03-31T23:50:54.266837
Saba-Vardosanidze,skipped,,,,,2026-03-31T23:51:11.726489
ritiklzoadza,skipped,,,,,2026-03-31T23:51:17.320948
mneunomne,skipped,DE,,0,0,2026-03-31T23:51:34.454040
krasko78,skipped,ES,,0,0,2026-03-31T23:51:37.137621
JoneZhu,skipped,,,,,2026-03-31T23:51:44.114048
mikiyas-degefu,skipped,ET,,,,2026-03-31T23:52:01.820382
runtime-sanjeev,skipped,,,,,2026-03-31T23:52:07.756964
hyeongjun6364,scored,KR,0.0353,74,26,2026-03-31T23:52:23.304993
Teikitapp,skipped,,,,,2026-03-31T23:52:32.897524
Faraz-Ansari,skipped,,,,,2026-03-31T23:52:48.833011
sahathiya,skipped,,,,,2026-03-31T23:53:05.986364
nika-dobo,skipped,,,,,2026-03-31T23:53:12.461524
dsjin,skipped,,,,,2026-03-31T23:53:27.096853
itkhansunny,scored,BD,0.0415,35,36,2026-03-31T23:53:42.561377
Lunarisnia,skipped,ID,,0,0,2026-03-31T23:53:57.920433
SamuelE0271194,skipped,,,,,2026-03-31T23:54:14.902394
wonderfan,skipped,CN,,0,0,2026-03-31T23:54:20.959127
techbless,skipped,,,,,2026-03-31T23:54:36.446598
saaherad,skipped,,,,,2026-03-31T23:54:54.635029
online5880,scored,KR,0.0344,67,19,2026-03-31T23:55:09.961829
norhap,skipped,,,,,2026-03-31T23:55:18.780655
HeShiLie,skipped,,,,,2026-03-31T23:55:24.513318
Shieliang,skipped,,,,,2026-03-31T23:55:42.978117
KingSkyLi,skipped,,,,,2026-03-31T23:55:59.973464
franncardenas,skipped,,,,,2026-03-31T23:56:17.864149
vitalierosescu,skipped,,,,,2026-03-31T23:56:37.328213
danflo27,skipped,US,,7,0,2026-03-31T23:56:47.313607
LuciaMonges1,skipped,,,,,2026-03-31T23:56:52.976422
Toad06,skipped,,,,,2026-03-31T23:56:59.098844
dekadekadeka,skipped,US,,0,0,2026-03-31T23:57:04.753740
dalechou,skipped,,,,,2026-03-31T23:57:11.091898
nihalsaran,scored,IN,0.0566,16,24,2026-03-31T23:57:23.440031
qizhaoTan,skipped,,,,,2026-03-31T23:57:37.915591
JohanaAndrade0610,skipped,,,,,2026-03-31T23:57:54.821092
cool-team-official,skipped,,,,,2026-03-31T23:58:12.737260
thomas3494,skipped,,,,,2026-03-31T23:58:24.200547
Raj-5778,skipped,,,,,2026-03-31T23:58:29.884108
yeshwanthakula,skipped,,,,,2026-03-31T23:58:46.986114
piyush8512,skipped,IN,,9,0,2026-03-31T23:59:04.329365
phuocbt9x,skipped,,,,,2026-03-31T23:59:22.109253
juyeongeun,skipped,KR,,0,100,2026-03-31T23:59:31.513952
mangoooooo1,skipped,,,,,2026-03-31T23:59:40.330866
RamonDovalDev,skipped,,,,,2026-03-31T23:59:55.019505
NaitikBhakta,skipped,,,,,2026-04-01T00:00:00.554259
Diegogv23,skipped,,,,,2026-04-01T00:00:15.191093
scottkruyswyk,skipped,,,,,2026-04-01T00:00:26.632781
jacek-lewandowski,skipped,PL,,33,1,2026-04-01T00:00:38.614005
krishnajalan,skipped,IN,,0,0,2026-04-01T00:00:44.473783
wangchaotv,skipped,,,,,2026-04-01T00:00:50.069305
MYOHTETAUNGVPN,skipped,,,,,2026-04-01T00:00:56.502133
vkuzo,skipped,US,,0,91,2026-04-01T00:01:08.845133
creativezen,skipped,RU,,0,0,2026-04-01T00:01:25.723321
qloridant,skipped,,,,,2026-04-01T00:01:33.121260
dalsaemi,skipped,,,,,2026-04-01T00:01:47.560245
zlyfunction,skipped,US,,0,0,2026-04-01T00:01:53.394512
CodedJay672,scored,NG,0.0407,93,5,2026-04-01T00:02:14.148960
gordonlyb,skipped,,,,,2026-04-01T00:02:25.649819
juanalsa,skipped,,,,,2026-04-01T00:02:41.808048
SecondNewtonLaw,skipped,,,,,2026-04-01T00:02:54.366673
xenro45,skipped,,,,,2026-04-01T00:03:11.684630
kamrulsaad,skipped,BD,,56,1,2026-04-01T00:03:29.068341
guemez0909,skipped,,,,,2026-04-01T00:03:34.685021
1015jw,skipped,,,,,2026-04-01T00:03:53.591244
Nadie025,skipped,,,,,2026-04-01T00:04:08.440464
markhamilton635,skipped,,,,,2026-04-01T00:04:26.240290
YasharShaikh,skipped,IN,,2,3,2026-04-01T00:04:43.467786
aamirkhalid,skipped,,,,,2026-04-01T00:04:52.082722
Fayyaz-ur-Rehman1,skipped,,,,,2026-04-01T00:05:04.261143
Habashi22,skipped,EG,,0,0,2026-04-01T00:05:18.224049
alx-alexpark,skipped,US,,0,0,2026-04-01T00:05:26.699582
ffcastaneda26,skipped,,,,,2026-04-01T00:05:35.670869
martadc02,skipped,,,,,2026-04-01T00:05:44.135243
ngareleo,skipped,KE,,9,0,2026-04-01T00:05:59.275486
katrinafyi,skipped,,,,,2026-04-01T00:06:09.149160
prathamesh633,skipped,,,,,2026-04-01T00:06:27.032064
BRCorg,skipped,,,,,2026-04-01T00:06:43.976049
karan21K,skipped,,,,,2026-04-01T00:06:58.706680
devi5040,skipped,,,,,2026-04-01T00:07:16.723744
alzatin,skipped,,,,,2026-04-01T00:07:20.823414
ali-layken,skipped,,,,,2026-04-01T00:07:34.913182
joonhoekim,skipped,KR,,2,98,2026-04-01T00:07:40.854667
rohitshinde004,skipped,,,,,2026-04-01T00:07:52.370656
morrisonjd,skipped,,,,,2026-04-01T00:08:01.014253
alpertunga-bile,skipped,,,,,2026-04-01T00:08:19.118097
Yores24,skipped,,,,,2026-04-01T00:08:34.181209
OleksiiShvachenko,skipped,UA,,0,0,2026-04-01T00:08:39.891393
ZelvaJan,skipped,,,,,2026-04-01T00:08:51.528633
thesushantgunjal,scored,IN,0.2214,17,5,2026-04-01T00:09:08.922670
cpreisinger,skipped,,,,,2026-04-01T00:09:20.535325
CarolineXin,skipped,,,,,2026-04-01T00:09:37.759376
Pro100D,skipped,,,,,2026-04-01T00:09:55.662918
nicholasmelingeret,skipped,,,,,2026-04-01T00:10:01.627648
astrostar41ust,skipped,TH,,0,94,2026-04-01T00:10:16.646505
Fenohery0834,skipped,,,,,2026-04-01T00:10:34.148793
Claudioscavassa,skipped,,,,,2026-04-01T00:10:51.455695
pREsToN3978,skipped,,,,,2026-04-01T00:10:57.722989
fbunt,skipped,,,,,2026-04-01T00:11:09.202521
StiplinOV,skipped,,,,,2026-04-01T00:11:20.631745
caner-milko,skipped,,,,,2026-04-01T00:11:37.918018
SenorSpiekbrief,skipped,,,,,2026-04-01T00:11:54.678027
ohashiyukio,skipped,,,,,2026-04-01T00:12:11.860074
lukaszgryglicki,skipped,PL,,0,0,2026-04-01T00:12:20.602864
james2001,skipped,FR,,0,0,2026-04-01T00:12:32.380826
Mnggsl12,skipped,,,,,2026-04-01T00:12:35.198900
evgeny-deriv,skipped,,,,,2026-04-01T00:12:37.990187
k4ties,skipped,RU,,0,38,2026-04-01T00:12:47.020537
tuxounet,skipped,,,,,2026-04-01T00:13:01.617327
Inseo99,skipped,,,,,2026-04-01T00:13:19.071175
SpyrosMouselinos,skipped,,,,,2026-04-01T00:13:31.141672
Dagonite,skipped,,,,,2026-04-01T00:13:37.615606
thuzada,skipped,,,,,2026-04-01T00:13:53.028512
lkrjb,skipped,,,,,2026-04-01T00:13:59.384408
RubyKobayashi,skipped,,,,,2026-04-01T00:14:13.968628
puneethVarma001,skipped,,,,,2026-04-01T00:14:22.663470
kpAjun,skipped,,,,,2026-04-01T00:14:25.463422
sovaz1997,skipped,,,,,2026-04-01T00:14:31.540411
DarthKenar,skipped,AR,,67,1,2026-04-01T00:14:49.189550
kshipra-jadav,skipped,,,,,2026-04-01T00:15:04.588248
MilyonJames,skipped,,,,,2026-04-01T00:15:10.680624
ausansdev,skipped,,,,,2026-04-01T00:15:25.267267
case-k-git,skipped,,,,,2026-04-01T00:15:30.920917
MaRtenkata,skipped,,,,,2026-04-01T00:15:48.945472
BUSHA,skipped,,,,,2026-04-01T00:15:54.716075
viniceosm,skipped,BR,,0,0,2026-04-01T00:16:12.241315
28left,skipped,,,,,2026-04-01T00:16:18.950422
devmarufurrahman,skipped,BD,,3,0,2026-04-01T00:16:35.882015
LadeMor,skipped,,,,,2026-04-01T00:16:53.231266
suwubee,skipped,,,,,2026-04-01T00:16:56.064998
jxs1211,skipped,,,,,2026-04-01T00:17:10.534545
cquinoneso15,skipped,,,,,2026-04-01T00:17:16.482898
WriterV2,skipped,,,,,2026-04-01T00:17:28.691043
franxcor,skipped,,,,,2026-04-01T00:17:46.275248
AbdulrahmanAbusnena,skipped,,,,,2026-04-01T00:17:58.038466
danzito14,skipped,,,,,2026-04-01T00:18:13.552534
nickick,skipped,US,,0,0,2026-04-01T00:18:33.026720
montybeatnik,skipped,,,,,2026-04-01T00:18:41.819391
fairydance,scored,CN,0.0287,7,27,2026-04-01T00:18:56.289507
nandhinianandj,skipped,,,,,2026-04-01T00:19:07.510501
jdebo-slalom,skipped,,,,,2026-04-01T00:19:19.352483
henrykironde,skipped,,,,,2026-04-01T00:19:27.789129
l1v0n1,skipped,,,,,2026-04-01T00:19:39.559505
o-babii,skipped,,,,,2026-04-01T00:19:46.373064
danix1234,skipped,,,,,2026-04-01T00:19:52.719484
bchristi-git,skipped,,,,,2026-04-01T00:19:55.465883
zj519718645,skipped,,,,,2026-04-01T00:20:10.007815
chris7683,skipped,,,,,2026-04-01T00:20:27.215494
anuragk285,skipped,,,,,2026-04-01T00:20:33.402257
Tereius,skipped,DE,,1,0,2026-04-01T00:20:45.758010
da0bar,skipped,,,,,2026-04-01T00:20:51.615558
stef-cobaltio,skipped,,,,,2026-04-01T00:20:54.724910
Phenomlive,skipped,,,,,2026-04-01T00:21:12.382322
tgandr,skipped,,,,,2026-04-01T00:21:25.063936
entranoweb,skipped,GB,,0,0,2026-04-01T00:21:30.839216
nickcarnevale,skipped,US,,1,99,2026-04-01T00:21:42.982896
SvenLilge,skipped,,,,,2026-04-01T00:22:05.559734
AtoZEEVisas349,skipped,,,,,2026-04-01T00:22:17.402474
SirWiztech,skipped,NG,,2,6,2026-04-01T00:22:31.858186
vlaarco,skipped,,,,,2026-04-01T00:22:34.551987
Alireza2A,skipped,,,,,2026-04-01T00:22:52.812800
tomtanan,skipped,,,,,2026-04-01T00:22:58.485171
shen-shanshan,skipped,CN,,0,100,2026-04-01T00:23:04.585361
emk-klaay,skipped,,,,,2026-04-01T00:23:07.368020
dpflaalee,skipped,,,,,2026-04-01T00:23:14.356306
Mitko-M,skipped,BG,,,,2026-04-01T00:23:31.956154
raoxiaoyan,skipped,CN,,0,0,2026-04-01T00:23:34.767261
ThorstenSuckow,skipped,,,,,2026-04-01T00:23:52.783816
yukaristel,skipped,,,,,2026-04-01T00:24:08.580987
dereklee1031,skipped,,,,,2026-04-01T00:24:28.798427
skrheem,skipped,,,,,2026-04-01T00:24:42.753548
frank-kamau,skipped,,,,,2026-04-01T00:24:59.693036
Darshanjajoria18,skipped,,,,,2026-04-01T00:25:14.471874
LuizHillebrande,skipped,,,,,2026-04-01T00:25:31.976782
lucas-zimerman,skipped,IE,,0,0,2026-04-01T00:25:47.250319
SirNova01,skipped,NG,,0,0,2026-04-01T00:25:58.828188
mandugorani,skipped,,,,,2026-04-01T00:26:16.723357
kimhyunseong2,skipped,,,,,2026-04-01T00:26:34.122705
VitalSteph,skipped,,,,,2026-04-01T00:26:36.934288
bowlmeat,skipped,CN,,26,0,2026-04-01T00:26:54.319216
amirrezaask,skipped,,,,,2026-04-01T00:27:11.388154
TIOJIO,skipped,,,,,2026-04-01T00:27:29.104074
minwolf999,skipped,,,,,2026-04-01T00:27:46.339301
diinanaaaaa,skipped,,,,,2026-04-01T00:28:05.782568
eddwardmessias,scored,BR,0.0385,18,17,2026-04-01T00:28:20.963088
bipinyadav12,skipped,,,,,2026-04-01T00:28:37.911673
fks-wsz,skipped,CN,,0,41,2026-04-01T00:28:55.083826
pvalicov,skipped,,,,,2026-04-01T00:29:00.721608
towerofnix,skipped,,,,,2026-04-01T00:29:18.106651
kmuehlbauer,skipped,,,,,2026-04-01T00:29:20.910809
phrase-bot,skipped,,,,,2026-04-01T00:29:23.756007
typecastcloud,skipped,,,,,2026-04-01T00:29:26.536571
humberto-hlth,skipped,,,,,2026-04-01T00:29:29.208063
tatsuki1119,skipped,,,,,2026-04-01T00:29:46.369001
Jessieeeeai,skipped,,,,,2026-04-01T00:30:03.981241
vishakhadhonde9,skipped,,,,,2026-04-01T00:30:13.377840
rlemaitre,skipped,FR,,0,0,2026-04-01T00:30:19.285544
edward-burn,skipped,,,,,2026-04-01T00:30:34.532323
flolep2607,skipped,FR,,0,0,2026-04-01T00:30:52.073990
vatsaltalaviya,skipped,,,,,2026-04-01T00:31:10.080714
elkiki99,skipped,,,,,2026-04-01T00:31:28.196398
nessartk,skipped,BR,,3,0,2026-04-01T00:31:42.303774
vishalbabu422,skipped,IN,,0,2,2026-04-01T00:31:50.656116
Mylesevan,skipped,,,,,2026-04-01T00:32:05.378128
kritsana-hypcode,skipped,,,,,2026-04-01T00:32:08.049411
valeriaferlin,skipped,,,,,2026-04-01T00:32:19.657261
bokrosf,skipped,,,,,2026-04-01T00:32:38.338698
whzhni1,skipped,,,,,2026-04-01T00:32:44.244641
0x7d8,skipped,,,,,2026-04-01T00:33:01.046466
Seli888,skipped,,,,,2026-04-01T00:33:15.353301
misterlink19,skipped,,,,,2026-04-01T00:33:30.253529
sarahajbane,skipped,,,,,2026-04-01T00:33:41.273622
YatinDevs,scored,IN,0.0256,63,37,2026-04-01T00:33:47.775413
OJaes,skipped,,,,,2026-04-01T00:34:05.292653
annran-self,skipped,,,,,2026-04-01T00:34:10.852750
irisvw,skipped,,,,,2026-04-01T00:34:28.432984
DAyush18,skipped,,,,,2026-04-01T00:34:45.620487
mehmetabak,skipped,,,,,2026-04-01T00:35:03.686131
darshanbhikadiya,skipped,,,,,2026-04-01T00:35:12.452903
sir-serge,skipped,,,,,2026-04-01T00:35:29.779412
Long2Seth,skipped,,,,,2026-04-01T00:35:47.558528
Anutyagi007,skipped,,,,,2026-04-01T00:35:58.872347
pss7,skipped,,,,,2026-04-01T00:36:16.571530
swookey-thinky,skipped,,,,,2026-04-01T00:36:22.881476
ipitman,skipped,,,,,2026-04-01T00:36:29.031388
zhennongchen,skipped,US,,3,0,2026-04-01T00:36:43.905074
sfisher,skipped,,,,,2026-04-01T00:36:53.438853
peterydzynski,skipped,,,,,2026-04-01T00:36:56.236392
Gabriel-Arcila,scored,US,0.0393,6,27,2026-04-01T00:37:11.101879
DmitryMuzalev,scored,RU,0.0606,12,63,2026-04-01T00:37:29.104264
maikonalexandre,skipped,,,,,2026-04-01T00:37:40.531944
tleeaf,skipped,,,,,2026-04-01T00:37:55.303194
Ryan-almansa,skipped,,,,,2026-04-01T00:38:12.653975
dkurt,skipped,RU,,0,0,2026-04-01T00:38:21.291091
Brandonsvro,skipped,ID,,0,32,2026-04-01T00:38:39.315739
ShinCheolHwan-daou,skipped,,,,,2026-04-01T00:38:48.630505
oriverk,skipped,,,,,2026-04-01T00:38:58.505165
Buldes,skipped,,,,,2026-04-01T00:39:16.998402
AnyTHIW,skipped,,,,,2026-04-01T00:39:28.741166
heysnons,skipped,,,,,2026-04-01T00:39:34.831534
Vishal-778,skipped,,,,,2026-04-01T00:39:48.995816
monomable,skipped,,,,,2026-04-01T00:40:07.265613
DaniilTikhomirov,skipped,,,,,2026-04-01T00:40:24.662559
SaisatwikBiku,skipped,US,,97,3,2026-04-01T00:40:42.717551
kuibeda282,skipped,,,,,2026-04-01T00:40:48.721243
lrealOne,skipped,,,,,2026-04-01T00:41:06.166408
isaac-chung,skipped,EE,,,,2026-04-01T00:41:16.135042
Harshitha492,skipped,,,,,2026-04-01T00:41:21.768436
jesse-anderson,skipped,US,,15,1,2026-04-01T00:41:39.686756
pl,skipped,PL,,0,0,2026-04-01T00:41:42.565064
AVIRENI-CHANDAN,skipped,IN,,9,0,2026-04-01T00:42:00.196822
LjubishaMilosov,skipped,,,,,2026-04-01T00:42:14.679789
gkv311,skipped,RU,,0,100,2026-04-01T00:42:21.147462
GaoChen-git,skipped,,,,,2026-04-01T00:42:32.634734
Vivek99256,skipped,,,,,2026-04-01T00:42:44.196072
CharlesGBraga,skipped,,,,,2026-04-01T00:43:01.456309
devnestali,scored,ES,0.0578,11,88,2026-04-01T00:43:19.544312
iverikavelashvili,skipped,,,,,2026-04-01T00:43:36.947433
CBBauer,skipped,,,,,2026-04-01T00:43:48.080286
BearBin1215,skipped,CN,,0,100,2026-04-01T00:43:54.971887
Tsabary,skipped,,,,,2026-04-01T00:44:12.476092
saleemkheralden,skipped,,,,,2026-04-01T00:44:30.147139
arthurvasc-hub,skipped,,,,,2026-04-01T00:44:44.869181
VaibhavKatariya,skipped,IN,,0,37,2026-04-01T00:45:02.794042
siggu,skipped,,,,,2026-04-01T00:45:08.995249
Huang-Hash-Brown,skipped,,,,,2026-04-01T00:45:26.138617
Xurify,skipped,,,,,2026-04-01T00:45:37.864045
sushil2601,skipped,IN,,7,0,2026-04-01T00:45:55.217445
aedart,skipped,DK,,0,0,2026-04-01T00:46:06.913288
eser0004,skipped,,,,,2026-04-01T00:46:24.094543
AshuMishraG,skipped,IN,,0,15,2026-04-01T00:46:35.636799
zaq12310,skipped,,,,,2026-04-01T00:46:53.342442
noon92,skipped,,,,,2026-04-01T00:46:56.171800
SergeyKleyman,skipped,,,,,2026-04-01T00:47:01.882228
mianos,skipped,AU,,97,0,2026-04-01T00:47:18.143288
MrDexstor,skipped,,,,,2026-04-01T00:47:36.525191
darlingson,skipped,,,,,2026-04-01T00:47:47.046837
samdahboss,skipped,NG,,10,0,2026-04-01T00:48:04.173585
roelstappers,skipped,NO,,0,0,2026-04-01T00:48:16.398870
lorsanta,skipped,,,,,2026-04-01T00:48:33.796290
Khairi000,skipped,,,,,2026-04-01T00:48:51.525401
CarolusIntelligence,skipped,FR,,0,0,2026-04-01T00:49:13.402937
wutsi,skipped,,,,,2026-04-01T00:49:35.150388
AlinaBelyalova,skipped,,,,,2026-04-01T00:49:52.690893
Amirchelios,skipped,,,,,2026-04-01T00:49:59.076950
ashigirl96,skipped,JP,,0,0,2026-04-01T00:50:17.194178
dreulavelle,skipped,,,,,2026-04-01T00:50:28.803859
Cramelsim,skipped,,,,,2026-04-01T00:50:34.662348
nemp1yy,skipped,,,,,2026-04-01T00:50:50.196948
snowmerak,skipped,,,,,2026-04-01T00:51:07.378904
nabilhesham,skipped,EG,,0,0,2026-04-01T00:51:27.194134
aidityasadhakim,skipped,,,,,2026-04-01T00:51:42.024225
Coosanta17,scored,AU,0.0538,20,14,2026-04-01T00:51:59.985244
CoachThomLamb,skipped,,,,,2026-04-01T00:52:11.487178
yashk9293,scored,IN,0.0488,74,26,2026-04-01T00:52:27.167304
DevilsBestFriend,scored,AT,0.0942,10,90,2026-04-01T00:52:42.719690
hyunseoko,skipped,,,,,2026-04-01T00:52:51.867804
Earthpasserby,skipped,,,,,2026-04-01T00:53:09.690422
ValwareIRC,skipped,,,,,2026-04-01T00:53:16.346169
MicMarvin,skipped,,,,,2026-04-01T00:53:29.613439
Mahran-Farhat,skipped,,,,,2026-04-01T00:53:44.050871
d1ceward,skipped,,,,,2026-04-01T00:54:00.000758
CHRISCARLON,skipped,GB,,0,100,2026-04-01T00:54:09.611644
benjaminjamesau,skipped,,,,,2026-04-01T00:54:12.429943
Basematter,skipped,,,,,2026-04-01T00:54:18.330061
dp-web4,skipped,,,,,2026-04-01T00:54:27.117039
alonCharles,skipped,,,,,2026-04-01T00:54:42.152966
Syndamia,skipped,BG,,,,2026-04-01T00:55:00.767446
KamLynch,skipped,,,,,2026-04-01T00:55:19.470710
Tora-chen,skipped,,,,,2026-04-01T00:55:34.703374
estellonaeslaleche,skipped,,,,,2026-04-01T00:55:47.249458
6Mysterious,skipped,FR,,3,7,2026-04-01T00:55:59.099887
connorwyatt,skipped,,,,,2026-04-01T00:56:08.440318
Yosha72,skipped,,,,,2026-04-01T00:56:15.187420
gfmortega,skipped,,,,,2026-04-01T00:56:33.366477
AndrewCapon,skipped,,,,,2026-04-01T00:56:39.113998
navi-04,skipped,,,,,2026-04-01T00:56:51.611298
artnp,skipped,,,,,2026-04-01T00:57:04.930547
metaml,skipped,,,,,2026-04-01T00:57:15.330299
ReDoProgrammer,skipped,VN,,0,0,2026-04-01T00:57:32.751350
sanyaaa777,skipped,,,,,2026-04-01T00:57:51.122550
hyeyoooo,skipped,,,,,2026-04-01T00:58:03.206617
PranavRPrasad,skipped,US,,0,3,2026-04-01T00:58:18.571760
myushen,skipped,AU,,0,0,2026-04-01T00:58:21.362265
Gsonovb,skipped,CN,,0,0,2026-04-01T00:58:35.634190
SachinSemwal007,skipped,,,,,2026-04-01T00:58:47.386130
akrztrk,skipped,,,,,2026-04-01T00:59:05.275174
Patriot5701,skipped,,,,,2026-04-01T00:59:14.893867
weblop16,skipped,,,,,2026-04-01T00:59:33.569053
zainshr,skipped,,,,,2026-04-01T00:59:39.396828
Mridul47,skipped,NP,,20,0,2026-04-01T00:59:57.181614
nivseb,skipped,DE,,0,100,2026-04-01T01:00:07.852676
syqwq-OMG,skipped,CN,,0,40,2026-04-01T01:00:20.332742
psdhtmlcss,skipped,,,,,2026-04-01T01:00:31.925337
AndreBoniatti,skipped,,,,,2026-04-01T01:00:51.182300
VishrutiBuddhadev,skipped,,,,,2026-04-01T01:00:53.994040
SylwesterKonczyk,skipped,,,,,2026-04-01T01:00:56.833234
brookenf,skipped,,,,,2026-04-01T01:01:15.061991
richardklasens,skipped,,,,,2026-04-01T01:01:20.770599
ahyafil,skipped,ES,,3,0,2026-04-01T01:01:38.341541
maxpilipovic,skipped,US,,0,100,2026-04-01T01:01:45.697121
EmjayTech,skipped,NG,,0,12,2026-04-01T01:02:03.238734
Jung-Eunmi,skipped,,,,,2026-04-01T01:02:12.643201
Wander210,skipped,,,,,2026-04-01T01:02:29.920791
shoko-soeno,skipped,,,,,2026-04-01T01:02:48.076725
Chenlvin,skipped,CN,,0,0,2026-04-01T01:02:56.504068
Nagashreer6515,skipped,,,,,2026-04-01T01:03:14.104209
alexandremonzen,skipped,,,,,2026-04-01T01:03:33.217512
Abdi036,skipped,ET,,,,2026-04-01T01:03:42.297304
Marco-Carangelo,skipped,,,,,2026-04-01T01:03:59.589224
ja-mie0,skipped,,,,,2026-04-01T01:04:08.272362
gooperd-da-3rd,skipped,,,,,2026-04-01T01:04:14.560146
filbertfuvian,skipped,,,,,2026-04-01T01:04:32.383529
siliconlife,skipped,,,,,2026-04-01T01:04:35.159946
valadaptive,skipped,,,,,2026-04-01T01:04:40.852080
righ1113,skipped,,,,,2026-04-01T01:05:00.586858
GeraElem,skipped,AR,,0,3,2026-04-01T01:05:09.090956
mrinalgaur2005,skipped,,,,,2026-04-01T01:05:23.577477
emiwar,skipped,GB,,23,0,2026-04-01T01:05:38.311090
EdgarISC2021,skipped,,,,,2026-04-01T01:05:56.080391
irinadash,skipped,US,,0,0,2026-04-01T01:06:01.682988
cdare-ucsb,skipped,,,,,2026-04-01T01:06:18.771311
slievr,skipped,,,,,2026-04-01T01:06:27.378822
pulmonaryveins,skipped,,,,,2026-04-01T01:06:44.945024
kulcsaradam,skipped,,,,,2026-04-01T01:06:50.614738
disCodeOri,skipped,,,,,2026-04-01T01:06:59.595274
beac0n,skipped,DE,,0,0,2026-04-01T01:07:13.865758
Ian-q,skipped,,,,,2026-04-01T01:07:19.534664
devinbeer,skipped,,,,,2026-04-01T01:07:28.746781
BBaysinger,skipped,,,,,2026-04-01T01:07:41.608662
rahadianap,skipped,,,,,2026-04-01T01:07:56.230782
kirederik,skipped,GB,,0,0,2026-04-01T01:08:05.124583
loa,skipped,SE,,1,0,2026-04-01T01:08:23.104486
lschuermann-hsosnabrueck,skipped,,,,,2026-04-01T01:08:29.219540
kissalk,skipped,,,,,2026-04-01T01:08:37.738191
nakagawa-rikuto,skipped,,,,,2026-04-01T01:08:54.921549
michsiu,skipped,,,,,2026-04-01T01:09:02.491436
saurabhTARS,skipped,,,,,2026-04-01T01:09:08.743453
aschuler84,skipped,,,,,2026-04-01T01:09:17.952375
hbehkamal,skipped,,,,,2026-04-01T01:09:32.654349
pashawol,skipped,,,,,2026-04-01T01:09:39.078883
tsongglod123,skipped,TH,,13,0,2026-04-01T01:09:56.931332
zy9306,skipped,,,,,2026-04-01T01:09:59.751209
donttry2hack,skipped,,,,,2026-04-01T01:10:05.341394
anvesha-jagga,skipped,,,,,2026-04-01T01:10:19.831374
neichev273,skipped,,,,,2026-04-01T01:10:29.195776
RicardoLou,skipped,,,,,2026-04-01T01:10:46.710472
qrimosa,scored,PL,0.2033,17,35,2026-04-01T01:11:04.361342
Joel-Dahne,skipped,,,,,2026-04-01T01:11:14.763024
ajrbyers,skipped,GB,,0,0,2026-04-01T01:11:29.004192
lakhtyari-abderrezzak,skipped,IE,,2,52,2026-04-01T01:11:46.563179
pavelkornev,skipped,DE,,0,0,2026-04-01T01:11:55.461387
AndyOrtiz2025,skipped,,,,,2026-04-01T01:12:12.787635
Limbureuben,skipped,,,,,2026-04-01T01:12:30.037805
evg-c,skipped,RU,,99,1,2026-04-01T01:12:41.910774
stevens38,skipped,,,,,2026-04-01T01:12:59.074998
anshulsoni2010,scored,IN,0.0245,20,23,2026-04-01T01:13:05.399572
Wojciech-Sz,skipped,PL,,0,24,2026-04-01T01:13:23.021322
Willium1925,skipped,,,,,2026-04-01T01:13:37.635552
alexey-sevastynov,skipped,UA,,89,2,2026-04-01T01:13:55.421741
kalees64,skipped,,,,,2026-04-01T01:14:05.598232
ibragins,skipped,IL,,0,0,2026-04-01T01:14:20.218760
HONGMUNIL,skipped,,,,,2026-04-01T01:14:37.687167
LasseMempel,skipped,,,,,2026-04-01T01:14:53.092616
devxiyang,skipped,,,,,2026-04-01T01:15:08.778817
tuanfec,skipped,,,,,2026-04-01T01:15:23.680658
nandhana-esbee,skipped,,,,,2026-04-01T01:15:41.553196
HernanDarioCoronel,skipped,,,,,2026-04-01T01:15:59.379182
salomovs95,skipped,,,,,2026-04-01T01:16:14.815249
joewebkid,skipped,RU,,0,0,2026-04-01T01:16:32.003037
vadimgierko,scored,PL,0.0307,19,13,2026-04-01T01:16:41.691964
mehmetsensoyme,skipped,TR,,0,16,2026-04-01T01:16:53.799658
RainyRizzle,skipped,,,,,2026-04-01T01:16:59.662521
guillepaivag,skipped,,,,,2026-04-01T01:17:17.879419
DemetrioCodiaman,skipped,,,,,2026-04-01T01:17:36.083145
trejosau,skipped,,,,,2026-04-01T01:17:47.788498
amithasanamithasan,skipped,,,,,2026-04-01T01:18:04.913435
yoo-eun00,skipped,,,,,2026-04-01T01:18:17.703897
calemcnulty-gai,skipped,,,,,2026-04-01T01:18:29.923093
lala-la-flaca,skipped,US,,0,96,2026-04-01T01:18:48.117378
m19e,skipped,JP,,6,0,2026-04-01T01:19:06.665172
KLARKOFF,skipped,RU,,0,13,2026-04-01T01:19:21.061352
shiawasepat,skipped,,,,,2026-04-01T01:19:36.678607
Muhammad-Subhan-Rauf,skipped,PK,,0,31,2026-04-01T01:19:54.339781
anhtk20012,skipped,,,,,2026-04-01T01:20:14.412321
mukappalambda,skipped,TW,,2,31,2026-04-01T01:20:28.012263
rtrollebo,scored,NO,0.0487,15,33,2026-04-01T01:20:45.993050
tagemehta,skipped,,,,,2026-04-01T01:20:55.360181
PeterOche,skipped,,,,,2026-04-01T01:21:12.584929
xxroot,skipped,,,,,2026-04-01T01:21:26.812783
stas-badzi,skipped,,,,,2026-04-01T01:21:36.257430
Touchbeam,skipped,,,,,2026-04-01T01:21:48.476108
roku674,skipped,US,,1,0,2026-04-01T01:22:05.935440
atzmael,skipped,FR,,0,0,2026-04-01T01:22:12.401384
hiroxto,skipped,JP,,0,100,2026-04-01T01:22:19.177387
luqin2007,skipped,,,,,2026-04-01T01:22:32.320799
AmritHehe,skipped,,,,,2026-04-01T01:22:49.195708
AAyoubelbakhti,skipped,,,,,2026-04-01T01:23:08.072758
acepnurmansidik,skipped,,,,,2026-04-01T01:23:23.321182
paritosh-Shukla24,scored,IN,0.068,6,8,2026-04-01T01:23:40.847780
PadjokeJ,skipped,,,,,2026-04-01T01:23:57.976139
Sabari-Karthick,skipped,,,,,2026-04-01T01:24:13.042824
djmoth,scored,DK,0.063,46,33,2026-04-01T01:24:22.523536
Devyani0323,skipped,IN,,0,48,2026-04-01T01:24:41.548348
DanielJavaprogrammer,skipped,BR,,3,97,2026-04-01T01:24:50.596353
LukasKriesch,skipped,,,,,2026-04-01T01:25:05.240153
maoye-google,skipped,,,,,2026-04-01T01:25:08.023928
rreischke,skipped,,,,,2026-04-01T01:25:26.506607
hiepsolo,skipped,VN,,0,0,2026-04-01T01:25:44.351479
Juntakk,skipped,,,,,2026-04-01T01:26:02.079988
gabhiinav,skipped,,,,,2026-04-01T01:26:19.855058
grigorevaa,skipped,,,,,2026-04-01T01:26:34.341620
tom-pytel,skipped,US,,0,0,2026-04-01T01:26:40.534624
obaeza16,skipped,,,,,2026-04-01T01:26:58.506701
RichWilk1283,skipped,GB,,27,0,2026-04-01T01:27:15.807357
tis007,skipped,,,,,2026-04-01T01:27:36.423987
jullebarge,skipped,,,,,2026-04-01T01:27:45.809887
HoyeongJeon,skipped,KR,,4,56,2026-04-01T01:28:01.181898
BazilZaman321,skipped,,,,,2026-04-01T01:28:18.662048
prathmeshladkat,skipped,,,,,2026-04-01T01:28:32.873822
tbenr,skipped,IT,,0,0,2026-04-01T01:28:41.344515
Rahul12KumarSingh,skipped,,,,,2026-04-01T01:28:58.479158
karem-ex,skipped,,,,,2026-04-01T01:29:10.614500
elizabeth-richardson,skipped,,,,,2026-04-01T01:29:29.566096
danielacorner,skipped,CA,,0,0,2026-04-01T01:29:46.674456
cjgarcia12,skipped,,,,,2026-04-01T01:30:04.633354
SangwanNishant,skipped,,,,,2026-04-01T01:30:22.555267
maelle,skipped,FR,,0,0,2026-04-01T01:30:28.659943
haitwang-cloud,skipped,CN,,0,0,2026-04-01T01:30:43.003708
adan-shaw,skipped,,,,,2026-04-01T01:31:00.125994
yashbh,skipped,IN,,0,0,2026-04-01T01:31:14.702127
Harshit-Mishra2212,skipped,,,,,2026-04-01T01:31:32.386671
Syagr,skipped,,,,,2026-04-01T01:31:49.674129
PeterMeisrimelModelon,skipped,,,,,2026-04-01T01:31:52.457750
yeon0efe,skipped,,,,,2026-04-01T01:31:58.251810
Vydra95,skipped,,,,,2026-04-01T01:32:18.487338
Makkekk,skipped,,,,,2026-04-01T01:32:25.562818
guggero,skipped,,,,,2026-04-01T01:32:41.551652
deepak-vsn,skipped,,,,,2026-04-01T01:32:50.080554
MariiaOtset,skipped,,,,,2026-04-01T01:33:08.095366
Prazen,skipped,NP,,0,26,2026-04-01T01:33:23.090893
youshu-admin,skipped,,,,,2026-04-01T01:33:25.766984
anMois,skipped,,,,,2026-04-01T01:33:44.736271
jemilc,skipped,,,,,2026-04-01T01:34:01.833200
Jihad-chaalan,skipped,,,,,2026-04-01T01:34:20.016351
elyessrj,skipped,,,,,2026-04-01T01:34:31.371748
caonguyenn,skipped,,,,,2026-04-01T01:34:46.031057
adrienpacifico,skipped,FR,,0,0,2026-04-01T01:34:55.234466
CrowdHailer,skipped,,,,,2026-04-01T01:35:13.283293
AdriBelSer,skipped,,,,,2026-04-01T01:35:31.052711
vikkiChipset,skipped,GB,,0,64,2026-04-01T01:35:49.549643
Mikesukami,skipped,,,,,2026-04-01T01:36:06.816216
NotHelkq,skipped,,,,,2026-04-01T01:36:13.220533
AneesAhmad5,skipped,,,,,2026-04-01T01:36:22.145112
trongate,skipped,,,,,2026-04-01T01:36:39.793714
vickysoulrana,skipped,,,,,2026-04-01T01:36:48.429820
AliceAuto,skipped,,,,,2026-04-01T01:36:55.669353
perlsdiver,scored,US,0.0351,22,54,2026-04-01T01:37:07.825311
InvestLee,skipped,,,,,2026-04-01T01:37:14.199118
jploubejac,skipped,,,,,2026-04-01T01:37:26.601241
MichelleUrquidi,skipped,,,,,2026-04-01T01:37:35.365532
jordimartinezjimenez,skipped,,,,,2026-04-01T01:37:50.118039
anechka002,skipped,,,,,2026-04-01T01:37:59.551396
YogitaWagh2004,skipped,IN,,0,5,2026-04-01T01:38:19.646842
HeavenTao,skipped,,,,,2026-04-01T01:38:25.872335
quirkDV16,skipped,IN,,0,37,2026-04-01T01:38:43.745549
MartaPipan,skipped,,,,,2026-04-01T01:39:01.807245
gyuilLim,skipped,KR,,0,100,2026-04-01T01:39:09.043628
MariLmer,skipped,,,,,2026-04-01T01:39:15.017989
liminstudio123,skipped,,,,,2026-04-01T01:39:23.580463
sniHao,skipped,,,,,2026-04-01T01:39:36.030345
ibsenquaresma,scored,CA,0.11,75,25,2026-04-01T01:39:54.776152
NeutronDavis,skipped,,,,,2026-04-01T01:40:12.530621
laura-pf,skipped,,,,,2026-04-01T01:40:24.482412
FuzzyKala,skipped,,,,,2026-04-01T01:40:33.631306
balexandermunoz,skipped,CO,,0,0,2026-04-01T01:40:39.409534
arielchuri,skipped,,,,,2026-04-01T01:40:45.020358
ccassidy7024,skipped,,,,,2026-04-01T01:40:50.779513
Dev-Ahmed-Sakr,skipped,,,,,2026-04-01T01:41:04.947146
Liren4396,skipped,,,,,2026-04-01T01:41:22.545985
Welazure,skipped,,,,,2026-04-01T01:41:40.277651
silkair,skipped,,,,,2026-04-01T01:41:54.820469
byeongjae-kang,skipped,,,,,2026-04-01T01:42:09.855012
SophiaHan6,skipped,,,,,2026-04-01T01:42:24.165950
tnnpp,skipped,,,,,2026-04-01T01:42:42.709040
Coolhachker,skipped,,,,,2026-04-01T01:43:01.686614
Luchew,skipped,,,,,2026-04-01T01:43:07.358875
AhmedSalah8,skipped,,,,,2026-04-01T01:43:18.612457
wilbsmond,skipped,,,,,2026-04-01T01:43:27.231818
Arinji2,skipped,IN,,60,0,2026-04-01T01:43:45.013297
mrk-wilkinson,skipped,,,,,2026-04-01T01:44:03.019911
sudo-awk,skipped,,,,,2026-04-01T01:44:21.039486
obaidaaman,skipped,IN,,21,4,2026-04-01T01:44:38.879792
SpareSimian,skipped,US,,0,0,2026-04-01T01:44:50.268059
podborski,skipped,,,,,2026-04-01T01:44:59.176151
rmahawewa,skipped,,,,,2026-04-01T01:45:14.353952
rlaalsgh988238,skipped,,,,,2026-04-01T01:45:20.032589
nictru,scored,FR,0.2288,94,6,2026-04-01T01:45:32.225540
lxndrsch,skipped,,,,,2026-04-01T01:45:35.039376
mao-user,skipped,,,,,2026-04-01T01:45:43.878730
Snehakn9876,skipped,,,,,2026-04-01T01:46:01.102371
KeirenWhite,skipped,,,,,2026-04-01T01:46:18.962058
theawssemdoudd,skipped,,,,,2026-04-01T01:46:25.276467
dvCodeWorld,skipped,IN,,3,0,2026-04-01T01:46:42.397736
ElizabethSamuel-MSFT,skipped,US,,0,0,2026-04-01T01:46:47.991892
JanZachmann,skipped,,,,,2026-04-01T01:46:50.890799
StefaniOSApps,skipped,,,,,2026-04-01T01:46:59.912841
eduard15x,skipped,RO,,3,97,2026-04-01T01:47:08.866640
coop-compiler,skipped,,,,,2026-04-01T01:47:17.389836
tAdEOe705,skipped,,,,,2026-04-01T01:47:23.341579
dinesh-gaire,skipped,,,,,2026-04-01T01:47:41.052257
leonardBang,skipped,CN,,0,0,2026-04-01T01:47:43.825394
cankoyuncu,skipped,TR,,100,0,2026-04-01T01:47:52.927651
GUNZASH,skipped,,,,,2026-04-01T01:48:09.918096
dhanushscience,scored,IN,0.0765,30,46,2026-04-01T01:48:28.763318
popoolaio,skipped,NG,,0,0,2026-04-01T01:48:37.548344
VlStolyarov,skipped,,,,,2026-04-01T01:48:55.281653
frol,skipped,UA,,0,0,2026-04-01T01:49:00.878064
yychaza14,skipped,,,,,2026-04-01T01:49:07.798835
uroni,skipped,,,,,2026-04-01T01:49:16.304880
johanos1,skipped,,,,,2026-04-01T01:49:22.585424
AlexAlkhatib,scored,FR,0.0483,22,21,2026-04-01T01:49:40.825588
Stormz99,skipped,,,,,2026-04-01T01:49:55.412754
aribornstein,skipped,,,,,2026-04-01T01:50:06.801872
ikbal-nayem,skipped,BD,,0,0,2026-04-01T01:50:24.860585
Pelentan,skipped,,,,,2026-04-01T01:50:42.039852
elder-plinius,skipped,,,,,2026-04-01T01:50:59.416447
tomledeakin,skipped,,,,,2026-04-01T01:51:17.272222
HughieCN,skipped,,,,,2026-04-01T01:51:19.966931
jacobvjk,skipped,DE,,0,0,2026-04-01T01:51:26.002296
ge0rg3e,skipped,RO,,0,3,2026-04-01T01:51:31.685975
Sonmi-451-83,skipped,ES,,0,0,2026-04-01T01:51:37.291944
edsko,skipped,NL,,0,1,2026-04-01T01:51:49.823145
LL061,skipped,,,,,2026-04-01T01:51:58.556852
DhrubaDC1,skipped,BD,,2,0,2026-04-01T01:52:15.984595
xiangyuf,skipped,CN,,0,0,2026-04-01T01:52:22.919228
eusebiusmarcel,skipped,ID,,0,0,2026-04-01T01:52:29.090553
JGoncu97,skipped,,,,,2026-04-01T01:52:46.133830
cardelea81,skipped,,,,,2026-04-01T01:53:00.127813
AustinWilliam117,scored,CN,0.0239,36,64,2026-04-01T01:53:06.231777
bidhan31,skipped,BD,,0,47,2026-04-01T01:53:23.814928
kifacee,skipped,US,,0,21,2026-04-01T01:53:41.395459
hoanganhphan0409,skipped,,,,,2026-04-01T01:53:58.977006
Moisescar3008,skipped,,,,,2026-04-01T01:54:16.610380
blinsay,skipped,,,,,2026-04-01T01:54:19.417211
lukkob,skipped,PL,,0,0,2026-04-01T01:54:26.359876
adewalefranklin,skipped,DE,,0,44,2026-04-01T01:54:41.514797
rahul-tatva,skipped,,,,,2026-04-01T01:54:54.328006
RISE-NMK576,skipped,,,,,2026-04-01T01:55:08.614788
Andrew21plus,skipped,,,,,2026-04-01T01:55:22.881529
laymond1,skipped,KR,,0,0,2026-04-01T01:55:39.850168
donggyu1998,skipped,,,,,2026-04-01T01:55:57.414261
Keshavraj25,skipped,,,,,2026-04-01T01:56:05.963957
Alessandra0319,skipped,,,,,2026-04-01T01:56:11.567000
jagadeesh9666,skipped,,,,,2026-04-01T01:56:20.986719
Kostis-S-Z,skipped,,,,,2026-04-01T01:56:33.315511
Rhuan-Guilherme,skipped,,,,,2026-04-01T01:56:51.376158
abigailmvlima,skipped,,,,,2026-04-01T01:57:08.827374
jordan-powers,skipped,,,,,2026-04-01T01:57:23.683009
Nithinkumar-05,skipped,,,,,2026-04-01T01:57:38.081568
loziogigio,skipped,,,,,2026-04-01T01:57:55.414967
omarhammad,skipped,,,,,2026-04-01T01:58:13.179229
yuhanbo758,skipped,,,,,2026-04-01T01:58:19.939088
mmmv41,skipped,,,,,2026-04-01T01:58:36.616521
yuwol-9,skipped,,,,,2026-04-01T01:58:51.757699
gdgest3164,skipped,,,,,2026-04-01T01:59:09.826735
Vinay-Dakshanthaka,skipped,,,,,2026-04-01T01:59:27.365503
DarioRafael,skipped,,,,,2026-04-01T01:59:45.702282
2n0k460,skipped,,,,,2026-04-01T01:59:54.350218
sasliktigr,skipped,,,,,2026-04-01T02:00:02.870678
Callmecgrey,skipped,,,,,2026-04-01T02:00:19.911163
ronnywang,skipped,TW,,0,0,2026-04-01T02:00:34.976134
NikitaSolo10,skipped,,,,,2026-04-01T02:00:46.665275
magusafr,skipped,,,,,2026-04-01T02:01:01.917418
emreosminho,scored,TR,0.0643,10,50,2026-04-01T02:01:19.830736
TomMRiddle,skipped,SE,,0,100,2026-04-01T02:01:26.363894
chaseme24,skipped,,,,,2026-04-01T02:01:32.427031
lhwylpdpn,skipped,CN,,0,0,2026-04-01T02:01:49.795497
PeeOops,scored,ID,0.1438,6,94,2026-04-01T02:02:07.587298
almanasrarami,skipped,,,,,2026-04-01T02:02:19.266699
k9845,skipped,NP,,0,0,2026-04-01T02:02:37.162093
AlanGolphi,skipped,,,,,2026-04-01T02:02:45.845446
siddsriv,skipped,CA,,0,0,2026-04-01T02:02:59.942849
Metaf-x,skipped,,,,,2026-04-01T02:03:17.182917
tarapandey,skipped,,,,,2026-04-01T02:03:35.450873
lukinivan,skipped,,,,,2026-04-01T02:03:53.018898
bo0tzz,skipped,NL,,0,0,2026-04-01T02:04:04.492346
ElenaKirshanova,skipped,,,,,2026-04-01T02:04:17.355105
RunningFlip,scored,DE,0.1393,21,5,2026-04-01T02:04:35.257203
galenran,skipped,,,,,2026-04-01T02:04:47.661115
namvt98,skipped,,,,,2026-04-01T02:04:50.417788
enyabuti,skipped,,,,,2026-04-01T02:05:02.413503
tomi2108,skipped,AR,,82,0,2026-04-01T02:05:17.096121
coding2233,skipped,,,,,2026-04-01T02:05:35.171167
User850413,skipped,,,,,2026-04-01T02:05:37.991255
349309054,skipped,,,,,2026-04-01T02:05:43.750980
Dankman554,skipped,,,,,2026-04-01T02:05:52.823499
TasnimMehzabin,skipped,,,,,2026-04-01T02:06:06.896327
jkgenser,skipped,,,,,2026-04-01T02:06:24.451556
aspirin100,skipped,,,,,2026-04-01T02:06:41.937373
stefarusso,skipped,IT,,95,1,2026-04-01T02:07:00.050838
AhmedMoftah2026,skipped,,,,,2026-04-01T02:07:17.497633
kpne,skipped,IT,,0,0,2026-04-01T02:07:20.185672
elsenhans,skipped,,,,,2026-04-01T02:07:22.979481
Aete,scored,KR,0.0566,5,37,2026-04-01T02:07:30.059857
nileshphapale142,skipped,,,,,2026-04-01T02:07:47.359500
TotoBlunt,skipped,,,,,2026-04-01T02:07:59.865783
zhang-you-lin,skipped,,,,,2026-04-01T02:08:14.101150
sagarraCM,skipped,IN,,0,4,2026-04-01T02:08:22.618404
Gyv12345,skipped,,,,,2026-04-01T02:08:25.428019
riri-cpp,skipped,,,,,2026-04-01T02:08:40.827092
4CCoxAU,skipped,,,,,2026-04-01T02:08:58.209089
HazalCiplak,skipped,GB,,0,0,2026-04-01T02:09:15.579339
pyavitz,skipped,,,,,2026-04-01T02:09:22.338832
mandybuoy,skipped,,,,,2026-04-01T02:09:34.457023
hitarth2123,skipped,,,,,2026-04-01T02:09:51.319286
ujin302,skipped,,,,,2026-04-01T02:10:08.632339
Cuyacuya,skipped,KR,,0,30,2026-04-01T02:10:14.567959
JCTUTORIAL415,skipped,,,,,2026-04-01T02:10:26.928929
imnidhikumari,skipped,,,,,2026-04-01T02:10:44.276082
Yakimka111,skipped,,,,,2026-04-01T02:10:50.069720
caseyavila,skipped,,,,,2026-04-01T02:10:56.198658
tchibengwa,skipped,,,,,2026-04-01T02:11:10.218572
tonyS912,scored,DE,0.0411,29,50,2026-04-01T02:11:27.997302
manasajayasri,skipped,,,,,2026-04-01T02:11:45.507882
s373nZ,skipped,,,,,2026-04-01T02:11:48.290930
myckakamil,skipped,,,,,2026-04-01T02:12:00.522089
arnoldagaba,skipped,,,,,2026-04-01T02:12:19.104354
Sharion2023,skipped,,,,,2026-04-01T02:12:27.507213
donthomas547,skipped,,,,,2026-04-01T02:12:39.428105
shawnlikescode,skipped,,,,,2026-04-01T02:12:51.042245
JUANMANUEL416,skipped,,,,,2026-04-01T02:13:07.732861
haquocviet261,skipped,,,,,2026-04-01T02:13:25.957544
doucourem,skipped,,,,,2026-04-01T02:13:43.604776
rudans601,skipped,,,,,2026-04-01T02:13:58.243079
anujd24,skipped,,,,,2026-04-01T02:14:16.268008
trentnixon,skipped,,,,,2026-04-01T02:14:33.708060
MartinsNmorka,skipped,NG,,3,15,2026-04-01T02:14:51.194210
anhquan2610,skipped,,,,,2026-04-01T02:15:08.150055
Suryavadana,skipped,,,,,2026-04-01T02:15:11.058214
inistory,skipped,KR,,0,0,2026-04-01T02:15:29.172308
Kanedaa,skipped,,,,,2026-04-01T02:15:38.030965
Sebukpor,skipped,,,,,2026-04-01T02:15:55.815544
Ferolinder,skipped,,,,,2026-04-01T02:16:04.450706
dunderrrrrr,skipped,SE,,0,0,2026-04-01T02:16:22.184944
manoel-neto270,skipped,,,,,2026-04-01T02:16:31.716232
EASYGOING45,skipped,CN,,13,0,2026-04-01T02:16:46.143349
davidxvuong,skipped,,,,,2026-04-01T02:16:55.178765
bulandajakub,skipped,,,,,2026-04-01T02:17:10.309261
nalbandian,skipped,,,,,2026-04-01T02:17:21.322213
andyyang890,skipped,,,,,2026-04-01T02:17:24.086989
sethclover,skipped,US,,0,98,2026-04-01T02:17:42.306115
Aswinthmani2003,skipped,,,,,2026-04-01T02:17:59.788346
Aisen11394,skipped,,,,,2026-04-01T02:18:17.387353
Thirlojanan,skipped,,,,,2026-04-01T02:18:25.998606
pizzzza-planet,skipped,,,,,2026-04-01T02:18:41.221394
mdadnan5,skipped,,,,,2026-04-01T02:18:58.555731
fasttime,skipped,,,,,2026-04-01T02:19:05.313789
without-eyes,skipped,UA,,2,88,2026-04-01T02:19:23.462615
Sudhahar1,skipped,,,,,2026-04-01T02:19:41.461835
djtms,skipped,PL,,0,0,2026-04-01T02:19:52.606004
Muhammadaziz-beckend,skipped,,,,,2026-04-01T02:20:09.720651
k-saitej,skipped,,,,,2026-04-01T02:20:15.429301
yizusjack,skipped,,,,,2026-04-01T02:20:33.721965
faeze-shirkhani,skipped,,,,,2026-04-01T02:20:51.429999
unlimited-tech-cyber,skipped,,,,,2026-04-01T02:21:05.927473
pkfranz,skipped,US,,3,0,2026-04-01T02:21:21.510695
federicoaguer,skipped,,,,,2026-04-01T02:21:24.201416
PegasusClinicare,skipped,,,,,2026-04-01T02:21:32.765609
Xodls128,skipped,,,,,2026-04-01T02:21:49.935277
anhuaxiang,skipped,,,,,2026-04-01T02:22:05.173283
t1m0thyj,skipped,US,,1,3,2026-04-01T02:22:14.589511
pavpanchekha,skipped,,,,,2026-04-01T02:22:29.181229
modeco80,skipped,,,,,2026-04-01T02:22:46.886435
Sassid,skipped,,,,,2026-04-01T02:22:55.885344
Maxc390,skipped,KE,,6,0,2026-04-01T02:23:13.142840
iinbal,skipped,,,,,2026-04-01T02:23:27.803180
mh-miyad,skipped,,,,,2026-04-01T02:23:45.394997
sh1shk1nsky,skipped,,,,,2026-04-01T02:24:00.324352
thorsonlinguistics,skipped,,,,,2026-04-01T02:24:15.355909
kamo104,skipped,,,,,2026-04-01T02:24:32.669937
louscmh,skipped,MY,,0,100,2026-04-01T02:24:42.046406
Project999x,skipped,,,,,2026-04-01T02:24:59.723449
jamest33,skipped,,,,,2026-04-01T02:25:05.635077
npetrangelo,skipped,,,,,2026-04-01T02:25:15.172640
kishorpulagam92,skipped,,,,,2026-04-01T02:25:29.823399
mnindrazaka,skipped,,,,,2026-04-01T02:25:47.527682
mmoreinis,skipped,US,,4,7,2026-04-01T02:26:05.101146
clementlapasset,skipped,,,,,2026-04-01T02:26:14.135019
AnastasiyaMarchuk1,skipped,,,,,2026-04-01T02:26:28.550496
sujithq,scored,BE,0.3169,8,89,2026-04-01T02:26:42.180206
eliknebel,skipped,US,,0,0,2026-04-01T02:26:53.719384
17devisri,skipped,,,,,2026-04-01T02:27:08.140970
kwojdalski,skipped,GB,,0,0,2026-04-01T02:27:22.218389
hasandramali,skipped,,,,,2026-04-01T02:27:28.743297
gentlegiantJGC,skipped,,,,,2026-04-01T02:27:38.320152
mounika12345677,skipped,,,,,2026-04-01T02:27:43.973426
alcaeus,skipped,DE,,0,0,2026-04-01T02:27:52.950004
MateRossi,skipped,,,,,2026-04-01T02:28:10.467713
IchanZX1,skipped,,,,,2026-04-01T02:28:28.138700
anibody,skipped,,,,,2026-04-01T02:28:40.447323
psamirt,skipped,,,,,2026-04-01T02:28:49.545012
MilanFox,skipped,DE,,0,100,2026-04-01T02:29:01.334730
Krushna-Nanda,skipped,,,,,2026-04-01T02:29:14.358700
MichaelGoland,skipped,,,,,2026-04-01T02:29:31.688124
vankaSiddhartha,skipped,,,,,2026-04-01T02:29:49.551461
Valerydolce,skipped,,,,,2026-04-01T02:30:01.097304
bibekdahal62,skipped,,,,,2026-04-01T02:30:18.601694
vnugny,skipped,,,,,2026-04-01T02:30:21.421496
sofency,skipped,,,,,2026-04-01T02:30:34.171143
web-97,skipped,,,,,2026-04-01T02:30:42.980447
rujal408,skipped,,,,,2026-04-01T02:31:00.347159
PEACE-DFG,skipped,,,,,2026-04-01T02:31:11.838949
hericlibong,skipped,FR,,30,0,2026-04-01T02:31:23.941527
sunnyflyingsky,skipped,CN,,26,1,2026-04-01T02:31:38.747789
VladPl78916,skipped,,,,,2026-04-01T02:31:53.382178
xuanhao1804,skipped,,,,,2026-04-01T02:32:12.434815
bacherfl,skipped,AT,,0,0,2026-04-01T02:32:16.520940
MarioMarkwart,scored,DE,0.1247,29,71,2026-04-01T02:32:25.631777
insigniadesign07,skipped,,,,,2026-04-01T02:32:43.106914
HandoyoSL,skipped,ID,,0,22,2026-04-01T02:33:00.727985
r4gus,skipped,DE,,0,0,2026-04-01T02:33:09.898703
PawnISEP,skipped,,,,,2026-04-01T02:33:15.663734
lawrence-forooghian,scored,BR,0.0776,26,74,2026-04-01T02:33:22.817337
Jwillis95,skipped,,,,,2026-04-01T02:33:40.256384
terop2,skipped,,,,,2026-04-01T02:33:50.399877
zh-h,skipped,CN,,0,0,2026-04-01T02:33:59.293763
darcyma14,skipped,,,,,2026-04-01T02:34:14.844894
gregowa,scored,FR,0.2184,26,52,2026-04-01T02:34:32.539090
coopergau,skipped,,,,,2026-04-01T02:34:47.640748
hadarhubara10,skipped,,,,,2026-04-01T02:34:56.290450
AndresQuiVal,skipped,,,,,2026-04-01T02:35:14.142388
datrich,skipped,,,,,2026-04-01T02:35:32.242732
Harsh-91221,skipped,IN,,97,3,2026-04-01T02:35:43.970145
skabeliner,skipped,,,,,2026-04-01T02:35:55.535550
SENPAITHATCHER,skipped,,,,,2026-04-01T02:36:12.837743
kris26658,skipped,,,,,2026-04-01T02:36:24.491183
tnasu,skipped,,,,,2026-04-01T02:36:27.249324
vagrant-drift,skipped,CN,,0,0,2026-04-01T02:36:30.079113
Telefoan,skipped,,,,,2026-04-01T02:36:32.854665
seoanalytics566,skipped,,,,,2026-04-01T02:36:35.553691
YaUhYeah,skipped,,,,,2026-04-01T02:36:50.117868
Anschoudary,skipped,,,,,2026-04-01T02:37:09.289854
hjw10,skipped,CN,,0,30,2026-04-01T02:37:30.142532
jonathan171,skipped,,,,,2026-04-01T02:37:46.837470
RDRCKSHLBRD,skipped,,,,,2026-04-01T02:38:03.843017
getwelsim,skipped,US,,0,0,2026-04-01T02:38:07.966975
luanfreitasqa,skipped,,,,,2026-04-01T02:38:23.186921
Achyutha-reddy,skipped,,,,,2026-04-01T02:38:40.850759
DevWyre,skipped,,,,,2026-04-01T02:38:49.461055
xiaojieonly,skipped,,,,,2026-04-01T02:38:56.148769
choigonyok,skipped,,,,,2026-04-01T02:39:05.469650
pabloPNC,skipped,,,,,2026-04-01T02:39:16.136936
Dragobi94,skipped,,,,,2026-04-01T02:39:24.901485
satheesh-kamadani,skipped,,,,,2026-04-01T02:39:39.555865
digitalcollins,skipped,,,,,2026-04-01T02:39:54.272981
dertom95,skipped,DE,,0,0,2026-04-01T02:39:58.366300
AleFarinaIV,skipped,,,,,2026-04-01T02:40:15.603424
bayandin,skipped,GB,,0,0,2026-04-01T02:40:31.009311
bidzyyys,skipped,PL,,0,0,2026-04-01T02:40:40.719978
asharaam1,skipped,PK,,0,39,2026-04-01T02:40:58.223650
yagmursubasi,skipped,,,,,2026-04-01T02:41:15.743552
axkusakin,skipped,,,,,2026-04-01T02:41:21.716061
2d3dthailand,skipped,,,,,2026-04-01T02:41:27.705829
pumpumx,skipped,,,,,2026-04-01T02:41:42.218104
TheRedElement,skipped,,,,,2026-04-01T02:41:48.707898
xstrig00,skipped,CZ,,0,0,2026-04-01T02:41:57.218373
PrathmeshBodake,skipped,,,,,2026-04-01T02:42:09.512405
vcoppe,skipped,BE,,0,0,2026-04-01T02:42:21.735456
Silver-will,skipped,,,,,2026-04-01T02:42:37.805108
marcoschouten,skipped,DK,,33,0,2026-04-01T02:42:49.952665
jeandenis-k,skipped,,,,,2026-04-01T02:42:55.666368
limhhyeon,skipped,,,,,2026-04-01T02:43:12.507132
tintumathew10,skipped,,,,,2026-04-01T02:43:15.310220
jakubklimek,scored,CZ,0.0948,17,81,2026-04-01T02:43:28.036839
WalidBelhadj199,skipped,,,,,2026-04-01T02:43:47.924905
brittwoodard,skipped,,,,,2026-04-01T02:43:50.757297
paulzzh,skipped,,,,,2026-04-01T02:43:59.523310
i-am-faith,skipped,,,,,2026-04-01T02:44:11.868167
Clarelle974,skipped,,,,,2026-04-01T02:44:26.634430
tran-linh41214,skipped,VN,,0,73,2026-04-01T02:44:45.112383
Suman1999-hub,skipped,,,,,2026-04-01T02:45:02.701216
parthi-n,skipped,SG,,0,78,2026-04-01T02:45:21.089039
Kolbi,skipped,,,,,2026-04-01T02:45:23.901530
Kamolwan555,skipped,,,,,2026-04-01T02:45:41.576844
wfcornelissen,skipped,,,,,2026-04-01T02:45:59.196226
victorperezpiqueras,skipped,,,,,2026-04-01T02:46:16.646406
christopher-wilke,skipped,,,,,2026-04-01T02:46:31.403160
darshanasbg,skipped,LK,,0,0,2026-04-01T02:46:34.215917
Dark-Town,skipped,,,,,2026-04-01T02:46:46.782223
Raime6,skipped,ES,,0,49,2026-04-01T02:47:04.671485
therealdanmalmx,skipped,,,,,2026-04-01T02:47:07.737353
Myri-fid,skipped,,,,,2026-04-01T02:47:25.426309
tfursdon,skipped,NZ,,0,13,2026-04-01T02:47:33.982686
reassDev,skipped,,,,,2026-04-01T02:47:46.086945
toddsundsted,skipped,US,,0,0,2026-04-01T02:48:00.849175
deedy5,skipped,,,,,2026-04-01T02:48:13.757503
ThibaultL24,skipped,FR,,0,5,2026-04-01T02:48:27.977093
dooji2,skipped,,,,,2026-04-01T02:48:45.594973
MiaSchemes,skipped,,,,,2026-04-01T02:48:48.446474
Flosch1006,skipped,DE,,74,0,2026-04-01T02:49:00.725583
kennedyfrench,skipped,,,,,2026-04-01T02:49:12.410241
starjf,skipped,,,,,2026-04-01T02:49:21.936547
JiHxxn-zip,skipped,KR,,0,100,2026-04-01T02:49:28.095704
hadyelzayady,skipped,EG,,0,0,2026-04-01T02:49:36.923368
SharmiRegunathan,skipped,,,,,2026-04-01T02:49:54.369644
hauntsaninja,skipped,,,,,2026-04-01T02:50:02.954638
mikaib,skipped,,,,,2026-04-01T02:50:08.584178
nMaax,scored,IT,0.0341,95,5,2026-04-01T02:50:20.916014
evilensky,skipped,,,,,2026-04-01T02:50:38.458844
24024414hariharan,skipped,,,,,2026-04-01T02:50:48.231614
mercmobily,skipped,AU,,0,0,2026-04-01T02:50:57.241246
Jin-s-work,skipped,KR,,0,0,2026-04-01T02:51:08.674200
salmaow,skipped,,,,,2026-04-01T02:51:25.668650
Rey0231,skipped,,,,,2026-04-01T02:51:34.485159
Ashaxer,skipped,,,,,2026-04-01T02:51:46.878950
MiltonGutierrez,skipped,CO,,54,0,2026-04-01T02:52:04.263594
Vishallokhande8788,skipped,IN,,0,60,2026-04-01T02:52:22.222071
knlinm,skipped,,,,,2026-04-01T02:52:39.282939
touyaki,skipped,,,,,2026-04-01T02:52:47.874521
spartacusrex99,skipped,,,,,2026-04-01T02:52:53.944682
ELz0N1,skipped,,,,,2026-04-01T02:53:03.345038
ownia,skipped,CN,,0,0,2026-04-01T02:53:20.792486
44luquinhas,skipped,,,,,2026-04-01T02:53:38.023171
Jakirhuseain,skipped,,,,,2026-04-01T02:53:46.328422
aidan7039,skipped,,,,,2026-04-01T02:53:54.785127
ranad4508,skipped,NP,,16,1,2026-04-01T02:54:12.172707
Gabriel-Aleman,skipped,,,,,2026-04-01T02:54:31.081448
Zohaib12kk,skipped,,,,,2026-04-01T02:54:40.120570
boypaida12,skipped,,,,,2026-04-01T02:54:58.106994
DotIN13,skipped,,,,,2026-04-01T02:55:09.687887
TusharSync,skipped,,,,,2026-04-01T02:55:18.494864
SaharMashraki,skipped,,,,,2026-04-01T02:55:30.115182
0xnim,skipped,,,,,2026-04-01T02:57:38.728254
NobeliY,skipped,,,,,2026-04-01T02:57:50.668728
Ayush0930s,skipped,,,,,2026-04-01T02:58:09.615504
JulHeg,skipped,,,,,2026-04-01T02:58:15.710177
balinorLiang,skipped,,,,,2026-04-01T02:58:18.491615
kasheeesh,skipped,,,,,2026-04-01T02:58:33.375386
Richieee007,skipped,,,,,2026-04-01T02:58:51.077394
Y0i7,skipped,CO,,0,55,2026-04-01T02:59:06.785459
omardotdev,skipped,EG,,0,100,2026-04-01T02:59:25.609214
k23cnt4lamductai,skipped,,,,,2026-04-01T02:59:43.238866
pgaspar0,skipped,,,,,2026-04-01T02:59:59.971531
tyomych-tovkach,skipped,RU,,3,11,2026-04-01T03:00:08.858996
Rieven,skipped,NL,,0,0,2026-04-01T03:00:14.452897
prasadjr,skipped,,,,,2026-04-01T03:00:32.232771
WairiaGracee,skipped,,,,,2026-04-01T03:00:49.281290
violet-day,skipped,,,,,2026-04-01T03:01:00.889428
SameenaAK,skipped,,,,,2026-04-01T03:01:19.145807
fahyik,skipped,,,,,2026-04-01T03:01:30.576755
22010176,skipped,,,,,2026-04-01T03:01:45.839204
fukushimasurao,skipped,JP,,0,0,2026-04-01T03:02:03.704556
markc,skipped,AU,,0,0,2026-04-01T03:02:22.642583
rusq,skipped,NZ,,0,0,2026-04-01T03:02:34.280534
v0y4g3r,skipped,US,,0,0,2026-04-01T03:02:46.146734
rba1aji,skipped,IN,,100,0,2026-04-01T03:02:58.701627
mioli-mmo,skipped,BR,,0,16,2026-04-01T03:03:10.978652
kocemir,skipped,TR,,23,0,2026-04-01T03:03:23.118960
blockiosaurus,skipped,,,,,2026-04-01T03:03:28.666405
tobiasgrosser,skipped,GB,,5,0,2026-04-01T03:03:38.754697
Masagca-Jazmine,skipped,,,,,2026-04-01T03:03:50.287451
ericx1907,skipped,,,,,2026-04-01T03:03:59.456243
nithyanagalakshmim,skipped,,,,,2026-04-01T03:04:17.542335
A-Souhei,skipped,,,,,2026-04-01T03:04:27.034127
DiegoRondonR,skipped,,,,,2026-04-01T03:04:44.137986
k-candidate,skipped,,,,,2026-04-01T03:04:56.127230
jumpyguest,skipped,,,,,2026-04-01T03:05:12.173508
fegig,skipped,NG,,0,0,2026-04-01T03:05:14.906753
CanerKarul,skipped,,,,,2026-04-01T03:05:31.901497
5facepof5,skipped,,,,,2026-04-01T03:05:40.541830
krigjo25,skipped,NO,,0,100,2026-04-01T03:05:53.028039
dimonzozo,skipped,DE,,0,0,2026-04-01T03:05:58.770879
Zhouyutian22,skipped,,,,,2026-04-01T03:06:05.045020
graemerocher,skipped,,,,,2026-04-01T03:06:07.869096
Splendinator,skipped,,,,,2026-04-01T03:06:25.947368
Favasfav,skipped,,,,,2026-04-01T03:06:43.482705
3405000,skipped,,,,,2026-04-01T03:06:56.203224
SparksD2145,skipped,US,,0,0,2026-04-01T03:07:08.099752
pbv0,skipped,DE,,0,0,2026-04-01T03:07:11.021498
poad,skipped,JP,,1,84,2026-04-01T03:07:20.859691
rmannibucau,skipped,FR,,0,0,2026-04-01T03:07:38.602798
Volodymyr322,skipped,,,,,2026-04-01T03:07:52.850061
SameerArora497,scored,IN,0.0678,9,91,2026-04-01T03:08:02.754088
aleksey-kochetkov,skipped,,,,,2026-04-01T03:08:08.729401
0o-de-lally,skipped,,,,,2026-04-01T03:08:14.361545
Hardik-gangani,skipped,,,,,2026-04-01T03:08:20.133594
iWas-Coder,scored,ES,0.0379,94,6,2026-04-01T03:08:36.731492
name-mun,skipped,KR,,0,15,2026-04-01T03:08:53.918613
felipesveiga,skipped,,,,,2026-04-01T03:09:12.232622
deanfoxcd,skipped,US,,0,14,2026-04-01T03:09:28.656249
ananta6969,skipped,,,,,2026-04-01T03:09:45.890849
supeshio,skipped,,,,,2026-04-01T03:09:55.359970
heappynd,skipped,,,,,2026-04-01T03:10:07.360105
PhamVoMinhKhoi,skipped,VN,,0,22,2026-04-01T03:10:24.982223
DominikRasinski,skipped,,,,,2026-04-01T03:10:44.606259
mizkyosia,skipped,FR,,36,4,2026-04-01T03:11:01.768359
hiyorijl,skipped,,,,,2026-04-01T03:11:10.892454
emonislive,skipped,BD,,0,100,2026-04-01T03:11:18.838638
33j33,skipped,,,,,2026-04-01T03:11:36.545189
L4rralde,skipped,MX,,0,3,2026-04-01T03:11:49.402927
GuillBuj,skipped,,,,,2026-04-01T03:12:00.904559
ccpolandUpstate,skipped,,,,,2026-04-01T03:12:15.692810
Almishev,skipped,,,,,2026-04-01T03:12:32.747640
trollkarl-dev,skipped,,,,,2026-04-01T03:12:44.512106
Manishmeena10038,skipped,,,,,2026-04-01T03:13:02.455146
nid003,skipped,,,,,2026-04-01T03:13:10.743350
AhmedHanafy725,skipped,,,,,2026-04-01T03:13:21.674808
Shivu-siri,skipped,,,,,2026-04-01T03:13:27.335544
mathsbrain,skipped,,,,,2026-04-01T03:13:45.255769
MilouMohamed,skipped,,,,,2026-04-01T03:14:05.453074
thibault-manse,skipped,,,,,2026-04-01T03:14:23.727663
tomok246,skipped,,,,,2026-04-01T03:14:41.684686
AntoineCarlu,skipped,,,,,2026-04-01T03:14:59.338918
MarionCts,skipped,FR,,0,41,2026-04-01T03:15:16.731104
johnflavin,skipped,,,,,2026-04-01T03:15:34.406293
GiorgiPapunashvili1,skipped,,,,,2026-04-01T03:15:48.963512
hfsha,skipped,,,,,2026-04-01T03:16:06.589161
plagoa,skipped,PT,,0,0,2026-04-01T03:16:09.409501
rodrigojustinodevs,skipped,,,,,2026-04-01T03:16:19.284103
haruki1227041209,skipped,,,,,2026-04-01T03:16:37.403551
choubeyshubham,skipped,IN,,0,100,2026-04-01T03:16:49.627118
ArshK17,skipped,,,,,2026-04-01T03:16:58.297353
ijl20,skipped,,,,,2026-04-01T03:17:18.167965
huangqinjin,skipped,,,,,2026-04-01T03:17:26.819763
Shisuiicaro,skipped,,,,,2026-04-01T03:17:38.964901
arbaj2002,skipped,,,,,2026-04-01T03:17:53.546549
kimdabeeb,skipped,KR,,0,2,2026-04-01T03:18:05.223543
s4w3d0ff,skipped,,,,,2026-04-01T03:18:17.821186
Onurion,skipped,,,,,2026-04-01T03:18:32.041299
arzezak,skipped,AR,,0,0,2026-04-01T03:18:52.438659
Abusooma,skipped,,,,,2026-04-01T03:19:04.572774
0x4xel0rd,skipped,,,,,2026-04-01T03:19:10.602477
pikruse,skipped,US,,31,1,2026-04-01T03:19:29.387419
ekaterina199249,skipped,,,,,2026-04-01T03:19:47.393132
jonslem,skipped,,,,,2026-04-01T03:19:50.046185
OmarFarhat0,skipped,,,,,2026-04-01T03:20:07.201602
dalcon10028,skipped,,,,,2026-04-01T03:20:25.194119
Tharaka-Chathuranga,skipped,LK,,25,0,2026-04-01T03:20:39.667453
ying123ww,skipped,,,,,2026-04-01T03:20:45.191385
teamblue-e2,skipped,,,,,2026-04-01T03:20:55.316253
imu2717,skipped,,,,,2026-04-01T03:21:00.964416
SvenPeldszus,skipped,SE,,0,0,2026-04-01T03:21:09.507062
KEMAL-YILDIRIM,skipped,,,,,2026-04-01T03:21:26.868865
MikeBeasterfeld,skipped,,,,,2026-04-01T03:21:44.195778
lschulz,skipped,,,,,2026-04-01T03:21:59.484866
Nancy-Ramirez,skipped,,,,,2026-04-01T03:22:14.111948
Atikashukla7,skipped,,,,,2026-04-01T03:22:28.572013
AnupamDatta-10825176,skipped,,,,,2026-04-01T03:22:43.817161
yhxjs,skipped,,,,,2026-04-01T03:22:58.480319
SaeedJannati,skipped,IR,,,,2026-04-01T03:23:15.620693
AnRaTheStar17ju1682,skipped,,,,,2026-04-01T03:23:27.942527
gompasandeep,skipped,,,,,2026-04-01T03:23:39.091971
a-serebryanskiy,skipped,RU,,0,1,2026-04-01T03:23:53.204262
n-niewiadowska,scored,PL,0.0632,12,37,2026-04-01T03:24:11.416943
AverageMarcus,skipped,GB,,0,0,2026-04-01T03:24:23.631195
dmitry-starushko,skipped,,,,,2026-04-01T03:24:32.413165
pekisan,skipped,,,,,2026-04-01T03:24:38.231488
sorongosdev,skipped,,,,,2026-04-01T03:24:55.995630
varunkumar,scored,IN,0.1529,6,6,2026-04-01T03:25:14.070300
xc448,skipped,,,,,2026-04-01T03:25:24.218697
ammarsecurity,skipped,IQ,,,,2026-04-01T03:25:41.732958
AlejandroBR10,skipped,,,,,2026-04-01T03:25:53.584021
Judian99,skipped,,,,,2026-04-01T03:25:59.934806
SamuelNWK,skipped,,,,,2026-04-01T03:26:02.755284
Svetla81Crossroad,skipped,,,,,2026-04-01T03:26:14.616966
zad-sixstrings,scored,CH,0.1876,33,6,2026-04-01T03:26:32.727771
TomashMaryniak,skipped,,,,,2026-04-01T03:26:44.371882
bhardwajtulsiram,skipped,,,,,2026-04-01T03:26:47.152640
0skyq,skipped,,,,,2026-04-01T03:27:04.700214
mohanduba,skipped,,,,,2026-04-01T03:27:22.362941
BlaiseBaptist,skipped,,,,,2026-04-01T03:27:37.002426
optmsshiv,skipped,IN,,0,0,2026-04-01T03:27:48.834243
1983shiv,skipped,IN,,1,0,2026-04-01T03:28:03.469782
ViVeniero,skipped,,,,,2026-04-01T03:28:14.736112
one-central,skipped,,,,,2026-04-01T03:28:27.250661
KulwinderSingh04,skipped,,,,,2026-04-01T03:28:39.591675
Container-H,skipped,,,,,2026-04-01T03:28:45.818345
TheCalebThornton,skipped,,,,,2026-04-01T03:29:02.703308
MatthewArenson,skipped,,,,,2026-04-01T03:29:09.116344
Ishikatakhtani,skipped,,,,,2026-04-01T03:29:27.866203
ztj0701,skipped,,,,,2026-04-01T03:29:37.569690
Janhavii10,skipped,,,,,2026-04-01T03:29:54.818092
aklavya20,skipped,,,,,2026-04-01T03:30:12.451446
sottovocetomato,skipped,,,,,2026-04-01T03:30:27.198012
Macca050598,skipped,,,,,2026-04-01T03:30:47.555739
JUNJIE99,skipped,,,,,2026-04-01T03:30:57.110946
Riponchig,skipped,,,,,2026-04-01T03:31:14.790573
rupinio,skipped,,,,,2026-04-01T03:31:20.459555
anonymoussynon,skipped,,,,,2026-04-01T03:31:27.211845
bhargav55,skipped,,,,,2026-04-01T03:31:48.947204
xbasel,skipped,,,,,2026-04-01T03:31:51.739217
Mustafo-hacker,skipped,,,,,2026-04-01T03:32:08.879856
ulahello,skipped,US,,0,100,2026-04-01T03:32:15.319749
aduayom,skipped,FR,,4,3,2026-04-01T03:32:32.463256
Rauan667,skipped,,,,,2026-04-01T03:32:49.806471
Omerguleryuz,skipped,TR,,0,43,2026-04-01T03:33:08.168002
dceara,skipped,,,,,2026-04-01T03:33:22.592391
mikhail-dcl,skipped,,,,,2026-04-01T03:33:33.138072
julandro,skipped,CO,,7,0,2026-04-01T03:33:50.710792
ccorcos,skipped,US,,0,0,2026-04-01T03:34:08.487859
eracoding,skipped,,,,,2026-04-01T03:34:26.705000
Bellanas,skipped,,,,,2026-04-01T03:34:32.378673
labassksa,skipped,,,,,2026-04-01T03:34:49.457071
julian-smith-artifex-com,skipped,,,,,2026-04-01T03:34:52.246311
Diegoval-Dev,skipped,,,,,2026-04-01T03:35:09.873599
sponew,skipped,CN,,0,48,2026-04-01T03:35:18.820432
betul-tezel,skipped,,,,,2026-04-01T03:35:39.650116
EvanPrograms,skipped,US,,12,0,2026-04-01T03:35:57.044884
ali-master,skipped,,,,,2026-04-01T03:35:59.903031
sandeepraju,skipped,US,,0,0,2026-04-01T03:36:17.278799
Albaagari10,skipped,SA,,0,10,2026-04-01T03:36:28.782031
NetCloud2017,skipped,,,,,2026-04-01T03:36:46.808527
wizzdom,skipped,,,,,2026-04-01T03:37:04.641076
KidusAlemayehu,skipped,,,,,2026-04-01T03:37:19.231580
AurelienDavodet,skipped,,,,,2026-04-01T03:37:22.112893
Egopi1998,skipped,IN,,0,0,2026-04-01T03:37:39.344535
RobCranfill,skipped,US,,0,0,2026-04-01T03:37:56.835408
Yash-123patel,skipped,,,,,2026-04-01T03:38:14.305249
felix-gohla,skipped,,,,,2026-04-01T03:38:22.987143
husnain572,skipped,,,,,2026-04-01T03:38:32.030730
halupa123,skipped,,,,,2026-04-01T03:38:38.392244
Bae-Song-Yi,skipped,,,,,2026-04-01T03:38:47.890590
kms0233,skipped,,,,,2026-04-01T03:38:53.658830
jojobejo,skipped,,,,,2026-04-01T03:39:11.665810
Yashparmar1125,skipped,IN,,0,100,2026-04-01T03:39:26.932793
saraf-z,skipped,,,,,2026-04-01T03:39:35.947709
linancn,skipped,CN,,0,0,2026-04-01T03:39:38.744576
shifan-mts,scored,IN,0.2363,39,6,2026-04-01T03:39:56.957060
MahendraRao,skipped,IN,,0,0,2026-04-01T03:40:05.485875
tcquant,skipped,,,,,2026-04-01T03:40:22.815723
Art-Yomcom,skipped,,,,,2026-04-01T03:40:37.412829
kreid06,skipped,,,,,2026-04-01T03:40:45.921855
inferior3x,skipped,,,,,2026-04-01T03:40:58.607326
CypersoftGithub,skipped,,,,,2026-04-01T03:41:14.170645
xmoxmo,skipped,,,,,2026-04-01T03:41:16.970217
Mehmetsdk,skipped,,,,,2026-04-01T03:41:31.401171
drew-hoffman,skipped,US,,0,0,2026-04-01T03:41:34.194294
egorystuff,skipped,,,,,2026-04-01T03:41:46.954097
cseriildi,scored,AT,0.1085,9,73,2026-04-01T03:41:59.336566
llRosell,skipped,,,,,2026-04-01T03:42:08.835017
azmansabbir,skipped,,,,,2026-04-01T03:42:26.095898
quba42,skipped,DE,,0,0,2026-04-01T03:42:43.369146
AbylaiAkhmetov05,skipped,,,,,2026-04-01T03:42:54.956606
NITHISH0532,skipped,,,,,2026-04-01T03:43:12.680441
Savastane,skipped,BR,,45,0,2026-04-01T03:43:29.059515
n3utrin0,skipped,,,,,2026-04-01T03:43:46.049196
AndreyPust,skipped,,,,,2026-04-01T03:44:05.017998
sachin2745,skipped,,,,,2026-04-01T03:44:23.183613
MBVianney,skipped,,,,,2026-04-01T03:44:35.092090
KaungSetLinn,skipped,,,,,2026-04-01T03:44:50.670643
MickCrozier,skipped,AU,,0,0,2026-04-01T03:44:53.502852
MemsourceTesting,skipped,,,,,2026-04-01T03:45:00.568644
Nishchhal15unaffected,skipped,,,,,2026-04-01T03:45:15.397679
EmilioPG13,skipped,,,,,2026-04-01T03:45:33.044819
Punlork,skipped,,,,,2026-04-01T03:45:50.147087
ydvprbn,skipped,,,,,2026-04-01T03:45:56.188631
Peiprjs,skipped,NL,,43,2,2026-04-01T03:46:12.913885
SebMendozaGonzalez,skipped,,,,,2026-04-01T03:46:19.190949
cnourrcier,skipped,,,,,2026-04-01T03:46:33.726050
IAmRiteshKoushik,skipped,,,,,2026-04-01T03:46:49.717223
alejandraechevarrieta,skipped,,,,,2026-04-01T03:47:07.760458
akanshaaa19,skipped,,,,,2026-04-01T03:47:18.890297
storyn26383,skipped,,,,,2026-04-01T03:47:36.029646
LidolLxf,skipped,,,,,2026-04-01T03:47:38.795258
VioletaCalvo,skipped,,,,,2026-04-01T03:47:53.438513
Aditya7786,scored,IN,0.0326,12,9,2026-04-01T03:48:11.269269
Bayukevin,skipped,ID,,21,0,2026-04-01T03:48:28.891799
jellyM0on,skipped,,,,,2026-04-01T03:48:44.994626
HieuVM6868,skipped,,,,,2026-04-01T03:48:54.354980
DeJisk,skipped,,,,,2026-04-01T03:49:00.464149
atm-irvine,skipped,,,,,2026-04-01T03:49:03.267217
MrOgwang,skipped,,,,,2026-04-01T03:49:18.343785
abdulhakeembsk4k59,skipped,,,,,2026-04-01T03:49:32.449232
AlexxxDevv,skipped,,,,,2026-04-01T03:49:50.217779
cbrxyz,skipped,,,,,2026-04-01T03:50:07.691213
f41gh7,skipped,,,,,2026-04-01T03:50:13.547446
vamshithaa,skipped,,,,,2026-04-01T03:50:31.264473
gungun04,skipped,IN,,0,11,2026-04-01T03:50:45.976825
Kvazar-213452,skipped,,,,,2026-04-01T03:51:03.898450
LiamEderzeel,skipped,NL,,0,100,2026-04-01T03:51:10.378545
DiegoCamposRJ,skipped,BR,,0,0,2026-04-01T03:51:21.956813
Nurio34,skipped,TR,,8,0,2026-04-01T03:51:39.560151
Preyone,skipped,,,,,2026-04-01T03:51:45.756647
20101301-Alina-Hasan,scored,BD,0.3863,28,72,2026-04-01T03:52:01.476687
MaverickDSmith,skipped,,,,,2026-04-01T03:52:19.642667
losky,skipped,,,,,2026-04-01T03:52:28.277751
ajrothwell,skipped,US,,0,0,2026-04-01T03:52:39.939650
smith-nathanh,skipped,,,,,2026-04-01T03:52:51.669676
maminrayej,skipped,,,,,2026-04-01T03:52:57.769091
Alina200127,skipped,,,,,2026-04-01T03:53:14.953695
itsgauravv,skipped,IN,,21,4,2026-04-01T03:53:32.709579
ilya-zvoznikov,skipped,,,,,2026-04-01T03:53:41.539154
jhonatansarmento,skipped,,,,,2026-04-01T03:53:59.543907
i2amsam,skipped,,,,,2026-04-01T03:54:11.065239
Dilson24,skipped,,,,,2026-04-01T03:54:29.514338
Kaiserin92,skipped,,,,,2026-04-01T03:54:48.263201
Balakrishnayempati,skipped,,,,,2026-04-01T03:55:05.467776
Farindra968,skipped,,,,,2026-04-01T03:55:22.837473
tchtinku,skipped,,,,,2026-04-01T03:55:36.983851
valeriaoiapoque,skipped,,,,,2026-04-01T03:55:42.817987
WillMacBaker,skipped,,,,,2026-04-01T03:56:00.561107
mkoujiri,skipped,,,,,2026-04-01T03:56:15.903658
AlparFelipeLima,skipped,,,,,2026-04-01T03:56:34.025022
faisalmemon1991,skipped,IN,,0,0,2026-04-01T03:56:51.668605
CRDutan5,skipped,,,,,2026-04-01T03:56:57.321620
pouchkine,skipped,,,,,2026-04-01T03:57:14.545681
uzdenov777,skipped,,,,,2026-04-01T03:57:32.075663
natir,skipped,FR,,0,0,2026-04-01T03:57:38.484168
djaglowski,skipped,,,,,2026-04-01T03:57:42.535952
ModestMannfred,skipped,,,,,2026-04-01T03:57:45.212050
hangqianjun,skipped,,,,,2026-04-01T03:57:57.355467
lsonWork,skipped,,,,,2026-04-01T03:58:17.059302
Adrian-glitc,skipped,,,,,2026-04-01T03:58:34.715569
fra98,skipped,IT,,34,0,2026-04-01T03:58:50.046528
sinam7,skipped,KR,,1,66,2026-04-01T03:59:08.223302
aurnabbarua02,skipped,,,,,2026-04-01T03:59:27.472631
lpm0073,skipped,MX,,0,0,2026-04-01T03:59:39.267886
sanikashete0905,skipped,,,,,2026-04-01T03:59:48.150681
CallumNZ,skipped,NZ,,0,0,2026-04-01T03:59:53.778908
alan-at-work,skipped,,,,,2026-04-01T03:59:59.406254
George7531,skipped,,,,,2026-04-01T04:00:05.486053
luiz-barros-92,skipped,BR,,0,100,2026-04-01T04:00:24.217289
Pa1nx,skipped,,,,,2026-04-01T04:00:30.827927
jinangshah21,skipped,,,,,2026-04-01T04:00:42.887075
DukeOfNero,skipped,,,,,2026-04-01T04:00:52.022083
TunahanTuze,skipped,,,,,2026-04-01T04:00:57.472168
denisgerad,skipped,,,,,2026-04-01T04:01:15.389441
ali-eljerrari,skipped,,,,,2026-04-01T04:01:32.724480
ryanpatenio,skipped,,,,,2026-04-01T04:01:50.120028
kripjan,skipped,,,,,2026-04-01T04:02:05.156452
jonsoku-dev,skipped,JP,,0,0,2026-04-01T04:02:23.402042
Kutan-Fuiton,skipped,,,,,2026-04-01T04:02:40.905789
JStateson,skipped,,,,,2026-04-01T04:02:53.137577
Vastav1812,skipped,IN,,4,62,2026-04-01T04:03:11.176724
ceduar888,skipped,,,,,2026-04-01T04:03:28.816948
wintinue,skipped,KR,,0,2,2026-04-01T04:03:40.512615
SurajMishraNagarro,skipped,,,,,2026-04-01T04:03:49.535747
arijitmidya,skipped,,,,,2026-04-01T04:04:07.178319
Krommka,skipped,,,,,2026-04-01T04:04:21.690341
LeeEirc,skipped,CN,,1,0,2026-04-01T04:04:27.564692
ykob,skipped,JP,,0,0,2026-04-01T04:04:42.229990
miyanao0505,skipped,,,,,2026-04-01T04:05:00.913484
Gedeongithub,skipped,,,,,2026-04-01T04:05:15.852331
Lukas-Rdt,skipped,,,,,2026-04-01T04:05:33.448872
roobootics,skipped,,,,,2026-04-01T04:05:43.929032
mike-gimelfarb,skipped,CA,,0,0,2026-04-01T04:06:02.255307
EalhcheGhreaysoun,skipped,,,,,2026-04-01T04:06:16.825498
amirmohammadkalateh,skipped,,,,,2026-04-01T04:06:33.944066
koobar,skipped,JP,,2,36,2026-04-01T04:06:45.499087
2400010957,skipped,,,,,2026-04-01T04:06:57.251230
GnanambhalSvRam,scored,US,0.0292,35,65,2026-04-01T04:07:09.555515
wzh425,skipped,,,,,2026-04-01T04:07:15.511156
sweetsica,skipped,,,,,2026-04-01T04:07:30.126890
VEN0M03,skipped,,,,,2026-04-01T04:07:48.269247
LiaKrykun,skipped,,,,,2026-04-01T04:08:08.673231
soufienabd,skipped,,,,,2026-04-01T04:08:14.172489
prashantkesarwani0501,skipped,,,,,2026-04-01T04:08:31.799000
tsssss,skipped,,,,,2026-04-01T04:08:37.898612
Sukram-89,skipped,,,,,2026-04-01T04:08:44.556815
abnvanand,skipped,IN,,0,0,2026-04-01T04:09:01.896420
PrinceTimilsina,skipped,NP,,1,99,2026-04-01T04:09:17.296433
rifaterdemsahin,skipped,GB,,0,1,2026-04-01T04:09:36.174072
Dmitry-Popovichev,skipped,,,,,2026-04-01T04:09:45.802238
Gabriel-afm,skipped,,,,,2026-04-01T04:10:03.335339
izikfronter,skipped,,,,,2026-04-01T04:10:09.355402
KuraZuzu,skipped,,,,,2026-04-01T04:10:26.589241
cstiago,skipped,,,,,2026-04-01T04:10:36.361465
hiroto09,skipped,,,,,2026-04-01T04:10:53.587521
Whiterose12765,skipped,,,,,2026-04-01T04:10:59.572061
Type-32,skipped,,,,,2026-04-01T04:11:14.506385
ILAKGIYAS,skipped,,,,,2026-04-01T04:11:32.315206
brighthe,skipped,,,,,2026-04-01T04:11:41.318056
ITACHIabimem,skipped,,,,,2026-04-01T04:11:49.713126
Xtarachiever,skipped,NG,,0,0,2026-04-01T04:12:04.672978
yuta-ushijima,skipped,JP,,0,0,2026-04-01T04:12:14.403268
reggaetuna,skipped,,,,,2026-04-01T04:12:25.894583
Zhao-Shen,skipped,,,,,2026-04-01T04:12:34.773312
bladerun16,skipped,IT,,0,100,2026-04-01T04:12:43.992736
unscttp,skipped,,,,,2026-04-01T04:13:01.364760
jennyhliu,skipped,,,,,2026-04-01T04:13:04.294920
ShreyaLaxminarayan,skipped,,,,,2026-04-01T04:13:21.918423
Ideet,skipped,,,,,2026-04-01T04:13:33.718721
phonemesolution075,skipped,,,,,2026-04-01T04:13:42.341530
kpavlov,skipped,EE,,,,2026-04-01T04:13:57.584822
kaveen-bandara,skipped,,,,,2026-04-01T04:14:15.856525
DAlS1N,skipped,,,,,2026-04-01T04:14:33.613836
R3ady2Code,skipped,,,,,2026-04-01T04:14:50.961611
Vaishnavi-0213,skipped,,,,,2026-04-01T04:15:09.002581
MartinKeys,skipped,,,,,2026-04-01T04:15:20.930662
turquoise-unbiased,skipped,,,,,2026-04-01T04:15:26.793955
kaustubhakalucifer,skipped,IN,,26,1,2026-04-01T04:15:45.924988
sun-jacobi,skipped,,,,,2026-04-01T04:16:00.942032
khabukhadra,skipped,,,,,2026-04-01T04:16:07.249401
MaicolRojas,skipped,,,,,2026-04-01T04:16:25.250781
Aabishkar07,skipped,,,,,2026-04-01T04:16:41.587933
SangeetaPondrati,skipped,,,,,2026-04-01T04:16:56.356005
mhmaldyb510,skipped,,,,,2026-04-01T04:17:13.623216
Lyannen258,skipped,,,,,2026-04-01T04:17:22.485829
DARKINOO,skipped,,,,,2026-04-01T04:17:40.406061
nguyenconghieudata,skipped,,,,,2026-04-01T04:17:46.538543
NorbertHartlep,skipped,,,,,2026-04-01T04:18:05.552370
grahacr,skipped,,,,,2026-04-01T04:18:14.580215
parroty-exp,skipped,,,,,2026-04-01T04:18:26.954252
zzsyppt,skipped,CN,,0,52,2026-04-01T04:18:38.799849
gcappon,skipped,IT,,36,0,2026-04-01T04:18:52.856060
ashman02,skipped,IN,,2,62,2026-04-01T04:19:10.203607
Sneha25AK,skipped,,,,,2026-04-01T04:19:18.826029
MishrajiiCode,skipped,,,,,2026-04-01T04:19:35.767386
bryankszx,skipped,,,,,2026-04-01T04:19:53.012451
Bipauli,skipped,,,,,2026-04-01T04:20:02.417919
jenberu,skipped,ET,,,,2026-04-01T04:20:20.386516
aseyboldt,skipped,NL,,0,0,2026-04-01T04:20:26.221447
benomahony,skipped,GB,,0,0,2026-04-01T04:20:34.714976
Samuel0802,skipped,,,,,2026-04-01T04:20:52.905941
renodor,skipped,FR,,0,0,2026-04-01T04:21:09.145481
cthun70,skipped,,,,,2026-04-01T04:21:20.864001
koush,skipped,US,,0,0,2026-04-01T04:21:34.989003
xiaochuan886,skipped,,,,,2026-04-01T04:21:53.790381
KetchuppOfficial,skipped,,,,,2026-04-01T04:22:08.575968
Shahinul-Islam,skipped,BD,,0,0,2026-04-01T04:22:25.752624
rohit5288,skipped,IN,,14,0,2026-04-01T04:22:43.207661
syviline,skipped,,,,,2026-04-01T04:22:54.757485
Bobby-hulu,skipped,,,,,2026-04-01T04:23:06.452812
ITManCHINA,skipped,,,,,2026-04-01T04:23:12.645571
Mocktic,skipped,IN,,1,0,2026-04-01T04:23:24.179337
Whji,skipped,,,,,2026-04-01T04:23:30.394719
ivan-mezhenin,skipped,,,,,2026-04-01T04:23:37.009390
Faiaz-Rahman,scored,BD,0.0316,24,5,2026-04-01T04:23:54.409831
DongHoonYu96,skipped,,,,,2026-04-01T04:24:00.803959
hfedcba,skipped,,,,,2026-04-01T04:24:14.887598
Vivek-Verma-git,skipped,,,,,2026-04-01T04:24:26.651419
Gabriel-Gald1n0,skipped,,,,,2026-04-01T04:24:44.157263
freshlml,skipped,,,,,2026-04-01T04:24:59.782573
wang6131,skipped,,,,,2026-04-01T04:25:05.487791
Manasaguduri796,skipped,,,,,2026-04-01T04:25:24.337457
prajwal-desai,skipped,,,,,2026-04-01T04:25:41.974956
AveryWillets,skipped,,,,,2026-04-01T04:25:59.749735
Alvi847,skipped,,,,,2026-04-01T04:26:06.106007
jlhughes,skipped,CA,,0,91,2026-04-01T04:26:17.381019
gent0807,skipped,KR,,100,0,2026-04-01T04:26:29.827635
Brucieee,skipped,,,,,2026-04-01T04:26:44.305376
MboaAbel,skipped,,,,,2026-04-01T04:27:01.370203
MakSimKlim,skipped,,,,,2026-04-01T04:27:19.740384
SimonHeybrock,skipped,SE,,0,0,2026-04-01T04:27:26.500663
jimmy-zhening-luo,skipped,US,,0,100,2026-04-01T04:27:38.569207
FT81xMania,skipped,,,,,2026-04-01T04:27:50.747814
ericcrosson-bitgo,skipped,,,,,2026-04-01T04:27:56.894794
hari-sastha,skipped,,,,,2026-04-01T04:28:14.685798
BibekPoudel855,scored,NP,0.0291,41,59,2026-04-01T04:28:20.949014
skytheacademic,skipped,,,,,2026-04-01T04:28:30.355095
KejiaChen,skipped,,,,,2026-04-01T04:28:39.147417
MRegeard,skipped,FR,,45,0,2026-04-01T04:28:45.606772
ygemici,skipped,TR,,0,0,2026-04-01T04:28:48.426021
AFLucas-UOM,skipped,,,,,2026-04-01T04:28:55.171149
isyamarshabindarputra,skipped,,,,,2026-04-01T04:29:12.423929
ram1123,skipped,US,,0,0,2026-04-01T04:29:27.664977
mbuefeijoo,skipped,,,,,2026-04-01T04:29:38.854604
HektorTM,skipped,,,,,2026-04-01T04:29:47.745101
alealiberti,skipped,,,,,2026-04-01T04:29:54.677898
mldwr,skipped,,,,,2026-04-01T04:30:00.680559
the5orcerer,skipped,,,,,2026-04-01T04:30:19.943652
kuntowck,skipped,ID,,1,87,2026-04-01T04:30:38.004092
EricTheGloomy,skipped,,,,,2026-04-01T04:30:47.470352
iiimejib828,skipped,,,,,2026-04-01T04:31:04.759841
scartill,skipped,IL,,0,100,2026-04-01T04:31:10.916180
jcwilk,skipped,,,,,2026-04-01T04:31:22.548137
GbengaClarke,skipped,,,,,2026-04-01T04:31:40.710961
HopliteRPG,skipped,,,,,2026-04-01T04:31:55.709040
Escaflowne1985,skipped,,,,,2026-04-01T12:00:05.920589
Maista6969,skipped,,,,,2026-04-01T12:00:08.944369
7aviel,skipped,,,,,2026-04-01T12:07:31.465710
rayyan-munassar,skipped,,,,,2026-04-01T12:08:46.603211
LokeLandfors,skipped,,,,,2026-04-01T12:13:01.378126
Blazeiscoding,skipped,,,,,2026-04-01T12:16:40.721521
zxf1231,skipped,,,,,2026-04-01T12:16:43.437719
alvinwmtan,skipped,,,,,2026-04-01T12:17:12.567750
lucassrlkz,skipped,,,,,2026-04-01T12:18:19.314045
katherinehorn1,skipped,,,,,2026-04-01T12:18:30.904430
Vijaykumar-Muppirisetti,skipped,IN,,0,9,2026-04-01T12:19:13.605774
box-7,skipped,,,,,2026-04-01T12:19:41.890035
cameronperera,skipped,,,,,2026-04-01T12:20:40.748992
mayarotstein,skipped,,,,,2026-04-01T12:21:21.839271
santitigaga,skipped,CO,,0,0,2026-04-01T12:21:24.908014
mirkodandrea,skipped,,,,,2026-04-01T12:21:42.394003
ultimatile,skipped,,,,,2026-04-01T12:22:09.224280
VeriTas-arch,skipped,,,,,2026-04-01T12:22:28.887880
hurram-dev,skipped,UZ,,,,2026-04-01T12:23:03.364515
babakkarimib,skipped,,,,,2026-04-01T12:23:31.534042
arabidopsis,skipped,,,,,2026-04-01T12:23:54.721703
Abdul-Samad-75,skipped,,,,,2026-04-01T12:24:18.271286
hudsonviana,skipped,,,,,2026-04-01T12:24:46.903506
ricardo-jorge-tavares,skipped,,,,,2026-04-01T12:24:53.494427
b3nkai,skipped,FR,,0,0,2026-04-01T12:24:59.004907
iraddoron2,skipped,,,,,2026-04-01T12:25:30.320655
mathew-tran,skipped,CN,,53,4,2026-04-01T12:25:40.602795
Sebastian-Montoya17,skipped,CO,,0,20,2026-04-01T12:26:02.292190
facelessfish,skipped,,,,,2026-04-01T12:26:33.846822
zonde306,skipped,ID,,1,0,2026-04-01T12:27:21.239215
daniloabramo,skipped,,,,,2026-04-01T12:28:20.733385
darvin-rakotomalala,scored,CA,0.0293,17,18,2026-04-01T12:28:48.136285
mdanasec,skipped,IN,,11,0,2026-04-01T12:29:39.483039
kyohei-p,skipped,,,,,2026-04-01T12:30:35.071925
AH-Ratul,scored,BD,0.1576,10,16,2026-04-01T12:31:33.843531
AbdulMoizOfficial0,skipped,PK,,0,18,2026-04-01T12:32:04.127872
Karson-L,skipped,CN,,0,7,2026-04-01T12:32:13.738987
gregorjerse,skipped,,,,,2026-04-01T12:32:41.346696
antheayu,skipped,,,,,2026-04-01T12:32:45.390540
crstrn13,skipped,,,,,2026-04-01T12:33:01.107909
lastephenson42,skipped,,,,,2026-04-01T12:33:19.979632
montivl,skipped,,,,,2026-04-01T12:33:30.909102
jonbarker68,skipped,GB,,0,23,2026-04-01T12:33:47.658956
benjaminbally,skipped,FR,,0,0,2026-04-01T12:33:57.635854
guilhermecanfield,skipped,,,,,2026-04-01T12:34:40.490333
nikhildarji123,skipped,IN,,1,6,2026-04-01T12:35:14.846616
roosre,skipped,CH,,0,0,2026-04-01T12:35:17.570282
albdimanuel-elastic,skipped,,,,,2026-04-01T12:35:58.589493
connor-sae,skipped,,,,,2026-04-01T12:36:37.522010
rouven0,skipped,DE,,1,0,2026-04-01T12:36:48.323097
guyro85,skipped,,,,,2026-04-01T12:37:30.425290
nimrod-a,skipped,DE,,0,35,2026-04-01T12:37:55.925080
Walter-Duchi,skipped,EC,,,,2026-04-01T12:38:26.443831
Exuille,skipped,,,,,2026-04-01T12:39:01.214312
venkatesh141,skipped,,,,,2026-04-01T12:39:53.480889
wg-hmrc,skipped,,,,,2026-04-01T12:39:56.213350
jackkkchen,skipped,,,,,2026-04-01T12:40:30.140859
Peter42306,skipped,,,,,2026-04-01T12:41:13.251473
zinsani,skipped,,,,,2026-04-01T12:41:25.336849
protoad56,skipped,,,,,2026-04-01T12:41:56.057692
sitsae,skipped,,,,,2026-04-01T12:42:43.775113
Deepika69740,skipped,,,,,2026-04-01T12:43:46.034129
Banwagon,skipped,,,,,2026-04-01T12:44:39.282060
ws4charlie,skipped,,,,,2026-04-01T12:45:25.692857
k2controls,scored,US,0.0424,74,26,2026-04-01T12:45:56.162648
camaradafurry,skipped,,,,,2026-04-01T12:46:10.932392
DVHuy01,skipped,,,,,2026-04-01T12:46:49.619678
tominaga-rikiya,skipped,,,,,2026-04-01T12:47:41.044531
Shivam-Narayan,skipped,IN,,4,96,2026-04-01T12:49:20.888785
karper8,skipped,,,,,2026-04-01T12:49:47.101806
anup30,skipped,BD,,7,2,2026-04-01T12:51:36.196905
MnacsM,scored,JP,0.0571,13,50,2026-04-01T12:52:33.736124
DvoVlad,skipped,,,,,2026-04-01T12:53:10.779408
thebrightspark,skipped,GB,,0,0,2026-04-01T12:53:22.588870
Quesdtion,skipped,,,,,2026-04-01T12:53:33.717397
jarcar08,skipped,,,,,2026-04-01T12:54:20.730005
seemantaggarwal,skipped,,,,,2026-04-01T12:54:58.975325
codechaseers,skipped,IN,,0,0,2026-04-01T12:55:46.529287
Reethika-K,skipped,,,,,2026-04-01T12:56:35.272378
Emanon42,skipped,US,,0,0,2026-04-01T12:56:47.107378
joegoooo,skipped,,,,,2026-04-01T12:57:23.687740
DBraun,skipped,,,,,2026-04-01T12:58:08.626138
tfilipp,skipped,,,,,2026-04-01T12:58:28.369730
jukkar,skipped,FI,,0,0,2026-04-01T12:59:09.496918
kvargha,skipped,,,,,2026-04-01T13:00:04.461640
Miot,skipped,CN,,0,0,2026-04-01T13:00:30.418426
AntoineCharton,skipped,,,,,2026-04-01T13:00:46.478803
tthuma1,skipped,SI,,,,2026-04-01T13:01:01.757318
proyectoja,skipped,,,,,2026-04-01T13:01:08.536223
sri-adarsh-kumar,skipped,DE,,0,0,2026-04-01T13:01:11.350443
surprisinglyhard,skipped,,,,,2026-04-01T13:01:24.524310
STINGNAILS,skipped,DE,,0,0,2026-04-01T13:01:33.532343
cippaciong,skipped,IT,,0,95,2026-04-01T13:01:39.918401
Faraday124,skipped,,,,,2026-04-01T13:01:57.790024
pylafleur,skipped,CA,,0,0,2026-04-01T13:02:00.524291
AlchemistMonkey02,skipped,,,,,2026-04-01T13:02:18.779373
alekssamos,scored,RU,0.0406,25,73,2026-04-01T13:02:28.040981
Lgion,skipped,,,,,2026-04-01T13:02:45.777425
schletz,skipped,,,,,2026-04-01T13:03:05.157941
clint-code,skipped,KE,,0,0,2026-04-01T13:03:23.475332
GilRahamim98,skipped,,,,,2026-04-01T13:03:44.113079
Sergiodevelopersk8,skipped,,,,,2026-04-01T13:04:01.676225
Noctulus,scored,CN,0.0463,22,21,2026-04-01T13:04:07.700378
kiselevart,skipped,,,,,2026-04-01T13:04:23.494077
201507010220,skipped,,,,,2026-04-01T13:04:29.578099
RockcandyFox,skipped,,,,,2026-04-01T13:04:36.358898
3i299492,skipped,SG,,0,2,2026-04-01T13:04:45.129557
Atif-Kaleem-cyber,skipped,,,,,2026-04-01T13:05:05.889687
DanielPapp12,skipped,BR,,0,9,2026-04-01T13:05:11.814639
tabrej-the-developer,skipped,,,,,2026-04-01T13:05:22.288955
taeho-gwon,skipped,,,,,2026-04-01T13:05:29.326788
carlosq-ordering,skipped,,,,,2026-04-01T13:05:32.140768
dthanos,skipped,,,,,2026-04-01T13:05:50.209582
beastr45,skipped,,,,,2026-04-01T13:06:02.988588
WhyNovaa,skipped,,,,,2026-04-01T13:06:18.987412
Dsovichy,skipped,,,,,2026-04-01T13:06:33.861438
yuvashreemuthukumaran,skipped,,,,,2026-04-01T13:06:51.937468
harikeshpandey,skipped,,,,,2026-04-01T13:07:10.026550
clocyyy,skipped,,,,,2026-04-01T13:07:15.755445
Aldatz,skipped,,,,,2026-04-01T13:07:31.003828
ENg-122,skipped,,,,,2026-04-01T13:07:48.691112
jay,skipped,US,,0,0,2026-04-01T13:08:04.014949
ranjithronie,skipped,,,,,2026-04-01T13:08:16.960480
snir228,skipped,,,,,2026-04-01T13:08:23.264979
Konner1,skipped,,,,,2026-04-01T13:08:38.623926
Andyone89,skipped,,,,,2026-04-01T13:08:57.691089
shpran,skipped,PL,,23,0,2026-04-01T13:09:06.975401
avivg-starkware,skipped,,,,,2026-04-01T13:09:09.696309
PanuwatSF,skipped,,,,,2026-04-01T13:09:21.852418
rinnasha,skipped,,,,,2026-04-01T13:09:35.578680
Thayaravianello,skipped,,,,,2026-04-01T13:09:46.431248
Plopix,skipped,US,,2,0,2026-04-01T13:10:05.132870
Anhair32167,skipped,,,,,2026-04-01T13:10:20.170615
huyenpham2995,skipped,,,,,2026-04-01T13:10:43.250622
Check-HazratALi,skipped,,,,,2026-04-01T13:11:01.864040
svigabriel,skipped,,,,,2026-04-01T13:11:13.499781
EugeneSadness,skipped,,,,,2026-04-01T13:11:31.542928
OctopusButtons,skipped,,,,,2026-04-01T13:11:35.813208
worgarside-hass,skipped,,,,,2026-04-01T13:11:41.529151
van-den-Berg,skipped,,,,,2026-04-01T13:11:47.003213
RockinChaos,skipped,,,,,2026-04-01T13:11:53.795068
AFP-Creativ,skipped,,,,,2026-04-01T13:12:02.826235
liam-lloyd,skipped,,,,,2026-04-01T13:12:21.357614
rooted-cyber,skipped,,,,,2026-04-01T13:12:39.994879
elahevakili1382,skipped,,,,,2026-04-01T13:12:58.632627
Sanjiban1234,skipped,,,,,2026-04-01T13:13:13.959726
Shrvin-git,skipped,,,,,2026-04-01T13:13:32.108869
matfiz17181920,skipped,,,,,2026-04-01T13:13:38.059340
zainsheihk,skipped,PK,,0,18,2026-04-01T13:13:55.919848
ongeelim,skipped,,,,,2026-04-01T13:13:58.623080
slavik2011,skipped,,,,,2026-04-01T13:14:13.497497
PeterBjorkholm80,skipped,,,,,2026-04-01T13:14:31.665371
menger19980328,skipped,,,,,2026-04-01T13:14:50.561869
minamarcxs,skipped,,,,,2026-04-01T13:14:56.647197
Backtthefuture,skipped,,,,,2026-04-01T13:15:14.682262
GAPP2434,skipped,,,,,2026-04-01T13:15:32.740692
anishnaik1203,skipped,,,,,2026-04-01T13:15:42.172643
ahmedabdallah00,skipped,,,,,2026-04-01T13:16:00.331380
GlowingFederal,skipped,US,,0,7,2026-04-01T13:16:09.487726
AlenaBumai,skipped,,,,,2026-04-01T13:16:28.275036
HongVi711,skipped,,,,,2026-04-01T13:16:37.549724
DarkSidedMangoose,skipped,,,,,2026-04-01T13:16:53.364800
zbiljic,skipped,,,,,2026-04-01T13:17:11.008887
Averjahn,skipped,,,,,2026-04-01T13:17:28.966918
ion-elgreco,skipped,NL,,2,0,2026-04-01T13:17:34.920156
amitsuthar69,scored,IN,0.0243,68,32,2026-04-01T13:17:47.782305
LucasFA,skipped,,,,,2026-04-01T13:17:56.921347
ptlthg,skipped,,,,,2026-04-01T13:18:03.481818
Aditya-raghuvanshi19,skipped,,,,,2026-04-01T13:18:09.669387
MitchellAcoustics,skipped,GB,,0,0,2026-04-01T13:18:15.507829
elderookie,skipped,,,,,2026-04-01T13:18:33.371830
maggybersaglio,skipped,,,,,2026-04-01T13:18:43.873572
a20190202,skipped,,,,,2026-04-01T13:18:53.118020
Akhi743,skipped,,,,,2026-04-01T13:19:02.351153
Conj43,skipped,,,,,2026-04-01T13:19:17.547463
MichailTal,skipped,,,,,2026-04-01T13:19:35.700128
valeriia123,skipped,,,,,2026-04-01T13:19:54.285731
JEONG-J,skipped,,,,,2026-04-01T13:20:09.545269
arnyyyyy,skipped,RU,,0,92,2026-04-01T13:20:23.217789
Diegojfsr,skipped,,,,,2026-04-01T13:20:41.577084
gces3226,skipped,,,,,2026-04-01T13:20:50.628548
foucault-watt,skipped,FR,,0,100,2026-04-01T13:21:05.165221
Fr4nc3,skipped,US,,10,0,2026-04-01T13:21:12.150536
minami22x3,skipped,VN,,0,0,2026-04-01T13:21:30.069795
pranjulsaxena,skipped,IN,,0,22,2026-04-01T13:21:42.317299
xariahdailstone,skipped,,,,,2026-04-01T13:21:49.378343
eojeel,skipped,,,,,2026-04-01T13:21:58.119390
jainapurva,skipped,,,,,2026-04-01T13:22:16.431738
Qudratjon14,skipped,,,,,2026-04-01T13:22:34.300463
sammy-g254,skipped,,,,,2026-04-01T13:22:52.074718
hotakmuhammad,skipped,FR,,0,100,2026-04-01T13:23:01.792499
dafiraone,skipped,,,,,2026-04-01T13:23:17.012791
Souri20,skipped,,,,,2026-04-01T13:23:34.698742
aasin729,skipped,,,,,2026-04-01T13:23:53.326040
suryasaputra2016,skipped,,,,,2026-04-01T13:24:09.166473
FamALouiz,scored,DE,0.0442,9,6,2026-04-01T13:24:28.014737
DuskoZ,skipped,,,,,2026-04-01T13:24:43.771745
Ranit-dev2004,skipped,,,,,2026-04-01T13:25:01.619234
Yuxin-Ji,skipped,,,,,2026-04-01T13:25:10.894482
pwnintended,skipped,,,,,2026-04-01T13:25:13.777015
faisalchowdhury,skipped,,,,,2026-04-01T13:25:31.502028
Kwikl-Client,skipped,,,,,2026-04-01T13:25:44.306727
UmamKhoerul,skipped,,,,,2026-04-01T13:25:50.322172
sandbergja,skipped,,,,,2026-04-01T13:26:09.686215
Hectotor,skipped,,,,,2026-04-01T13:26:15.903601
alex771025,skipped,,,,,2026-04-01T13:26:24.905735
go-gg,skipped,,,,,2026-04-01T13:26:27.670091
jrasell,skipped,GB,,0,0,2026-04-01T13:26:43.240989
m00nj1,skipped,,,,,2026-04-01T13:26:55.548225
catstar27,skipped,,,,,2026-04-01T13:27:11.366134
sharvesh300,skipped,,,,,2026-04-01T13:27:27.272589
benono,skipped,,,,,2026-04-01T13:27:46.280470
AbdelrahmanRagheb,skipped,,,,,2026-04-01T13:28:05.895042
mark9804,skipped,JP,,0,0,2026-04-01T13:28:18.540970
kozii-d,skipped,,,,,2026-04-01T13:28:33.966299
ChessZra,scored,US,0.0273,56,5,2026-04-01T13:28:52.521862
YannisPapa,skipped,US,,0,0,2026-04-01T13:29:10.417815
akhad-abdullaev,skipped,UZ,,,,2026-04-01T13:29:28.332265
discovertej,skipped,,,,,2026-04-01T13:29:37.528601
yihuididi,skipped,,,,,2026-04-01T13:29:50.325901
Giferns,skipped,,,,,2026-04-01T13:29:59.648123
teowk28,skipped,,,,,2026-04-01T13:30:08.922500
stefanjakobsson,skipped,,,,,2026-04-01T13:30:12.050883
minhkiwi14,skipped,SG,,0,26,2026-04-01T13:30:24.893990
travsteward,skipped,,,,,2026-04-01T13:30:31.320722
vivekvpai,skipped,,,,,2026-04-01T13:30:50.579336
vangelis183,skipped,DE,,0,0,2026-04-01T13:30:53.417803
JunSong-SH,skipped,,,,,2026-04-01T13:30:56.105579
HerbForest,skipped,,,,,2026-04-01T13:31:13.996372
RuCiCa,skipped,,,,,2026-04-01T13:31:31.949530
Jotilson,skipped,,,,,2026-04-01T13:31:49.812574
Nadrieril,skipped,FR,,0,0,2026-04-01T13:32:05.518632
riehseun,skipped,,,,,2026-04-01T13:32:24.401498
patrickpichler,skipped,AT,,0,0,2026-04-01T13:32:37.418874
DevComper,skipped,AU,,0,17,2026-04-01T13:32:52.455397
davis-trem,skipped,,,,,2026-04-01T13:33:10.568001
dvoituron,skipped,BE,,0,0,2026-04-01T13:33:28.695892
tillreichardt,skipped,DE,,45,2,2026-04-01T13:33:47.342920
Arya1Putra,skipped,,,,,2026-04-01T13:34:08.077581
JeronimoMarg,skipped,,,,,2026-04-01T13:34:20.427119
waseemio,skipped,,,,,2026-04-01T13:34:39.059618
Deep-3,skipped,,,,,2026-04-01T13:34:57.346642
nftexplorer7015,skipped,,,,,2026-04-01T13:35:15.158505
vignesh-0113,skipped,,,,,2026-04-01T13:35:33.861760
VishnuKumarSingh,skipped,,,,,2026-04-01T13:35:53.828803
akshaykalucha,skipped,US,,0,0,2026-04-01T13:36:11.668261
somia20,skipped,IN,,15,0,2026-04-01T13:36:26.743321
andrea-pasquale,skipped,,,,,2026-04-01T13:36:40.108735
alexandevcwa,skipped,,,,,2026-04-01T13:36:56.384873
mrl00,skipped,,,,,2026-04-01T13:37:15.726899
satan-tango,skipped,,,,,2026-04-01T13:37:33.836307
daniel-weisse,skipped,,,,,2026-04-01T13:37:39.895086
JRubalcaba,skipped,,,,,2026-04-01T13:37:59.017587
chrisheithoff,scored,US,0.0236,34,53,2026-04-01T13:38:18.003195
Vishalnaidu77,skipped,,,,,2026-04-01T13:38:35.970910
zqm2021,skipped,,,,,2026-04-01T13:38:46.590464
danii0110,skipped,,,,,2026-04-01T13:39:04.643873
winngwephyo9,skipped,,,,,2026-04-01T13:39:19.259441
danielr0d,skipped,,,,,2026-04-01T13:39:34.584210
nvinvi,skipped,,,,,2026-04-01T13:39:40.323201
Harpreet-kaur786,skipped,,,,,2026-04-01T13:39:59.446508
jmdeleon,skipped,,,,,2026-04-01T13:40:17.715232
im-genie,skipped,,,,,2026-04-01T13:40:30.891491
pola1707,skipped,,,,,2026-04-01T13:40:49.734454
wwoffxx,skipped,,,,,2026-04-01T13:40:59.307033
KishiTheMechanic,skipped,NL,,0,0,2026-04-01T13:41:02.165612
mogr20,skipped,GB,,0,100,2026-04-01T13:41:21.487755
xandudex,skipped,,,,,2026-04-01T13:41:30.264302
Samuel1796,skipped,,,,,2026-04-01T13:41:48.444432
WeiHanNP,skipped,,,,,2026-04-01T13:42:07.868771
svankooyek,skipped,,,,,2026-04-01T13:42:22.537792
akagami-harsh,skipped,IN,,10,0,2026-04-01T13:42:35.777851
AntynK,skipped,,,,,2026-04-01T13:42:54.578405
bird00101011,skipped,,,,,2026-04-01T13:43:00.894989
GSDion,skipped,,,,,2026-04-01T13:43:19.457634
raidolContreras,skipped,,,,,2026-04-01T13:43:38.144622
Riteshk64,skipped,,,,,2026-04-01T13:43:56.620910
TetsuKawa,skipped,,,,,2026-04-01T13:44:09.214951
e-fuhrmann,skipped,,,,,2026-04-01T13:44:15.157169
priyadixit123,skipped,,,,,2026-04-01T13:44:33.681019
HaiwangYu,skipped,US,,0,0,2026-04-01T13:44:45.722222
chatzapatendimento,skipped,,,,,2026-04-01T13:45:01.057124
mariamejia05,skipped,,,,,2026-04-01T13:45:16.445703
NEO849,skipped,,,,,2026-04-01T13:45:32.510024
KarmaToast40340,skipped,,,,,2026-04-01T13:45:48.192337
Virajb19,skipped,,,,,2026-04-01T13:46:03.108477
titikshaha,skipped,,,,,2026-04-01T13:46:22.367368
5sway,skipped,,,,,2026-04-01T13:46:25.358478
vladostp,skipped,,,,,2026-04-01T13:46:31.801346
eturgeneva,skipped,,,,,2026-04-01T13:46:40.778617
fintinc,skipped,,,,,2026-04-01T13:46:43.539844
ldqk,skipped,SG,,0,100,2026-04-01T13:46:52.997036
kazBrainz,skipped,NG,,17,0,2026-04-01T13:47:05.095739
patrickkerby,skipped,,,,,2026-04-01T13:47:15.045814
viames,skipped,,,,,2026-04-01T13:47:21.392409
Mateus-Pasqueta,skipped,BR,,0,54,2026-04-01T13:47:36.691700
yuhongsun96,skipped,US,,0,0,2026-04-01T13:47:39.425821
Ajking11,skipped,,,,,2026-04-01T13:47:58.556793
w199753,skipped,CN,,0,0,2026-04-01T13:48:14.020194
siddhantshukla108,skipped,,,,,2026-04-01T13:48:21.796801
ikramakif42,skipped,,,,,2026-04-01T13:48:29.034138
sandowgaming,skipped,,,,,2026-04-01T13:48:31.951992
fondinfo,skipped,,,,,2026-04-01T13:48:41.836587
miiy,skipped,,,,,2026-04-01T13:49:00.390816
mshafrizal,skipped,ID,,85,2,2026-04-01T13:49:20.345047
BrettOrmsby,scored,CA,0.05,91,9,2026-04-01T13:49:36.092992
smjn,skipped,,,,,2026-04-01T13:49:53.666445
vansh-903,skipped,,,,,2026-04-01T13:50:06.672051
JiangyanYu,skipped,DE,,68,1,2026-04-01T13:50:26.010849
easoming,skipped,RU,,0,9,2026-04-01T13:50:34.813802
shafikul-office-git,skipped,BD,,0,3,2026-04-01T13:50:49.621678
iOmega8561,skipped,,,,,2026-04-01T13:50:56.268720
Mathuszaza,skipped,,,,,2026-04-01T13:51:02.377789
jsontype,skipped,,,,,2026-04-01T13:51:09.261255
Tchantcho-tchoutto-isaac,skipped,,,,,2026-04-01T13:51:26.982841
N-lacy,skipped,,,,,2026-04-01T13:51:45.106858
jiaqingguo,skipped,,,,,2026-04-01T13:52:03.401070
Benj1bear,skipped,,,,,2026-04-01T13:52:09.878722
wangLyndon,scored,CN,0.049,7,54,2026-04-01T13:52:28.838513
MarkBSH,skipped,,,,,2026-04-01T13:52:38.386375
kvidera-ben,skipped,,,,,2026-04-01T13:52:56.747675
mvolkmann,skipped,,,,,2026-04-01T13:53:15.480765
HelenKo07,skipped,,,,,2026-04-01T13:53:34.193290
jetelain,skipped,FR,,3,6,2026-04-01T13:53:50.098853
killij,skipped,,,,,2026-04-01T13:53:56.273889
iankduffy,skipped,GB,,0,0,2026-04-01T13:54:15.777087
mu-sallam,skipped,,,,,2026-04-01T13:54:36.334491
AlijonovAzamjon2303,skipped,,,,,2026-04-01T13:54:54.196104
EduardoGomesSa,skipped,,,,,2026-04-01T13:55:09.397413
kuoruan,skipped,CN,,0,0,2026-04-01T13:55:27.289690
AsadYezdan-School,skipped,,,,,2026-04-01T13:55:39.866052
nabendu82,skipped,,,,,2026-04-01T13:55:54.807531
Cryru,skipped,BG,,,,2026-04-01T13:56:02.166818
1OmarTarek1,skipped,EG,,16,3,2026-04-01T13:56:20.524407
onecoolx,skipped,,,,,2026-04-01T13:56:27.838076
thelazyone,skipped,,,,,2026-04-01T13:56:40.709090
Twqcoin,skipped,,,,,2026-04-01T13:56:47.262325
GitGert,skipped,,,,,2026-04-01T13:57:02.649139
heisenbug221b,skipped,IN,,0,8,2026-04-01T13:57:11.383536
EAM26,skipped,,,,,2026-04-01T13:57:18.571125
kiprasmel,skipped,LT,,,,2026-04-01T13:57:31.664747
dovietchinh,skipped,,,,,2026-04-01T13:57:48.624263
Johan-1502,skipped,,,,,2026-04-01T13:58:07.451879
Harman6282,skipped,,,,,2026-04-01T13:58:25.585172
david-waltermire,skipped,,,,,2026-04-01T13:58:37.395591
tanner-johnson2718,skipped,,,,,2026-04-01T13:58:43.693851
souzafcharles,scored,BR,0.0242,32,11,2026-04-01T13:58:59.579096
gary1116,scored,IN,0.057,28,6,2026-04-01T13:59:17.744648
feelinframe123,skipped,,,,,2026-04-01T13:59:36.409501
juikalan21,skipped,IN,,0,16,2026-04-01T13:59:48.874877
maximuslotro,skipped,,,,,2026-04-01T14:00:05.246844
lokeshchoudharyprogrammer,skipped,,,,,2026-04-01T14:00:15.258400
anangl,skipped,PL,,0,0,2026-04-01T14:00:18.122691
lluchox,skipped,,,,,2026-04-01T14:00:36.676348
Mirna-Alfy,skipped,,,,,2026-04-01T14:00:43.454629
junlarsen,skipped,NO,,12,2,2026-04-01T14:01:08.030261
RVel37,skipped,,,,,2026-04-01T14:01:20.503972
reppy-c,skipped,,,,,2026-04-01T14:01:38.202884
bobey90,skipped,,,,,2026-04-01T14:01:55.916652
disaster1-tesk,skipped,CN,,25,1,2026-04-01T14:02:13.388523
Cornel04,skipped,,,,,2026-04-01T14:02:25.765032
zoldar,skipped,PL,,0,0,2026-04-01T14:02:41.368587
marciosaraiva7,skipped,,,,,2026-04-01T14:03:00.100576
a-mnich,scored,DE,0.0267,7,6,2026-04-01T14:03:09.525746
rajeshmandadi,skipped,,,,,2026-04-01T14:03:15.600393
suprithvm,skipped,,,,,2026-04-01T14:03:30.307393
timothyallec1,skipped,,,,,2026-04-01T14:03:49.824827
Xtarsia,skipped,GB,,0,0,2026-04-01T14:03:52.746714
nicolascabrera96,skipped,,,,,2026-04-01T14:04:05.026595
math-eaton,skipped,,,,,2026-04-01T14:04:17.374038
Lalitcodec,skipped,,,,,2026-04-01T14:04:23.310709
Rud2K,skipped,KR,,0,100,2026-04-01T14:04:42.378340
side79,skipped,,,,,2026-04-01T14:04:48.572799
samleeflang,skipped,NL,,1,0,2026-04-01T14:04:56.019534
hearthewind,skipped,CA,,0,68,2026-04-01T14:05:05.555499
xxlllz,skipped,,,,,2026-04-01T14:05:25.868163
azazellus,skipped,,,,,2026-04-01T14:05:34.588308
Wxz234,skipped,,,,,2026-04-01T14:05:46.823476
elarlang,skipped,EE,,,,2026-04-01T14:05:49.589225
dieguitozz,skipped,,,,,2026-04-01T14:06:04.988943
Naim-Kahyaoglu,skipped,,,,,2026-04-01T14:06:18.425319
josse7cz,skipped,,,,,2026-04-01T14:06:27.834263
yogesh2142,skipped,,,,,2026-04-03T11:44:48.806815
hbbalfred,skipped,,,,,2026-04-03T11:45:03.403964
DimasAnjayMabar,skipped,,,,,2026-04-03T11:45:21.402380
shreycmd,skipped,,,,,2026-04-03T11:45:38.993269
riwahoussari,skipped,,,,,2026-04-03T11:45:54.740585
Maksym-Pyvovarov,skipped,,,,,2026-04-03T11:46:00.498081
Noothan3331,skipped,,,,,2026-04-03T11:46:18.370385
DmitriyMV,skipped,,,,,2026-04-03T11:46:24.259896
yasith02,skipped,,,,,2026-04-03T11:46:41.578897
Integralist,skipped,GB,,0,0,2026-04-03T11:46:59.303914
mMoliere,skipped,,,,,2026-04-03T11:47:07.922728
fahadkabali,skipped,,,,,2026-04-03T11:47:25.741662
benjaminParisel,skipped,,,,,2026-04-03T11:47:34.785889
knt419,skipped,,,,,2026-04-03T11:47:43.672640
ShuhongDai,skipped,,,,,2026-04-03T11:47:58.506210
kostiskalkounos,skipped,,,,,2026-04-03T11:48:20.490647
Yan02251,skipped,,,,,2026-04-03T11:48:35.175314
Arif-hussain1007,skipped,,,,,2026-04-03T11:48:47.187800
dreik84,skipped,,,,,2026-04-03T11:48:56.427298
LogicBreach,skipped,,,,,2026-04-03T11:49:02.311948
hongjr03,skipped,,,,,2026-04-03T11:49:12.371290
benbrastmckie,skipped,GB,,0,100,2026-04-03T11:49:22.122913
FS-17,scored,SA,0.0728,14,84,2026-04-03T11:49:40.817676
Gitartho,skipped,,,,,2026-04-03T11:49:49.748836
Jul-i-an,skipped,,,,,2026-04-03T11:49:55.448181
LEEHS01,skipped,,,,,2026-04-03T11:50:10.426832
lauraplt,skipped,,,,,2026-04-03T11:50:30.551231
illestomas,skipped,,,,,2026-04-03T11:50:36.493436
yasindu2000,skipped,,,,,2026-04-03T11:50:54.292107
LarafromNord,skipped,,,,,2026-04-03T11:51:03.443620
iltRIAD,skipped,,,,,2026-04-03T11:51:21.585840
AugustinLu,skipped,JP,,5,4,2026-04-03T11:51:27.550952
IloveSummerDay,skipped,,,,,2026-04-03T11:51:45.189900
PearsonWhite,skipped,,,,,2026-04-03T11:51:59.757361
2fand,skipped,,,,,2026-04-03T11:52:15.414637
arleckie,skipped,,,,,2026-04-03T11:52:32.834185
wu-seong,skipped,,,,,2026-04-03T11:52:48.543482
Edmon-Nascimento,skipped,BR,,0,2,2026-04-03T11:53:05.966387
legacieweb,skipped,,,,,2026-04-03T11:53:24.841135
SvenVw,skipped,,,,,2026-04-03T11:53:31.476664
Zanottex,skipped,,,,,2026-04-03T11:53:49.101340
alpha-edu-instructor,skipped,,,,,2026-04-03T11:54:06.549251
idelsink,skipped,DE,,1,0,2026-04-03T11:54:24.703839
lqh-22,skipped,,,,,2026-04-03T11:54:39.327653
Mortrack,skipped,MX,,55,1,2026-04-03T11:54:49.977348
codeyoma,scored,JP,0.0244,87,13,2026-04-03T11:54:56.442326
larysa-tolkachova,skipped,UA,,0,58,2026-04-03T11:55:14.827199
Galycon,skipped,ES,,0,29,2026-04-03T11:55:26.891406
chenluo,skipped,,,,,2026-04-03T11:55:39.185263
HopeMakena,skipped,,,,,2026-04-03T11:55:56.884028
andrew-cali-gearset,skipped,,,,,2026-04-03T11:56:16.580371
nyunyunyunyu,skipped,,,,,2026-04-03T11:56:19.449342
platonovsimeon,skipped,,,,,2026-04-03T11:56:37.322950
VincentYzer,skipped,,,,,2026-04-03T11:56:55.249553
TonySixx,skipped,,,,,2026-04-03T11:57:01.454102
Satan666-bit,skipped,,,,,2026-04-03T11:57:08.926944
polent,scored,DE,0.0583,5,92,2026-04-03T11:57:26.005306
GuillermoUribe03,skipped,,,,,2026-04-03T11:57:44.148920
MehtaSatish,skipped,,,,,2026-04-03T11:57:49.944154
JRbipin,skipped,,,,,2026-04-03T11:57:55.883713
SimSkipper,skipped,,,,,2026-04-03T11:58:11.365921
daisyeverardbjss,skipped,,,,,2026-04-03T11:58:20.162408
davidalonsodj,skipped,,,,,2026-04-03T11:58:38.034280
prateeksingla,skipped,,,,,2026-04-03T11:58:56.122236
dylanmazurek,scored,AU,0.0962,37,12,2026-04-03T11:59:11.661946
dabao1955,skipped,,,,,2026-04-03T11:59:21.515223
vigneshvg,skipped,US,,0,2,2026-04-03T11:59:27.465603
agus-ameig,skipped,,,,,2026-04-03T11:59:39.270422
indawgnito,skipped,,,,,2026-04-03T11:59:45.151920
ay-ou-bb,skipped,,,,,2026-04-03T12:00:03.672074
eagledb14,skipped,,,,,2026-04-03T12:00:22.208783
rajeevpillay,skipped,,,,,2026-04-03T12:00:39.899292
zjy0481,skipped,,,,,2026-04-03T12:00:55.027439
Shane-Xue,skipped,,,,,2026-04-03T12:01:08.186457
JayaAbirami,skipped,,,,,2026-04-03T12:01:11.134247
WeichenFan,scored,SG,0.032,72,20,2026-04-03T12:01:26.223760
ravikishore23,skipped,,,,,2026-04-03T12:01:41.185855
bhimatak,skipped,,,,,2026-04-03T12:01:59.343709
rodant,skipped,,,,,2026-04-03T12:02:14.656807
bengosney,skipped,GB,,0,0,2026-04-03T12:02:29.693442
Aryaaa30,skipped,,,,,2026-04-03T12:02:47.355661
Fernanda-Dantas,skipped,,,,,2026-04-03T12:03:06.042962
chguo15,skipped,,,,,2026-04-03T12:03:08.983132
Pasarus,skipped,,,,,2026-04-03T12:03:27.024488
ageorg29,skipped,,,,,2026-04-03T12:03:41.439723
plus1998,skipped,CN,,0,0,2026-04-03T12:03:59.021017
fayizIT,skipped,IN,,0,13,2026-04-03T12:04:16.709352
Vlad666exe,skipped,,,,,2026-04-03T12:04:19.596800
larsanderson00,skipped,,,,,2026-04-03T12:04:34.310085
sbulage,skipped,,,,,2026-04-03T12:04:46.091558
jy05un,skipped,,,,,2026-04-03T12:05:03.763418
Samana0104,skipped,,,,,2026-04-03T12:05:21.951491
mmastrac,skipped,,,,,2026-04-03T12:05:35.239133
damiancclarke,skipped,CL,,1,0,2026-04-03T12:05:52.475569
ewaldhorn,skipped,ZA,,0,0,2026-04-03T12:06:07.076345
chaewon9999,skipped,,,,,2026-04-03T12:06:23.901041
petromirkolev,skipped,BG,,,,2026-04-03T12:06:33.581535
tapishj-splunk,skipped,,,,,2026-04-03T12:06:36.391962
pcrockett,skipped,,,,,2026-04-03T12:06:42.176096
backironanalytics,skipped,,,,,2026-04-03T12:06:58.322835
DebarimaBasu,skipped,IN,,0,20,2026-04-03T12:07:19.179757
thaitiel-upen,skipped,,,,,2026-04-03T12:07:37.219496
ychen431,skipped,,,,,2026-04-03T12:07:48.883552
rswade84,skipped,US,,0,0,2026-04-03T12:07:51.786439
angeluriot,scored,FR,0.0441,49,13,2026-04-03T12:08:08.237972
Jpentik,skipped,,,,,2026-04-03T12:08:20.997841
tokenhash,skipped,,,,,2026-04-03T12:08:32.920583
Ronak-info,skipped,IN,,3,5,2026-04-03T12:08:50.609097
iceguan2016,skipped,,,,,2026-04-03T12:08:53.509051
MalcomFitzcarraldo,skipped,,,,,2026-04-03T12:09:06.379383
Arenukvern,skipped,,,,,2026-04-03T12:09:17.264481
mansoor17syed,skipped,,,,,2026-04-03T12:09:26.421414
szabatoro,skipped,,,,,2026-04-03T12:09:42.869038
inseong101,skipped,,,,,2026-04-03T12:09:49.469804
VladislavYurkov,skipped,,,,,2026-04-03T12:10:04.764081
J4vierdl,skipped,,,,,2026-04-03T12:10:16.876337
antonincmp,skipped,FR,,0,5,2026-04-03T12:10:23.020841
TahirahS,skipped,,,,,2026-04-03T12:10:40.932812
Noctrick,skipped,,,,,2026-04-03T12:10:58.570354
leafboo,skipped,,,,,2026-04-03T12:11:17.077279
feyounger,skipped,,,,,2026-04-03T12:11:32.630673
LukeTheNuke64,skipped,US,,0,20,2026-04-03T12:11:50.719781
PRCHR-u,skipped,,,,,2026-04-03T12:12:10.310472
OlyaEl,skipped,,,,,2026-04-03T12:12:19.402273
TrDyy,skipped,,,,,2026-04-03T12:12:37.116772
m0satron,skipped,,,,,2026-04-03T12:12:53.603225
jmedinar,skipped,US,,0,0,2026-04-03T12:13:05.626878
milo24252,skipped,,,,,2026-04-03T12:13:11.430197
veopot,skipped,,,,,2026-04-03T12:13:18.676456
Thalis78,skipped,,,,,2026-04-03T12:13:34.356987
MrShankarAryal,skipped,NP,,0,100,2026-04-03T12:13:50.889461
hobby-researcher,skipped,,,,,2026-04-03T12:13:53.634630
geotseng-amd,skipped,,,,,2026-04-03T12:13:56.484155
prafful-indirala,skipped,GB,,0,0,2026-04-03T12:14:13.711094
SuperHeraut,skipped,,,,,2026-04-03T12:14:23.464226
CharlesNepote,skipped,FR,,0,0,2026-04-03T12:14:32.092517
jrconway3,skipped,,,,,2026-04-03T12:14:46.826991
wildanazz,skipped,AU,,0,0,2026-04-03T12:15:05.486793
dsurapol,skipped,,,,,2026-04-03T12:15:11.391045
chinware,skipped,CN,,0,0,2026-04-03T12:15:23.021627
themeshri,skipped,,,,,2026-04-03T12:15:40.921161
fiest898998798651,skipped,,,,,2026-04-03T12:15:50.144696
ROHITSINGHB,skipped,,,,,2026-04-03T12:16:08.147579
RakhiSaini,skipped,,,,,2026-04-03T12:16:26.306179
felix8080,skipped,,,,,2026-04-03T12:16:32.534218
Vocaned,skipped,FI,,1,1,2026-04-03T12:16:50.738908
Hyatt-B,skipped,,,,,2026-04-03T12:17:02.939107
clemlre,skipped,,,,,2026-04-03T12:17:11.761089
shraddhasalvi27,skipped,,,,,2026-04-03T12:17:30.271975
azijulhakimbd,skipped,BD,,0,40,2026-04-03T12:17:48.330668
ujangsolihin,skipped,,,,,2026-04-03T12:18:06.050071
arifulislamzyx,skipped,,,,,2026-04-03T12:18:23.977219
guidiaz,skipped,,,,,2026-04-03T12:18:26.911857
JezSonic,skipped,,,,,2026-04-03T12:18:39.194081
amharul,skipped,,,,,2026-04-03T12:18:53.813808
BatteryAcid,skipped,,,,,2026-04-03T12:19:08.560608
ajcasagrande,skipped,US,,0,0,2026-04-03T12:19:26.157831
kkx7787,skipped,,,,,2026-04-03T12:19:45.424559
Rex-fortune,skipped,NG,,0,0,2026-04-03T12:20:00.438011
vipin018,skipped,IN,,17,0,2026-04-03T12:20:18.366282
CardanoTokenIO,skipped,,,,,2026-04-03T12:20:21.261192
peacemaker360,skipped,,,,,2026-04-03T12:20:27.192501
Reginald-Gillespie,skipped,,,,,2026-04-03T12:20:43.633324
ewongz,skipped,,,,,2026-04-03T12:21:04.742780
Dhruvv0404,skipped,,,,,2026-04-03T12:21:10.729587
peterbe,skipped,US,,0,0,2026-04-03T12:21:27.143844
adityarajydv,skipped,IN,,3,7,2026-04-03T12:21:45.203247
nstirnemann7,skipped,,,,,2026-04-03T12:21:50.953378
princekumar1123,skipped,,,,,2026-04-03T12:22:08.473691
ZBE-Komazi,skipped,,,,,2026-04-03T12:22:26.306370
DamagedOne,skipped,,,,,2026-04-03T12:22:29.089375
Elpolakos,skipped,,,,,2026-04-03T12:22:34.797839
K2mies,skipped,,,,,2026-04-03T12:22:49.193183
anasnavsari,skipped,,,,,2026-04-03T12:23:04.127891
MathNunesx,skipped,BR,,0,6,2026-04-03T12:23:22.120418
TalysonSoares,skipped,BR,,37,0,2026-04-03T12:23:40.058913
Mrc527,skipped,,,,,2026-04-03T12:23:51.911091
ddilbazTT,skipped,,,,,2026-04-03T12:23:57.681731
Vivek12shukla2001,skipped,,,,,2026-04-03T12:24:15.849350
starryAmy,skipped,,,,,2026-04-03T12:24:25.879437
NathaliaBarreiros,skipped,EC,,,,2026-04-03T12:24:44.891341
Mcodjo,skipped,,,,,2026-04-03T12:25:05.597194
lostagex,skipped,CN,,0,100,2026-04-03T12:25:12.351442
MubarekAdem,skipped,ET,,,,2026-04-03T12:25:18.646374
itpRakib,skipped,,,,,2026-04-03T12:25:36.386910
SirZenith,skipped,,,,,2026-04-03T12:25:55.073257
shlag3n,skipped,,,,,2026-04-03T12:26:00.858770
Saisomphat,skipped,,,,,2026-04-03T12:26:13.184383
hps0123,skipped,,,,,2026-04-03T12:26:21.929195
FrugBatt,skipped,FR,,15,2,2026-04-03T12:26:39.555325
AnastasiyaPozyomina,skipped,,,,,2026-04-03T12:26:58.133599
digvijay-555,skipped,,,,,2026-04-03T12:27:15.980933
Jmorris104,skipped,,,,,2026-04-03T12:27:33.573539
mzelder,scored,PL,0.0453,25,75,2026-04-03T12:27:48.865391
JohanesFaustus,skipped,,,,,2026-04-03T12:27:58.498675
Tatsh,skipped,,,,,2026-04-03T12:28:15.954586
MarcusZucus,skipped,,,,,2026-04-03T12:28:25.661715
kmilewczyk96,skipped,,,,,2026-04-03T12:28:44.236124
cromux2009,skipped,,,,,2026-04-03T12:28:50.084568
olderTaoist,skipped,,,,,2026-04-03T12:28:53.007435
marcelo790,skipped,,,,,2026-04-03T12:29:10.615682
afxalz,skipped,,,,,2026-04-03T12:29:19.525932
GuySartorelli,skipped,NZ,,0,0,2026-04-03T12:29:37.721927
davidkinde,skipped,,,,,2026-04-03T12:29:46.907136
Master-B-Studios,skipped,,,,,2026-04-03T12:29:53.218164
gabrielolafs,skipped,,,,,2026-04-03T12:30:08.861202
ibrahimyilgor,skipped,,,,,2026-04-03T12:30:21.444559
aegerev,skipped,,,,,2026-04-03T12:30:39.797236
Pastacedric,skipped,,,,,2026-04-03T12:30:42.559898
erseco,skipped,ES,,0,1,2026-04-03T12:30:58.393047
djumeau,skipped,CA,,0,0,2026-04-03T12:31:17.240313
gtopper,skipped,,,,,2026-04-03T12:31:28.781316
adekunleaishat1,skipped,,,,,2026-04-03T12:31:46.276904
JonasKunz,skipped,,,,,2026-04-03T12:31:55.212638
remysedlak,skipped,,,,,2026-04-03T12:32:13.671743
euneick,skipped,,,,,2026-04-03T12:32:21.178109
mmilkos,scored,PL,0.0413,29,57,2026-04-03T12:32:33.955995
n0izn0iz,skipped,,,,,2026-04-03T12:32:51.235576
dayaelee,skipped,KR,,0,100,2026-04-03T12:32:57.621233
yibaoshan,skipped,CN,,0,88,2026-04-03T12:33:09.880970
s-e-n14,skipped,,,,,2026-04-03T12:33:12.658462
pedro-ft,skipped,BR,,0,100,2026-04-03T12:33:29.587542
leozuber,skipped,,,,,2026-04-03T12:33:35.316251
AomaYple,skipped,,,,,2026-04-03T12:33:41.669255
ZoranDiaz,skipped,,,,,2026-04-03T12:33:50.324551
hsinyilow,skipped,,,,,2026-04-03T12:34:02.507276
HadarElkayam,skipped,,,,,2026-04-03T12:34:09.570670
Raumain,skipped,FR,,2,0,2026-04-03T12:34:27.160949
SandwichGouda,skipped,,,,,2026-04-03T12:34:42.429025
meo-young,skipped,,,,,2026-04-03T12:34:51.891952
sarthakg043,skipped,IN,,5,2,2026-04-03T12:35:10.088362
adamrayw,skipped,ID,,0,0,2026-04-03T12:35:28.634976
mthriemer,skipped,,,,,2026-04-03T12:35:32.835015
Chiragjawa,skipped,,,,,2026-04-03T12:35:51.889764
mkbk-with-circle,skipped,,,,,2026-04-03T12:36:04.755498
tarunboricha,skipped,,,,,2026-04-03T12:36:22.967974
sebastianbochan,skipped,PL,,0,0,2026-04-03T12:36:28.653720
cluries,skipped,CN,,0,0,2026-04-03T12:36:46.406037
XwXwy,skipped,,,,,2026-04-03T12:36:58.413430
Mornac,skipped,FR,,0,100,2026-04-03T12:37:11.168353
kgmossey,skipped,,,,,2026-04-03T12:37:23.745936
Ansonhkg,skipped,,,,,2026-04-03T12:37:41.044882
adrienb03,skipped,,,,,2026-04-03T12:37:46.714443
yusufatmaca,skipped,TR,,0,97,2026-04-03T12:38:12.738625
adhinvs,skipped,,,,,2026-04-03T12:38:30.787634
KaiserMaus,skipped,,,,,2026-04-03T12:38:33.657346
aishokoo,skipped,,,,,2026-04-03T12:38:51.283606
Aleksanaa,skipped,SG,,13,0,2026-04-03T12:39:03.052045
LKNcoder,skipped,,,,,2026-04-03T12:39:16.022015
Divyadivi2,skipped,,,,,2026-04-03T12:39:33.477109
AbdulMa1505,skipped,,,,,2026-04-03T12:39:51.106804
Ivin-Mathew,scored,IN,0.0366,11,10,2026-04-03T12:40:00.881826
codexis01,skipped,,,,,2026-04-03T12:40:18.436379
Kondrat22,skipped,,,,,2026-04-03T12:40:36.002312
vinaymedkart,skipped,,,,,2026-04-03T12:40:53.618152
lebragimoff,skipped,,,,,2026-04-03T12:41:02.502507
Nouh1408,skipped,,,,,2026-04-03T12:41:20.309133
tsubik,skipped,PL,,0,0,2026-04-03T12:41:32.519710
Praveen27092003,skipped,,,,,2026-04-03T12:41:50.951168
juwowa09,skipped,,,,,2026-04-03T12:42:07.322808
retinaboy,skipped,,,,,2026-04-03T12:42:22.935759
mahmoud-riz,skipped,,,,,2026-04-03T12:42:37.515965
davidleonm,skipped,ES,,4,61,2026-04-03T12:42:56.711766
momomobinx,skipped,,,,,2026-04-03T12:43:05.206748
krmm0420mk,skipped,,,,,2026-04-03T12:43:11.160174
Muli4,skipped,,,,,2026-04-03T12:43:29.610953
mnencia,skipped,IT,,4,0,2026-04-03T12:43:42.859937
kowalewskijan,skipped,PL,,0,0,2026-04-03T12:43:48.919650
web3pm,skipped,,,,,2026-04-03T12:43:51.932775
Phethiso11,skipped,,,,,2026-04-03T12:44:09.590023
Bromeon,skipped,,,,,2026-04-03T12:44:15.947658
7cmdehdrb,skipped,KR,,0,0,2026-04-03T12:44:25.606191
hemi112007,skipped,,,,,2026-04-03T12:44:41.377318
BrunoBudan0,skipped,,,,,2026-04-03T12:44:54.350992
ejconlon,skipped,,,,,2026-04-03T12:45:13.872530
fymmot,skipped,SE,,16,1,2026-04-03T12:45:27.758844
benoitkugler,skipped,FR,,0,0,2026-04-03T12:45:34.214860
yunflow,skipped,,,,,2026-04-03T12:45:46.680470
qiaoyuet,skipped,,,,,2026-04-03T12:45:52.849906
Sophie411BT,skipped,,,,,2026-04-03T12:46:01.663565
GonieAnima,skipped,,,,,2026-04-03T12:46:20.811379
mdvacca,skipped,,,,,2026-04-03T12:46:23.662282
KimsourTann,skipped,,,,,2026-04-03T12:46:41.238937
TruhchevMihail,skipped,,,,,2026-04-03T12:46:53.538988
LuBernardino,skipped,PT,,35,2,2026-04-03T12:47:11.699057
Andrea1603Garcia,skipped,,,,,2026-04-03T12:47:29.031087
Jaycelab,skipped,,,,,2026-04-03T12:47:35.756904
Shirou-Dev,scored,TH,0.0535,12,9,2026-04-03T12:47:45.447243
NK-Works,skipped,,,,,2026-04-03T12:47:58.991490
liamappelbe,skipped,,,,,2026-04-03T12:48:05.085602
voorhs,skipped,RU,,73,1,2026-04-03T12:48:18.321197
ciscohfs,skipped,,,,,2026-04-03T12:48:32.794418
JorgeCunhaOliveira,skipped,,,,,2026-04-03T12:48:44.996281
zhe41223118,skipped,,,,,2026-04-03T12:48:54.401638
eblack-leaf,skipped,,,,,2026-04-03T12:49:02.102940
OliverBahne,skipped,DK,,0,19,2026-04-03T12:49:10.882975
navendunandu,skipped,IN,,2,0,2026-04-03T12:49:28.410843
mlytvyn,skipped,PL,,0,0,2026-04-03T12:49:45.070555
stefan-tb,skipped,DE,,0,1,2026-04-03T12:49:50.962106
laurentlb,scored,DE,0.1471,48,52,2026-04-03T12:49:58.293366
sohan11903,skipped,,,,,2026-04-03T12:50:15.962905
Tiendat1107,skipped,,,,,2026-04-03T12:50:30.482222
victormonkun7,skipped,,,,,2026-04-03T12:50:36.461012
giri-rafay,skipped,,,,,2026-04-03T12:50:48.881418
AlvaroLucioRibeiro,skipped,,,,,2026-04-03T12:51:01.820213
md-anuar-hosen,skipped,,,,,2026-04-03T12:51:15.541806
mad1826,skipped,,,,,2026-04-03T12:51:34.179337
XanGrab,skipped,,,,,2026-04-03T12:51:40.691829
sjapanwala,scored,CA,0.1416,5,95,2026-04-03T12:51:53.743835
JY00088,skipped,,,,,2026-04-03T12:52:11.330274
paulhondola,skipped,,,,,2026-04-03T12:52:23.789227
angelmsanchez,skipped,ES,,0,0,2026-04-03T12:52:42.417569
strzeleckiwiktor,skipped,PL,,4,26,2026-04-03T12:52:54.388574
Jucesa,skipped,,,,,2026-04-03T12:53:14.165734
cs-shubham-morankar,skipped,,,,,2026-04-03T12:53:17.032094
akshay-harale,skipped,IN,,0,0,2026-04-03T12:53:22.807232
Bharath-hyundai,skipped,,,,,2026-04-03T12:53:40.629497
richiemcilroy,skipped,GB,,0,0,2026-04-03T12:53:46.774375
NayanJD,skipped,IN,,0,0,2026-04-03T12:53:49.682371
hoverdart,skipped,,,,,2026-04-03T12:54:08.977501
JackJonesGuo,skipped,,,,,2026-04-03T12:54:11.737233
sciguysl,skipped,,,,,2026-04-03T12:54:31.278693
vascobrissos,skipped,PT,,2,30,2026-04-03T12:54:49.610154
marcosatanaka,skipped,,,,,2026-04-03T12:55:01.371864
acquitelol,skipped,,,,,2026-04-03T12:55:11.070239
chrisostome01,skipped,,,,,2026-04-03T12:55:28.728913
mcrainbow,skipped,,,,,2026-04-03T12:55:50.672457
FFCfelps1,skipped,,,,,2026-04-03T12:56:09.201589
tafamus41,skipped,,,,,2026-04-03T12:56:18.487180
kamdubiel,skipped,PL,,0,2,2026-04-03T12:56:24.143612
alexgerardojacinto,skipped,,,,,2026-04-03T12:56:27.004831
qwazes,skipped,,,,,2026-04-03T12:56:36.327103
SSewpaul,skipped,,,,,2026-04-03T12:56:52.733652
git4msk,skipped,,,,,2026-04-03T12:57:11.850390
crescencioesono,skipped,,,,,2026-04-03T12:57:26.741321
nguyenkims,skipped,FR,,0,0,2026-04-03T12:57:43.903452
goosys,skipped,,,,,2026-04-03T12:58:01.319248
boram-emma,skipped,,,,,2026-04-03T12:58:13.246598
helexy,skipped,,,,,2026-04-03T12:58:19.044098
artomatiq,skipped,US,,5,0,2026-04-03T12:58:27.746398
robidfz,skipped,,,,,2026-04-03T12:58:46.234568
eric-unger,skipped,,,,,2026-04-03T12:58:52.095874
alegrassi-code,skipped,,,,,2026-04-03T12:59:01.298699
maxiunlm,skipped,,,,,2026-04-03T12:59:19.428211
magickspell,skipped,,,,,2026-04-03T12:59:37.495216
ySnoopyDogy,skipped,BR,,25,2,2026-04-03T12:59:56.322426
amisha34,skipped,,,,,2026-04-03T13:00:02.675569
FrancisCarolina,skipped,,,,,2026-04-03T13:00:17.336711
siddu2012,skipped,,,,,2026-04-03T13:00:23.715997
geografoec,skipped,,,,,2026-04-03T13:00:29.520740
Tom-Moosbrugger,skipped,US,,0,100,2026-04-03T13:00:43.487181
bwromero,scored,IT,0.2142,7,93,2026-04-03T13:03:16.027384
umnikllc,skipped,,,,,2026-04-03T13:03:24.258624
Patrickkhr,skipped,,,,,2026-04-03T13:03:27.118577
ortizal19009,skipped,,,,,2026-04-03T13:03:45.480550
brunnolou,skipped,PT,,0,0,2026-04-03T13:03:51.208135
aliemir,skipped,TR,,0,0,2026-04-03T13:04:11.682573
antibloch,skipped,,,,,2026-04-03T13:04:29.643722
AntonioCarlini,skipped,GB,,5,4,2026-04-03T13:04:41.800059
mcchrish,skipped,DE,,0,90,2026-04-03T13:04:51.206372
JagatheshwaranN,skipped,,,,,2026-04-03T13:05:10.000763
Blessy1609,skipped,,,,,2026-04-03T13:05:27.754856
Giom-V,skipped,,,,,2026-04-03T13:05:37.503850
kevinaird,skipped,CA,,52,0,2026-04-03T13:05:55.408332
koekoehgunawan37,skipped,,,,,2026-04-03T13:06:02.653162
divjazz03,skipped,,,,,2026-04-03T13:06:20.537588
gcantanhede-sci,skipped,,,,,2026-04-03T13:06:23.310181
david0972380986,skipped,,,,,2026-04-03T13:06:29.517636
unreal-pupu,skipped,,,,,2026-04-03T13:06:47.197781
Daniel-Jeon,skipped,,,,,2026-04-03T13:07:05.497923
mukhil-geeky,skipped,,,,,2026-04-03T13:07:12.131357
dcmaverick,skipped,,,,,2026-04-03T13:07:17.813420
Zorinik,skipped,,,,,2026-04-03T13:07:24.097582
dydev10,skipped,,,,,2026-04-03T13:07:42.462356
Zippy-sudo,skipped,,,,,2026-04-03T13:07:54.379829
jimmlucas,scored,ES,0.0284,77,23,2026-04-03T13:08:06.942773
c-git,skipped,,,,,2026-04-03T13:08:16.244791
JuanCarlospg,skipped,,,,,2026-04-03T13:08:34.470633
mrvishalg2004,skipped,,,,,2026-04-03T13:08:52.440215
TranRTC,skipped,,,,,2026-04-03T13:09:10.518522
inzamamulhaquue,skipped,IN,,0,8,2026-04-03T13:09:28.389964
hayato33,skipped,JP,,0,100,2026-04-03T13:09:38.348975
Monika-Chaudhary,skipped,,,,,2026-04-03T13:09:56.249319
paveltizek,skipped,,,,,2026-04-03T13:10:05.089573
AishaIdowu,skipped,,,,,2026-04-03T13:10:17.462292
xerthiys,skipped,,,,,2026-04-03T13:10:23.177525
jmetzSecTS,skipped,,,,,2026-04-03T13:10:29.094653
desertdevv,skipped,,,,,2026-04-03T13:10:41.592963
codeocean5214,skipped,IN,,0,7,2026-04-03T13:10:59.129065
MathieuTuli,skipped,,,,,2026-04-03T13:11:05.035993
trantuanhung1209,skipped,VN,,0,30,2026-04-03T13:11:22.805115
AleksSliw,skipped,,,,,2026-04-03T13:11:35.293646
kpranav699,skipped,,,,,2026-04-03T13:11:50.222229
moahammadalt,skipped,,,,,2026-04-03T13:11:58.873106
mariascrs,skipped,FR,,2,23,2026-04-03T13:12:10.932185
rdimitrov,skipped,,,,,2026-04-03T13:12:13.872691
RoboAce8,skipped,,,,,2026-04-03T13:12:33.273789
dadidudedo,skipped,,,,,2026-04-03T13:12:51.348249
SHUBHAMTATE,scored,IN,0.0538,7,93,2026-04-03T13:13:04.625096
nonperforming,skipped,,,,,2026-04-03T13:13:13.742398
mehalyna,skipped,,,,,2026-04-03T13:13:28.666475
continuumNought,skipped,,,,,2026-04-03T13:13:43.339496
mezool,skipped,,,,,2026-04-03T13:13:57.986934
shreyas-nothing,skipped,,,,,2026-04-03T13:14:04.054772
bunnie,skipped,SG,,0,0,2026-04-03T13:14:16.972324
iMohamedSheta,skipped,EG,,97,1,2026-04-03T13:14:27.178449
wolfgangkatzensprung,skipped,DE,,0,62,2026-04-03T13:14:45.741267
MrSobhan,skipped,IR,,,,2026-04-03T13:15:03.984899
DenisaCG,skipped,,,,,2026-04-03T13:15:09.969396
Vinayaksp2004,skipped,,,,,2026-04-03T13:15:15.651127
Wahyu2204,skipped,,,,,2026-04-03T13:15:33.126904
bernelius,skipped,,,,,2026-04-03T13:15:39.441855
yimeng261,skipped,,,,,2026-04-03T13:15:49.786361
Omadithya07,skipped,,,,,2026-04-03T13:16:10.700704
kirykr,skipped,,,,,2026-04-03T13:16:28.467298
nareshwolvi,skipped,,,,,2026-04-03T13:16:46.793154
irwenjust,skipped,,,,,2026-04-03T13:17:01.427366
Alleyhustler,skipped,,,,,2026-04-03T13:17:20.188234
81123Aditi,skipped,,,,,2026-04-03T13:17:37.454313
Shieldforce,skipped,,,,,2026-04-03T13:17:55.094522
sheikhrubiya,skipped,,,,,2026-04-03T13:18:12.399667
Kangie,scored,AU,0.0305,13,12,2026-04-03T13:18:28.165214
davidmpye,skipped,,,,,2026-04-03T13:18:46.057366
pkboyar29,skipped,,,,,2026-04-03T13:19:03.584257
t3knoid,skipped,,,,,2026-04-03T13:19:18.251902
efthgian,skipped,,,,,2026-04-03T13:19:24.034272
devalexandre,skipped,,,,,2026-04-03T13:19:41.339539
kyledong-suse,skipped,CA,,0,0,2026-04-03T13:19:44.230468
scgabriell,skipped,BR,,0,0,2026-04-03T13:20:02.507549
pierre-rouleau,skipped,,,,,2026-04-03T13:20:14.871950
cdanm9,skipped,,,,,2026-04-03T13:20:32.834690
pooney329,skipped,,,,,2026-04-03T13:20:50.513891
Deepak20singh,skipped,,,,,2026-04-03T13:21:10.966316
hirensabhaya,skipped,,,,,2026-04-03T13:21:16.729005
rtrelease,skipped,US,,0,100,2026-04-03T13:21:23.299670
minhjih,scored,KR,0.2326,6,93,2026-04-03T13:21:39.046811
Dtorredo,skipped,,,,,2026-04-03T13:21:57.746433
nimadez,skipped,,,,,2026-04-03T13:22:09.632775
cliffclimber-721,skipped,KR,,21,0,2026-04-03T13:22:28.360415
abhilashpvs28,skipped,IN,,1,0,2026-04-03T13:22:45.858614
Souravbanerjeedata,skipped,IN,,23,1,2026-04-03T13:23:05.568256
Felix-Kummer,skipped,,,,,2026-04-03T13:23:11.371107
mkrutzler,scored,CH,0.0342,31,69,2026-04-03T13:23:23.960964
saimanish-p,skipped,AE,,0,65,2026-04-03T13:23:33.451821
Lindsey2710,skipped,BE,,0,84,2026-04-03T13:23:52.149224
Jordan-Fitzgerald-Skelton,skipped,,,,,2026-04-03T13:24:05.108060
tayoky,skipped,FR,,0,87,2026-04-03T13:24:17.744902
dkm85,skipped,,,,,2026-04-03T13:24:26.973486
lubej,skipped,,,,,2026-04-03T13:24:35.790707
wolfgangmm,skipped,,,,,2026-04-03T13:24:48.277705
gvauter,skipped,US,,0,0,2026-04-03T13:24:51.144316
Shanu-Git2002,skipped,,,,,2026-04-03T13:25:10.004346
vyvuth,skipped,,,,,2026-04-03T13:25:28.124594
Farisarrasid,skipped,,,,,2026-04-03T13:25:43.396520
Sem1150030,skipped,,,,,2026-04-03T13:26:02.293903
KarimmDiab,skipped,,,,,2026-04-03T13:26:13.998423
nguyenquanghuy111,skipped,,,,,2026-04-03T13:26:24.009608
Maria-Shymanska,skipped,PL,,100,0,2026-04-03T13:26:39.655881
drhooper2,skipped,,,,,2026-04-03T13:26:45.814207
Coshcl,skipped,,,,,2026-04-03T13:26:51.501018
Noam-b,skipped,,,,,2026-04-03T13:26:57.347718
Realmz1,skipped,,,,,2026-04-03T13:27:15.553864
alekssobolewski,skipped,PL,,0,0,2026-04-03T13:27:30.279161
DeeJaeMann,skipped,US,,0,100,2026-04-03T13:27:50.083770
fire-h0und,skipped,,,,,2026-04-03T13:28:04.114616
mrkvans,skipped,,,,,2026-04-03T13:28:15.628584
4rthem,skipped,FR,,0,0,2026-04-03T13:28:33.787366
medAndro,skipped,,,,,2026-04-03T13:28:52.394560
seabearDEV,skipped,,,,,2026-04-03T13:29:05.851292
jaejunshin96,skipped,,,,,2026-04-03T13:29:21.053659
kminh-wow,skipped,,,,,2026-04-03T13:29:29.916891
browser-automation-bot,skipped,,,,,2026-04-03T13:29:32.721194
mehrab-shakib,skipped,,,,,2026-04-03T13:29:51.240836
glebICT,skipped,,,,,2026-04-03T13:30:07.194141
bmartino1,skipped,,,,,2026-04-03T13:30:20.398189
Galaxia-Gaming-Studios,skipped,,,,,2026-04-03T13:30:35.771754
bf-monster,skipped,,,,,2026-04-03T13:30:38.570026
yureiiko,skipped,,,,,2026-04-03T13:30:54.320601
prabhathreddybhuma,skipped,IN,,1,43,2026-04-03T13:31:12.509513
freetolga,skipped,,,,,2026-04-03T13:31:18.403948
U2FsdGVkX1,skipped,CN,,0,0,2026-04-03T13:31:24.985334
ImpulseSID,skipped,,,,,2026-04-03T13:31:44.584399
QueensCoder,skipped,US,,0,0,2026-04-03T13:32:02.927676
opticbob,skipped,,,,,2026-04-03T13:32:14.910766
liusj5257,skipped,,,,,2026-04-03T13:32:24.662676
Unicorn0-0Cakes,skipped,,,,,2026-04-03T13:32:34.220396
tswienton,skipped,,,,,2026-04-03T13:32:36.999069
QuackyPenguin,skipped,,,,,2026-04-03T13:32:56.228133
fox00009,skipped,,,,,2026-04-03T13:33:02.014729
AratiParaliya,skipped,,,,,2026-04-03T13:33:10.832500
Vorg85,skipped,,,,,2026-04-03T13:33:16.738704
maximis3d,skipped,GB,,4,62,2026-04-03T13:33:35.078044
omercohen213,skipped,,,,,2026-04-03T13:33:53.052323
Maaaaark07,skipped,,,,,2026-04-03T13:34:03.288499
mupfdev,skipped,,,,,2026-04-03T13:34:19.024578
timm,skipped,US,,0,0,2026-04-03T13:34:33.462951
danieletorelli,skipped,IT,,0,0,2026-04-03T13:34:42.594767
NsdHSO,skipped,RO,,0,0,2026-04-03T13:34:54.429335
fairydreaming,skipped,,,,,2026-04-03T13:35:03.942491
lucaskeller27,scored,BR,0.0745,7,93,2026-04-03T13:35:13.909840
FerrisOtter,skipped,,,,,2026-04-03T13:35:32.177330
AsterNighT,skipped,CN,,0,0,2026-04-03T13:35:40.979279
SumanCH8514,skipped,IN,,0,45,2026-04-03T13:35:47.437280
nicehiro,skipped,,,,,2026-04-03T13:36:04.912124
longphu25,skipped,,,,,2026-04-03T13:36:10.909024
prabhashj07,scored,NP,0.0266,47,19,2026-04-03T13:36:20.490560
tylerwilliams,skipped,US,,0,0,2026-04-03T13:36:32.107814
PSPenta,skipped,IN,,0,0,2026-04-03T13:36:51.272690
fabiankachlock,skipped,,,,,2026-04-03T13:37:06.616781
mochachmar,skipped,,,,,2026-04-03T13:37:21.110785
Noyonxx,skipped,,,,,2026-04-03T13:37:38.716951
anna-maria222,skipped,,,,,2026-04-03T13:37:48.845335
zuisong,skipped,,,,,2026-04-03T13:38:06.939057
ErWEsTcz,skipped,,,,,2026-04-03T13:38:13.073812
E-ed-bot,skipped,,,,,2026-04-03T13:38:15.852078
dl-jack-123,skipped,TW,,3,74,2026-04-03T13:38:31.675140
kookong2,skipped,,,,,2026-04-03T13:38:38.372762
felixai88,skipped,,,,,2026-04-03T13:38:57.757493
Kim-Byeong-Ju,skipped,,,,,2026-04-03T13:39:07.155901
OmarDIOP0,skipped,,,,,2026-04-03T13:39:24.653571
flanter21,skipped,,,,,2026-04-03T13:39:27.503582
finki001,skipped,,,,,2026-04-03T13:39:36.060162
smoooss,skipped,,,,,2026-04-03T13:39:42.557000
krishnavamshik,skipped,,,,,2026-04-03T13:40:00.243685
Hugo-Desain,skipped,FR,,0,4,2026-04-03T13:40:18.038730
pipsquack,skipped,,,,,2026-04-03T13:40:33.131255
ritek01,skipped,,,,,2026-04-03T13:40:39.534080
Ji-InPark,skipped,,,,,2026-04-03T13:40:45.708049
lelgfnoob,skipped,,,,,2026-04-03T13:40:54.279179
enku,skipped,,,,,2026-04-03T13:41:12.371015
Arzuman-A,skipped,,,,,2026-04-03T13:41:31.513274
Tuka-chaka,skipped,,,,,2026-04-03T13:41:49.434146
riazXrazor,skipped,IN,,0,0,2026-04-03T13:42:04.071882
will-craig,scored,GB,0.0982,12,31,2026-04-03T13:42:22.358325
Dmi4er4,skipped,,,,,2026-04-03T13:42:38.512205
xthiba,skipped,,,,,2026-04-03T13:42:41.287055
DLis117,skipped,,,,,2026-04-03T13:42:48.938324
matoww,skipped,,,,,2026-04-03T13:43:07.538645
syifauziyaahhh,skipped,,,,,2026-04-03T13:43:25.850907
AdhamMahgoub,skipped,,,,,2026-04-03T13:43:32.234006
PopDaph,skipped,FR,,0,0,2026-04-03T13:43:38.059417
alligator-alex,skipped,,,,,2026-04-03T13:43:52.822088
5817Programming,skipped,US,,0,0,2026-04-03T13:44:07.915021
rmisukanis,skipped,,,,,2026-04-03T13:44:25.779585
linuxluigi,skipped,DE,,0,0,2026-04-03T13:44:44.068484
AngeloSFV2001,skipped,,,,,2026-04-03T13:45:02.242655
Friesenjunge226,skipped,DE,,0,100,2026-04-03T13:45:18.918752
mwalbeck,scored,DK,0.1261,48,6,2026-04-03T13:45:26.230787
YuriyZanin,skipped,,,,,2026-04-03T13:45:39.424187
gojiyashailesh,skipped,IN,,0,20,2026-04-03T13:45:57.219305
Siddharth-Latthe-07,skipped,,,,,2026-04-03T13:46:15.568785
extratone,skipped,,,,,2026-04-03T13:46:22.182005
asgerbirk,skipped,,,,,2026-04-03T13:46:40.726067
Erickneitor1416,skipped,,,,,2026-04-03T13:46:59.176371
theqi106,skipped,,,,,2026-04-03T13:47:17.351354
seanivan69,skipped,,,,,2026-04-03T13:47:35.093345
JeanRG4,skipped,,,,,2026-04-03T13:47:53.066930
Anwarul07,skipped,,,,,2026-04-03T13:48:10.922941
gourav2121raghuwanshi,skipped,,,,,2026-04-03T13:48:17.239727
paszosky,skipped,PL,,0,0,2026-04-03T13:48:36.803807
luisarizmendi,skipped,ES,,0,0,2026-04-03T13:48:55.348017
adam-ellis-programmer,skipped,,,,,2026-04-03T13:49:13.067406
FrankGrillo1991,skipped,,,,,2026-04-03T13:49:22.737919
JieHFUT,skipped,,,,,2026-04-03T13:49:41.029102
Safni-hsn,skipped,,,,,2026-04-03T13:49:43.886833
BorjaEst,skipped,,,,,2026-04-03T13:49:49.968576
kitazawanobuhiko,skipped,,,,,2026-04-03T13:50:08.455427
psychemedia,skipped,,,,,2026-04-03T13:50:20.480969
WoutDeSmit,skipped,,,,,2026-04-03T13:50:26.259746
Sarahjaneferry01,skipped,,,,,2026-04-03T13:50:35.333215
TianHuangLab,skipped,FR,,0,0,2026-04-03T13:50:53.367814
ProfH4,skipped,,,,,2026-04-03T13:51:00.216046
CottonFarmer420,skipped,,,,,2026-04-03T13:51:18.451939
vxnsin,scored,DE,0.0432,19,79,2026-04-03T13:51:37.813210
Zarathustra09,skipped,,,,,2026-04-03T13:51:55.427677
sirfanzaidi,skipped,,,,,2026-04-03T13:52:12.935471
deramsey,skipped,,,,,2026-04-03T13:52:30.614809
mgi388,skipped,,,,,2026-04-03T13:52:33.500821
kemila3,skipped,,,,,2026-04-03T13:52:51.510835
minyoungcho99,skipped,KR,,57,0,2026-04-03T13:53:10.091388
CBellaris,skipped,,,,,2026-04-03T13:53:28.044834
codewithdark-git,scored,PK,0.0763,7,93,2026-04-03T13:53:44.131088
Piyush-r-bhaskar,skipped,IN,,12,0,2026-04-03T13:54:01.895057
kunalsinghgaya,skipped,,,,,2026-04-03T13:54:13.479426
Olgmuzalev13,skipped,,,,,2026-04-03T13:54:22.207233
Lebron786,skipped,,,,,2026-04-03T13:54:33.969567
kalpasuraweera,skipped,,,,,2026-04-03T13:54:48.494378
Rupak-Biswas04,skipped,,,,,2026-04-03T13:55:03.733099
HebertCL,skipped,MX,,0,0,2026-04-03T13:55:12.458651
claire828,skipped,TW,,4,0,2026-04-03T13:55:32.005427
HailinPan,skipped,,,,,2026-04-03T13:55:47.226518
JoseAlvarado13,skipped,,,,,2026-04-03T13:55:59.664524
jehvvan,skipped,,,,,2026-04-03T13:56:05.684107
SurekhaBerlin,skipped,CA,,0,98,2026-04-03T13:56:14.957816
imathews-238,skipped,,,,,2026-04-03T13:56:24.161462
Ivan101454,skipped,,,,,2026-04-03T13:56:41.461911
Jesse-Cunha,skipped,,,,,2026-04-03T13:56:59.112087
DinhAnhh,skipped,,,,,2026-04-03T13:57:16.978783
iyaki,skipped,AR,,0,26,2026-04-03T13:57:30.900207
mmmustar,skipped,,,,,2026-04-03T13:57:49.008013
AndrejGurtovoj,skipped,,,,,2026-04-03T13:58:07.613599
leandrada08,scored,IT,0.0443,9,24,2026-04-03T13:58:22.952051
etsuba19,skipped,,,,,2026-04-03T13:58:41.024945
x-name15,skipped,,,,,2026-04-03T13:59:00.584084
acilegna,skipped,,,,,2026-04-03T13:59:13.047533
imhart,skipped,,,,,2026-04-03T13:59:30.877688
Gauravjangid26,skipped,,,,,2026-04-03T13:59:49.179484
danilowlc,skipped,,,,,2026-04-03T14:00:06.887610
nyanhp,skipped,,,,,2026-04-03T14:00:22.655551
JackHanke,skipped,,,,,2026-04-03T14:00:38.340984
chltw,skipped,,,,,2026-04-03T14:00:44.785523
nathalia105,skipped,,,,,2026-04-03T14:00:56.955521
JonaBenja,skipped,NL,,0,0,2026-04-03T14:01:06.440897
pedronogueira21,skipped,,,,,2026-04-03T14:01:15.065966
mariemMoula,skipped,,,,,2026-04-03T14:01:34.128500
mabdn,scored,DE,0.0431,51,27,2026-04-03T14:01:46.533095
kayaweers,skipped,,,,,2026-04-03T14:02:04.188350
Benjaminbarral,skipped,,,,,2026-04-03T14:02:15.845972
imshubhamkaushik,skipped,,,,,2026-04-03T14:02:24.679286
vinicius00franco,skipped,,,,,2026-04-03T14:02:42.843799
shivamrajpoot7070,skipped,,,,,2026-04-03T14:02:52.135773
DeMoulpied,skipped,,,,,2026-04-03T14:03:04.370462
l3lackcurtains,skipped,,,,,2026-04-03T14:03:21.586617
Musajidda,skipped,NG,,1,10,2026-04-03T14:03:39.077778
Sabri-bel,skipped,,,,,2026-04-03T14:03:57.394479
heosuyoung,skipped,,,,,2026-04-03T14:04:16.145799
AlexisBallo2,skipped,,,,,2026-04-03T14:04:34.155374
pushpayload,skipped,,,,,2026-04-03T14:04:40.331182
DrBewd,skipped,,,,,2026-04-03T14:04:50.024412
mudfeed,skipped,,,,,2026-04-03T14:04:55.972799
xiaoxiang781216,skipped,CN,,0,0,2026-04-03T14:04:58.923103
Keram1k,skipped,,,,,2026-04-03T14:05:01.861759
HoriyaDev,skipped,,,,,2026-04-03T14:05:19.942786
proinsights,skipped,,,,,2026-04-03T14:05:25.703275
elmagnificogi,skipped,,,,,2026-04-03T14:05:34.744708
maxime-carabina,skipped,FR,,11,0,2026-04-03T14:05:48.708632
IanHoang,skipped,US,,0,0,2026-04-03T14:05:54.493754
DMGiulioRomano,skipped,,,,,2026-04-03T14:06:10.229621
mtolmacs,scored,HU,0.1441,57,19,2026-04-03T14:06:29.291266
tranhuudang,skipped,VN,,49,0,2026-04-03T14:06:47.161649
YahyaLendani,skipped,,,,,2026-04-03T14:06:59.397238
SarthakNaik2003,skipped,,,,,2026-04-03T14:07:14.470307
MatthewBemis,skipped,US,,0,0,2026-04-03T14:07:17.248153
SatriaAkbarRizki,skipped,,,,,2026-04-03T14:07:35.885894
VororRich,skipped,,,,,2026-04-03T14:07:38.761695
MisakaAldrich,skipped,,,,,2026-04-03T14:07:45.100527
plsy1,skipped,,,,,2026-04-03T14:07:57.667723
Deependra-Das,skipped,,,,,2026-04-03T14:08:13.624011
rahul-adepu,skipped,,,,,2026-04-03T14:08:34.448025
JaivigneshJv,skipped,IN,,91,2,2026-04-03T14:08:50.190744
dungken,scored,VN,0.0336,46,54,2026-04-03T14:09:05.922159
aleksandarbos,skipped,RS,,,,2026-04-03T14:09:23.691590
Pulgasari,skipped,,,,,2026-04-03T14:09:44.822172
jacksyswain,skipped,IN,,0,13,2026-04-03T14:10:02.645866
jeffbolznv,skipped,,,,,2026-04-03T14:10:05.467720
ALifeConnect,skipped,,,,,2026-04-03T14:10:12.058028
tobidelly,scored,NG,0.0724,31,10,2026-04-03T14:10:30.396511
Afthedark,skipped,,,,,2026-04-03T14:10:42.733345
idabblewith,skipped,,,,,2026-04-03T14:11:01.045634
graingert,skipped,,,,,2026-04-03T14:11:10.187408
ovaisilyas,skipped,,,,,2026-04-03T14:11:28.583158
Salma-hu,skipped,,,,,2026-04-03T14:11:43.793699
dronperminov,skipped,RU,,0,0,2026-04-03T14:12:01.578516
jotamauro,skipped,BR,,0,0,2026-04-03T14:12:15.469149
lanlacope,scored,JP,0.0439,51,49,2026-04-03T14:12:25.158519
Jyothikannan,skipped,,,,,2026-04-03T14:12:42.805188
adsa-odoo,skipped,,,,,2026-04-03T14:13:00.129011
gmodzelewski,skipped,DE,,0,0,2026-04-03T14:13:08.760721
jacoluiz,skipped,,,,,2026-04-03T14:13:20.452510
0xIbrahim-t,skipped,,,,,2026-04-03T14:13:32.356107
thewhitemage13,skipped,,,,,2026-04-03T14:13:50.571446
Basics2022,skipped,,,,,2026-04-03T14:14:07.168604
Soham05,skipped,,,,,2026-04-03T14:14:17.269652
dannasman,skipped,FI,,0,0,2026-04-03T14:14:32.205611
Sowmya2025,skipped,,,,,2026-04-03T14:14:38.110408
zzo38,skipped,,,,,2026-04-03T14:14:47.411575
ayush-shah,skipped,IN,,0,0,2026-04-03T14:15:06.398017
SKYcat-lang,skipped,,,,,2026-04-03T14:15:14.070523
sidsethu,skipped,IN,,12,0,2026-04-03T14:15:26.226483
tecnic8000,skipped,,,,,2026-04-03T14:15:35.755542
maphuthaaggrey-prog,skipped,ZA,,0,100,2026-04-03T14:15:45.641557
skuenzli,skipped,,,,,2026-04-03T14:15:57.742520
adisuissa,skipped,US,,0,0,2026-04-03T14:16:03.614210
sasaevvasil283,skipped,,,,,2026-04-03T14:16:09.932217
FayezTD,skipped,,,,,2026-04-03T14:16:27.818467
BerniceAlvena,skipped,,,,,2026-04-03T14:16:34.089316
josmilan,skipped,,,,,2026-04-03T14:16:36.958224
PhoenixAlpha23,skipped,IN,,0,100,2026-04-03T14:16:49.993048
fisher-alice,skipped,,,,,2026-04-03T14:17:02.560122
amehtacc,skipped,,,,,2026-04-03T14:17:21.310441
zach-karlovich,skipped,,,,,2026-04-03T14:17:36.691897
Cori1304-Seong,skipped,,,,,2026-04-03T14:17:47.124772
AhmedZahran01,skipped,,,,,2026-04-03T14:18:04.719514
AndreFerreira18,skipped,,,,,2026-04-03T14:18:23.053952
jaredlawson,skipped,,,,,2026-04-03T14:18:29.450327
HANANBEN,skipped,,,,,2026-04-03T14:18:44.535715
DiogoBarrosMartins,scored,PT,0.0295,77,23,2026-04-03T14:18:53.954767
pankajmutha14,skipped,IN,,0,16,2026-04-03T14:19:15.160903
wontonburritos,skipped,,,,,2026-04-03T14:19:27.088764
map588,skipped,,,,,2026-04-03T14:19:37.502792
caterinavanherpt,skipped,,,,,2026-04-03T14:19:55.308235
Diner2024,skipped,,,,,2026-04-03T14:20:13.529216
ThatHackerDudeFromCyberspace,skipped,,,,,2026-04-03T14:20:19.334597
haseungsong,skipped,,,,,2026-04-03T14:20:25.919355
lovomanuel,skipped,DK,,0,81,2026-04-03T14:20:41.303597
seanlewertow,skipped,,,,,2026-04-03T14:20:51.459879
confettilabsgit,skipped,US,,0,100,2026-04-03T14:21:06.994509
bursteratom,skipped,,,,,2026-04-03T14:21:15.865063
tryvnz,skipped,,,,,2026-04-03T14:21:31.210652
UMGCCFCSS,skipped,,,,,2026-04-03T14:21:38.919993
Pal-Mate-Mark-9i,skipped,,,,,2026-04-03T14:21:51.296646
rekarachmadi99,skipped,,,,,2026-04-03T14:22:09.271977
rifqee23,skipped,,,,,2026-04-03T14:22:24.840272
raufurislam,skipped,BD,,0,9,2026-04-03T14:22:42.183381
sunilsingh0639,skipped,,,,,2026-04-03T14:23:00.756623
luislascano01,skipped,,,,,2026-04-03T14:23:20.011003
andreasreinelt,skipped,DE,,0,0,2026-04-03T14:23:22.935002
saverymax,skipped,,,,,2026-04-03T14:23:32.017865
ONEAS-hub,skipped,,,,,2026-04-03T14:23:42.191071
basgotech,skipped,,,,,2026-04-03T14:23:57.348953
AndreMarchiori,skipped,BR,,0,65,2026-04-03T14:24:13.046168
bodkan,skipped,,,,,2026-04-03T14:24:22.773128
iiMoham,skipped,,,,,2026-04-03T14:24:40.879930
burak-ezer,skipped,,,,,2026-04-03T14:24:50.241943
ajsutton,skipped,AU,,0,0,2026-04-03T14:24:56.100250
shweta-nigam,skipped,IN,,0,100,2026-04-03T14:25:08.410301
LastAdequateCoder,skipped,NL,,0,47,2026-04-03T14:25:26.787105
arshbhushan,skipped,,,,,2026-04-03T14:25:41.300556
mabijkerk,skipped,NL,,0,0,2026-04-03T14:25:47.383078
Ivanbtz9,skipped,,,,,2026-04-03T14:26:06.892264
palsourov,skipped,BD,,0,6,2026-04-03T14:26:21.857886
jainbhavya834,skipped,IN,,0,0,2026-04-03T14:26:30.325138
xandong,skipped,BR,,66,0,2026-04-03T14:26:48.726484
jalladleen,skipped,CA,,36,0,2026-04-03T14:27:06.893514
bhawesh-bhanu,skipped,,,,,2026-04-03T14:27:15.621572
mlesnoff,scored,FR,0.0769,11,58,2026-04-03T14:27:25.607539
doitidey,skipped,,,,,2026-04-03T14:27:31.616664
Filippo-Venturini,skipped,IT,,0,0,2026-04-03T14:27:37.934618
DivyanshSaharan,skipped,,,,,2026-04-03T14:27:56.260250
Elin23,skipped,,,,,2026-04-03T14:28:15.074362
luciacantos,skipped,,,,,2026-04-03T14:28:30.052055
doegox,skipped,BE,,0,0,2026-04-03T14:28:35.940491
anjalikesarkar,skipped,,,,,2026-04-03T14:28:54.265227
Fardiansyah-Project,skipped,,,,,2026-04-03T14:29:11.984460
theNareshofficial,scored,IN,0.0302,25,24,2026-04-03T14:29:30.206672
YFayzulla,skipped,,,,,2026-04-03T14:29:39.925657
eguajardo,skipped,,,,,2026-04-03T14:29:52.353079
zaccodder,skipped,NG,,0,0,2026-04-03T14:30:09.855164
Nievolve,skipped,SE,,0,100,2026-04-03T14:30:25.430282
Ryzee119,skipped,AU,,14,3,2026-04-03T14:30:39.128330
a7madMa,skipped,,,,,2026-04-03T14:30:56.875877
smarkwal,skipped,CH,,0,100,2026-04-03T14:31:03.908046
cuongceg,skipped,,,,,2026-04-03T14:31:10.383692
PriyanshuDey23,skipped,,,,,2026-04-03T14:31:31.256815
pjBooms,skipped,,,,,2026-04-03T14:31:43.983830
akadlec,skipped,CZ,,0,5,2026-04-03T14:31:58.947769
kellyaa,skipped,US,,0,0,2026-04-03T14:32:01.838643
Kfkcome,skipped,,,,,2026-04-03T14:32:14.584036
zsjssj,skipped,,,,,2026-04-03T14:32:32.930152
Oti254,skipped,KE,,100,0,2026-04-03T14:32:42.203387
chopdepratik,skipped,IN,,0,11,2026-04-03T14:33:00.105553
ijreilly,skipped,,,,,2026-04-03T14:33:05.814162
Asayaobi,skipped,,,,,2026-04-03T14:33:12.489113
mabbakk,skipped,,,,,2026-04-03T14:33:27.259440
dorogao5,skipped,,,,,2026-04-03T14:33:45.743260
jmmuller,skipped,,,,,2026-04-03T14:33:55.091562
katarzynagoch,skipped,,,,,2026-04-03T14:34:07.706476
ezokoze,skipped,,,,,2026-04-03T14:34:22.259303
Eyobs-droid,skipped,ET,,,,2026-04-03T14:34:25.236782
picchiosat,skipped,,,,,2026-04-03T14:34:28.138019
febyrenaldi,skipped,,,,,2026-04-03T14:34:35.012309
drnoob123,skipped,,,,,2026-04-03T14:34:47.273569
Harshitha-dev805,skipped,,,,,2026-04-03T14:35:04.698859
banach-space,skipped,GB,,0,0,2026-04-03T14:35:20.212109
shmilyshy,skipped,,,,,2026-04-03T14:35:35.027572
hamzagondal202,skipped,,,,,2026-04-03T14:35:53.236565
aesaliiinaa,skipped,,,,,2026-04-03T14:36:10.947948
Ajaysiemens01,skipped,,,,,2026-04-03T14:36:28.543357
faterazer,skipped,,,,,2026-04-03T14:36:40.512745
shanus,skipped,,,,,2026-04-03T14:36:46.532549
qwerzl,skipped,US,,0,0,2026-04-03T14:36:52.475902
vietchita,skipped,,,,,2026-04-03T14:37:10.162256
TheElk205,skipped,,,,,2026-04-03T14:37:22.022458
anggayn,skipped,,,,,2026-04-03T14:37:42.419510
Deaung,skipped,,,,,2026-04-03T14:38:00.321405
abolfazlvahed1,skipped,IR,,,,2026-04-03T14:38:15.530618
manit2004,scored,IN,0.0384,7,7,2026-04-03T14:38:29.267240
uvya,skipped,,,,,2026-04-03T14:38:46.271032
Linfish113-2,skipped,,,,,2026-04-03T14:38:58.262572
VirtualBlakeWillis,skipped,,,,,2026-04-03T14:39:13.676205
mihf05,skipped,BD,,0,0,2026-04-03T14:39:30.883005
natanxavierr,skipped,,,,,2026-04-03T14:39:48.752556
choonewza-pro,skipped,,,,,2026-04-03T14:40:01.077763
besser435,scored,US,0.0994,12,14,2026-04-03T14:40:13.995651
geschwaerzler,skipped,AT,,0,0,2026-04-03T14:40:26.355473
Jammy2211,skipped,,,,,2026-04-03T14:40:33.580271
NicoSteyl,skipped,ZA,,6,0,2026-04-03T14:40:45.430273
ergho,skipped,SE,,0,97,2026-04-03T14:40:55.994573
imrenzo,skipped,,,,,2026-04-03T14:41:05.356056
phssakaigawa,skipped,JP,,0,0,2026-04-03T14:41:17.078575
AshrithPonna,skipped,,,,,2026-04-03T14:41:26.637680
saisriramgit,scored,US,0.0436,12,45,2026-04-03T14:41:45.177102
meganjane333,skipped,,,,,2026-04-03T14:41:51.553164
eeshamoona,skipped,,,,,2026-04-03T14:42:15.712369
Harshini1103,skipped,IN,,0,44,2026-04-03T14:42:34.298386
jwhere0,skipped,,,,,2026-04-03T14:42:41.522013
zachepka,skipped,,,,,2026-04-03T14:42:59.619968
aintkelii,skipped,,,,,2026-04-03T14:43:17.668124
daisyden,skipped,,,,,2026-04-03T14:43:23.594213
SahaAnkitaa,skipped,,,,,2026-04-03T14:43:42.884976
chandrakundu,skipped,,,,,2026-04-03T14:44:04.136876
sweko,skipped,,,,,2026-04-03T14:44:15.629696
sigurdne,skipped,,,,,2026-04-03T14:44:24.719267
danielqq000,skipped,,,,,2026-04-03T14:44:44.107798
OpeDada,skipped,JP,,3,1,2026-04-03T14:44:56.820492
dball,skipped,US,,0,0,2026-04-03T14:45:09.531750
hussein-aitlahcen,skipped,,,,,2026-04-03T14:45:18.685322
ezeqg,skipped,,,,,2026-04-03T14:45:24.416545
Okazaki92,skipped,,,,,2026-04-03T14:45:42.270676
emconno,skipped,,,,,2026-04-03T14:46:02.139071
NikolaiVChr,skipped,,,,,2026-04-03T14:46:09.139251
kagurazakayashi,skipped,,,,,2026-04-03T14:46:27.094397
Imwene,skipped,KE,,6,0,2026-04-03T14:46:44.705065
shahriarrahat,skipped,BD,,1,5,2026-04-03T14:47:02.264723
g-i-kala,skipped,,,,,2026-04-03T14:47:20.663164
Yokay85,skipped,,,,,2026-04-03T14:47:39.464722
surajhaldar001,skipped,,,,,2026-04-03T14:47:56.705833
beothorn,skipped,,,,,2026-04-03T14:48:02.905620
ryslipe,skipped,,,,,2026-04-03T14:48:20.713780
dplewis,skipped,,,,,2026-04-03T14:48:29.405818
ZMH2003,skipped,,,,,2026-04-03T14:48:35.521666
alxfgh,skipped,,,,,2026-04-03T14:48:41.384097
Imran-k8,skipped,,,,,2026-04-03T14:48:59.855539
zlamdo,skipped,,,,,2026-04-03T14:49:06.067894
intra0,skipped,,,,,2026-04-03T14:49:08.966555
nikothomas,skipped,US,,0,100,2026-04-03T14:49:15.774088
MaryamZahiri,skipped,CA,,3,0,2026-04-03T14:49:26.590872
lpiccirilli,skipped,,,,,2026-04-03T14:49:45.382851
Anderson-kariuki,scored,KE,0.0369,49,49,2026-04-03T14:50:03.729606
xt0032rus,skipped,,,,,2026-04-03T14:50:09.582575
ErSachinBhati,skipped,,,,,2026-04-03T14:50:28.230502
N0VI028,skipped,,,,,2026-04-03T14:50:35.187322
rwdroge,scored,NL,0.3027,7,87,2026-04-03T14:50:48.573598
Ekdvs,skipped,,,,,2026-04-03T14:51:06.008584
iannucci,skipped,,,,,2026-04-03T14:51:14.994903
xln3,skipped,,,,,2026-04-03T14:51:27.138707
rfuchs,skipped,,,,,2026-04-03T14:51:36.375227
Namrata0890-M,skipped,,,,,2026-04-03T14:51:55.354292
bymshihab,skipped,BD,,13,0,2026-04-03T14:52:04.350801
Todd-Owen-Mpeli,skipped,,,,,2026-04-03T14:52:13.733924
shubhamkingsmen,skipped,,,,,2026-04-03T14:52:25.662956
ErykLEN,skipped,,,,,2026-04-03T14:52:31.801989
gimalgosa0514,skipped,,,,,2026-04-03T14:52:49.661041
ishit1011,skipped,,,,,2026-04-03T14:53:04.295581
Lada27,skipped,,,,,2026-04-03T14:53:15.829180
zanprtmvpn,skipped,,,,,2026-04-03T14:53:22.569112
zfields,skipped,,,,,2026-04-03T14:53:28.664792
arnautov-anton,scored,CZ,0.3077,44,27,2026-04-03T14:53:41.383510
1mahogany,skipped,,,,,2026-04-03T14:53:50.887517
MohamedQenawy,skipped,,,,,2026-04-03T14:54:05.909343
sloweyyy,skipped,,,,,2026-04-03T14:54:16.101035
etiennejouan,skipped,,,,,2026-04-03T14:54:22.986648
MrKeeey,skipped,,,,,2026-04-03T14:54:29.234927
shrisha2409,skipped,,,,,2026-04-03T14:54:47.196689
vivekweberon,skipped,,,,,2026-04-03T14:54:52.953194
septatrix,skipped,DE,,0,0,2026-04-03T14:55:04.810982
JorgeMgl-DEV,skipped,,,,,2026-04-03T14:55:17.227844
gularsson,skipped,SE,,3,34,2026-04-03T14:55:29.805538
mortargoblin,skipped,,,,,2026-04-03T14:55:48.539091
mahendramaravi,skipped,,,,,2026-04-03T14:55:57.295050
wing-ho,skipped,CN,,2,1,2026-04-03T14:56:12.161687
magic-320,skipped,,,,,2026-04-03T14:56:30.092086
ignatandrei,skipped,RO,,0,0,2026-04-03T14:56:44.946720
mkosiarc,skipped,,,,,2026-04-03T14:56:53.669483
mintesnot-teshome,skipped,ET,,,,2026-04-03T14:57:12.404000
JimDesu,skipped,,,,,2026-04-03T14:57:18.666478
stmarianx,skipped,,,,,2026-04-03T14:57:33.489805
Mohamad-Salehfar,skipped,,,,,2026-04-03T14:57:48.492225
gamisi,skipped,,,,,2026-04-03T14:58:03.734272
tlsnwls,skipped,,,,,2026-04-03T14:58:18.470734
bytequill,skipped,PL,,0,16,2026-04-03T14:58:36.397577
DionysiosB,skipped,US,,0,100,2026-04-03T14:58:42.774919
safehome-jdev,skipped,US,,0,0,2026-04-03T14:58:45.653391
arhimondr,skipped,US,,0,0,2026-04-03T14:58:57.336603
siriobalmelli,skipped,,,,,2026-04-03T14:59:03.903327
sarahcrack,skipped,GB,,12,0,2026-04-03T14:59:22.371087
Uplyuz,skipped,,,,,2026-04-03T14:59:25.278001
trongtruong2509,skipped,,,,,2026-04-03T14:59:44.007255
WSO123,skipped,,,,,2026-04-03T14:59:50.091939
morganelcvz,skipped,,,,,2026-04-03T15:00:09.354260
starbuck93,skipped,US,,0,0,2026-04-03T15:00:21.576135
joelanman,skipped,GB,,0,0,2026-04-03T15:00:36.692822
Dispues1213,skipped,,,,,2026-04-03T15:00:54.773146
lcahill92,skipped,,,,,2026-04-03T15:01:00.768831
dkcumming,skipped,,,,,2026-04-03T15:01:09.718429
ARORA-PRACHI,skipped,,,,,2026-04-03T15:01:24.675359
Hellphone,skipped,,,,,2026-04-03T15:01:43.536526
JohnTol322,skipped,,,,,2026-04-03T15:01:50.106190
LuisMiguel-efe,scored,CO,0.0702,16,24,2026-04-03T15:02:08.283461
ManuelRoncarati,skipped,,,,,2026-04-03T15:02:14.398294
Harini230504,skipped,,,,,2026-04-03T15:02:26.654675
Davling-EXE,skipped,,,,,2026-04-03T15:02:35.867338
koki7o,skipped,,,,,2026-04-03T15:02:54.377087
habieell,skipped,,,,,2026-04-03T15:03:09.347403
ivanaspinoso,skipped,,,,,2026-04-03T15:03:27.788736
Luke73629,skipped,,,,,2026-04-03T15:03:33.527071
kelvin-olaiya,skipped,IT,,0,0,2026-04-03T15:03:42.732465
manthanindane,skipped,IN,,18,2,2026-04-03T15:03:57.916452
pfaffelh,skipped,DE,,13,0,2026-04-03T15:04:16.293227
myconpeter,skipped,NG,,12,1,2026-04-03T15:04:34.216616
HoYin1600p,skipped,CA,,0,100,2026-04-03T15:04:44.627925
benjagm,skipped,,,,,2026-04-03T15:04:47.528710
ljlamarche,skipped,,,,,2026-04-03T15:04:59.871284
SambriddhaShah,skipped,,,,,2026-04-03T15:05:17.340848
tomverin,skipped,,,,,2026-04-03T15:05:23.302055
qnnp-me,skipped,,,,,2026-04-03T15:05:32.466703
dunjadakovic,skipped,,,,,2026-04-03T15:05:47.953851
maxthemusicnerd,skipped,,,,,2026-04-03T15:06:05.949680
cmvanb,skipped,NL,,0,0,2026-04-03T15:06:24.100841
einyx,skipped,,,,,2026-04-03T15:06:35.679660
melvyndanny,skipped,,,,,2026-04-03T15:06:50.311028
ggg2607,skipped,,,,,2026-04-03T15:07:02.171973
seanbuckle,scored,GB,0.0842,41,59,2026-04-03T15:07:15.468079
hllelli2,skipped,,,,,2026-04-03T15:07:27.769556
TheApplePieGod,skipped,,,,,2026-04-03T15:07:46.051358
shigeyukey,skipped,,,,,2026-04-03T15:08:04.531816
1984tkr,skipped,,,,,2026-04-03T15:08:13.499083
MikeKorsikov,skipped,PL,,69,0,2026-04-03T15:08:22.916076
rcapraro,skipped,,,,,2026-04-03T15:08:40.807631
xxmmxx,skipped,,,,,2026-04-03T15:08:43.739323
ankit435,skipped,,,,,2026-04-03T15:09:01.265648
nsaintsever,skipped,,,,,2026-04-03T15:09:13.350457
zzcclp,skipped,,,,,2026-04-03T15:09:19.244360
flawlessattila,skipped,,,,,2026-04-03T15:09:22.116559
joko713,skipped,,,,,2026-04-03T15:09:40.311784
ashuicoder,skipped,,,,,2026-04-03T15:09:52.525348
israelnarbi,skipped,,,,,2026-04-03T15:10:01.669115
rly,skipped,,,,,2026-04-03T15:10:16.582367
avinashyadav16,skipped,,,,,2026-04-03T15:10:35.010363
WKBASFernando,skipped,,,,,2026-04-03T15:10:50.477860
Pablo-source,scored,GB,0.1397,56,30,2026-04-03T15:11:05.883381
jacobcassidy,scored,US,0.0761,5,95,2026-04-03T15:11:12.168934
shd1495,skipped,,,,,2026-04-03T15:11:18.854025
ganesh-o18,skipped,,,,,2026-04-03T15:11:27.734640
Yan2266336,skipped,,,,,2026-04-03T15:11:33.566038
santiuh,skipped,,,,,2026-04-03T15:11:53.207530
jaytnw,skipped,TH,,3,3,2026-04-03T15:12:05.365171
danisnurman,skipped,,,,,2026-04-03T15:12:21.092233
guistrutzki,skipped,,,,,2026-04-03T15:12:39.058020
Brennon-Oliveira,skipped,,,,,2026-04-03T15:12:54.692208
Kendi-prog,skipped,,,,,2026-04-03T15:13:09.959078
SREERAM-KRISHNAKUMAR,skipped,,,,,2026-04-03T15:13:28.289989
vikramsveltose022,skipped,IN,,0,13,2026-04-03T15:13:49.517730
IharYakimush,skipped,,,,,2026-04-03T15:14:08.987274
jehptes,skipped,PT,,0,0,2026-04-03T15:14:24.342957
yadudoc,skipped,US,,0,0,2026-04-03T15:14:39.257381
Cortega2-1,skipped,,,,,2026-04-03T15:14:57.625150
aniyant,skipped,IN,,90,0,2026-04-03T15:15:16.211128
JanBielski,skipped,,,,,2026-04-03T15:15:30.641412
Molten-Ice,skipped,,,,,2026-04-03T15:15:41.155860
ezekielnewren,skipped,,,,,2026-04-03T15:15:53.627713
armaank,skipped,,,,,2026-04-03T15:16:06.152571
ksalhab89,skipped,,,,,2026-04-03T15:16:19.972688
deperkenne,skipped,,,,,2026-04-03T15:16:38.213356
Forillusion,skipped,,,,,2026-04-03T15:16:53.117198
inhooo00,skipped,,,,,2026-04-03T15:16:59.578642
AtomusLearn,skipped,,,,,2026-04-03T15:17:08.574604
aragragu,skipped,,,,,2026-04-03T15:17:27.180503
eks-distro-bot,skipped,,,,,2026-04-03T15:17:29.936875
MrMrMops,skipped,,,,,2026-04-03T15:20:02.978355
Derick-Obeng,skipped,,,,,2026-04-03T15:20:09.551141
acmiyaguchi,skipped,US,,0,0,2026-04-03T15:20:16.431661
amansinghbais,skipped,,,,,2026-04-03T15:20:34.265808
arhomenkomurat50,skipped,,,,,2026-04-03T15:20:40.425660
lvpjsdev,skipped,,,,,2026-04-03T15:20:55.410838
sumerian12345,skipped,,,,,2026-04-03T15:20:58.359080
LearnTechLogic,skipped,,,,,2026-04-03T15:21:13.377892
saiful797,skipped,BD,,1,6,2026-04-03T15:21:31.348509
ellisbywater,skipped,,,,,2026-04-03T15:21:46.410210
taodamiao,skipped,,,,,2026-04-03T15:21:49.313442
Va-041,skipped,,,,,2026-04-03T15:22:08.549992
haticeozcelik,skipped,,,,,2026-04-03T15:22:26.310309
atharvzunjarrao,skipped,,,,,2026-04-03T15:22:35.079408
aquental,scored,BR,0.0465,6,13,2026-04-03T15:22:50.149885
azrod,skipped,FR,,0,0,2026-04-03T15:23:02.291024
trevorsmith792,skipped,,,,,2026-04-03T15:23:17.188478
EduCheems,skipped,,,,,2026-04-03T15:23:32.550290
Coates-BTS,skipped,,,,,2026-04-03T15:23:38.848482
JackLau1222,skipped,,,,,2026-04-03T15:23:51.295314
Guibod,skipped,FR,,0,0,2026-04-03T15:23:59.989033
Captain-VLSI,skipped,IN,,0,100,2026-04-03T15:24:06.407948
hanguyxn,skipped,,,,,2026-04-03T15:24:23.981594
otavioCosta2110,skipped,,,,,2026-04-03T15:24:42.036793
aidyfeng,skipped,,,,,2026-04-03T15:24:50.959443
dandriambala,skipped,,,,,2026-04-03T15:25:06.742253
VitorRenanSD,skipped,BR,,0,100,2026-04-03T15:25:25.781761
jondurbin,skipped,,,,,2026-04-03T15:25:35.438608
mid-kid,skipped,,,,,2026-04-03T15:25:41.762446
Midohajhouj,skipped,,,,,2026-04-03T15:25:51.763946
brettlangdon,skipped,US,,0,0,2026-04-03T15:26:03.704710
anjandebnath,skipped,BD,,0,0,2026-04-03T15:26:21.299793
snowflake,skipped,GB,,0,0,2026-04-03T15:26:35.793829
h4rb4rd,skipped,RU,,0,0,2026-04-03T15:26:53.607664
etobella,skipped,,,,,2026-04-03T15:26:59.492688
YoCode35,scored,FR,0.0793,10,90,2026-04-03T15:27:09.266126
alihm,skipped,,,,,2026-04-03T15:27:18.253806
HEGIIRA,skipped,ID,,0,1,2026-04-03T15:27:35.706384
RodionKovalenko,skipped,,,,,2026-04-03T15:27:50.928250
AldhairMedico,skipped,,,,,2026-04-03T15:27:53.810465
BelaSchrammDev,scored,DE,0.0333,31,69,2026-04-03T15:28:06.627516
shikharyashmaurya,skipped,,,,,2026-04-03T15:28:18.739057
jkuester,skipped,,,,,2026-04-03T15:28:21.867501
ZifanSi,skipped,CA,,1,94,2026-04-03T15:28:40.626300
dennis23100,skipped,,,,,2026-04-03T15:28:56.228169
juanfuooo,skipped,,,,,2026-04-03T15:29:08.308193
ABCDOUH-wwx,skipped,,,,,2026-04-03T15:29:17.169184
crri1,skipped,,,,,2026-04-03T15:29:35.824069
Python-aryan,skipped,IN,,0,0,2026-04-03T15:29:41.922284
DEVcungAI,skipped,VN,,0,100,2026-04-03T15:29:51.384126
murilomontino,skipped,BR,,0,0,2026-04-03T15:30:00.441995
mrroberts-mslt,skipped,,,,,2026-04-03T15:30:19.181570
mojtabaimani,skipped,,,,,2026-04-03T15:30:31.259524
ACEGX25,skipped,,,,,2026-04-03T15:30:46.804687
jvivona,skipped,US,,0,1,2026-04-03T15:30:55.811316
rybakit,skipped,NL,,0,0,2026-04-03T15:31:13.700888
Zakaria742,skipped,,,,,2026-04-03T15:31:34.040603
hatvik,skipped,,,,,2026-04-03T15:31:37.162681
khadija-zekraoui,skipped,,,,,2026-04-03T15:31:55.326513
piat0002,skipped,FR,,0,0,2026-04-03T15:32:12.808223
Sami-Juhani,scored,FI,0.1105,19,81,2026-04-03T15:32:29.533066
JoyNdungu,skipped,KE,,0,33,2026-04-03T15:32:49.041929
diegolagospagopa,skipped,,,,,2026-04-03T15:32:58.877909
Vishalkumar70522,skipped,,,,,2026-04-03T15:33:04.752252
Hyper-Sk,skipped,,,,,2026-04-03T15:33:24.041685
KiraBuzova,skipped,,,,,2026-04-03T15:33:42.834504
kyleysrael,skipped,,,,,2026-04-03T15:34:02.033232
ardo314,skipped,,,,,2026-04-03T15:34:20.641037
IvanMontesGuti,skipped,ES,,0,56,2026-04-03T15:34:38.832372
ghi512,skipped,,,,,2026-04-03T15:34:57.304764
Hulkilla,skipped,,,,,2026-04-03T15:35:12.975425
Layna934,skipped,,,,,2026-04-03T15:35:25.235803
DavidAdolfoGomezUribe,skipped,,,,,2026-04-03T15:35:44.325503
rebe270,skipped,,,,,2026-04-03T15:36:02.264890
tzujohsu,skipped,,,,,2026-04-03T15:36:17.452106
Yanshishuang,skipped,,,,,2026-04-03T15:36:26.130311
billmcnamara,skipped,FR,,0,0,2026-04-03T15:36:34.869733
BatuUzun,skipped,,,,,2026-04-03T15:36:53.496231
Chi123Zhang,skipped,,,,,2026-04-03T15:37:06.314767
immahesh111,skipped,,,,,2026-04-03T15:37:24.032517
lincoo2019,skipped,,,,,2026-04-03T15:37:30.274969
pgm-arnoboenders,skipped,,,,,2026-04-03T15:37:42.903988
ddayofs,skipped,,,,,2026-04-03T15:37:54.981937
solutionsreinvented,skipped,,,,,2026-04-03T15:38:09.866666
CamilleB8,skipped,,,,,2026-04-03T15:38:28.419516
Ashipa41,skipped,GB,,0,100,2026-04-03T15:38:47.834388
jesperancinha,skipped,,,,,2026-04-03T15:38:58.444764
sebastiann88,skipped,,,,,2026-04-03T15:39:16.191038
sharma-dushyant,skipped,,,,,2026-04-03T15:39:36.432064
Milenaslv20,skipped,,,,,2026-04-03T15:39:54.949777
7he-Coder,skipped,,,,,2026-04-03T15:40:12.848448
alli83,skipped,,,,,2026-04-03T15:40:18.699959
Praveen0698,skipped,,,,,2026-04-03T15:40:33.763495
mestoev,skipped,,,,,2026-04-03T15:40:43.020596
LyleSY,skipped,US,,0,0,2026-04-03T15:40:47.222388
Gin-G,skipped,,,,,2026-04-03T15:41:00.224367
paolodedomini,skipped,,,,,2026-04-03T15:41:18.161006
ivarfol,skipped,,,,,2026-04-03T15:41:33.289116
AutodataAI,skipped,,,,,2026-04-03T15:41:48.219140
YourContender,skipped,,,,,2026-04-03T15:42:06.262331
egaeng09,skipped,,,,,2026-04-03T15:42:15.589477
OPCODE7,skipped,,,,,2026-04-03T15:42:33.971233
sinhaviraj,skipped,,,,,2026-04-03T15:42:36.712870
textbrowser,skipped,,,,,2026-04-03T15:42:43.170076
sjt-wtag,skipped,,,,,2026-04-03T15:43:01.116484
Alisson2105,skipped,,,,,2026-04-03T15:43:06.795139
Gvirbalis,skipped,,,,,2026-04-03T15:43:16.078908
njmcmil,skipped,,,,,2026-04-03T15:43:34.318686
therealabhishekc,skipped,,,,,2026-04-03T15:43:48.797263
sury-git,skipped,,,,,2026-04-03T15:43:57.935357
magomedov-m,skipped,,,,,2026-04-03T15:44:08.268198
jakiragu,skipped,,,,,2026-04-03T15:44:17.097117
raymondworkshop,skipped,HK,,,,2026-04-03T15:44:23.625773
nurulazam-dev,skipped,,,,,2026-04-03T15:44:41.604349
CristianLincu,skipped,,,,,2026-04-03T15:44:47.878737
martha-555,skipped,,,,,2026-04-03T15:44:57.803998
Leornadia,skipped,,,,,2026-04-03T15:45:13.104931
mateo89222,skipped,,,,,2026-04-03T15:45:32.322925
hidayattaufiqur,skipped,ID,,0,0,2026-04-03T15:45:49.786223
dongchan0105,skipped,KR,,0,3,2026-04-03T15:45:58.499585
shuangjianhuazhan,skipped,,,,,2026-04-03T15:46:04.303699
fortuna,skipped,US,,0,0,2026-04-03T15:46:18.881244
einmeterhecht,skipped,,,,,2026-04-03T15:46:30.756672
Jinjiu96,skipped,BE,,0,0,2026-04-03T15:46:49.047975
LorisGalleana,skipped,,,,,2026-04-03T15:47:07.473348
torcuata22,skipped,,,,,2026-04-03T15:47:25.519178
BharathTR5,skipped,IN,,0,9,2026-04-03T15:47:43.241777
wagner199,skipped,,,,,2026-04-03T15:47:59.941621
rohanraval2,skipped,,,,,2026-04-03T15:48:17.917566
IcedVanillaLatte,skipped,,,,,2026-04-03T15:48:24.340139
ppinchuk,skipped,,,,,2026-04-03T15:48:36.171574
hsalmadawoud,skipped,,,,,2026-04-03T15:48:41.979008
TlalocA,skipped,,,,,2026-04-03T15:48:51.169056
skc-98,skipped,,,,,2026-04-03T15:48:57.510492
audhage,skipped,NO,,0,0,2026-04-03T15:49:00.308855
sehilyi,skipped,US,,0,0,2026-04-03T15:49:12.631631
gallegosj89,skipped,,,,,2026-04-03T15:49:31.151283
calebjacob,skipped,US,,0,0,2026-04-03T15:49:38.329978
Jhansi-0707,skipped,,,,,2026-04-03T15:49:56.752537
odoosmg,skipped,,,,,2026-04-03T15:50:11.508212
Iwano123,skipped,SE,,0,56,2026-04-03T15:50:29.955988
Japhetism,skipped,NG,,0,0,2026-04-03T15:50:47.286302
iranziprince01,skipped,,,,,2026-04-03T15:51:02.922530
ddanielr,skipped,,,,,2026-04-03T15:51:15.225126
Crazycoala,skipped,,,,,2026-04-03T15:51:32.731025
KurosakiKST,scored,TH,0.1086,66,27,2026-04-03T15:51:51.764078
Anjanaithikkad,skipped,,,,,2026-04-03T15:52:10.757892
phuhung273,skipped,VN,,19,2,2026-04-03T15:52:28.729741
fstreun,skipped,,,,,2026-04-03T15:52:42.042368
Hyeonseok0529,skipped,,,,,2026-04-03T15:52:48.447585
Julmarpic94,skipped,,,,,2026-04-03T15:53:05.989611
JuliaaNasc,skipped,,,,,2026-04-03T15:53:26.686906
andersonjeccel,skipped,BR,,0,0,2026-04-03T15:53:29.519031
Psydonic,skipped,,,,,2026-04-03T15:53:45.508226
Vika-F,skipped,,,,,2026-04-03T15:53:48.369141
mateuszo19,skipped,PL,,25,0,2026-04-03T15:54:03.819492
ridzimeko,scored,ID,0.0438,32,68,2026-04-03T15:54:19.900070
feliciadaniel,skipped,,,,,2026-04-03T15:54:37.296727
hannakoltuniak,skipped,PL,,19,3,2026-04-03T15:54:55.103184
a23kaeguapio,skipped,,,,,2026-04-03T15:55:03.783112
LnrdRmj,skipped,,,,,2026-04-03T15:55:19.874927
Trungduzi,skipped,,,,,2026-04-03T15:55:32.454412
xOAviOx,skipped,,,,,2026-04-03T15:55:50.577901
piratof,skipped,,,,,2026-04-03T15:55:56.714666
elsacatoire,skipped,FR,,98,2,2026-04-03T15:56:03.525431
LucreziaCatapano,skipped,,,,,2026-04-03T15:56:09.459725
ograweb,skipped,,,,,2026-04-03T15:56:12.336353
daneshk,skipped,LK,,0,0,2026-04-03T15:56:17.972360
gofhilman,skipped,ID,,0,23,2026-04-03T15:56:30.209280
tliu,skipped,,,,,2026-04-03T15:56:47.685385
JuhaPat,skipped,,,,,2026-04-03T15:56:54.558172
egorikftp,skipped,,,,,2026-04-03T15:57:01.070227
nichol9595,skipped,,,,,2026-04-03T15:57:19.643110
sunwinbus,skipped,,,,,2026-04-03T15:57:33.982650
sergey1998181devlop,skipped,TR,,0,0,2026-04-03T15:57:51.628269
kc1116,skipped,,,,,2026-04-03T15:57:54.542107
BiPhan4,skipped,,,,,2026-04-03T15:58:09.853417
ctb,skipped,US,,0,0,2026-04-03T15:58:18.578395
Alkapivo,skipped,,,,,2026-04-03T15:58:32.122530
CourantLuna,skipped,,,,,2026-04-03T15:58:50.200729
gdibble,skipped,,,,,2026-04-03T15:58:59.315798
kyputer,skipped,,,,,2026-04-03T15:59:19.136002
megadiiiii,skipped,,,,,2026-04-03T15:59:37.782701
gauravrattan76,skipped,IN,,1,0,2026-04-03T15:59:56.647581
sbasu96,skipped,,,,,2026-04-03T16:00:02.402410
zainsaqain,skipped,,,,,2026-04-03T16:00:16.894036
jagar2,skipped,,,,,2026-04-03T16:00:22.793020
Hamster128,skipped,,,,,2026-04-03T16:00:35.769273
yosuke269,skipped,,,,,2026-04-03T16:00:47.688721
stepapo,skipped,,,,,2026-04-03T16:00:54.272990
joma2304,skipped,,,,,2026-04-03T16:01:12.908216
jimjonesbr,skipped,,,,,2026-04-03T16:01:19.569540
kaaloo,skipped,FR,,0,0,2026-04-03T16:01:25.110100
ydshieh,skipped,FR,,0,0,2026-04-03T16:01:36.814007
ducchinhpro123,scored,VN,0.0927,6,94,2026-04-03T16:01:52.286854
mkt777,skipped,,,,,2026-04-03T16:02:09.804044
Danivdmijl,skipped,,,,,2026-04-03T16:02:24.567157
nandbolt,scored,US,0.0478,77,23,2026-04-03T16:02:30.930344
Rakoski,skipped,,,,,2026-04-03T16:02:37.635031
Oidaho,skipped,RU,,3,97,2026-04-03T16:02:50.903213
Usmanzaib356,skipped,,,,,2026-04-03T16:03:08.259368
tom-pollak,skipped,,,,,2026-04-03T16:03:15.085322
subirfr,skipped,,,,,2026-04-03T16:03:29.418007
toupper,skipped,,,,,2026-04-03T16:03:42.238853
mikedh,skipped,,,,,2026-04-03T16:03:49.639419
nektobit,skipped,,,,,2026-04-03T16:04:07.828493
saroj2053,skipped,DE,,0,7,2026-04-03T16:04:25.475952
hubert-dudek,skipped,,,,,2026-04-03T16:04:41.150162
elmashatri,skipped,,,,,2026-04-03T16:04:59.726427
abays,skipped,US,,0,0,2026-04-03T16:05:08.713588
AryaPatel086,skipped,,,,,2026-04-03T16:05:14.641456
Ortus24,skipped,,,,,2026-04-03T16:05:24.575532
gabrielarce,skipped,US,,2,0,2026-04-03T16:05:39.381639
feihuan1,skipped,,,,,2026-04-03T16:05:57.740892
AliciaBarrios,skipped,,,,,2026-04-03T16:06:10.625661
Davod0,skipped,,,,,2026-04-03T16:06:22.217459
Piphvt,skipped,TH,,0,100,2026-04-03T16:06:28.614734
wangl-cc,skipped,CN,,0,44,2026-04-03T16:06:41.346167
getGit789,skipped,,,,,2026-04-03T16:06:59.087858
allieanarchy,skipped,,,,,2026-04-03T16:07:01.874526
naisofttr,skipped,,,,,2026-04-03T16:07:19.735518
KazuCocoa,skipped,US,,0,0,2026-04-03T16:07:33.122157
tribbloid,scored,CA,0.0822,50,25,2026-04-03T16:07:52.974514
yunjuKimm,skipped,,,,,2026-04-03T16:08:05.276710
lukamihic,skipped,,,,,2026-04-03T16:08:17.483583
MATRIX7878,skipped,,,,,2026-04-03T16:08:35.746055
mohabmes,skipped,DE,,3,0,2026-04-03T16:08:45.473082
awinterstein,skipped,DE,,0,100,2026-04-03T16:09:01.903589
MajestadAyman,skipped,,,,,2026-04-03T16:09:10.822022
pataruco,skipped,GB,,0,0,2026-04-03T16:09:23.233246
blackopsinc,skipped,,,,,2026-04-03T16:09:30.254141
GitUserMaxim,skipped,RU,,0,68,2026-04-03T16:09:45.550658
Julien-rtg,skipped,,,,,2026-04-03T16:10:00.791978
BruceLin90620,skipped,,,,,2026-04-03T16:10:19.752221
philgyford,skipped,GB,,0,67,2026-04-03T16:10:30.268287
elliemaclennan,skipped,,,,,2026-04-03T16:10:49.003024
shakal194,skipped,,,,,2026-04-03T16:11:07.254137
johnkmj,skipped,US,,0,0,2026-04-03T16:11:16.190723
ibatllemola,skipped,ES,,0,0,2026-04-03T16:11:22.122801
Aayuti,skipped,,,,,2026-04-03T16:11:39.921650
sun-yuliang,skipped,CN,,5,0,2026-04-03T16:11:54.868842
sanghoonio,scored,US,0.0732,20,76,2026-04-03T16:12:11.139525
metallicanews,skipped,,,,,2026-04-03T16:12:17.023642
scothann,skipped,,,,,2026-04-03T16:12:19.837668
Kacelo,skipped,,,,,2026-04-03T16:12:39.645190
PaidBottesting,skipped,,,,,2026-04-03T16:12:57.866446
dirakx1,skipped,CO,,0,0,2026-04-03T16:13:00.780442
xxxxxthefox,skipped,,,,,2026-04-03T16:13:16.195338
Ale2301,skipped,,,,,2026-04-03T16:13:34.155753
Leddie87,skipped,,,,,2026-04-03T16:13:39.992043
uranc,skipped,,,,,2026-04-03T16:13:46.202180
Palazide,skipped,,,,,2026-04-03T16:13:52.085210
Shiva-Tadigadapa,skipped,IN,,0,0,2026-04-03T16:14:00.697178
xxdxlxxr,skipped,,,,,2026-04-03T16:14:10.413396
rooshankumar,skipped,,,,,2026-04-03T16:14:16.961679
pthubert,skipped,FR,,0,0,2026-04-03T16:14:23.140742
fl0wstate,skipped,,,,,2026-04-03T16:14:37.633606
tiagoft,skipped,BR,,27,0,2026-04-03T16:14:49.863082
omarathon,skipped,GB,,0,0,2026-04-03T16:15:05.525951
SKurbick,skipped,,,,,2026-04-03T16:15:22.928297
cmwylie19,skipped,,,,,2026-04-03T16:15:31.809730
MysterSneppi,skipped,UA,,15,0,2026-04-03T16:15:49.424239
ayulockin,skipped,IN,,0,0,2026-04-03T16:15:55.358501
kmw,skipped,US,,0,8,2026-04-03T16:16:04.132770
Jani-Mohammad,skipped,,,,,2026-04-03T16:16:16.066876
PierreDessare,skipped,,,,,2026-04-03T16:16:18.878874
torialves,skipped,PT,,0,19,2026-04-03T16:16:24.801250
gregpi4,skipped,,,,,2026-04-03T16:16:36.747208
briju123,skipped,,,,,2026-04-03T16:16:51.620138
KaishaerMahemuti,skipped,,,,,2026-04-03T16:17:00.315931
CristianChancusigC,skipped,,,,,2026-04-03T16:17:17.997686
Wraith2,skipped,,,,,2026-04-03T16:17:32.924852
rafecolton,skipped,US,,0,0,2026-04-03T16:17:48.159093
lukepatterson31,skipped,,,,,2026-04-03T16:17:57.530372
Razz4780,skipped,PL,,0,0,2026-04-03T16:18:16.358673
binboupan,scored,FI,0.0386,7,50,2026-04-03T16:18:35.448744
clode-wf,skipped,KR,,0,10,2026-04-03T16:18:47.247593
AlbertiJacopo,skipped,,,,,2026-04-03T16:19:05.373149
furkancavusoglu,skipped,,,,,2026-04-03T16:19:23.410072
sharmapramod2211,skipped,,,,,2026-04-03T16:19:26.309119
3narinder,skipped,,,,,2026-04-03T16:19:41.598586
phamthangph13,skipped,VN,,0,25,2026-04-03T16:19:59.904269
Charan-Parvathareddy,skipped,IN,,3,97,2026-04-03T16:20:14.954803
Tronik6,skipped,,,,,2026-04-03T16:20:24.245087
mohamedadl52,skipped,,,,,2026-04-03T16:20:42.532655
Harsh2330,skipped,,,,,2026-04-03T16:20:57.719128
felixcodin,skipped,VN,,0,100,2026-04-03T16:21:04.069845
A1dos-Creations,skipped,,,,,2026-04-03T16:21:13.532842
yannisfs,skipped,DE,,1,22,2026-04-03T16:21:25.492664
yashnikam23,skipped,,,,,2026-04-03T16:21:31.160084
MengYJ-M,skipped,,,,,2026-04-03T16:21:42.858114
sajida-metron,skipped,,,,,2026-04-03T16:21:55.224552
camrunr,skipped,,,,,2026-04-03T16:22:13.286802
ninjazan420,skipped,,,,,2026-04-03T16:22:18.926309
Sakanaaa-itf,skipped,,,,,2026-04-03T16:22:25.570816
qwerty2024,skipped,RU,,9,0,2026-04-03T16:22:40.385273
dewanshi-1807,skipped,,,,,2026-04-03T16:22:46.290368
OWIXZ,skipped,,,,,2026-04-03T16:22:58.673598
jasonbra1n,skipped,CA,,0,100,2026-04-03T16:23:08.982200
RickyFoots,skipped,,,,,2026-04-03T16:23:15.207095
jackcarrozzo,skipped,US,,0,0,2026-04-03T16:23:33.044654
gowdaganesh005,skipped,IN,,4,2,2026-04-03T16:23:42.080808
Pikacnu,skipped,,,,,2026-04-03T16:23:54.880604
gaarutyunov,skipped,ES,,0,0,2026-04-03T16:24:14.136204
gdbaek,skipped,,,,,2026-04-03T16:24:16.943854
Luceva2002,skipped,,,,,2026-04-03T16:24:35.144706
LFWQSP2641,scored,CN,0.0542,86,14,2026-04-03T16:24:47.808546
marcosdotps,skipped,,,,,2026-04-03T16:24:53.510640
michielvanschaik,skipped,NL,,0,0,2026-04-03T16:24:59.543934
Jiahui17,scored,CH,0.035,76,24,2026-04-03T16:25:09.457276
bimalaa,skipped,,,,,2026-04-03T16:25:24.384596
LabGeomatica,skipped,,,,,2026-04-03T16:25:45.728262
take0913,skipped,,,,,2026-04-03T16:26:04.831810
zrtch,skipped,CN,,2,0,2026-04-03T16:26:24.571197
GanghyeonSeo,skipped,,,,,2026-04-03T16:26:36.319009
Addrycasta,skipped,,,,,2026-04-03T16:26:53.794721
g-beier,skipped,BR,,57,3,2026-04-03T16:27:11.982658
nowayhecodes,skipped,,,,,2026-04-03T16:27:21.289347
aneesh0609,skipped,,,,,2026-04-03T16:27:39.732219
yhyou90,skipped,,,,,2026-04-03T16:27:51.945276
raymundGil,skipped,,,,,2026-04-03T16:27:57.573490
krishpro83,skipped,,,,,2026-04-03T16:28:15.370067
arturomorarioja,skipped,DK,,1,5,2026-04-03T16:28:33.143804
Finistere,skipped,,,,,2026-04-03T16:28:42.254728
karlwinsor,skipped,,,,,2026-04-03T16:28:51.023183
minseoky,skipped,KR,,58,0,2026-04-03T16:29:09.108742
Yamete11,scored,PL,0.0412,49,51,2026-04-03T16:29:18.798774
KennyAwesome,skipped,,,,,2026-04-03T16:29:33.171532
linqi-ye,skipped,,,,,2026-04-03T16:29:40.939482
Yeysoon,skipped,,,,,2026-04-03T16:29:59.363806
anshu-dahiya,skipped,IN,,0,8,2026-04-03T16:30:16.995171
SMKJ42,skipped,,,,,2026-04-03T16:30:26.186424
maheshmajnu,skipped,,,,,2026-04-03T16:30:44.736576
ruslan-ok,skipped,PL,,4,9,2026-04-03T16:31:03.756541
CebularzPawel,skipped,,,,,2026-04-03T16:31:21.622602
Ocean423,skipped,,,,,2026-04-03T16:31:28.180371
CHYang25,skipped,,,,,2026-04-03T16:31:47.212503
Goshko07,skipped,,,,,2026-04-03T16:32:05.642043
MatiasBunsterRaby,skipped,,,,,2026-04-03T16:32:17.443232
dissiram,skipped,,,,,2026-04-03T16:32:36.146024
Zhangeldi123,skipped,,,,,2026-04-03T16:32:54.435097
Alexjes98,skipped,,,,,2026-04-03T16:33:05.947809
git-elena,skipped,UA,,26,0,2026-04-03T16:33:21.150557
yang491658,skipped,,,,,2026-04-03T16:33:24.025652
Anchansook,skipped,,,,,2026-04-03T16:33:39.555096
Yamon955,skipped,,,,,2026-04-03T16:33:48.824396
guluhtc,skipped,,,,,2026-04-03T16:34:06.426102
nhsjdiwlcnsv,skipped,,,,,2026-04-03T16:34:19.771197
albert-github,skipped,,,,,2026-04-03T16:34:22.623433
b6e6b6r6a,skipped,,,,,2026-04-03T16:34:43.280227
superduperdot,skipped,,,,,2026-04-03T16:34:49.246758
thvvmas,skipped,RU,,0,0,2026-04-03T16:35:00.621551
CSX8600,skipped,,,,,2026-04-03T16:35:10.395493
xNoRain001,skipped,,,,,2026-04-03T16:35:28.195952
Mitra-1990,skipped,,,,,2026-04-03T16:35:46.632704
fan-k-tamura,skipped,,,,,2026-04-03T16:35:55.941752
Kimhieu290103,skipped,,,,,2026-04-03T16:36:16.224934
katrinalyyy,skipped,,,,,2026-04-03T16:36:34.803000
Adityaghodki,skipped,,,,,2026-04-03T16:36:49.416414
JsGjKJzi,skipped,,,,,2026-04-03T16:36:52.270125
mcnoffsinger,skipped,,,,,2026-04-03T16:37:11.511781
kadu1990,skipped,,,,,2026-04-03T16:37:20.606444
57UU,skipped,,,,,2026-04-03T16:37:37.936573
waldepfeifer,skipped,DE,,0,45,2026-04-03T16:37:53.014339
jatherly,skipped,,,,,2026-04-03T16:38:11.272996
wonchul,skipped,,,,,2026-04-03T16:41:08.638598
saurabhjadhav45,skipped,IN,,1,30,2026-04-03T16:41:26.782147
mai19950,skipped,,,,,2026-04-03T16:41:29.764848
mastonaqvi,skipped,PK,,0,66,2026-04-03T16:41:48.123804
eeee3e3e,skipped,,,,,2026-04-03T16:42:06.343378
gzquse,skipped,,,,,2026-04-03T16:42:09.249223
clouchheim,skipped,,,,,2026-04-03T16:42:21.223562
v-chmykov,skipped,,,,,2026-04-03T16:42:40.223888
Secret198,skipped,,,,,2026-04-03T16:42:57.946426
mustafa0x,skipped,,,,,2026-04-03T16:43:16.208612
jordyantunes,skipped,,,,,2026-04-03T16:43:31.196003
AlexDunia,skipped,,,,,2026-04-03T16:43:48.645146
Nilesh919,skipped,,,,,2026-04-03T16:44:05.903018
ismifauziah,skipped,,,,,2026-04-03T16:44:23.435550
PremVispute,skipped,,,,,2026-04-03T16:44:40.875744
adamtoth9112,skipped,,,,,2026-04-03T16:44:58.624865
gvkries,skipped,DE,,0,0,2026-04-03T16:45:01.455061
Haris-Mughal,skipped,,,,,2026-04-03T16:45:07.974699
Gunkirat15,skipped,,,,,2026-04-03T16:45:26.858114
cocomongg,skipped,,,,,2026-04-03T16:45:36.317409
aguspuryanto,skipped,,,,,2026-04-03T16:45:50.919070
TylSpiegel,skipped,,,,,2026-04-03T16:46:00.406931
noknok79,skipped,,,,,2026-04-03T16:46:19.017484
Taesoonkim777,skipped,,,,,2026-04-03T16:46:32.002567
dna2github,skipped,,,,,2026-04-03T16:46:45.110788
focus-on1,skipped,,,,,2026-04-03T16:47:03.708945
AUGUS4751TUst,skipped,,,,,2026-04-03T16:47:10.127085
VersionControlAdmin,skipped,,,,,2026-04-03T16:47:13.197103
VikrantCisDev,skipped,,,,,2026-04-03T16:47:22.252986
amirradjou,skipped,CA,,0,2,2026-04-03T16:47:40.807482
Bhumi535,skipped,,,,,2026-04-03T16:47:52.622480
pashicop,skipped,,,,,2026-04-03T16:48:11.323374
biboking-373,skipped,,,,,2026-04-03T16:48:24.933050
davidabacon,skipped,,,,,2026-04-03T16:48:37.388732
sheita1,skipped,,,,,2026-04-03T16:48:52.225188
RyuYoungJoon,skipped,,,,,2026-04-03T16:49:10.623516
Wanyangu1,skipped,,,,,2026-04-03T16:49:28.557158
marinacrsp,skipped,,,,,2026-04-03T16:49:44.183213
alipang,skipped,SE,,0,0,2026-04-03T16:49:46.955513
kingenloff,skipped,DK,,0,0,2026-04-03T16:49:52.909489
Croway,skipped,IT,,0,0,2026-04-03T16:50:04.995129
yuliiazubenko,skipped,,,,,2026-04-03T16:50:23.795318
consep33t,skipped,,,,,2026-04-03T16:50:41.705506
SamueleGerminiani,skipped,,,,,2026-04-03T16:50:51.223930
ellupe,skipped,,,,,2026-04-03T16:51:06.363628
yony-k,skipped,,,,,2026-04-03T16:51:12.593886
sujan-026,skipped,IN,,7,1,2026-04-03T16:51:30.243815
diposukmanaa,skipped,,,,,2026-04-03T16:51:42.733167
pgoyalpaymentus,skipped,,,,,2026-04-03T16:51:48.524322
Kowshik-2412,skipped,,,,,2026-04-03T16:51:51.409402
rodrigosouza974,skipped,,,,,2026-04-03T16:52:06.165460
theIDinside,skipped,,,,,2026-04-03T16:52:18.154111
avadhutFrontEnd,skipped,,,,,2026-04-03T16:52:37.581243
girapet,skipped,,,,,2026-04-03T16:52:55.879134
alex-l-young,skipped,,,,,2026-04-03T16:53:08.583497
neleshgoel,skipped,NL,,0,2,2026-04-03T16:53:20.845693
gabriellamsa,skipped,TH,,3,15,2026-04-03T16:53:38.566955
inseo,skipped,FR,,0,0,2026-04-03T16:53:56.357745
KhaoulaAYARI,skipped,BE,,0,50,2026-04-03T16:54:14.351609
misdake,skipped,CN,,19,2,2026-04-03T16:54:30.140070
rus4help,skipped,,,,,2026-04-03T16:54:36.409251
pratiksarangi7,skipped,,,,,2026-04-03T16:54:53.901969
amertak,skipped,CZ,,0,0,2026-04-03T16:55:05.782454
oceanlee-seoul,scored,KR,0.0345,47,15,2026-04-03T16:55:25.367137
ms3IFYv,skipped,,,,,2026-04-03T16:55:43.269971
hindustanyarona,skipped,,,,,2026-04-03T16:55:49.793356
isadev0,skipped,,,,,2026-04-03T16:56:08.527488
anandkumar310,skipped,,,,,2026-04-03T16:56:27.452980
cro4k,skipped,,,,,2026-04-03T16:56:45.188302
yoursunny,skipped,,,,,2026-04-03T16:56:57.292380
yoonahseo,skipped,,,,,2026-04-03T16:57:08.889595
adhamu,skipped,GB,,24,3,2026-04-03T16:57:15.150584
alenki,skipped,,,,,2026-04-03T16:57:33.079224
mmanzoorTT,skipped,,,,,2026-04-03T16:57:35.908807
carte7000,skipped,,,,,2026-04-03T16:57:51.020312
hoge1e3,skipped,JP,,0,0,2026-04-03T16:58:00.070424
baaaaaaaaasowenyaaaaaaamamabeatsebaaah,skipped,DE,,0,99,2026-04-03T16:58:18.645234
VickScarlet,skipped,CN,,0,0,2026-04-03T16:58:36.392451
dbolotin,skipped,,,,,2026-04-03T16:58:39.229580
kurot-shirt,skipped,,,,,2026-04-03T16:58:57.303698
oscartan2223,skipped,,,,,2026-04-03T16:59:14.963664
lund5000,skipped,,,,,2026-04-03T16:59:27.003117
Berabruce,skipped,KE,,0,59,2026-04-03T16:59:42.277450
buff0k,skipped,ZA,,80,0,2026-04-03T16:59:49.119762
nterrel,skipped,,,,,2026-04-03T16:59:58.526349
NedLee1005,skipped,,,,,2026-04-03T17:00:10.603869
cronodark,skipped,,,,,2026-04-03T17:00:28.589710
tiszczesz,skipped,PL,,0,0,2026-04-03T17:00:46.301025
fridalyaputri,skipped,,,,,2026-04-03T17:01:01.173884
dj-kusuha,skipped,JP,,0,0,2026-04-03T17:01:10.530110
danharrin,scored,GB,0.046,26,27,2026-04-03T17:01:27.531827
Sameer-77,skipped,,,,,2026-04-03T17:01:46.092785
escape-engineering,skipped,,,,,2026-04-03T17:01:55.548133
novakvova,skipped,,,,,2026-04-03T17:02:13.072442
TizzySaurus,skipped,,,,,2026-04-03T17:02:18.848808
DoubleBrackets,skipped,,,,,2026-04-03T17:02:37.653708
Juho-source,skipped,,,,,2026-04-03T17:02:55.518520
tibifant,skipped,,,,,2026-04-03T17:03:11.027160
martinhoeller,skipped,IT,,0,0,2026-04-03T17:03:22.678809
alexroan,skipped,GB,,0,0,2026-04-03T17:03:40.447341
hiperiondev,skipped,,,,,2026-04-03T17:03:59.562050
Hannah-McLoone,skipped,,,,,2026-04-03T17:04:09.331816
seifoo23,skipped,,,,,2026-04-03T17:04:27.274493
shomurodzoda-f-auca-2022,skipped,,,,,2026-04-03T17:04:35.954200
ismailadegbenga,skipped,,,,,2026-04-03T17:04:38.911898
Abhiramikannan,skipped,,,,,2026-04-03T17:04:56.854604
nandhas03,skipped,,,,,2026-04-03T17:05:09.466871
aishwaryamathuria,skipped,,,,,2026-04-03T17:05:16.022707
surajpawar-dev,skipped,IN,,0,0,2026-04-03T17:05:33.395953
lachieh,skipped,US,,0,0,2026-04-03T17:05:48.900964
ThibautJoncour,skipped,,,,,2026-04-03T17:06:06.674383
aleksejsobolev116,skipped,,,,,2026-04-03T17:06:12.773704
Beta2learn,skipped,,,,,2026-04-03T17:06:25.301118
nowoa,skipped,,,,,2026-04-03T17:06:40.330583
dinhtanloc,skipped,VN,,0,100,2026-04-03T17:06:58.383207
seancorfield,skipped,,,,,2026-04-03T17:07:10.089536
FaYeth777,skipped,,,,,2026-04-03T17:07:24.790701
BarbaraBravoRedondo,skipped,,,,,2026-04-03T17:07:43.235562
ChackzWolf,skipped,IN,,8,0,2026-04-03T17:08:00.733367
alifarrayyan29,skipped,,,,,2026-04-03T17:08:19.459521
AngelofWoe,skipped,,,,,2026-04-03T17:08:25.108120
tesaunders,scored,NZ,0.0486,31,69,2026-04-03T17:08:35.009112
Ryvqi,skipped,,,,,2026-04-03T17:08:52.634151
mgayout,scored,FR,0.0619,37,61,2026-04-03T17:09:11.453054
masihjalali,skipped,,,,,2026-04-03T17:09:17.352029
omar09anwar,skipped,,,,,2026-04-03T17:09:34.607165
jamesnetherton,skipped,,,,,2026-04-03T17:09:50.924467
TobyTowler,skipped,,,,,2026-04-03T17:10:09.351824
Devanath03,skipped,,,,,2026-04-03T17:10:15.772715
gabrielLaino,scored,BR,0.0756,43,21,2026-04-03T17:10:34.828068
HassanAbdelhamed22,skipped,EG,,19,0,2026-04-03T17:10:52.756811
nrbrook,skipped,GB,,0,0,2026-04-03T17:10:58.620967
chyzhihorekk,skipped,,,,,2026-04-03T17:11:04.803893
2uasimojo,skipped,,,,,2026-04-03T17:11:10.599271
paul-hartwich,skipped,,,,,2026-04-03T17:11:19.547636
EminKahraman,skipped,,,,,2026-04-03T17:11:25.242717
ulysses-ck,skipped,AR,,3,0,2026-04-03T17:11:43.181427
TluchorANS,skipped,,,,,2026-04-03T17:11:45.960545
seferi16,skipped,,,,,2026-04-03T17:12:04.339384
Muhammad-saad16,skipped,,,,,2026-04-03T17:12:21.923017
chipspeak,skipped,,,,,2026-04-03T17:12:40.679968
Nhattam98,skipped,,,,,2026-04-03T17:12:58.270849
madnordski,skipped,US,,3,90,2026-04-03T17:13:16.681927
danielsebesta,skipped,,,,,2026-04-03T17:13:29.269492
bagg1487,skipped,,,,,2026-04-03T17:13:36.390317
Sicdex,skipped,,,,,2026-04-03T17:13:39.299615
jramuss,skipped,,,,,2026-04-03T17:13:53.900492
vibhuteakash,skipped,,,,,2026-04-03T17:14:08.775065
lukexor,skipped,,,,,2026-04-03T17:14:15.174708
Maoka2,skipped,,,,,2026-04-03T17:14:24.491055
jagathpraneshcoder,scored,IN,0.1467,5,95,2026-04-03T17:14:39.784460
nooranahmalberg,skipped,AU,,0,50,2026-04-03T17:14:57.844589
alelapi,skipped,,,,,2026-04-03T17:15:05.318328
Saveone01,skipped,,,,,2026-04-03T17:15:14.438517
vladimirvshivkov,skipped,,,,,2026-04-03T17:15:29.584734
Nouman-Usman,scored,PK,0.0322,25,5,2026-04-03T17:15:48.255102
matthewwj,skipped,,,,,2026-04-03T17:15:57.204864
karanilow,skipped,,,,,2026-04-03T17:16:16.459883
PaPerseller,skipped,,,,,2026-04-03T17:16:23.132475
ttyridal,skipped,NO,,0,0,2026-04-03T17:16:33.024519
simonesan,skipped,,,,,2026-04-03T17:16:42.125922
danielhmahecha,skipped,,,,,2026-04-03T17:16:47.938697
CodeCasterX,skipped,,,,,2026-04-03T17:16:53.711559
maiskyi,skipped,PT,,0,100,2026-04-03T17:17:09.008541
sheffcer,skipped,,,,,2026-04-03T17:17:23.537161
koanasta,skipped,,,,,2026-04-03T17:17:36.508694
kapilsolanki22,skipped,,,,,2026-04-03T17:17:43.062979
liyasferdy,skipped,ID,,2,5,2026-04-03T17:18:00.966913
rajmanda,skipped,,,,,2026-04-03T17:18:15.966724
kanonieer,skipped,,,,,2026-04-03T17:18:31.043107
sfc-gh-sidas,skipped,,,,,2026-04-03T17:18:33.967646
NocturnalDevs,skipped,,,,,2026-04-03T17:18:39.645198
mahmoudamged74,skipped,,,,,2026-04-03T17:18:57.297163
aaastrakhantseva,skipped,,,,,2026-04-03T17:19:15.418913
100spring,skipped,,,,,2026-04-03T17:19:33.328328
shasankp000,scored,IN,0.0815,6,11,2026-04-03T17:19:51.441749
cristiarazvan,skipped,,,,,2026-04-03T17:20:09.215211
JEISSON25,skipped,,,,,2026-04-03T17:20:23.816065
0ogata0,skipped,,,,,2026-04-03T17:20:29.883937
Omkarkumbhar47,skipped,IN,,2,98,2026-04-03T17:20:45.496016
helloimlixin,skipped,,,,,2026-04-03T17:20:51.953318
haruki7049,skipped,JP,,1,0,2026-04-03T17:21:09.322599
xu8533,skipped,,,,,2026-04-03T17:21:18.551016
darkobits,skipped,US,,1,0,2026-04-03T17:21:25.077011
rylansedlacek,skipped,,,,,2026-04-03T17:21:43.757903
RoeiDimi,skipped,,,,,2026-04-03T17:21:55.918216
Valen989,skipped,,,,,2026-04-03T17:22:13.530868
saswatibaral1,skipped,,,,,2026-04-03T17:22:16.435197
Haasie,scored,NL,0.1125,5,65,2026-04-03T17:22:32.151407
Tholde,skipped,,,,,2026-04-03T17:22:46.956500
Ayush05m,skipped,,,,,2026-04-03T17:23:04.672414
DZakh,skipped,,,,,2026-04-03T17:23:21.019579
jonasfeuss,skipped,,,,,2026-04-03T17:23:30.047873
yooooonshine,skipped,,,,,2026-04-03T17:23:39.088277
renaldyr,skipped,,,,,2026-04-03T17:23:47.715011
FedericoDM,skipped,US,,72,4,2026-04-03T17:23:57.361976
chlorine7oxide,skipped,,,,,2026-04-03T17:24:13.397370
Pewillia,skipped,,,,,2026-04-03T17:24:21.947394
alirazamamdani,skipped,PK,,0,0,2026-04-03T17:24:40.304243
Mishy34,skipped,,,,,2026-04-03T17:24:52.197529
WendelHime,skipped,BR,,0,0,2026-04-03T17:25:10.756524
ademiadeniji,skipped,,,,,2026-04-03T17:25:20.397431
4thhia,skipped,,,,,2026-04-03T17:25:35.052960
khorshedsadhin,skipped,BD,,0,100,2026-04-03T17:25:50.911727
apolo-11,skipped,,,,,2026-04-03T17:25:59.673754
utkarsh032,skipped,,,,,2026-04-03T17:26:17.045178
EyeOfCode,skipped,,,,,2026-04-03T17:26:36.899864
Sheepnore,skipped,,,,,2026-04-03T17:26:49.244432
sebamarynissen,skipped,BE,,0,0,2026-04-03T17:27:03.649631
sanyuktaadap,skipped,,,,,2026-04-03T17:27:22.393369
IvannaKuchma,skipped,,,,,2026-04-03T17:27:38.352923
vishvam7738,skipped,,,,,2026-04-03T17:27:56.828996
sumaila-ali,skipped,,,,,2026-04-03T17:28:14.890969
thesushilsharma,skipped,,,,,2026-04-03T17:28:21.610323
TepNik,skipped,,,,,2026-04-03T17:28:39.842638
benjasx,skipped,,,,,2026-04-03T17:28:58.367543
9vult,skipped,,,,,2026-04-03T17:29:14.570467
Vita0609,skipped,GB,,0,100,2026-04-03T17:29:29.851937
kategengler,skipped,,,,,2026-04-03T17:29:40.014907
MarcAura,skipped,,,,,2026-04-03T17:29:55.680606
NgoHoangNhatMinh,skipped,,,,,2026-04-03T17:30:02.471162
itmovnteam,skipped,,,,,2026-04-03T17:30:08.842098
HanetakaChou,skipped,NL,,0,1,2026-04-03T17:30:23.775663
BulutSeven,skipped,,,,,2026-04-03T17:30:42.381611
muety,skipped,DE,,3,44,2026-04-03T17:30:58.488084
MashobTechie,skipped,NG,,2,7,2026-04-03T17:31:16.059368
SemionV,skipped,,,,,2026-04-03T17:31:28.423115
shishiraiyar-volvo,skipped,,,,,2026-04-03T17:31:44.327605
Samalingoo,skipped,AU,,0,3,2026-04-03T17:31:50.097013
Alkohole,skipped,,,,,2026-04-03T17:31:56.490984
The-Infinitys,skipped,JP,,0,100,2026-04-03T17:32:03.200720
dlbogdan,skipped,,,,,2026-04-03T17:32:15.117472
RafaelZelak,skipped,,,,,2026-04-03T17:32:33.842462
zh-333,skipped,,,,,2026-04-03T17:32:43.070085
BIGMONK,skipped,,,,,2026-04-03T17:32:48.951866
nia-source,skipped,,,,,2026-04-03T17:32:51.728387
babamovandrej,skipped,,,,,2026-04-03T17:33:09.875502
NathanMayPro,skipped,FR,,18,0,2026-04-03T17:33:27.869823
metal3d,skipped,FR,,0,0,2026-04-03T17:33:36.988429
TypNull,skipped,,,,,2026-04-03T17:33:57.943867
Hespius,skipped,,,,,2026-04-03T17:34:13.746894
LLFELIPEVV,skipped,,,,,2026-04-03T17:34:29.152725
damprog,skipped,PL,,6,0,2026-04-03T17:34:47.490395
SazukinPavel,skipped,,,,,2026-04-03T17:35:05.545449
mshadmon-anylog,skipped,US,,0,0,2026-04-03T17:35:08.399730
sugdove,skipped,CN,,28,0,2026-04-03T17:35:20.788431
dcidddbeatlecom,skipped,,,,,2026-04-03T17:35:29.668205
marlymarine131,skipped,VN,,10,0,2026-04-03T17:35:47.065115
gtache,skipped,,,,,2026-04-03T17:35:53.749608
karolm0406,skipped,,,,,2026-04-03T17:36:11.731611
tomo-nakayama,skipped,,,,,2026-04-03T17:36:27.630119
chaithrasai,skipped,,,,,2026-04-03T17:36:30.405075
SeongYeun,skipped,,,,,2026-04-03T17:36:42.520909
m5x5,skipped,DE,,0,0,2026-04-03T17:37:00.194877
codewithdkd,skipped,,,,,2026-04-03T17:37:14.872486
SaintGenius,skipped,,,,,2026-04-03T17:37:31.022220
Nah4-4,skipped,ET,,,,2026-04-03T17:37:49.499087
wing328,skipped,,,,,2026-04-03T17:37:56.616978
Izaqui,skipped,,,,,2026-04-03T17:38:11.328982
Roo7K1d,scored,DE,0.2062,5,15,2026-04-03T17:38:24.491652
laopo001,skipped,,,,,2026-04-03T17:38:41.865339
akwero-sophia,skipped,,,,,2026-04-03T17:39:00.090345
duxxud,skipped,,,,,2026-04-03T17:39:06.828486
ttehasi,skipped,,,,,2026-04-03T17:39:24.589819
uditha229,skipped,,,,,2026-04-03T17:39:39.757072
Solenad,skipped,,,,,2026-04-03T17:39:52.287173
itsmusa,skipped,ZA,,27,2,2026-04-03T17:40:10.436302
noahdurbin,skipped,,,,,2026-04-03T17:40:16.793570
xct007,skipped,,,,,2026-04-03T17:40:26.508032
Deepanshu2906,skipped,,,,,2026-04-03T17:40:44.386459
vanshraj-Git,skipped,,,,,2026-04-03T17:41:03.156162
RY-QAtraining,skipped,,,,,2026-04-03T17:41:20.742926
sushmitaAltRR,skipped,,,,,2026-04-03T17:41:26.793839
Sagartamang007,skipped,,,,,2026-04-03T17:41:41.729684
Seobeomsu,skipped,,,,,2026-04-03T17:42:00.402369
benjk,skipped,,,,,2026-04-03T17:42:19.044553
kirankittu2,skipped,,,,,2026-04-03T17:42:38.757736
Vasiliy-Ser,skipped,,,,,2026-04-03T17:42:47.886496
montanarisimone,scored,IT,0.0694,37,25,2026-04-03T17:43:06.700627
Mushroom-MSL1L,skipped,,,,,2026-04-03T17:43:19.328117
BryantGG77,skipped,CO,,0,43,2026-04-03T17:43:37.531519
rianexists,skipped,AU,,0,17,2026-04-03T17:43:52.590858
AMikio,skipped,,,,,2026-04-03T17:43:58.402607
TekfolioNG,skipped,NG,,0,12,2026-04-03T17:44:16.257043
SergioEstevao,skipped,PT,,0,0,2026-04-03T17:44:22.118035
kirillito,skipped,CA,,8,0,2026-04-03T17:44:40.238367
pritam12426,scored,IN,0.0486,59,41,2026-04-03T17:44:56.433334
Garandor,skipped,,,,,2026-04-03T17:45:02.685558
aquib-11,skipped,,,,,2026-04-03T17:45:20.243391
biercewang,skipped,,,,,2026-04-03T17:45:23.149945
davisanc,skipped,,,,,2026-04-03T17:45:32.758016
micheledimassimo,skipped,,,,,2026-04-03T17:45:50.673331
DJtheCreator32,skipped,,,,,2026-04-03T17:45:59.952421
audiblemaple,skipped,IL,,100,0,2026-04-03T17:46:15.591689
sleemans,skipped,,,,,2026-04-03T17:46:18.367248
polaris0208,skipped,KR,,0,100,2026-04-03T17:46:24.533506
aman21december,skipped,,,,,2026-04-03T17:46:42.209312
anistontan,skipped,,,,,2026-04-03T17:47:00.200596
kmsmeng,skipped,,,,,2026-04-03T17:47:09.575315
syvb,skipped,CA,,1,5,2026-04-03T17:47:22.331577
ivnlsv,skipped,,,,,2026-04-03T17:47:40.249141
Felplex01,skipped,,,,,2026-04-03T17:47:52.793721
RamG222,skipped,,,,,2026-04-03T17:48:10.852393
atsushi729,skipped,JP,,0,0,2026-04-03T17:48:28.341930
G4brym,skipped,PT,,0,0,2026-04-03T17:48:41.026176
SaniTheWay,skipped,IN,,1,0,2026-04-03T17:48:56.807931
Yujxxng,skipped,,,,,2026-04-03T17:49:12.409147
ParthMandaliya,skipped,IN,,84,2,2026-04-03T17:49:28.363315
timschmidt,skipped,,,,,2026-04-03T17:49:40.783966
RahulGonela,skipped,,,,,2026-04-03T17:49:58.258633
zsn990205,skipped,,,,,2026-04-03T17:50:15.671582
epiliper,skipped,US,,2,98,2026-04-03T17:50:34.112925
liamzee,skipped,,,,,2026-04-03T17:50:52.377970
Aklesh06,skipped,,,,,2026-04-03T17:51:10.137430
Ekahh,skipped,,,,,2026-04-03T17:51:28.940034
snunzi,skipped,,,,,2026-04-03T17:51:34.994177
jprk,skipped,CZ,,0,0,2026-04-03T17:51:50.742694
TaiSakuma,skipped,,,,,2026-04-03T17:51:59.874635
angusmcb,skipped,,,,,2026-04-03T17:52:05.765350
alariojo99,skipped,,,,,2026-04-03T17:52:24.616656
vcrichtonhill,skipped,,,,,2026-04-03T17:52:43.263705
dpidpalyi,scored,RU,0.0365,62,37,2026-04-03T17:52:58.894475
gultenUlukal,skipped,DE,,0,7,2026-04-03T17:53:05.114060
sammijeann,skipped,US,,0,34,2026-04-03T17:53:23.667666
notioncn,skipped,,,,,2026-04-03T17:53:36.064818
roygrssmn-wooga,skipped,,,,,2026-04-03T17:53:38.936664
IANovoselov,skipped,,,,,2026-04-03T17:53:57.197198
iunanua,skipped,,,,,2026-04-03T17:54:00.091960
modzso,skipped,HU,,0,0,2026-04-03T17:54:14.812744
YuanchengJiang,scored,SG,0.0354,13,24,2026-04-03T17:54:29.923609
KamranMdShaikh,skipped,BD,,0,0,2026-04-03T17:54:48.066137
vchu-odoo,skipped,,,,,2026-04-03T17:54:50.841259
SwapnilGhanshyala,skipped,,,,,2026-04-03T17:55:02.543200
CrafterJe,skipped,,,,,2026-04-03T17:55:20.913427
gmitis,skipped,,,,,2026-04-03T17:55:36.306557
mairitikk,skipped,,,,,2026-04-03T17:55:45.690666
yoona333,skipped,,,,,2026-04-03T17:56:00.289296
P4uleira,skipped,,,,,2026-04-03T17:56:14.000917
NguyenAnhKiet2403,skipped,,,,,2026-04-03T17:56:33.159259
PostScriptReal,scored,AU,0.0448,25,67,2026-04-03T17:56:48.982766
tatdadmin,skipped,,,,,2026-04-03T17:56:55.278208
X-dev-private,skipped,,,,,2026-04-03T17:57:03.931761
hugojunior-e,skipped,,,,,2026-04-03T17:57:19.739048
xiejunliang2021,skipped,,,,,2026-04-03T17:57:28.570714
tardis-bot,skipped,,,,,2026-04-03T17:57:31.355898
BrianErikson,skipped,,,,,2026-04-03T17:57:51.635119
nrdowling,skipped,,,,,2026-04-03T17:58:04.332157
am-derrick,skipped,,,,,2026-04-03T17:58:19.456609
NoOpas,skipped,,,,,2026-04-03T17:58:31.929038
pothanamukesh,skipped,,,,,2026-04-03T17:58:49.911374
CaffeinatedEnglishman,skipped,,,,,2026-04-03T17:59:02.070605
csm-thu,skipped,,,,,2026-04-03T17:59:06.158458
cristian98149,skipped,IT,,0,29,2026-04-03T17:59:12.376672
nandor23,skipped,,,,,2026-04-03T17:59:19.419201
noreplydev,skipped,ES,,59,1,2026-04-03T17:59:37.561467
Tshegohtml,skipped,,,,,2026-04-03T17:59:55.103181
devmarlonss,skipped,,,,,2026-04-03T18:00:13.207661
Muhammed-shebin-v,skipped,IN,,0,4,2026-04-03T18:00:33.700434
SpectrumVoid,skipped,,,,,2026-04-03T18:00:45.332302
4faramita,skipped,,,,,2026-04-03T18:00:57.335282
Netreck,skipped,BR,,7,4,2026-04-03T18:01:12.320351
KentFong,skipped,,,,,2026-04-03T18:01:19.593996
NahuelGuillermoViera,skipped,,,,,2026-04-03T18:01:34.318626
MisaelMacias23,skipped,,,,,2026-04-03T18:01:42.113391
dylanlangston,skipped,,,,,2026-04-03T18:01:49.534400
CreedTech,skipped,,,,,2026-04-03T18:02:07.017919
mikedegeofroy,skipped,,,,,2026-04-03T18:02:22.552634
BozhidarPetrov,skipped,,,,,2026-04-03T18:02:37.595805
viralkansodiya,skipped,,,,,2026-04-03T18:02:52.168253
h3nnry,skipped,RO,,0,0,2026-04-03T18:03:09.704651
megait004,skipped,,,,,2026-04-03T18:03:27.935316
astro-pavan,skipped,,,,,2026-04-03T18:03:34.410683
spsaucier,skipped,,,,,2026-04-03T18:03:43.609581
thomhurst,scored,GB,0.1963,18,30,2026-04-03T18:03:57.127248
python-gh,skipped,,,,,2026-04-03T18:04:03.115115
hunggia,skipped,VN,,0,0,2026-04-03T18:04:08.576267
quirkyharsh,skipped,IN,,0,38,2026-04-03T18:04:27.151420
Mouadhs001,skipped,,,,,2026-04-03T18:04:36.446644
Durgaprasadnaikkethavath,skipped,,,,,2026-04-03T18:04:53.980541
Janesh05,skipped,,,,,2026-04-03T18:04:59.597114
joybaidya1137,skipped,,,,,2026-04-03T18:05:17.302412
Karnan-se,skipped,,,,,2026-04-03T18:05:35.244067
EngYouniss,skipped,,,,,2026-04-03T18:05:53.009814
davidparadine,skipped,,,,,2026-04-03T18:05:55.929420
coolbreeze413,skipped,IN,,0,0,2026-04-03T18:06:11.410801
yonggyunbaek,skipped,,,,,2026-04-03T18:06:20.816902
fomightez,skipped,US,,0,56,2026-04-03T18:06:33.104654
NghiaNgok,skipped,,,,,2026-04-03T18:06:47.828366
salmanclever,skipped,,,,,2026-04-03T18:07:02.187579
kmykz,skipped,,,,,2026-04-03T18:07:20.247746
yuushiba,skipped,,,,,2026-04-03T18:07:32.103623
Nassilya,skipped,FR,,0,39,2026-04-03T18:07:52.862115
IgnacioGB00,skipped,,,,,2026-04-03T18:08:08.666192
gileoo,skipped,AT,,0,0,2026-04-03T18:08:20.922063
ArcticaNova,skipped,,,,,2026-04-03T18:08:23.845731
Yogesh-59,skipped,,,,,2026-04-03T18:08:41.558019
kutumba-rafay,skipped,,,,,2026-04-03T18:08:44.343152
akshatsinha0,skipped,,,,,2026-04-03T18:09:02.422535
hyeonjin-dot,skipped,,,,,2026-04-03T18:09:20.138912
peacelwh,skipped,,,,,2026-04-03T18:09:23.112757
jb-28-sde,skipped,IN,,0,20,2026-04-03T18:09:41.699210
natalielapointe,skipped,,,,,2026-04-03T18:09:59.250201
cinitdev,skipped,,,,,2026-04-03T18:10:14.146143
skdoqj,skipped,,,,,2026-04-03T18:10:32.637454
Sins53,skipped,,,,,2026-04-03T18:10:50.652859
Kalimbinha,skipped,BR,,1,15,2026-04-03T18:11:05.872254
Roler96,skipped,,,,,2026-04-03T18:11:15.199592
Skoroll,skipped,,,,,2026-04-03T18:11:33.411549
Alisa-Popovuch,skipped,DE,,0,28,2026-04-03T18:11:51.754683
crammiee,skipped,,,,,2026-04-03T18:12:11.020216
Neycho123,skipped,,,,,2026-04-03T18:12:28.947654
julian-schneider,skipped,,,,,2026-04-03T18:12:34.986704
plasmatrip,skipped,,,,,2026-04-03T18:12:37.905214
bibek1414,scored,NP,0.0447,14,26,2026-04-03T18:12:55.746404
davidvalentin12,skipped,,,,,2026-04-03T18:13:13.757432
DavidChan0519,skipped,CN,,0,0,2026-04-03T18:13:28.593374
Sahith02,skipped,IN,,0,0,2026-04-03T18:13:43.134477
abesrour1111,skipped,,,,,2026-04-03T18:14:00.719784
schmittnieto,skipped,DE,,0,100,2026-04-03T18:14:07.446784
samiNedjai,skipped,,,,,2026-04-03T18:14:22.655800
Ofri3,skipped,,,,,2026-04-03T18:14:28.921383
zssherman,skipped,US,,0,0,2026-04-03T18:14:38.462235
tdooner,skipped,US,,0,0,2026-04-03T18:14:44.654754
w41x,skipped,DE,,0,97,2026-04-03T18:14:57.342743
waynemcmahon,skipped,,,,,2026-04-03T18:15:12.212903
Rakesh-005,skipped,,,,,2026-04-03T18:15:30.186509
Morn2,skipped,,,,,2026-04-03T18:15:36.423458
KatherineRuiz,skipped,,,,,2026-04-03T18:15:53.792582
AmitRoy01,skipped,,,,,2026-04-03T18:16:12.222443
ru4en,skipped,GB,,9,4,2026-04-03T18:16:31.128660
CapdeO,skipped,,,,,2026-04-03T18:16:49.785936
shakil-salman,skipped,,,,,2026-04-03T18:17:07.556852
arrrrrrrliu,skipped,,,,,2026-04-03T18:17:13.984575
yuanzhi-zhu,skipped,FR,,0,100,2026-04-03T18:17:20.399788
Cabro,skipped,,,,,2026-04-03T18:17:29.640604
AnibalMA,skipped,,,,,2026-04-03T18:17:48.026001
PhearakreachPR,skipped,,,,,2026-04-03T18:18:05.934145
aqjiuweng,skipped,,,,,2026-04-03T18:18:08.860348
vb64,skipped,RU,,0,0,2026-04-03T18:18:21.291256
xtst,skipped,CN,,74,0,2026-04-03T18:18:33.619516
ciiyaa,skipped,IQ,,,,2026-04-03T18:18:39.664975
ghblacktrade,skipped,RU,,15,0,2026-04-03T18:18:51.500045
hks910,skipped,,,,,2026-04-03T18:19:09.138271
AbdullahAlMaksud,skipped,BD,,0,24,2026-04-03T18:19:26.805045
cristina1p,skipped,,,,,2026-04-03T18:19:45.349575
S-U-R-Y-A-1,skipped,,,,,2026-04-03T18:20:03.579922
alxmrs,skipped,,,,,2026-04-03T18:20:15.445457
Blard-omu,skipped,NG,,10,0,2026-04-03T18:20:33.111526
HyeongseoShin,skipped,,,,,2026-04-03T18:20:39.369059
zg4321,skipped,,,,,2026-04-03T18:20:45.071377
anton4k94,skipped,,,,,2026-04-03T18:20:50.805620
Lm260,skipped,,,,,2026-04-03T18:21:00.813253
techdecipher,skipped,IN,,2,9,2026-04-03T18:21:15.675985
dlsmallw,skipped,JP,,0,100,2026-04-03T18:21:27.864434
CHAOUCHI,skipped,,,,,2026-04-03T18:21:37.049666
mrashid5919,scored,BD,0.0358,36,52,2026-04-03T18:21:48.076616
Priyansusahoo,skipped,IN,,35,4,2026-04-03T18:21:57.927252
omar0ali,scored,CA,0.0472,46,54,2026-04-03T18:22:16.741713
Alamin-22,skipped,,,,,2026-04-03T18:22:34.984765
Joe6355,skipped,,,,,2026-04-03T18:22:50.537535
RxZeven,skipped,,,,,2026-04-03T18:23:07.867740
mutantsan,skipped,UA,,0,0,2026-04-03T18:23:10.766386
guo-shaoge,skipped,CN,,0,0,2026-04-03T18:23:22.559421
ID-0052,skipped,,,,,2026-04-03T18:23:40.573045
asogbu,skipped,MX,,0,100,2026-04-03T18:23:55.606577
timur200362,skipped,,,,,2026-04-03T18:24:13.873942
VitaliMostowoj,skipped,DE,,0,0,2026-04-03T18:24:19.505973
IarkinaA,skipped,,,,,2026-04-03T18:24:34.095472
engboris,skipped,FR,,0,0,2026-04-03T18:24:40.209044
yrjanaff,skipped,,,,,2026-04-03T18:24:57.533961
priyamkumar,skipped,,,,,2026-04-03T18:25:16.486839
SFJohnson24,skipped,,,,,2026-04-03T18:25:19.621948
aiastia,skipped,US,,1,1,2026-04-03T18:25:37.907741
omarhassan226,skipped,,,,,2026-04-03T18:25:55.846496
maxmetz8,skipped,,,,,2026-04-03T18:26:14.685973
linjing7,skipped,,,,,2026-04-03T18:26:20.830488
TooUpper,skipped,,,,,2026-04-03T18:26:39.486700
Bearskin558,skipped,,,,,2026-04-03T18:26:57.249678
Colorfulshadow,skipped,,,,,2026-04-03T18:27:16.110456
Pavlo-Rods,skipped,,,,,2026-04-03T18:27:33.781283
jocelynmutso,skipped,EE,,,,2026-04-03T18:27:49.141103
momojitchi,skipped,,,,,2026-04-03T18:28:01.392149
Marosko123,skipped,SK,,,,2026-04-03T18:28:10.646888
usmankhan0016,skipped,,,,,2026-04-03T18:28:28.516738
ucsmchandu,skipped,,,,,2026-04-03T18:28:47.471669
AaronFernandezRos,skipped,,,,,2026-04-03T18:29:05.089708
Ewewerban,skipped,,,,,2026-04-03T18:29:14.797969
seph1709,skipped,PH,,0,99,2026-04-03T18:29:33.792827
caio2121,skipped,,,,,2026-04-03T18:29:54.892031
alick-liming,skipped,,,,,2026-04-03T18:30:06.407444
Czesia99,skipped,,,,,2026-04-03T18:30:24.103140
AIDK,skipped,,,,,2026-04-03T18:30:42.719150
zdila,skipped,SK,,,,2026-04-03T18:31:00.343941
QuarticCat,skipped,,,,,2026-04-03T18:31:10.074637
mihna123,skipped,,,,,2026-04-03T18:31:28.305161
TobiasVraa,skipped,,,,,2026-04-03T18:31:34.415669
Noah-H3467,skipped,,,,,2026-04-03T18:31:53.529918
hlky,skipped,,,,,2026-04-03T18:32:13.028109
andyatkinson,skipped,US,,0,0,2026-04-03T18:32:31.541566
philtreez,skipped,,,,,2026-04-03T18:32:37.795681
celina-ijs,skipped,,,,,2026-04-03T18:32:40.788579
TasheeWangchuk,skipped,,,,,2026-04-03T18:32:58.657010
partik03,skipped,,,,,2026-04-03T18:33:13.260638
sandeepkumar101,skipped,,,,,2026-04-03T18:33:24.694658
GiJungPark,scored,KR,0.065,8,92,2026-04-03T18:33:42.765806
PeterMEASV,skipped,,,,,2026-04-03T18:33:58.427039
faishalazhiman,skipped,,,,,2026-04-03T18:34:04.256758
DanubiaOliver,scored,BR,0.3466,7,7,2026-04-03T18:34:19.505889
BrittanyTAMU,skipped,US,,0,26,2026-04-03T18:34:37.868644
alexleistra,skipped,CA,,0,2,2026-04-03T18:34:43.723685
yeswrld,skipped,,,,,2026-04-03T18:34:56.903970
aaditayaarya,skipped,,,,,2026-04-03T18:35:15.336508
Jerotsv,skipped,,,,,2026-04-03T18:35:21.642607
JNSimba,skipped,CN,,0,0,2026-04-03T18:35:36.595694
evlinzxxx,skipped,,,,,2026-04-03T18:35:49.265540
ReoAnandaDev,skipped,ID,,1,9,2026-04-03T18:36:07.284935
seemachal-8848,skipped,,,,,2026-04-03T18:36:13.327582
NeedleInAJayStack,skipped,,,,,2026-04-03T18:36:16.170417
loyalfriend1109,skipped,,,,,2026-04-03T18:36:34.431919
PedroVViana,skipped,BR,,0,0,2026-04-03T18:36:52.401288
yu-432,skipped,,,,,2026-04-03T18:37:02.541753
Mission0466,skipped,,,,,2026-04-03T18:37:09.794801
imavazq,skipped,,,,,2026-04-03T18:37:15.520149
r1ven74,skipped,,,,,2026-04-03T18:37:33.766846
Sreenivas-root,skipped,US,,0,0,2026-04-03T18:37:52.824813
htinlinnphyo123,skipped,,,,,2026-04-03T18:38:10.241986
ChoSeyoung,skipped,KR,,0,100,2026-04-03T18:38:22.602000
jdouzon,skipped,,,,,2026-04-03T18:38:25.392970
OMARxKHALID,skipped,,,,,2026-04-03T18:38:43.572050
macmainul,skipped,,,,,2026-04-03T18:39:01.412693
muhammadyusuf799,skipped,UZ,,,,2026-04-03T18:39:07.851348
sopnilali,skipped,,,,,2026-04-03T18:39:25.538055
MyFirstAlt,skipped,,,,,2026-04-03T18:39:37.520742
corbe19,skipped,,,,,2026-04-03T18:39:43.702884
eliericha,skipped,FR,,0,0,2026-04-03T18:39:49.571411
AndrewSimonoff,skipped,,,,,2026-04-03T18:39:55.558389
Nithisha06,skipped,,,,,2026-04-03T18:40:13.610292
Jc-42,skipped,,,,,2026-04-03T18:40:31.778735
soujin8,skipped,JP,,0,0,2026-04-03T18:40:50.474962
stephanlachnit,skipped,DE,,0,0,2026-04-03T18:41:02.344622
cyu72,skipped,US,,0,0,2026-04-03T18:41:06.119098
SJBugge,skipped,,,,,2026-04-03T18:41:12.260762
nathanvale,skipped,AU,,0,100,2026-04-03T18:41:18.844199
ghudiczius,skipped,NL,,0,0,2026-04-03T18:41:27.651421
Valiyantt,skipped,PH,,0,33,2026-04-03T18:41:46.084720
CharlesEkkel,skipped,,,,,2026-04-03T18:41:53.679193
syndicate604,skipped,,,,,2026-04-03T18:41:56.599954
Worldbuilding-god,skipped,,,,,2026-04-03T18:42:14.909410
mkmccarty,skipped,US,,0,100,2026-04-03T18:42:21.997108
Taco-dev,skipped,,,,,2026-04-03T18:42:30.335214
bondarenko29,skipped,,,,,2026-04-03T18:42:48.972620
michelle9876,skipped,GB,,35,4,2026-04-03T18:43:05.275577
Nayalay,skipped,,,,,2026-04-03T18:43:24.975702
wafiq66,skipped,,,,,2026-04-03T18:43:42.646517
Paschalis,skipped,GR,,0,47,2026-04-03T18:44:00.664747
mikearcaro,skipped,,,,,2026-04-03T18:44:10.378262
Uledi6n,skipped,,,,,2026-04-03T18:44:28.798673
josephsmith0705,skipped,GB,,0,0,2026-04-03T18:44:46.328169
purpl3horse,skipped,,,,,2026-04-03T18:44:49.219754
Yanqs2000,skipped,,,,,2026-04-03T18:44:58.287358
jagdishpatil07,scored,IN,0.0906,23,17,2026-04-03T18:45:16.364896
KasihAnandaNardi,skipped,,,,,2026-04-03T18:45:36.261406
bradly0cjw,scored,TW,0.0497,78,22,2026-04-03T18:45:42.899465
lausnchez,skipped,ES,,0,100,2026-04-03T18:45:59.583931
zinwang,skipped,,,,,2026-04-03T18:46:05.990409
rajeshkumar273,skipped,,,,,2026-04-03T18:46:24.476579
OCSYT,skipped,,,,,2026-04-03T18:46:37.916204
mpf0909,skipped,,,,,2026-04-03T18:46:47.030336
kenorb,skipped,GB,,0,4,2026-04-03T18:46:53.143221
kvashchuka,skipped,NO,,0,0,2026-04-03T18:46:58.955641
plankton4,skipped,,,,,2026-04-03T18:47:14.502323
callejero666,skipped,,,,,2026-04-03T18:47:32.322373
rolljee,skipped,,,,,2026-04-03T18:47:49.095551
krittapas168,skipped,,,,,2026-04-03T18:47:54.948070
v-mv,skipped,IN,,17,0,2026-04-03T18:48:12.925948
satshree,skipped,US,,0,0,2026-04-03T18:48:25.829057
st10454003,skipped,,,,,2026-04-03T18:48:31.409378
Pablolopezlo15,skipped,,,,,2026-04-03T18:48:49.911805
Dykciak,skipped,PL,,3,10,2026-04-03T18:49:07.343070
SathvikDixit,skipped,,,,,2026-04-03T18:49:25.593887
EvgeniyWis,skipped,RU,,0,5,2026-04-03T18:49:43.238332
vmjauregui3,skipped,,,,,2026-04-03T18:49:52.980900
cc23523,skipped,,,,,2026-04-03T18:50:07.823184
miguelfiguera,skipped,,,,,2026-04-03T18:50:23.301058
mominul-islam45,skipped,BD,,0,27,2026-04-03T18:50:41.709944
RUANITOS,skipped,,,,,2026-04-03T18:50:56.474253
Melanocetuss,skipped,,,,,2026-04-03T18:51:14.829253
ilyassesalama,skipped,,,,,2026-04-03T18:51:24.950285
Echo-gh,skipped,,,,,2026-04-03T18:51:30.924223
manishrps,skipped,,,,,2026-04-03T18:51:48.747767
sunrayyourdev,skipped,,,,,2026-04-03T18:52:07.494480
nisha-a-pawar,skipped,,,,,2026-04-03T18:52:24.995908
AndreyAlexsandrovich,skipped,,,,,2026-04-03T18:52:43.125917
HueyVault,skipped,,,,,2026-04-03T18:52:58.567048
TianrenWang,skipped,,,,,2026-04-03T18:53:15.899244
Dybravo27,skipped,,,,,2026-04-03T18:53:33.683999
qingzhixing,skipped,,,,,2026-04-03T18:53:51.636125
Jad-Assaf,skipped,,,,,2026-04-03T18:54:10.604394
WillieHabi,skipped,,,,,2026-04-03T18:54:13.432403
gayanSandamal,skipped,LK,,28,0,2026-04-03T18:54:32.359927
97YearsOldProgrammer,skipped,,,,,2026-04-03T18:54:47.670860
SMANahian,scored,US,0.0303,34,7,2026-04-03T18:54:57.233355
ArgoZhang,skipped,HK,,,,2026-04-03T18:55:00.106181
dewviee,scored,TH,0.2794,8,5,2026-04-03T18:55:15.041596
jiv-256,skipped,,,,,2026-04-03T18:55:33.741905
GengGeng026,skipped,,,,,2026-04-03T18:55:41.090659
GabrielBraga2536,skipped,,,,,2026-04-03T18:55:56.519323
ecat,skipped,,,,,2026-04-03T18:56:08.536334
stanley878787,skipped,,,,,2026-04-03T18:56:26.490942
JustBEG1NNER,skipped,,,,,2026-04-03T18:56:44.674714
csfoldesi,skipped,,,,,2026-04-03T18:57:03.154034
Choy050823,skipped,,,,,2026-04-03T18:57:18.365299
danielnaab,skipped,,,,,2026-04-03T18:57:24.287913
bhavanideviM,skipped,,,,,2026-04-03T18:57:42.891593
LilianaQuelha93767,skipped,,,,,2026-04-03T18:57:52.403989
X3N064,skipped,US,,23,0,2026-04-03T18:58:10.795037
ManeoMalatsi,skipped,,,,,2026-04-03T18:58:23.854341
SlimRunner,skipped,US,,0,0,2026-04-03T18:58:42.376711
Debora2007ap,skipped,,,,,2026-04-03T18:59:00.488163
vm-001,skipped,,,,,2026-04-03T18:59:13.012332
guscao,skipped,,,,,2026-04-03T18:59:33.913761
C0neF,skipped,,,,,2026-04-03T18:59:40.209610
LadyRoy,skipped,,,,,2026-04-03T18:59:57.501251
rafael-bm,skipped,,,,,2026-04-03T19:00:16.067335
gaborkaszab,skipped,,,,,2026-04-03T19:00:18.995160
thanhmei,skipped,,,,,2026-04-03T19:00:36.964021
aaronshaf,skipped,,,,,2026-04-03T19:00:56.299249
verdenkaa,skipped,RU,,27,2,2026-04-03T19:01:15.359121
ndhas-tibco,skipped,,,,,2026-04-03T19:01:18.155961
HaizeaRL,skipped,,,,,2026-04-03T19:01:36.245018
khernandez-gap,skipped,,,,,2026-04-03T19:01:39.248402
dar2005,skipped,,,,,2026-04-03T19:01:57.636356
FixedData,skipped,,,,,2026-04-03T19:02:12.863788
taban03,skipped,CZ,,0,0,2026-04-03T19:02:25.857359
Yohana630,skipped,,,,,2026-04-03T19:02:31.477563
Gomding,skipped,KR,,37,0,2026-04-03T19:02:40.819129
igaki,skipped,JP,,0,0,2026-04-03T19:02:49.293326
StarMi-SKY,skipped,,,,,2026-04-03T19:02:55.237749
aghzk324,skipped,,,,,2026-04-03T19:03:14.446397
HertzDevil,skipped,,,,,2026-04-03T19:03:20.940345
meg-gupta,skipped,,,,,2026-04-03T19:03:26.830910
jovana-a,skipped,,,,,2026-04-03T19:03:43.008925
Leporacanthicus,skipped,,,,,2026-04-03T19:03:49.380752
Tikam02,skipped,IN,,0,0,2026-04-03T19:03:58.789106
thobekabovana,skipped,,,,,2026-04-03T19:04:16.163316
kebasyaty,skipped,,,,,2026-04-03T19:04:23.606801
danielrebai,skipped,,,,,2026-04-03T19:04:34.314310
Frestein,skipped,RU,,0,51,2026-04-03T19:04:49.211033
NafizRohan,scored,BD,0.0791,28,16,2026-04-03T19:05:07.431922
ulyanacreates,skipped,CN,,0,7,2026-04-03T19:05:22.389326
doris-hyt,skipped,,,,,2026-04-03T19:05:37.605601
SpaceChips31,skipped,IT,,0,2,2026-04-03T19:05:52.689827
yanosea,skipped,JP,,1,99,2026-04-03T19:06:02.991193
Harshit-Mishra12,skipped,,,,,2026-04-03T19:06:19.137097
chulu29117,skipped,,,,,2026-04-03T19:06:24.834324
MatthiasVC,skipped,,,,,2026-04-03T19:06:32.050594
Alexandre-Lematre,skipped,FR,,0,0,2026-04-03T19:06:34.891433
zorrobert,skipped,,,,,2026-04-03T19:06:42.260025
moneylobster,skipped,,,,,2026-04-03T19:06:55.111958
sean-rose,skipped,US,,0,0,2026-04-03T19:06:58.011933
ys8952,skipped,,,,,2026-04-03T19:07:00.910436
lukkoro,skipped,,,,,2026-04-03T19:07:10.603010
jo3y49,skipped,,,,,2026-04-03T19:07:26.655761
yehtetluwu,skipped,,,,,2026-04-03T19:07:43.967682
MateiBaban,skipped,,,,,2026-04-03T19:07:54.043491
Revivo12,skipped,IL,,0,17,2026-04-03T19:08:11.958397
Terezvent,skipped,,,,,2026-04-03T19:08:17.698252
codacy-badger,skipped,PT,,0,0,2026-04-03T19:08:23.354392
salsalew,skipped,,,,,2026-04-03T19:08:38.671207
stephenhand,skipped,IE,,0,0,2026-04-03T19:08:50.685660
baruhifraimov,scored,IL,0.0474,11,6,2026-04-03T19:09:02.802572
pile-23,skipped,,,,,2026-04-03T19:09:17.474657
kkarodia,skipped,,,,,2026-04-03T19:09:33.141228
carlos23asd,skipped,,,,,2026-04-03T19:09:45.961280
poppingary,skipped,US,,74,0,2026-04-03T19:10:04.486814
crobers0,skipped,,,,,2026-04-03T19:10:16.874070
emrysshevek,skipped,,,,,2026-04-03T19:10:31.861713
kaby76,skipped,US,,5,0,2026-04-03T19:10:41.219225
EdeManideep,skipped,,,,,2026-04-03T19:11:00.040908
carivaldo,skipped,,,,,2026-04-03T19:11:09.724439
Maxiosss,skipped,,,,,2026-04-03T19:11:19.748173
GeorgeWalker,skipped,CA,,0,0,2026-04-03T19:11:25.567890
TanmayaSenapati,skipped,,,,,2026-04-03T19:11:37.525707
Lancer385,skipped,,,,,2026-04-03T19:11:49.661686
floribe2000,skipped,DE,,4,0,2026-04-03T19:12:01.396417
ajc24,skipped,IE,,0,9,2026-04-03T19:12:10.077404
Tyno1,skipped,,,,,2026-04-03T19:12:27.594242
lebLuiz,skipped,,,,,2026-04-03T19:12:46.944665
bohdaq,skipped,,,,,2026-04-03T19:13:04.791677
ardey26,skipped,PH,,17,1,2026-04-03T19:13:22.872905
softlberton,skipped,,,,,2026-04-03T19:13:31.512730
hariomgola,skipped,IN,,1,76,2026-04-03T19:13:41.185299
PIoandan,skipped,,,,,2026-04-03T19:13:44.045056
mihaiapostol14,skipped,,,,,2026-04-03T19:14:01.448998
ImanolBergeron,skipped,,,,,2026-04-03T19:14:19.685065
whitty,skipped,AU,,0,0,2026-04-03T19:14:37.513359
Davidbld,skipped,,,,,2026-04-03T19:14:56.314740
melisacevik,skipped,,,,,2026-04-03T19:15:14.194292
Manasa072001,skipped,,,,,2026-04-03T19:15:32.474776
RichaRajveer19,skipped,,,,,2026-04-03T19:15:43.927972
NathanWalker,skipped,US,,0,0,2026-04-03T19:16:01.470132
Tburm,skipped,,,,,2026-04-03T19:16:13.640751
claireszt,skipped,,,,,2026-04-03T19:16:31.341991
mas6y6,skipped,,,,,2026-04-03T19:16:49.894047
ahmdpaisal,skipped,,,,,2026-04-03T19:17:07.422680
phdd,skipped,DE,,11,1,2026-04-03T19:17:24.954596
falfaroc,skipped,,,,,2026-04-03T19:17:42.693769
svarts,skipped,,,,,2026-04-03T19:18:01.442841
Roshanzalake,skipped,IN,,0,11,2026-04-03T19:18:20.826633
bebert64,skipped,,,,,2026-04-03T19:18:27.796520
minmaxmar,skipped,,,,,2026-04-03T19:18:42.604375
slasjh,skipped,,,,,2026-04-03T19:18:48.473213
micahhausler,skipped,,,,,2026-04-03T19:18:59.955623
VONESHNA,skipped,,,,,2026-04-03T19:19:18.015478
khmakoto,skipped,,,,,2026-04-03T19:19:33.575844
Rhys-Powell,skipped,,,,,2026-04-03T19:19:39.798213
PeZunino,skipped,,,,,2026-04-03T19:19:58.529024
jonrebm,skipped,,,,,2026-04-03T19:20:01.436566
slaweksystem,skipped,,,,,2026-04-03T19:20:16.240569
grafbraga,skipped,,,,,2026-04-03T19:20:25.918529
jschwager,skipped,,,,,2026-04-03T19:20:37.671596
Divyaa285,skipped,,,,,2026-04-03T19:20:55.117537
joe-ayoub-segment,skipped,,,,,2026-04-03T19:21:01.610863
ArtiskOnGit,skipped,,,,,2026-04-03T19:21:14.724500
rjjplata,skipped,,,,,2026-04-03T19:21:21.010582
Meina88,skipped,AR,,0,21,2026-04-03T19:21:27.178405
aslan-ng,skipped,US,,0,0,2026-04-03T19:21:45.196663
aadams04,skipped,,,,,2026-04-03T19:21:53.841530
108806,skipped,,,,,2026-04-03T19:22:05.660148
VikasN37,skipped,IN,,7,1,2026-04-03T19:22:23.414706
Nerii10,skipped,,,,,2026-04-03T19:22:30.059841
AhmedYahia73,skipped,,,,,2026-04-03T19:22:55.775044
daniliammo,skipped,,,,,2026-04-03T19:23:14.437180
FranciscoJimenezJimenez24,skipped,,,,,2026-04-03T19:23:32.176265
ra9r,skipped,,,,,2026-04-03T19:23:44.179376
fresilpatel,skipped,,,,,2026-04-03T19:23:50.053482
Rockman67,skipped,,,,,2026-04-03T19:24:08.960743
sahandevs,skipped,,,,,2026-04-03T19:24:20.911090
zveinn,skipped,,,,,2026-04-03T19:24:38.203876
Paviii-Shetty,skipped,,,,,2026-04-03T19:24:56.183966
vikram-844,skipped,,,,,2026-04-03T19:25:02.201339
AFitBear,skipped,,,,,2026-04-03T19:25:19.873207
SoumitriRoy05,skipped,,,,,2026-04-03T19:25:35.750326
HariniUddagiri,skipped,,,,,2026-04-03T19:25:41.987467
RadovanTomik,skipped,CZ,,0,0,2026-04-03T19:25:59.883268
LaCavao,skipped,,,,,2026-04-03T19:26:08.462792
luigidr,skipped,IT,,0,0,2026-04-03T19:26:23.104031
AlwaysOnITUSA,skipped,,,,,2026-04-03T19:26:25.885282
JairamDeo,skipped,,,,,2026-04-03T19:26:43.683819
Puli-shilpa,skipped,,,,,2026-04-03T19:26:46.595607
makslevental,skipped,,,,,2026-04-03T19:26:52.707627
siamaky1984,skipped,,,,,2026-04-03T19:27:10.557711
Basttyy,skipped,NG,,0,0,2026-04-03T19:27:28.185747
olegv142,skipped,,,,,2026-04-03T19:27:45.366879
sextondjc,skipped,IE,,0,0,2026-04-03T19:28:03.261326
mclainv,skipped,US,,1,6,2026-04-03T19:28:17.909777
Danielbbesito,skipped,,,,,2026-04-03T19:28:35.676679
Urgith,skipped,,,,,2026-04-03T19:28:54.342023
adamakh05,skipped,,,,,2026-04-03T19:29:00.295022
Saeed-kh19,skipped,,,,,2026-04-03T19:29:18.244473
WenHao-L,skipped,,,,,2026-04-03T19:29:35.634910
borovan,skipped,,,,,2026-04-03T19:29:38.530515
AdeebAbdullah,skipped,MY,,0,24,2026-04-03T19:29:50.162416
croftwell,skipped,TR,,14,0,2026-04-03T19:30:07.586068
apmyplol,skipped,,,,,2026-04-03T19:30:22.276237
giovannipollo,skipped,IT,,43,0,2026-04-03T19:30:40.818925
docuracy,scored,GB,0.2231,8,29,2026-04-03T19:30:50.362499
Saixel,skipped,,,,,2026-04-03T19:30:56.287934
vishnuvinay89,skipped,,,,,2026-04-03T19:31:02.247747
AbbyBoehm,scored,US,0.1083,11,89,2026-04-03T19:31:15.216219
rifkiay,skipped,,,,,2026-04-03T19:31:33.756255
Babajka1,skipped,NO,,0,50,2026-04-03T19:31:52.061938
eldarsmol,skipped,,,,,2026-04-03T19:31:57.811119
mcsaur,skipped,,,,,2026-04-03T19:32:03.714018
pintomax,skipped,,,,,2026-04-03T19:32:06.616031
saifulislampi,skipped,,,,,2026-04-03T19:32:18.744750
ckwcfm,skipped,,,,,2026-04-03T19:32:33.428187
n-scimento,skipped,,,,,2026-04-03T19:32:36.288453
mothana2552,skipped,,,,,2026-04-03T19:32:48.953544
themylogin,skipped,ES,,0,0,2026-04-03T19:33:06.805021
akhud78,skipped,,,,,2026-04-03T19:33:25.971641
KodeurKubik,skipped,DE,,3,7,2026-04-03T19:33:43.820845
nikic,scored,DE,0.0675,21,77,2026-04-03T19:33:59.543158
Hussainkhan-29,skipped,,,,,2026-04-03T19:34:08.237578
fiddyspenc,skipped,,,,,2026-04-03T19:34:15.306770
ThiagoBdev,skipped,,,,,2026-04-03T19:34:35.712222
MashooqAli9140,skipped,,,,,2026-04-03T19:34:55.279056
mukulbonde,skipped,,,,,2026-04-03T19:35:01.694466
jessehouwing,scored,NL,0.0614,15,23,2026-04-03T19:35:11.508807
smairon,skipped,,,,,2026-04-03T19:35:32.056401
Aenwe,skipped,,,,,2026-04-03T19:35:35.051770
SpudMillions,skipped,,,,,2026-04-03T19:35:46.805167
MX682X,skipped,,,,,2026-04-03T19:35:58.927674
codeyjoseph,skipped,FR,,0,17,2026-04-03T19:36:16.924436
RetroRabiul,skipped,,,,,2026-04-03T19:36:32.621754
AditiAggarwal21,skipped,,,,,2026-04-03T19:36:42.472870
irab,skipped,NZ,,0,0,2026-04-03T19:36:54.169776
Leehyemee,skipped,,,,,2026-04-03T19:37:06.625559
xvoidwolf,skipped,,,,,2026-04-03T19:37:20.162430
iwoplaza,skipped,,,,,2026-04-03T19:37:38.308625
raigomes,skipped,BR,,0,0,2026-04-03T19:37:53.422122
GoncharovMaksim,skipped,,,,,2026-04-03T19:38:10.927176
jcarbonnell,skipped,ES,,0,0,2026-04-03T19:38:19.837743
iewr1234,skipped,,,,,2026-04-03T19:38:35.059845
nhld,skipped,,,,,2026-04-03T19:38:44.574404
vinylsoap,skipped,,,,,2026-04-03T19:38:56.439579
marjisound,skipped,,,,,2026-04-03T19:39:12.002222
debajyotimaz,skipped,IN,,17,2,2026-04-03T19:39:31.888250
22BD1A05BE,skipped,,,,,2026-04-03T19:39:46.579931
frontendphil,skipped,DE,,0,0,2026-04-03T19:40:04.451475
renan-souza,skipped,US,,0,0,2026-04-03T19:40:16.098452
arsh1198,skipped,,,,,2026-04-03T19:40:37.179163
giplo-tech,skipped,,,,,2026-04-03T19:40:52.451580
Pacoca209,skipped,,,,,2026-04-03T19:41:10.282950
PrerakPithadiya,skipped,,,,,2026-04-03T19:41:19.903763
oraluben,skipped,CN,,0,0,2026-04-03T19:41:35.255497
Egormity,skipped,RU,,0,100,2026-04-03T19:41:54.019734
lorenzejay,skipped,US,,0,0,2026-04-03T19:42:12.836548
jlandic,skipped,FR,,0,0,2026-04-03T19:42:27.796614
richardtaylordawson,skipped,,,,,2026-04-03T19:42:45.489127
Jisoo0907,skipped,KR,,14,0,2026-04-03T19:43:03.272431
tmds,skipped,BE,,2,0,2026-04-03T19:43:19.546565
espadolini,skipped,IT,,0,15,2026-04-03T19:43:28.527342
SulavKhadka,skipped,US,,0,0,2026-04-03T19:43:46.881214
IlyasMohetna,skipped,,,,,2026-04-03T19:43:56.075592
dmitrizagidulin,skipped,US,,0,0,2026-04-03T19:44:05.412493
GBRbotelho,skipped,,,,,2026-04-03T19:44:23.314378
adrianshep,skipped,,,,,2026-04-03T19:44:29.170411
ButzAmaga,skipped,,,,,2026-04-03T19:44:41.034764
Altena11,skipped,,,,,2026-04-03T19:44:51.007026
kenthzy,scored,PH,0.0291,37,22,2026-04-03T19:45:09.686548
pauladhernandez,skipped,,,,,2026-04-03T19:45:15.771439
adust09,skipped,JP,,0,0,2026-04-03T19:45:33.731726
elialucafeltrin,skipped,,,,,2026-04-03T19:45:39.802580
mayurvjadhav,skipped,,,,,2026-04-03T19:45:58.216836
codingisveryhard,skipped,,,,,2026-04-03T19:46:15.825801
kairo-18,skipped,,,,,2026-04-03T19:46:33.491691
imjaroiswebdev,skipped,,,,,2026-04-03T19:46:51.755354
OptimizationGuru,skipped,IN,,0,0,2026-04-03T19:47:09.297746
IsmailBourbie,skipped,,,,,2026-04-03T19:47:28.558475
rathaur08,skipped,IN,,1,0,2026-04-03T19:47:46.220755
mikes28,skipped,,,,,2026-04-03T19:47:55.037819
KunNew,skipped,,,,,2026-04-03T19:48:09.823429
phidiascheng,skipped,,,,,2026-04-03T19:48:18.643822
Fannovel16,skipped,,,,,2026-04-03T19:48:33.300895
greg-in-a-box,skipped,,,,,2026-04-03T19:48:39.222016
babymonie,skipped,,,,,2026-04-03T19:48:43.498070
molian8671,skipped,,,,,2026-04-03T19:48:49.348483
Mizokuiam,skipped,,,,,2026-04-03T19:49:04.511220
Vaib203,skipped,,,,,2026-04-03T19:49:19.558976
Smartin-b,skipped,,,,,2026-04-03T19:49:31.502997
rafa-9,skipped,,,,,2026-04-03T19:49:34.407448
macasado86,skipped,,,,,2026-04-03T19:49:37.342164
akc,skipped,,,,,2026-04-03T19:49:46.364429
OneUne,skipped,KR,,1,0,2026-04-03T19:50:01.329079
Jona-sitesphil,skipped,,,,,2026-04-03T19:50:18.895211
Deepthi1812,skipped,IN,,0,14,2026-04-03T19:50:36.995114
nondmo,skipped,,,,,2026-04-03T19:50:45.855152
VasylPopaz,skipped,,,,,2026-04-03T19:51:07.230840
Shekharkram,skipped,IN,,0,45,2026-04-03T19:51:25.826946
LimeGradient,skipped,,,,,2026-04-03T19:51:45.061365
princeraval147,skipped,,,,,2026-04-03T19:52:00.601904
F624lEtchEr,skipped,,,,,2026-04-03T19:52:06.834688
chohner,skipped,DE,,2,0,2026-04-03T19:52:27.143432
CodyA1117,skipped,,,,,2026-04-03T19:52:36.296732
Shreycode28,skipped,,,,,2026-04-03T19:52:52.067180
Luckyseer,skipped,,,,,2026-04-03T19:53:01.965394
cimontesm,skipped,,,,,2026-04-03T19:53:20.045761
B4drEddine0,skipped,,,,,2026-04-03T19:53:36.074093
mitchdesign,skipped,NL,,0,32,2026-04-03T19:53:45.097254
ManuelRamosOujo,skipped,,,,,2026-04-03T19:54:02.792304
SarthakUdavant,skipped,IN,,0,98,2026-04-03T19:54:21.757976
waterbinnn,skipped,KR,,96,0,2026-04-03T19:54:37.735044
Ivhene,skipped,,,,,2026-04-03T19:54:49.247775
naveenpaul1,skipped,IN,,0,0,2026-04-03T19:54:52.127488
MANA-github,skipped,,,,,2026-04-03T19:54:58.586587
ftmanoar,skipped,BD,,0,3,2026-04-03T19:55:04.376803
Boui01,skipped,,,,,2026-04-03T19:55:22.983320
luciemtro,skipped,,,,,2026-04-03T19:55:29.348401
yifguoMSFT,skipped,,,,,2026-04-03T19:55:41.419148
devangolano,skipped,,,,,2026-04-03T19:55:59.057019
TRHX,scored,CN,0.0243,71,10,2026-04-03T19:56:05.299568
TNgannnn,skipped,,,,,2026-04-03T19:56:13.774477
kaikaiyao,skipped,GB,,0,12,2026-04-03T19:56:22.641479
sennor10,skipped,,,,,2026-04-03T19:56:28.913844
MukPan,skipped,,,,,2026-04-03T19:56:46.488293
priyam-02,skipped,,,,,2026-04-03T19:57:05.039009
sattlerc,skipped,,,,,2026-04-03T19:57:13.938927
MilanAnilAnthore,skipped,,,,,2026-04-03T19:57:23.066211
hcollingwood,skipped,,,,,2026-04-03T19:57:37.946203
adambrownn,skipped,,,,,2026-04-03T19:57:54.384153
hhjhhjh,skipped,,,,,2026-04-03T19:58:10.163813
Gibekkk,skipped,ID,,3,3,2026-04-03T19:58:28.085746
hoangtuNhat1,skipped,JP,,0,0,2026-04-03T19:58:45.521843
MinhHieuk2,skipped,,,,,2026-04-03T19:59:00.658885
duypham192002,skipped,,,,,2026-04-03T19:59:20.609506
moginwc,skipped,,,,,2026-04-03T19:59:36.319040
muraliprasadkatta,skipped,,,,,2026-04-03T19:59:54.001706
LudWig192,skipped,,,,,2026-04-03T20:00:11.961857
ammardyaakob,skipped,,,,,2026-04-03T20:00:24.402424
jihoo420,skipped,,,,,2026-04-03T20:00:36.859084
DouglasdaFenix,skipped,,,,,2026-04-03T20:00:55.220561
TomasGarciaDev,skipped,GB,,0,0,2026-04-03T20:01:10.162781
AndreS2-12,skipped,,,,,2026-04-03T20:01:16.115079
boks1971,skipped,,,,,2026-04-03T20:01:23.217944
jpsam07,skipped,,,,,2026-04-03T20:01:41.532510
e-bobbi,skipped,,,,,2026-04-03T20:02:00.145454
scenaristeur,skipped,FR,,0,0,2026-04-03T20:02:09.149939
rhyslee211,skipped,,,,,2026-04-03T20:02:23.977016
squaresurf,skipped,,,,,2026-04-03T20:02:42.377056
FabianC1,skipped,,,,,2026-04-03T20:03:00.639212
siphonhata,scored,ZA,0.0291,8,6,2026-04-03T20:03:15.343320
Varun02910,skipped,,,,,2026-04-03T20:03:33.796723
Guilherme-tr,skipped,,,,,2026-04-03T20:03:51.798952
smistad,skipped,NO,,0,0,2026-04-03T20:04:01.056700
hhc97,skipped,CA,,0,0,2026-04-03T20:04:07.291780
sujong-park,skipped,,,,,2026-04-03T20:04:19.295560
DoggyDoggyDoggy,skipped,NZ,,0,83,2026-04-03T20:04:37.670855
jjovenpineda,skipped,,,,,2026-04-03T20:04:55.104334
wongyouth,skipped,,,,,2026-04-03T20:05:01.238893
ticapix,skipped,,,,,2026-04-03T20:05:19.645120
yuragasparian,skipped,,,,,2026-04-03T20:05:37.853891
rswartz2,skipped,,,,,2026-04-03T20:05:50.103204
bruno353,skipped,BR,,4,0,2026-04-03T20:05:56.453260
beingwortmann,skipped,DE,,0,0,2026-04-03T20:05:59.367580
cvcalderon,skipped,,,,,2026-04-03T20:06:12.503457
oussemaDn,skipped,,,,,2026-04-03T20:06:24.264526
byrzhm,skipped,CN,,0,0,2026-04-03T20:06:27.215248
CoulibalyD,skipped,,,,,2026-04-03T20:06:45.461394
devsanthoshmk,skipped,,,,,2026-04-03T20:07:03.172364
brendan-kellam,skipped,US,,0,0,2026-04-03T20:07:20.695800
wilfredopinom,skipped,,,,,2026-04-03T20:07:40.300628
chunggnuhc,skipped,BR,,0,7,2026-04-03T20:07:48.471965
XPFLASH,skipped,,,,,2026-04-03T20:08:06.681258
code-lover636,skipped,,,,,2026-04-03T20:08:25.401170
Galygious,skipped,,,,,2026-04-03T20:08:43.279744
3llman,skipped,,,,,2026-04-03T20:08:49.011062
alexburykin,skipped,UA,,0,0,2026-04-03T20:09:04.324802
sbaltes,skipped,DE,,1,0,2026-04-03T20:09:16.905482
vvolfie,skipped,,,,,2026-04-03T20:09:35.561793
VaibhavAmeria,skipped,,,,,2026-04-03T20:09:50.214786
slothislazy,skipped,,,,,2026-04-03T20:10:08.510966
efurlanm,skipped,,,,,2026-04-03T20:10:26.008148
ShashiSubramanya,skipped,,,,,2026-04-03T20:10:32.145526
ysthakur,skipped,,,,,2026-04-03T20:10:42.527150
Gumboe,skipped,,,,,2026-04-03T20:10:51.463749
drace28,skipped,IN,,100,0,2026-04-03T20:11:06.957806
alexjpwalker,skipped,GB,,0,0,2026-04-03T20:11:25.017018
anthillsocial,skipped,,,,,2026-04-03T20:11:43.213964
tloobyCFS,skipped,,,,,2026-04-03T20:11:45.964974
JasimAbdul-rahman,skipped,,,,,2026-04-03T20:12:03.633233
riazul701,skipped,,,,,2026-04-03T20:12:10.164172
nitin01010,skipped,IN,,0,20,2026-04-03T20:12:28.043406
devopserio,skipped,,,,,2026-04-03T20:12:42.518203
liulong0125,skipped,,,,,2026-04-03T20:12:48.596706
Microanswer,skipped,CN,,0,0,2026-04-03T20:12:55.680592
tt-tom17,scored,DE,0.0931,69,31,2026-04-03T20:13:05.965503
ENDERZOMBI102,scored,IT,0.0319,5,5,2026-04-03T20:13:22.335961
davlowe,skipped,US,,3,7,2026-04-03T20:13:37.507436
strikek3,skipped,,,,,2026-04-03T20:13:43.178870
htsaustin,skipped,GB,,0,100,2026-04-03T20:13:51.481707
klove-app,skipped,,,,,2026-04-03T20:13:57.665498
Dhrisy,skipped,,,,,2026-04-03T20:14:15.687397
shashank2043,skipped,,,,,2026-04-03T20:14:34.139716
mhussainilyas,skipped,,,,,2026-04-03T20:14:46.488832
Oysiss,skipped,,,,,2026-04-03T20:14:52.307975
terfiel-22,skipped,PH,,98,2,2026-04-03T20:15:01.727397
Prajwal214,skipped,,,,,2026-04-03T20:15:10.397905
lucaferr95,skipped,,,,,2026-04-03T20:15:27.850378
Samriddhi-09,skipped,,,,,2026-04-03T20:15:46.024950
lashnag,skipped,,,,,2026-04-03T20:15:54.891429
gregnr,skipped,,,,,2026-04-03T20:16:14.677397
Drakosfire,skipped,,,,,2026-04-03T20:16:27.025882
giorgizek,skipped,,,,,2026-04-03T20:16:33.460843
yurenjiedeta,skipped,,,,,2026-04-03T20:16:42.612165
0xRadioAc7iv,skipped,IN,,0,100,2026-04-03T20:17:01.696144
mmilushev91,skipped,,,,,2026-04-03T20:17:09.718865
Kim-Onesmus,skipped,,,,,2026-04-03T20:17:27.710881
seriy825,skipped,,,,,2026-04-03T20:17:43.030790
MelgarejoJuan,skipped,,,,,2026-04-03T20:17:48.934912
prbrq,skipped,,,,,2026-04-03T20:18:07.048334
Vi6388,skipped,,,,,2026-04-03T20:18:09.975368
SlainTroyard,scored,CN,0.0253,15,28,2026-04-03T20:18:26.043958
anhtudo97,skipped,VN,,0,0,2026-04-03T20:18:38.661930
simonnebMOJ,skipped,,,,,2026-04-03T20:18:48.545036
EpicEst6313,skipped,,,,,2026-04-03T20:19:01.361662
dongkq7,skipped,,,,,2026-04-03T20:19:20.219703
bumjinDev,skipped,,,,,2026-04-03T20:19:26.944192
glepnir,skipped,,,,,2026-04-03T20:19:36.092865
nguyenytran,skipped,,,,,2026-04-03T20:19:41.915725
ASHISHKMISHRA-G,skipped,,,,,2026-04-03T20:20:02.901576
AlexGudis,skipped,,,,,2026-04-03T20:20:18.681419
Cholico,scored,MX,0.1407,7,56,2026-04-03T20:20:37.330890
sw1nn,skipped,GB,,0,0,2026-04-03T20:20:40.247809
rrvasconcelos,skipped,,,,,2026-04-03T20:20:59.355366
gaetanoscaduto,skipped,,,,,2026-04-03T20:21:17.250253
NASAA0333,skipped,,,,,2026-04-03T20:21:35.156874
Alan971,skipped,,,,,2026-04-03T20:21:53.348967
anderson17ads,skipped,BR,,0,0,2026-04-03T20:22:09.009245
nghiangovan,skipped,,,,,2026-04-03T20:22:26.238045
profran,skipped,,,,,2026-04-03T20:22:45.217064
joyboy167,skipped,,,,,2026-04-03T20:22:54.137573
ubuntuegor,skipped,,,,,2026-04-03T20:23:12.412408
wonbbnote,skipped,,,,,2026-04-03T20:23:30.485743
bianca2912,skipped,,,,,2026-04-03T20:23:48.761542
voroscsoki,skipped,,,,,2026-04-03T20:23:55.448521
SachiniSiriwardene,skipped,LK,,0,0,2026-04-03T20:24:04.262334
qkrtjdwo5662,skipped,KR,,78,2,2026-04-03T20:24:13.812626
julianZeilinger,skipped,,,,,2026-04-03T20:24:25.496758
waanee,skipped,,,,,2026-04-03T20:24:34.183119
Javascript-void0,skipped,,,,,2026-04-03T20:24:44.534899
Muayyad822,skipped,NG,,0,21,2026-04-03T20:25:02.397834
de-chi553,skipped,,,,,2026-04-03T20:25:20.506775
Dante6228,skipped,,,,,2026-04-03T20:25:39.369706
firdausyusofs,skipped,,,,,2026-04-03T20:25:48.520807
alaahahi,skipped,,,,,2026-04-03T20:26:05.754279
CHEGEBB,scored,KE,0.0812,8,92,2026-04-03T20:26:15.036258
AlejandroPerren,skipped,,,,,2026-04-03T20:26:33.569999
matheusrtomaz,skipped,,,,,2026-04-03T20:26:40.198722
mariagabrielat,skipped,,,,,2026-04-03T20:26:57.877993
ed-schwarz,skipped,,,,,2026-04-03T20:27:16.054708
DimaKrymskikh,skipped,,,,,2026-04-03T20:27:28.491607
JontyLee,skipped,,,,,2026-04-03T20:27:37.500296
KazikKluz,skipped,IE,,0,0,2026-04-03T20:27:56.238198
coderlow,skipped,,,,,2026-04-03T20:28:15.662960
HJONAS77,skipped,,,,,2026-04-03T20:28:18.396878
hyunjung-choi,skipped,KR,,0,0,2026-04-03T20:28:37.021531
OrtizMarcos,skipped,,,,,2026-04-03T20:28:54.957019
leep48,skipped,CA,,0,18,2026-04-03T20:29:10.011354
Manue14,skipped,,,,,2026-04-03T20:29:28.634681
rcalfredson,skipped,US,,0,97,2026-04-03T20:29:41.455705
AyushRana2,skipped,,,,,2026-04-03T20:29:58.964455
akshaypaik,skipped,IN,,0,0,2026-04-03T20:30:16.605316
felix165,skipped,,,,,2026-04-03T20:30:35.210610
ryanzhang-oss,skipped,,,,,2026-04-03T20:30:38.133684
Amanda-Varaschin,skipped,,,,,2026-04-03T20:30:44.171671
ignaciosica,skipped,,,,,2026-04-03T20:30:50.656453
Yash777Salave,skipped,,,,,2026-04-03T20:31:08.226748
blackfenzer,skipped,,,,,2026-04-03T20:31:22.983275
NajiNacer,skipped,FR,,2,3,2026-04-03T20:31:40.636736
C0R4L0V3,skipped,,,,,2026-04-03T20:31:55.249595
swarnashreeIBM,skipped,,,,,2026-04-03T20:31:58.043204
EdukronCodes,skipped,,,,,2026-04-03T20:32:07.904426
rKaushalya,skipped,LK,,100,0,2026-04-03T20:32:20.409887
Borf,skipped,NL,,0,0,2026-04-03T20:32:26.550187
xrousset78800,skipped,,,,,2026-04-03T20:32:35.788612
RafzVTI,skipped,BR,,0,97,2026-04-03T20:32:53.958796
Cyrusbye720,skipped,,,,,2026-04-03T20:33:02.901803
Asset242,skipped,,,,,2026-04-03T20:33:16.329213
LLPayiOSDev,skipped,,,,,2026-04-03T20:33:34.024607
ElenaRozhkova,skipped,,,,,2026-04-03T20:33:52.293724
VandaFuture,skipped,,,,,2026-04-03T20:34:07.330325
andrewbutterfield,skipped,,,,,2026-04-03T20:34:13.819253
Satsuu,skipped,PH,,33,0,2026-04-03T20:34:26.200425
ronlevin1,skipped,IL,,0,55,2026-04-03T20:34:44.227604
AureKoudert,skipped,,,,,2026-04-03T20:35:01.908031
adarsh0128,skipped,,,,,2026-04-03T20:35:19.503068
Abhinav-vats,skipped,,,,,2026-04-03T20:35:35.279943
arief0303,skipped,,,,,2026-04-03T20:35:42.168872
randall-frank,skipped,,,,,2026-04-03T20:35:51.792636
EvaggelosCodes,skipped,,,,,2026-04-03T20:36:03.640116
hotelrelaisosros,skipped,,,,,2026-04-03T20:36:21.456176
oXtxNt9U,skipped,,,,,2026-04-03T20:36:24.221896
yunnina01,skipped,,,,,2026-04-03T20:36:31.843895
Mathilde9544,skipped,,,,,2026-04-03T20:36:46.550728
PQT2802,skipped,,,,,2026-04-03T20:37:04.444072
Raiii14,skipped,PH,,4,2,2026-04-03T20:37:16.221572
AIIS188,skipped,,,,,2026-04-03T20:37:34.306512
Neleus,skipped,,,,,2026-04-03T20:37:43.407601
robertsinfosec,skipped,,,,,2026-04-03T20:37:59.433208
dprokop,skipped,PL,,0,0,2026-04-03T20:38:17.070453
riggraz,skipped,,,,,2026-04-03T20:38:33.526227
dsikka,skipped,US,,0,0,2026-04-03T20:38:49.354625
Krispyroll,skipped,,,,,2026-04-03T20:39:01.868249
HtetNaingLynn55555,skipped,,,,,2026-04-03T20:39:16.853669
oldfashionedjelly,skipped,,,,,2026-04-03T20:39:35.463536
MikulajT,skipped,,,,,2026-04-03T20:39:51.032481
ghonaime91,skipped,,,,,2026-04-03T20:40:09.833687
NaifIT11,skipped,,,,,2026-04-03T20:40:28.516981
mahmoudelwekel,skipped,EG,,0,0,2026-04-03T20:40:46.397853
AdyleneBC,skipped,,,,,2026-04-03T20:41:04.403997
Nicholas-lh,skipped,,,,,2026-04-03T20:41:07.199562
apunhal,skipped,,,,,2026-04-03T20:41:15.872010
morepurplemorebetter,scored,NL,0.2456,23,17,2026-04-03T20:41:23.644714
hanine007,skipped,,,,,2026-04-03T20:41:42.474478
barshaul,skipped,IL,,0,0,2026-04-03T20:41:51.574735
TheGasp,skipped,,,,,2026-04-03T20:42:10.893558
Otuyanyangayi,skipped,,,,,2026-04-03T20:42:16.778336
willi93-ux,skipped,,,,,2026-04-03T20:42:29.754861
SamBryce-Smith,skipped,BE,,0,0,2026-04-03T20:42:38.589522
WindriderQc,scored,CA,0.1319,20,54,2026-04-03T20:42:52.124848
VJ13SS,skipped,,,,,2026-04-03T20:43:09.805135
louisr57,skipped,IN,,0,0,2026-04-03T20:43:26.007818
PebblesProgramming,skipped,NL,,24,3,2026-04-03T20:43:44.300679
za4emmne,skipped,,,,,2026-04-03T20:43:54.175886
khacluat03,skipped,VN,,0,28,2026-04-03T20:44:12.429172
isaachg01,skipped,,,,,2026-04-03T20:44:18.383304
GeWangzi,skipped,,,,,2026-04-03T20:44:36.337110
Roman-Kashcheev,skipped,,,,,2026-04-03T20:44:44.912945
FrancescoMarra97,skipped,,,,,2026-04-03T20:45:02.687406
liutizhong,skipped,,,,,2026-04-03T20:45:05.606636
AsmaSlimanii,skipped,,,,,2026-04-03T20:45:14.197955
Romazes,skipped,UA,,0,0,2026-04-03T20:45:33.077934
saleem-muhammed,skipped,,,,,2026-04-03T20:45:39.280725
dk2655,skipped,,,,,2026-04-03T20:45:54.531538
grnmeira,skipped,IE,,65,0,2026-04-03T20:46:06.993625
jorgef29,skipped,,,,,2026-04-03T20:46:21.872165
skuksyzkzk,skipped,,,,,2026-04-03T20:46:39.504827
whitemo123,skipped,,,,,2026-04-03T20:46:57.430062
L0puh,skipped,,,,,2026-04-03T20:47:16.016583
xqb-dpx,skipped,,,,,2026-04-03T20:47:25.023234
Vlasovets,skipped,DE,,0,0,2026-04-03T20:47:39.857410
almilosz,skipped,,,,,2026-04-03T20:47:45.667284
JohnRFoster,skipped,,,,,2026-04-03T20:48:00.426917
belinglima,skipped,,,,,2026-04-03T20:48:15.229559
scoundrella76,skipped,,,,,2026-04-03T20:48:21.464110
zuzpk,skipped,PK,,0,0,2026-04-03T20:48:30.226381
Jolly-18,skipped,,,,,2026-04-03T20:48:48.201496
Coding4Hours,skipped,,,,,2026-04-03T20:48:58.663399
zach030,skipped,CN,,0,0,2026-04-03T20:49:14.541924
J0ris-K,skipped,,,,,2026-04-03T20:49:27.566406
Thibso,skipped,,,,,2026-04-03T20:49:40.009881
Mostafa-Haggag,skipped,,,,,2026-04-03T20:49:46.345397
Rewati123,skipped,,,,,2026-04-03T20:50:00.869791
AndreaVisma,skipped,,,,,2026-04-03T20:50:19.789490
priyanshajmera,skipped,,,,,2026-04-03T20:50:40.853772
saber-barhoumi,skipped,,,,,2026-04-03T20:50:58.399224
GhPythonInvestCode,skipped,TH,,0,7,2026-04-03T20:51:07.224833
NavLyrus,skipped,,,,,2026-04-03T20:51:22.540512
Arcadia-Y,skipped,,,,,2026-04-03T20:51:43.594138
Neyzv,skipped,,,,,2026-04-03T20:52:01.626799
ptt3123,skipped,,,,,2026-04-03T20:52:14.623206
a-elrawy,skipped,,,,,2026-04-03T20:52:32.313306
marika15,skipped,,,,,2026-04-03T20:52:38.148219
Spydnel,skipped,,,,,2026-04-03T20:52:57.022898
walkerdu,skipped,CN,,26,0,2026-04-03T20:53:03.683295
AlexanderNeo427,scored,SG,0.1991,22,11,2026-04-03T20:53:22.667519
cledianedaluz,skipped,,,,,2026-04-03T20:53:40.307306
NARRAAKHIL,skipped,,,,,2026-04-03T20:53:43.278996
JoSilva02,skipped,,,,,2026-04-03T20:53:58.587866
avielb,skipped,,,,,2026-04-03T20:54:13.938436
jimma-unity,skipped,,,,,2026-04-03T20:54:28.607707
xbccbx,skipped,,,,,2026-04-03T20:54:40.250357
louisFortrie,skipped,,,,,2026-04-03T20:54:58.756095
Adventure2855,skipped,,,,,2026-04-03T20:55:13.612857
arielgohsn,skipped,,,,,2026-04-03T20:55:28.797972
jeffswt,skipped,,,,,2026-04-03T20:55:37.936004
Pavitersharma,skipped,,,,,2026-04-03T20:55:55.766200
kogkoba,skipped,,,,,2026-04-03T20:56:08.552657
Akpan19,skipped,,,,,2026-04-03T20:56:26.498647
thstmddns,scored,KR,0.0352,40,37,2026-04-03T20:56:44.548559
AKASH-UWU,skipped,,,,,2026-04-03T20:56:50.394987
wraitii,skipped,FR,,0,0,2026-04-03T20:56:59.583338
BenTroyCahoon,skipped,,,,,2026-04-03T20:57:17.595512
yet3,scored,PL,0.0803,57,43,2026-04-03T20:57:30.808291
Artreeus,skipped,BD,,0,74,2026-04-03T20:57:48.860744
HafdisE,skipped,,,,,2026-04-03T20:57:54.974043
Rafi-Shariar,skipped,BD,,100,0,2026-04-03T20:58:07.315049
VidyasagarYadav499,skipped,IN,,1,54,2026-04-03T20:58:26.535077
chaithramallik,skipped,,,,,2026-04-03T20:58:32.433329
cloudswirls24,skipped,,,,,2026-04-03T20:58:50.126325
VenelinMartinov,skipped,,,,,2026-04-03T20:59:07.891792
KygenHack,skipped,,,,,2026-04-03T20:59:22.864193
SharkFinPro,skipped,US,,4,0,2026-04-03T20:59:45.343676
vstinner,skipped,FR,,0,0,2026-04-03T20:59:55.437627
shubechavan,skipped,,,,,2026-04-03T21:00:10.460934
alixlm,skipped,FR,,0,38,2026-04-03T21:00:23.095282
AndyClifford,skipped,,,,,2026-04-03T21:00:38.020590
pomelo925,skipped,TW,,100,0,2026-04-03T21:00:47.343596
Nosa-Osawe,scored,NG,0.0346,37,54,2026-04-03T21:01:05.738407
Iridescenttttt,skipped,CN,,11,1,2026-04-03T21:01:14.555648
enex,skipped,,,,,2026-04-03T21:01:32.232811
SLPR-ux,skipped,,,,,2026-04-03T21:01:49.803566
KCCHONG1997,skipped,,,,,2026-04-03T21:01:59.780509
nbali,skipped,HU,,0,0,2026-04-03T21:02:04.037578
kulmenevaa,skipped,,,,,2026-04-03T21:02:18.904089
Ohin-Kyuu,skipped,TW,,4,31,2026-04-03T21:02:37.136546
alexandre-Maury,skipped,,,,,2026-04-03T21:02:43.133425
nhat3x04,skipped,,,,,2026-04-03T21:03:00.421291
l666l,skipped,,,,,2026-04-03T21:03:03.189396
ragulan-upou-mis,skipped,,,,,2026-04-03T21:03:18.362009
jay200333,skipped,,,,,2026-04-03T21:03:27.054506
tdincer1,skipped,,,,,2026-04-03T21:03:42.630605
BarreraGerardo,skipped,,,,,2026-04-03T21:04:00.574151
breadcrumbmarketing,skipped,,,,,2026-04-03T21:04:06.824349
kuffintea,skipped,,,,,2026-04-03T21:04:15.812029
ArnaudFofou,skipped,,,,,2026-04-03T21:04:18.714098
vlad92z,skipped,,,,,2026-04-03T21:04:31.287495
Rizki0720,skipped,,,,,2026-04-03T21:04:48.775608
Yunsooz,skipped,,,,,2026-04-03T21:04:54.876898
samadler8,skipped,,,,,2026-04-03T21:05:01.081258
HDNghia,skipped,VN,,26,1,2026-04-03T21:05:18.946712
TheGreatPapa,skipped,,,,,2026-04-03T21:05:36.829421
arcz,skipped,PL,,0,0,2026-04-03T21:05:48.697833
stiangglanda,skipped,,,,,2026-04-03T21:06:07.071216
xuanranran,skipped,,,,,2026-04-03T21:06:13.778133
RaviGupta965,skipped,IN,,0,20,2026-04-03T21:06:32.003330
oldergod,skipped,GB,,0,0,2026-04-03T21:06:45.170481
Jneats,skipped,,,,,2026-04-03T21:06:47.963102
pangyazhou,skipped,,,,,2026-04-03T21:07:00.225639
park-jihoo,skipped,KR,,0,0,2026-04-03T21:07:18.200570
simonwahlgren,skipped,SE,,0,2,2026-04-03T21:07:27.675078
YalozTech,skipped,,,,,2026-04-03T21:07:44.195681
Flature,skipped,KR,,12,0,2026-04-03T21:07:59.287625
mHooshdar,skipped,,,,,2026-04-03T21:08:17.400916
qinsoon,skipped,NZ,,0,0,2026-04-03T21:08:26.659603
AnirbanDhara,skipped,,,,,2026-04-03T21:08:42.199360
skanani2135,skipped,,,,,2026-04-03T21:09:02.274476
SreyashReddy,skipped,,,,,2026-04-03T21:09:19.820408
enzodaloia,skipped,FR,,0,75,2026-04-03T21:09:38.004885
Markklol,skipped,,,,,2026-04-03T21:09:56.087101
aerooneqq,skipped,,,,,2026-04-03T21:10:06.501645
jnamyslo,skipped,,,,,2026-04-03T21:10:18.689357
nicolehuang27,skipped,,,,,2026-04-03T21:10:24.527078
ksh9241,skipped,,,,,2026-04-03T21:10:42.367028
rizwanrkz,skipped,,,,,2026-04-03T21:10:54.147311
Steven4Hooisma,skipped,,,,,2026-04-03T21:11:00.575323
GeisilaCosta,skipped,,,,,2026-04-03T21:11:18.388696
SN2006,skipped,,,,,2026-04-03T21:11:36.161844
Karolije,skipped,,,,,2026-04-03T21:11:42.014382
eboniejc,skipped,,,,,2026-04-03T21:11:59.815948
dedsec1121fk,skipped,,,,,2026-04-03T21:12:06.500457
yqysgithub,skipped,,,,,2026-04-03T21:12:09.285584
OppongNicholas303,skipped,,,,,2026-04-03T21:12:27.508644
twoentartian,skipped,,,,,2026-04-03T21:12:45.048063
mba149,skipped,,,,,2026-04-03T21:12:59.733007
UjjwalBharti13,skipped,,,,,2026-04-03T21:13:17.460471
PDavid,skipped,HU,,0,0,2026-04-03T21:13:35.382488
PvlKr16,skipped,,,,,2026-04-03T21:13:53.383958
uuu3,skipped,,,,,2026-04-03T21:13:56.166682
tannal,skipped,,,,,2026-04-03T21:14:02.333857
skhokhlov,skipped,GB,,0,0,2026-04-03T21:14:05.255137
guillemmaya92,skipped,,,,,2026-04-03T21:14:18.130149
RifatArefin32,skipped,BD,,36,0,2026-04-03T21:14:33.263587
tinkn,skipped,,,,,2026-04-03T21:14:42.147618
textleech001,skipped,,,,,2026-04-03T21:14:47.897281
TouzaniImane1,skipped,,,,,2026-04-03T21:15:05.929212
bazzi777,skipped,,,,,2026-04-03T21:15:25.032977
daniel13904,skipped,,,,,2026-04-03T21:15:27.817025
BAOKONCEPTS,skipped,,,,,2026-04-03T21:15:45.835846
akondas,skipped,,,,,2026-04-03T21:15:57.426591
mhenriette,skipped,,,,,2026-04-03T21:16:12.171332
srfj,skipped,,,,,2026-04-03T21:16:25.017113
AMMayberry1,skipped,,,,,2026-04-03T21:16:36.756287
Sunspirytus,skipped,,,,,2026-04-03T21:16:45.519191
asrar000,skipped,,,,,2026-04-03T21:17:01.075411
njlyon0,skipped,US,,39,0,2026-04-03T21:17:10.676910
Leonardo-teck,skipped,,,,,2026-04-03T21:17:19.724305
kaungMyat-Khant,skipped,,,,,2026-04-03T21:17:35.024264
mluypaert,skipped,,,,,2026-04-03T21:17:37.924010
Nickolodeon98,skipped,KR,,16,0,2026-04-03T21:17:56.054145
jleifeld,skipped,DE,,10,0,2026-04-03T21:18:01.971679
Sergio-tcm,skipped,,,,,2026-04-03T21:18:08.304592
marcellius33,skipped,,,,,2026-04-03T21:18:14.465413
puncleV,skipped,,,,,2026-04-03T21:18:32.390729
JotaroPowered,skipped,,,,,2026-04-03T21:18:35.479313
spachecor,skipped,,,,,2026-04-03T21:18:54.138696
gbi46,skipped,,,,,2026-04-03T21:19:19.761818
Meandres,skipped,DE,,0,0,2026-04-03T21:19:31.771363
aisha74,skipped,,,,,2026-04-03T21:19:46.879821
Knoppiix,skipped,,,,,2026-04-03T21:19:56.568126
leobufi,skipped,FR,,7,0,2026-04-03T21:20:11.043203
Vcarbon25,skipped,,,,,2026-04-03T21:20:29.630571
Leohuguenin,skipped,,,,,2026-04-03T21:20:35.520521
alexchuber,skipped,,,,,2026-04-03T21:20:41.315464
fannielf,skipped,,,,,2026-04-03T21:20:50.745639
tuxinal,skipped,,,,,2026-04-03T21:20:53.613858
KevoWaZ,skipped,,,,,2026-04-03T21:21:13.878805
mahdi921,skipped,IR,,,,2026-04-03T21:21:23.100361
kichi2004,skipped,JP,,0,0,2026-04-03T21:21:32.916806
Anusha-TX,skipped,,,,,2026-04-03T21:21:52.122512
dxzhang456,skipped,,,,,2026-04-03T21:21:55.025892
AndrewJOropeza,skipped,,,,,2026-04-03T21:22:07.032353
RobiGuru22,skipped,,,,,2026-04-03T21:22:12.946150
SrClauss,scored,BR,0.0388,8,20,2026-04-03T21:22:30.829783
ssaisriharsha,skipped,,,,,2026-04-03T21:22:45.339954
dominikschopper,skipped,,,,,2026-04-03T21:22:55.210271
dayojohn19,skipped,,,,,2026-04-03T21:23:03.961091
Blazp04,skipped,,,,,2026-04-03T21:23:22.667063
powerseunghun,skipped,KR,,0,0,2026-04-03T21:23:35.847981
tranhieutrung,skipped,FI,,0,61,2026-04-03T21:23:53.992658
Jaehaks,skipped,,,,,2026-04-03T21:24:00.470102
weiweixpu,skipped,,,,,2026-04-03T21:24:13.319921
emvaugh2,skipped,,,,,2026-04-03T21:24:31.720377
intjelic,skipped,BE,,0,0,2026-04-03T21:24:41.078929
jianxuanbing,skipped,,,,,2026-04-03T21:24:46.918636
biodiv,skipped,,,,,2026-04-03T21:25:00.097901
MariPinas,scored,BR,0.0718,17,54,2026-04-03T21:25:18.396696
smiloval,skipped,,,,,2026-04-03T21:25:25.838362
kpoxo6op,scored,NZ,0.0795,36,54,2026-04-03T21:25:50.479790
gribforyou,skipped,,,,,2026-04-03T21:26:09.060519
M-Saaad,skipped,,,,,2026-04-03T21:26:27.886717
krupitskas,skipped,FR,,0,46,2026-04-03T21:26:37.186096
WJMcode,skipped,,,,,2026-04-03T21:26:43.739161
96igor,skipped,,,,,2026-04-03T21:27:01.464603
vahter83,skipped,,,,,2026-04-03T21:27:07.627934
Tayyabazahra,scored,PK,0.0418,89,11,2026-04-03T21:27:23.517267
aUsABuisnessman,skipped,,,,,2026-04-03T21:27:35.619755
iwahbe,skipped,,,,,2026-04-03T21:27:42.080184
gustavomcss,skipped,,,,,2026-04-03T21:27:48.485211
angelopol,skipped,,,,,2026-04-03T21:27:55.149697
deytenit,scored,RU,0.0467,14,19,2026-04-03T21:28:04.843126
jotavsevla,skipped,,,,,2026-04-03T21:28:20.766215
pjk0007,skipped,,,,,2026-04-03T21:28:39.021922
tpantelis,skipped,,,,,2026-04-03T21:28:41.920912
wamweaa,skipped,KE,,0,2,2026-04-03T21:28:47.806259
talyohala,skipped,,,,,2026-04-03T21:29:03.243200
BeaulaEkka,scored,NL,0.0319,26,10,2026-04-03T21:29:12.424047
r8q,skipped,TR,,0,0,2026-04-03T21:29:21.215888
stupakviktor,skipped,,,,,2026-04-03T21:29:25.465173
YJCCreateAHistory,skipped,,,,,2026-04-03T21:29:34.266445
dvic,skipped,NL,,0,0,2026-04-03T21:29:37.175853
Fensley,skipped,US,,9,0,2026-04-03T21:29:52.155795
csmith49,skipped,US,,0,0,2026-04-03T21:30:12.747119
sleeping-mikan,skipped,JP,,100,0,2026-04-03T21:30:19.148562
tomcur,skipped,NL,,0,0,2026-04-03T21:30:37.165842
GiovanniAccarino,skipped,,,,,2026-04-03T21:30:54.852676
Harshbansal8705,skipped,IN,,4,3,2026-04-03T21:31:12.887273
rageshvk,skipped,,,,,2026-04-03T21:31:18.604501
PeterWrighten,skipped,US,,47,0,2026-04-03T21:31:34.186682
chenyanxun,skipped,,,,,2026-04-03T21:31:40.077011
Golar24,skipped,,,,,2026-04-03T21:31:46.196323
matthiasblondeel,skipped,,,,,2026-04-03T21:31:49.043345
SebastienConde,skipped,,,,,2026-04-03T21:32:01.359274
jjmerchante,skipped,ES,,0,0,2026-04-03T21:32:04.260230
fatihc07,skipped,TR,,3,17,2026-04-03T21:32:19.709472
sushobhan2024,skipped,,,,,2026-04-03T21:32:26.143527
mvalkama,skipped,FI,,0,0,2026-04-03T21:32:34.767904
LaurentPV,skipped,FR,,0,0,2026-04-03T21:32:46.203181
Honigeintopf,skipped,,,,,2026-04-03T21:32:58.445739
adaxer,skipped,,,,,2026-04-03T21:33:17.038708
nahbee10,skipped,,,,,2026-04-03T21:33:32.102613
milli-game,skipped,,,,,2026-04-03T21:33:37.796682
oscartersan810,skipped,,,,,2026-04-03T21:33:55.814396
Cristianleee,skipped,,,,,2026-04-03T21:34:14.148472
CatHuyuH24,skipped,VN,,2,98,2026-04-03T21:34:27.465232
LucyMcGowan,skipped,,,,,2026-04-03T21:34:39.789786
SGESissyphus,skipped,,,,,2026-04-03T21:34:45.606884
dgerth5,skipped,,,,,2026-04-03T21:34:48.524855
nymur-rahman-nyar,scored,CA,0.1573,26,55,2026-04-03T21:35:07.406165
JaMathewGE,skipped,,,,,2026-04-03T21:35:23.468479
margeson-chuck,skipped,,,,,2026-04-03T21:35:35.076791
Asif-AI,skipped,,,,,2026-04-03T21:35:53.120339
seanpzk,skipped,,,,,2026-04-03T21:36:03.021125
kono94,skipped,,,,,2026-04-03T21:36:20.835427
PrachiSukreSS,skipped,,,,,2026-04-03T21:36:38.952956
eddie-knight,skipped,,,,,2026-04-03T21:36:51.246900
Krusty93,scored,IT,0.1015,9,6,2026-04-03T21:37:06.881973
ramprasadn,skipped,SE,,0,0,2026-04-03T21:37:09.825175
z1eroRoma,skipped,,,,,2026-04-03T21:37:28.222410
crist6494,skipped,,,,,2026-04-03T21:37:47.833286
TylerTheFox,skipped,US,,0,0,2026-04-03T21:38:05.624185
thysania,skipped,,,,,2026-04-03T21:38:12.472761
ferranverdes,skipped,,,,,2026-04-03T21:38:30.766494
csobrinho,skipped,US,,0,5,2026-04-03T21:38:39.636016
Ralex22,skipped,,,,,2026-04-03T21:38:58.043732
Gabriel-Vignoli,skipped,,,,,2026-04-03T21:39:15.685177
Ekram007,skipped,,,,,2026-04-03T21:39:36.545874
geekynickuk,skipped,GB,,0,0,2026-04-03T21:39:42.372401
NOOB-3301,skipped,,,,,2026-04-03T21:39:57.766255
Kovalchuk22,skipped,,,,,2026-04-03T21:40:17.651063
Finsinyur,skipped,SG,,74,1,2026-04-03T21:40:36.392995
AbdulsispnShakoor,skipped,,,,,2026-04-03T21:40:55.258614
GallurPandu,skipped,,,,,2026-04-03T21:41:00.955644
ultf,skipped,,,,,2026-04-03T21:41:06.628268
Ledgica,skipped,,,,,2026-04-03T21:41:12.459628
shamvil89,skipped,,,,,2026-04-03T21:41:28.033742
wwdc14yh,skipped,,,,,2026-04-03T21:41:46.183460
blaisedias,skipped,GB,,0,0,2026-04-03T21:41:52.386757
balins,skipped,PL,,4,0,2026-04-03T21:42:13.791647
xjwllmsx,skipped,US,,0,68,2026-04-03T21:42:31.998268
geeky0069,skipped,,,,,2026-04-03T21:42:34.941335
builder555,skipped,,,,,2026-04-03T21:42:53.149868
vishwas-r,scored,IN,0.0312,27,6,2026-04-03T21:43:11.840326
mayumigit,skipped,,,,,2026-04-03T21:43:17.716055
tadokatocommm,skipped,BR,,0,43,2026-04-03T21:43:35.886146
alozaalmeida,skipped,,,,,2026-04-03T21:43:41.806997
TerukiTogami,skipped,,,,,2026-04-03T21:43:50.782811
rezahajrahimi,skipped,AE,,4,0,2026-04-03T21:44:03.827001
rossner123,skipped,,,,,2026-04-03T21:44:22.005889
Hiranyakashbu,skipped,,,,,2026-04-03T21:44:30.745871
walterra,skipped,AT,,0,0,2026-04-03T21:44:45.476676
jorgejperezl,skipped,,,,,2026-04-03T21:45:04.963476
KTRBS,skipped,,,,,2026-04-03T21:45:23.977258
kmanijak,skipped,,,,,2026-04-03T21:45:38.448540
ffxivvillein,skipped,,,,,2026-04-03T21:45:47.340437
Lgonson,scored,DE,0.0488,13,29,2026-04-03T21:46:05.225320
Gentz-1997,skipped,,,,,2026-04-03T21:46:17.412102
joaochecchia,skipped,,,,,2026-04-03T21:46:33.390091
carina112001,skipped,,,,,2026-04-03T21:46:47.132742
thiagociarlini,skipped,,,,,2026-04-03T21:46:59.802697
RMKirkpatrick,skipped,,,,,2026-04-03T21:47:15.544186
NikharAsthana,skipped,,,,,2026-04-03T21:47:33.973352
Extreme6914144,skipped,,,,,2026-04-03T21:47:48.762048
gg-Core,skipped,,,,,2026-04-03T21:47:56.254962
nemonuri,skipped,,,,,2026-04-03T21:48:08.226879
CamLamb,skipped,GB,,0,0,2026-04-03T21:48:24.058052
mzbasler,skipped,,,,,2026-04-03T21:48:33.045079
Oceane-Lacote,skipped,,,,,2026-04-03T21:48:42.049282
paan-odoo,skipped,,,,,2026-04-03T21:48:59.620514
ninesl,skipped,US,,40,4,2026-04-03T21:49:17.769164
krishna4040,skipped,,,,,2026-04-03T21:49:36.271633
PrachiVpatil96,skipped,IN,,0,57,2026-04-03T21:49:51.929698
Jiabao-Sun,skipped,,,,,2026-04-03T21:49:54.845960
sspencerwire,skipped,,,,,2026-04-03T21:50:06.812713
harayoki,skipped,,,,,2026-04-03T21:50:24.796482
andra-sava,skipped,,,,,2026-04-03T21:50:27.735649
amaldev07,skipped,IN,,2,3,2026-04-03T21:50:46.549701
marinaaglic,skipped,,,,,2026-04-03T21:51:05.106034
kundamwelwa,skipped,,,,,2026-04-03T21:51:21.125954
Intellicode,skipped,,,,,2026-04-03T21:51:39.191155
Shawarmaa,scored,GB,0.0378,83,17,2026-04-03T21:51:51.986192
Diangien,skipped,,,,,2026-04-03T21:52:10.869641
jeanraisa,skipped,,,,,2026-04-03T21:52:23.303627
VanshAggarwal881,skipped,,,,,2026-04-03T21:52:41.433549
Rashik8606,skipped,IN,,0,20,2026-04-03T21:52:59.559295
tsuyuni,scored,JP,0.0349,11,16,2026-04-03T21:53:17.468387
athielking,skipped,,,,,2026-04-03T21:53:33.354402
berezovyy,skipped,,,,,2026-04-03T21:53:51.352008
magdev2022,skipped,JP,,0,0,2026-04-03T21:54:09.226352
ParasMindfire,skipped,,,,,2026-04-03T21:54:26.857590
narsaynorath,skipped,,,,,2026-04-03T21:54:39.328229
Sh1pZe,skipped,,,,,2026-04-03T21:55:00.540412
bhza,skipped,BR,,0,0,2026-04-03T21:55:03.366922
MansoorQazi71,skipped,,,,,2026-04-03T21:55:15.015537
alexanbj,skipped,NO,,0,0,2026-04-03T21:55:30.274732
Ferdin,skipped,,,,,2026-04-03T21:55:48.590214
binaryHips,skipped,,,,,2026-04-03T21:56:07.636366
osmanbal97,skipped,,,,,2026-04-03T21:56:23.045948
DarrylWong,skipped,,,,,2026-04-03T21:56:29.034020
amasakunika,skipped,,,,,2026-04-03T21:56:40.844301
Ves5,skipped,PL,,5,0,2026-04-03T21:56:59.270233
deprrous,skipped,,,,,2026-04-03T21:57:14.360513
gglucass,skipped,,,,,2026-04-03T21:57:30.048556
Lorena-silva15,skipped,,,,,2026-04-03T21:57:43.767330
furkan-firat,skipped,,,,,2026-04-03T21:58:01.662745
FloydZ,skipped,,,,,2026-04-03T21:58:19.162755
miiswom,skipped,GB,,25,1,2026-04-03T21:58:35.383494
Hannahjjj97,skipped,,,,,2026-04-03T21:58:54.496591
ebert-l,skipped,DE,,5,0,2026-04-03T21:59:07.737968
Guraa0441,skipped,,,,,2026-04-03T21:59:13.461005
devanshkansagra163,skipped,,,,,2026-04-03T21:59:23.319103
PlugFox,skipped,,,,,2026-04-03T21:59:42.069904
yiro02,skipped,,,,,2026-04-03T21:59:59.909883
OskiC,skipped,,,,,2026-04-03T22:00:15.298916
andrew-geeks,skipped,IN,,0,0,2026-04-03T22:00:30.868644
Tishj,skipped,,,,,2026-04-03T22:00:48.571609
alisa-vvv,skipped,NL,,0,1,2026-04-03T22:01:07.310102
Jungyh0,skipped,,,,,2026-04-03T22:01:19.876997
longseespace,skipped,,,,,2026-04-03T22:01:28.392898
vanshika0606,skipped,,,,,2026-04-03T22:01:45.744042
haegardev,skipped,,,,,2026-04-03T22:01:53.162373
Amxx,skipped,FR,,0,0,2026-04-03T22:01:59.249506
axelasa,skipped,KE,,10,0,2026-04-03T22:02:14.225151
jhrozek,skipped,,,,,2026-04-03T22:02:21.246367
dokee39,skipped,,,,,2026-04-03T22:02:36.414287
francescoantoni0,skipped,,,,,2026-04-03T22:02:53.780674
vojtech-homola,skipped,,,,,2026-04-03T22:03:03.526826
cfriedman2156,skipped,US,,0,21,2026-04-03T22:03:23.888346
farmlink9633,skipped,,,,,2026-04-03T22:03:32.771891
jinnovation,skipped,US,,0,0,2026-04-03T22:03:44.907400
TRoman1,skipped,,,,,2026-04-03T22:04:02.740726
d-teller,skipped,,,,,2026-04-03T22:04:08.513845
PolMuri,skipped,,,,,2026-04-03T22:04:15.082840
huoshan12345,skipped,,,,,2026-04-03T22:04:32.658744
yuiseki,skipped,JP,,0,0,2026-04-03T22:04:51.788584
iamibrahimriaz,skipped,BD,,11,0,2026-04-03T22:05:03.585596
Chase-520,skipped,,,,,2026-04-03T22:05:21.659360
AmiruHoradagoda,skipped,,,,,2026-04-03T22:05:39.832483
satriaadh1,skipped,,,,,2026-04-03T22:05:58.473448
dreck0001,skipped,,,,,2026-04-03T22:06:15.862854
iAmGiG,skipped,US,,0,0,2026-04-03T22:06:34.386447
v-bhavani,skipped,,,,,2026-04-03T22:06:43.784650
jbermudez00,skipped,,,,,2026-04-03T22:06:46.745779
jrotciv,skipped,,,,,2026-04-03T22:07:07.760691
rexwithluv,skipped,,,,,2026-04-03T22:07:15.711290
PamelaPompa,skipped,,,,,2026-04-03T22:07:21.652338
jamesy0ung,skipped,,,,,2026-04-03T22:07:40.137447
jensadev,skipped,,,,,2026-04-03T22:07:56.159590
konrad,skipped,DE,,0,0,2026-04-03T22:08:16.629840
mfeldman143,skipped,,,,,2026-04-03T22:08:19.594851
NIRANJAN123102,skipped,,,,,2026-04-03T22:08:31.387060
NguyenBaoAnhThu,skipped,,,,,2026-04-03T22:08:50.199597
brentru,skipped,,,,,2026-04-03T22:09:04.552147
pablodbm,skipped,,,,,2026-04-03T22:09:22.260986
xiaomalailer,skipped,,,,,2026-04-03T22:09:28.884347
ZBersanov,skipped,,,,,2026-04-03T22:09:40.850018
pefonseca,skipped,,,,,2026-04-03T22:09:56.592252
ANANTKACHOLIA,skipped,,,,,2026-04-03T22:10:09.187524
heyudev,skipped,,,,,2026-04-03T22:10:15.034262
elvisliaoooo,skipped,,,,,2026-04-03T22:10:17.941384
ly-east,skipped,,,,,2026-04-03T22:10:29.898020
maheshz09,skipped,,,,,2026-04-03T22:10:42.752407
ginkelsoft-development,skipped,,,,,2026-04-03T22:10:56.312206
Navya11shree,skipped,,,,,2026-04-03T22:11:13.679451
twolater,scored,SE,0.0397,5,26,2026-04-03T22:11:28.913238
userdend,skipped,,,,,2026-04-03T22:11:45.253390
rohitsoni-codelab,skipped,,,,,2026-04-03T22:11:57.567783
Bidgecfah,skipped,,,,,2026-04-03T22:12:10.102928
gaetanwadel,skipped,,,,,2026-04-03T22:12:15.843874
psaiz,skipped,,,,,2026-04-03T22:12:18.728336
LeeChangmin0310,skipped,KR,,0,12,2026-04-03T22:12:30.699290
I-yan-u,skipped,NG,,98,2,2026-04-03T22:12:50.296776
Sh1rush1i,skipped,,,,,2026-04-03T22:13:08.456505
eunkich,skipped,,,,,2026-04-03T22:13:14.533810
barizksd,skipped,,,,,2026-04-03T22:13:35.210768
Maria9925,skipped,,,,,2026-04-03T22:13:50.579734
adalessa,skipped,,,,,2026-04-03T22:14:08.211876
Leridon,skipped,,,,,2026-04-03T22:14:17.869676
arnauddgbes,skipped,NL,,0,3,2026-04-03T22:14:23.649434
XinyuCRO,skipped,,,,,2026-04-03T22:14:32.990042
aidan-eickhoff,skipped,,,,,2026-04-03T22:14:48.891372
gyk4j,skipped,,,,,2026-04-03T22:15:06.291196
Tismey,skipped,,,,,2026-04-03T22:15:25.189518
M0stafaRady,skipped,,,,,2026-04-03T22:15:30.978273
bckp1,skipped,,,,,2026-04-03T22:15:37.152728
rohith-doradla,scored,IN,0.0452,7,17,2026-04-03T22:15:43.187067
santhoshad,skipped,,,,,2026-04-03T22:15:59.666951
VadimRomansky,scored,RU,0.0258,53,47,2026-04-03T22:16:08.786298
TalifaKumi,skipped,,,,,2026-04-03T22:16:15.508350
Mohanda123,skipped,,,,,2026-04-03T22:16:33.370322
shali12359,skipped,,,,,2026-04-03T22:16:51.183311
ewdoman,skipped,,,,,2026-04-03T22:16:57.211431
mfajarandikha,skipped,ID,,0,1,2026-04-03T22:17:12.345154
Rose-Yang1232,skipped,,,,,2026-04-03T22:17:30.445058
SenfundToast,skipped,,,,,2026-04-03T22:17:45.866647
s3alfisc,skipped,DE,,100,0,2026-04-03T22:17:52.860162
egamorf76,skipped,,,,,2026-04-03T22:18:04.782835
chanuka875,skipped,,,,,2026-04-03T22:18:07.756190
pavani-nagari,skipped,,,,,2026-04-03T22:18:23.155466
salamander97,skipped,,,,,2026-04-03T22:18:37.627142
sabihaohi,skipped,BD,,5,0,2026-04-03T22:19:00.355440
pavithradevi-138,skipped,,,,,2026-04-03T22:19:09.541135
TetsumaYaguchi,skipped,,,,,2026-04-03T22:19:28.108607
mp3296,skipped,,,,,2026-04-03T22:19:34.159199
ghostv714,skipped,,,,,2026-04-03T22:19:46.710104
piyushkhare001,skipped,,,,,2026-04-03T22:20:05.087978
AdityaByte,skipped,,,,,2026-04-03T22:20:24.171284
FilhoDeEd,skipped,,,,,2026-04-03T22:20:39.693155
MarcelSoerensen,skipped,,,,,2026-04-03T22:20:57.904153
murattokez,skipped,,,,,2026-04-03T22:21:15.926570
AHalla-Ma,skipped,,,,,2026-04-03T22:21:34.349211
valentinedwv,skipped,,,,,2026-04-03T22:21:40.233422
susannasiebert,skipped,,,,,2026-04-03T22:21:43.212557
yuuuchiyama,skipped,,,,,2026-04-03T22:21:52.332527
abdulbasitkhandeveloper,skipped,ES,,35,0,2026-04-03T22:22:10.866676
FinnHarvey22,skipped,,,,,2026-04-03T22:22:29.217570
aroobarahaman,skipped,,,,,2026-04-03T22:22:32.054438
Correct-Syntax,skipped,US,,19,0,2026-04-03T22:22:47.930308
sergiocc47,skipped,,,,,2026-04-03T22:23:06.551110
raihanachmad8,skipped,,,,,2026-04-03T22:23:19.238110
yonahgraphics,skipped,,,,,2026-04-03T22:23:35.638985
elizachistova,scored,FR,0.0681,11,25,2026-04-03T22:23:54.374872
cgm97,skipped,,,,,2026-04-03T22:24:10.291926
SHAY2407,skipped,,,,,2026-04-03T22:24:23.464924
Morb0,skipped,,,,,2026-04-03T22:24:36.200722
yunyoung1819,skipped,KR,,0,54,2026-04-03T22:24:52.022938
ranirahayua,skipped,,,,,2026-04-03T22:25:00.892523
fineproxyde,skipped,,,,,2026-04-03T22:25:09.779520
Hohenzoler,skipped,,,,,2026-04-03T22:25:25.934129
AMSaiian,scored,UA,0.047,75,5,2026-04-03T22:25:44.663428
junyoungkim12,skipped,,,,,2026-04-03T22:26:01.355091
violet-dub,skipped,,,,,2026-04-03T22:26:19.943945
Sidharth-Manikuttan,skipped,,,,,2026-04-03T22:26:39.307358
patil-rajesh,skipped,,,,,2026-04-03T22:26:55.254993
alexandre-niess,skipped,,,,,2026-04-03T22:27:13.285153
hyunjun9788,skipped,,,,,2026-04-03T22:27:25.798110
Abhijeet002,skipped,,,,,2026-04-03T22:27:43.875415
tahamudassar,skipped,,,,,2026-04-03T22:27:59.933466
Shrajan02,skipped,,,,,2026-04-03T22:28:15.255828
DragonEmperoar,skipped,,,,,2026-04-03T22:28:35.865290
shivommishraa,skipped,,,,,2026-04-03T22:28:54.180295
Thomas-Andresen-Williams,skipped,,,,,2026-04-03T22:29:09.243388
himavarshithreddy,skipped,,,,,2026-04-03T22:29:16.085307
roopyx,skipped,,,,,2026-04-03T22:29:34.085773
JohnnyWu1030,skipped,,,,,2026-04-03T22:29:43.059584
ezanon,scored,BR,0.041,11,11,2026-04-03T22:29:58.771002
pmeier,skipped,DE,,0,0,2026-04-03T22:30:15.806566
enxhisheta,skipped,,,,,2026-04-03T22:30:34.709430
rdmoustafa,skipped,,,,,2026-04-03T22:30:53.498261
zyrkiel,skipped,,,,,2026-04-03T22:31:02.477943
itskali692,skipped,,,,,2026-04-03T22:31:08.106109
TeonaB,skipped,,,,,2026-04-03T22:31:21.230002
bino7973,skipped,,,,,2026-04-03T22:31:39.409143
ydctnr,skipped,,,,,2026-04-03T22:31:55.469462
Vignaraj-1018,skipped,,,,,2026-04-03T22:32:08.593597
ialustiza,skipped,,,,,2026-04-03T22:32:26.635836
IriaAlonso,skipped,,,,,2026-04-03T22:32:38.514117
RadioNoiseE,scored,CN,0.1558,23,34,2026-04-03T22:32:57.445064
dariopalmesi,skipped,,,,,2026-04-03T22:33:15.566224
Mob-FGSR,skipped,,,,,2026-04-03T22:33:34.239777
Tezigudo,skipped,TH,,11,0,2026-04-03T22:33:51.795499
keanu-a,skipped,,,,,2026-04-03T22:34:08.180977
Fernando-Mauro,scored,MX,0.0236,57,43,2026-04-03T22:34:14.657353
filipemedeiross,skipped,,,,,2026-04-03T22:34:24.418505
tymzar,skipped,PL,,3,1,2026-04-03T22:34:39.771441
Ponny10,skipped,,,,,2026-04-03T22:35:02.960023
riverblue72,skipped,,,,,2026-04-03T22:35:18.210025
HunterM7,skipped,RU,,0,0,2026-04-03T22:35:35.920475
David-Abravanel,skipped,,,,,2026-04-03T22:35:48.037477
SameUsers,skipped,,,,,2026-04-03T22:35:53.934665
jombooth,skipped,,,,,2026-04-03T22:36:12.273402
awkay,skipped,US,,0,0,2026-04-03T22:36:30.437140
srwshkrshnn,skipped,,,,,2026-04-03T22:36:36.727687
utono,skipped,,,,,2026-04-03T22:36:48.920608
ErwanSimonetti,skipped,FR,,0,0,2026-04-03T22:37:04.319338
Veloraios,skipped,,,,,2026-04-03T22:37:13.873852
deep-diver,skipped,KR,,0,0,2026-04-03T22:37:26.849099
mariafelecann,skipped,RO,,0,100,2026-04-03T22:37:34.115429
deda-72,skipped,,,,,2026-04-03T22:37:43.879033
atom-balajim,skipped,,,,,2026-04-03T22:38:01.229270
marpana,skipped,,,,,2026-04-03T22:38:19.351173
ben-jthompson,skipped,,,,,2026-04-03T22:38:29.090320
k3r7z,skipped,,,,,2026-04-03T22:38:47.372404
olivMertens,skipped,FR,,18,0,2026-04-03T22:38:53.453681
dotzero,skipped,,,,,2026-04-03T22:39:00.107781
casey-cochran,skipped,,,,,2026-04-03T22:39:10.896555
jcpitre,scored,CA,0.0867,38,9,2026-04-03T22:39:22.688515
sklawik,skipped,PL,,0,0,2026-04-03T22:39:40.406374
sergiitr,skipped,,,,,2026-04-03T22:39:58.835118
piyushdoorwar,skipped,IN,,0,62,2026-04-03T22:40:17.603839
will2zuo,skipped,CN,,0,0,2026-04-03T22:40:37.881150
dangxuanphuc,skipped,,,,,2026-04-03T22:40:57.024255
CapedBojji,skipped,,,,,2026-04-03T22:41:03.824955
that-firefly,skipped,,,,,2026-04-03T22:41:13.098236
HamjaMohtadee04,skipped,,,,,2026-04-03T22:41:31.697853
thoulden,skipped,,,,,2026-04-03T22:41:38.371033
AJ0267,skipped,,,,,2026-04-03T22:41:56.421540
JOHNNYMACONNY,skipped,,,,,2026-04-03T22:42:02.991338
pavrostiva,skipped,HK,,,,2026-04-03T22:42:12.158243
ahouseholder,skipped,US,,0,0,2026-04-03T22:42:15.108336
hjh818,skipped,,,,,2026-04-03T22:42:21.693417
vances,skipped,PH,,4,0,2026-04-03T22:42:33.435595
faneaatiku,skipped,RO,,0,0,2026-04-03T22:42:36.374904
ShadeRunner7,skipped,,,,,2026-04-03T22:42:54.521144
seresmark,skipped,,,,,2026-04-03T22:43:00.601765
JUANLOPCON071,skipped,CO,,0,32,2026-04-03T22:43:15.945963
tomlm,skipped,US,,0,25,2026-04-03T22:43:31.453809
Affinidi-Grajesh,skipped,,,,,2026-04-03T22:43:40.906914
Yi-hongWang,skipped,,,,,2026-04-03T22:43:46.851747
bit104104,skipped,,,,,2026-04-03T22:44:01.641912
4ty711,skipped,,,,,2026-04-03T22:44:08.297229
kormanowsky,skipped,,,,,2026-04-03T22:44:26.684372
jingyi251,skipped,,,,,2026-04-03T22:44:33.686342
Dhruwang,skipped,,,,,2026-04-03T22:44:49.629838
zeyadmamoun,skipped,,,,,2026-04-03T22:45:07.493942
sa-boonyasith,skipped,,,,,2026-04-03T22:45:13.694914
slint,scored,CH,0.1158,5,24,2026-04-03T22:45:29.262047
Ellamental2,skipped,,,,,2026-04-03T22:45:43.350104
vderunov,skipped,UA,,0,59,2026-04-03T22:46:00.005327
YaNokavi,skipped,,,,,2026-04-03T22:46:15.802321
ElieMitri,skipped,,,,,2026-04-03T22:46:34.134868
quasar1357,scored,CH,0.0811,89,11,2026-04-03T22:46:46.617666
PabloVives30,skipped,,,,,2026-04-03T22:47:01.387979
Branislav-Pivovarnicek,skipped,,,,,2026-04-03T22:47:17.061091
gustavoserna,skipped,,,,,2026-04-03T22:47:35.104632
sbraicu,skipped,,,,,2026-04-03T22:47:47.512908
korontari,skipped,,,,,2026-04-03T22:47:50.547565
vitalegi,skipped,IT,,11,0,2026-04-03T22:48:10.834882
panchaliSam,skipped,,,,,2026-04-03T22:48:30.328649
vishaldata0101,skipped,IN,,0,7,2026-04-03T22:48:48.115435
parp-odoo,skipped,IN,,0,39,2026-04-03T22:49:00.860923
aminsource,skipped,,,,,2026-04-03T22:49:12.759688
okwisfav,skipped,NG,,2,0,2026-04-03T22:49:31.257758
mdwiastika,skipped,ID,,44,0,2026-04-03T22:49:49.211573
minkeymouse,skipped,,,,,2026-04-03T22:50:02.820342
aamo-odoo,skipped,,,,,2026-04-03T22:50:10.641897
barbaraeguche,skipped,US,,0,100,2026-04-03T22:50:30.422032
Hajuuu,skipped,,,,,2026-04-03T22:50:40.627464
dirtysalt,skipped,,,,,2026-04-03T22:50:49.841139
TomImmon,skipped,,,,,2026-04-03T22:50:56.139661
naty3128,skipped,,,,,2026-04-03T22:51:14.596472
Ayvytr,skipped,,,,,2026-04-03T22:51:27.331758
bismonyx,skipped,,,,,2026-04-03T22:51:36.490452
guangcheng2,skipped,,,,,2026-04-03T22:51:55.829231
Hexrotor,skipped,,,,,2026-04-03T22:52:05.374399
GaLimonkey,skipped,,,,,2026-04-03T22:52:11.270444
Adkira155,skipped,,,,,2026-04-03T22:52:29.977004
HuckleHubbing,skipped,,,,,2026-04-03T22:52:36.515830
duhrer,skipped,NL,,0,99,2026-04-03T22:52:46.501959
UF4007,skipped,CN,,0,100,2026-04-03T22:52:53.181565
ilidio-lopes,skipped,,,,,2026-04-03T22:52:59.131405
hirotaka-i,skipped,,,,,2026-04-03T22:53:17.459343
che-ri,skipped,,,,,2026-04-03T22:53:36.589164
Ramiferjanii,skipped,,,,,2026-04-03T22:53:49.402349
Mati468,skipped,,,,,2026-04-03T22:53:58.389805
MohammadAliHasanLafta,skipped,,,,,2026-04-03T22:54:13.654511
zainantum,scored,ID,0.0312,88,12,2026-04-03T22:54:23.763795
fidez,skipped,,,,,2026-04-03T22:54:28.029295
joelvshimself,skipped,MX,,2,28,2026-04-03T22:54:46.228757
Green-Zinger,skipped,,,,,2026-04-03T22:54:49.063519
BarbaraShelleyJetton,skipped,,,,,2026-04-03T22:55:01.689997
Moyasser05,skipped,,,,,2026-04-03T22:55:07.516710
0xRigel,skipped,DE,,0,0,2026-04-03T22:55:19.446088
doom-party,skipped,,,,,2026-04-03T22:55:25.473872
BagasCaturS,skipped,,,,,2026-04-03T22:55:43.508523
ddz16,skipped,HK,,,,2026-04-03T22:55:46.682871
shikanime,skipped,,,,,2026-04-03T22:55:53.772089
yaswanthchowdary07,skipped,,,,,2026-04-03T22:56:11.694280
simoz404,skipped,,,,,2026-04-03T22:56:29.783183
ThomasFqts,skipped,,,,,2026-04-03T22:56:47.997611
xcivs,skipped,,,,,2026-04-03T22:57:00.547389
atharva-2001,skipped,IN,,4,0,2026-04-03T22:57:20.271547
pritampani,skipped,,,,,2026-04-03T22:57:35.684695
balinwarren,skipped,US,,8,4,2026-04-03T22:57:41.855355
Maksssim690,skipped,,,,,2026-04-03T22:57:50.524358
haozizang,skipped,,,,,2026-04-03T22:58:05.696430
markoshorro,skipped,,,,,2026-04-03T22:58:23.531036
HekiNav,skipped,,,,,2026-04-03T22:58:42.627407
chrisNgili,skipped,,,,,2026-04-03T22:58:51.654930
wmany,skipped,,,,,2026-04-03T22:58:59.166327
Luna712,skipped,,,,,2026-04-03T22:59:06.274982
quintonwall,skipped,US,,0,0,2026-04-03T22:59:21.004106
Wol-ZA,skipped,,,,,2026-04-03T22:59:39.226996
magnolia-AI,skipped,,,,,2026-04-03T22:59:57.687203
iberianu,skipped,,,,,2026-04-03T23:00:00.530970
swanm551,skipped,,,,,2026-04-03T23:00:10.632102
Mr-fangao,skipped,,,,,2026-04-03T23:00:26.225307
luckysori,skipped,AU,,0,70,2026-04-03T23:00:35.841227
kartikbhandare7,skipped,,,,,2026-04-03T23:00:53.786614
theripper93,skipped,,,,,2026-04-03T23:01:04.014044
augustinh22,skipped,,,,,2026-04-03T23:01:10.690588
ahmdtaha,skipped,US,,0,0,2026-04-03T23:01:28.652579
ecemzavar,skipped,,,,,2026-04-03T23:01:34.779700
bradleyfrank,skipped,US,,0,100,2026-04-03T23:01:42.166417
keysc3,skipped,CA,,0,0,2026-04-03T23:01:56.060949
Kiprotich2019,skipped,,,,,2026-04-03T23:02:14.193484
Florian-Bolli,skipped,,,,,2026-04-03T23:02:23.235244
rehoumir,skipped,,,,,2026-04-03T23:02:26.058337
LellinAlina,skipped,,,,,2026-04-03T23:02:38.754345
arrayrays1,skipped,,,,,2026-04-03T23:02:57.149469
vtomi97,skipped,,,,,2026-04-03T23:03:06.538033
maldun,skipped,,,,,2026-04-03T23:03:24.855690
leet3591,skipped,,,,,2026-04-03T23:03:31.442685
larzon83,skipped,,,,,2026-04-03T23:03:38.738236
rajdas2001,skipped,IN,,0,0,2026-04-03T23:03:52.402965
cdnuhd,skipped,,,,,2026-04-03T23:03:59.738918
Coulneff,skipped,,,,,2026-04-03T23:04:18.759872
amr390,skipped,,,,,2026-04-03T23:04:28.588500
timo2o1o,skipped,,,,,2026-04-03T23:04:41.996737
56243433,skipped,,,,,2026-04-03T23:04:47.870230
michaelchin,skipped,AU,,40,0,2026-04-03T23:04:58.241976
samueldemir,skipped,,,,,2026-04-03T23:05:17.107748
Icicle-Hollow99,skipped,,,,,2026-04-03T23:05:35.895246
rinsha4145,skipped,,,,,2026-04-03T23:05:53.979784
augurz,skipped,,,,,2026-04-03T23:05:56.815893
rkodev,skipped,,,,,2026-04-03T23:06:15.881347
tanugoyal123,skipped,IN,,0,0,2026-04-03T23:06:33.781877
maybe0000,skipped,,,,,2026-04-03T23:06:40.313335
hangryRAY123,skipped,,,,,2026-04-03T23:06:52.885505
GowerCampbell,skipped,GB,,0,100,2026-04-03T23:07:02.883538
JULIUSANGULU,skipped,NG,,6,0,2026-04-03T23:07:14.801452
SerhiiK,skipped,,,,,2026-04-03T23:07:30.405941
magabe26,skipped,,,,,2026-04-03T23:07:37.260893
peligro,skipped,CL,,0,0,2026-04-03T23:07:46.299928
pikiget,skipped,,,,,2026-04-03T23:08:04.388626
deslumbrarnos,skipped,,,,,2026-04-03T23:08:22.195601
isabelrios,skipped,,,,,2026-04-03T23:08:33.988811
yatesco,skipped,GB,,0,0,2026-04-03T23:08:51.806527
BastiEbel,skipped,,,,,2026-04-03T23:09:04.715922
lucahuang128,skipped,,,,,2026-04-03T23:09:22.981974
Xirynx,skipped,ZA,,43,3,2026-04-03T23:09:41.712549
eklins,skipped,,,,,2026-04-03T23:09:48.591749
sultanularefin,skipped,BD,,0,0,2026-04-03T23:10:07.790289
Atajan003,skipped,,,,,2026-04-03T23:10:16.749102
ZevWepster,skipped,,,,,2026-04-03T23:10:35.198619
Litvinoovaa,skipped,,,,,2026-04-03T23:10:43.875057
ataruno,skipped,JP,,40,0,2026-04-03T23:11:02.031727
dq-mlnck,skipped,,,,,2026-04-03T23:11:10.815794
bmelicque,skipped,,,,,2026-04-03T23:11:29.281710
Lytoe,skipped,FR,,0,9,2026-04-03T23:11:47.460259
IsabelaNicola,skipped,,,,,2026-04-03T23:12:07.361554
Rupok-Koiry,skipped,BD,,0,0,2026-04-03T23:12:25.515734
Pegbeer,skipped,,,,,2026-04-03T23:12:40.787664
LucasIkuhara,skipped,,,,,2026-04-03T23:12:54.069348
DomFord,skipped,NO,,0,0,2026-04-03T23:13:03.484950
Filil2003,skipped,,,,,2026-04-03T23:13:22.846079
NazGo0lm,skipped,FI,,9,0,2026-04-03T23:13:40.552389
ccrow42,skipped,,,,,2026-04-03T23:13:53.718329
mhlopko,skipped,,,,,2026-04-03T23:14:03.417908
urioTV,skipped,PL,,0,0,2026-04-03T23:14:18.573376
MohammadAdnanKhan,skipped,,,,,2026-04-03T23:14:40.406516
crownnishant,skipped,,,,,2026-04-03T23:14:58.328361
Gentlesprite,skipped,,,,,2026-04-03T23:15:01.309932
benruijl,skipped,CH,,0,0,2026-04-03T23:15:07.576036
oleksandrmaslov,skipped,,,,,2026-04-03T23:15:22.672356
game-share,skipped,,,,,2026-04-03T23:15:29.130744
mayurilahane,skipped,CA,,0,0,2026-04-03T23:15:41.227856
sergey-uhanov,skipped,,,,,2026-04-03T23:15:59.510815
BTheCoderr,skipped,,,,,2026-04-03T23:16:17.602567
ReduxFlakes,scored,PT,0.0341,72,28,2026-04-03T23:16:37.241189
victor-2703,skipped,,,,,2026-04-03T23:16:46.539423
1sm1rk,skipped,,,,,2026-04-03T23:16:55.501184
nyonson,scored,US,0.0553,76,24,2026-04-03T23:17:02.151093
Seabra55,skipped,,,,,2026-04-03T23:17:08.026982
A9xz,skipped,,,,,2026-04-03T23:17:25.716475
stephlabou,skipped,,,,,2026-04-03T23:17:43.836018
yawn,skipped,,,,,2026-04-03T23:18:01.822872
luas10c,skipped,BR,,15,0,2026-04-03T23:18:19.975549
one-milli,skipped,,,,,2026-04-03T23:18:38.885109
tigersmuseum,skipped,,,,,2026-04-03T23:18:51.948065
theft751,skipped,,,,,2026-04-03T23:19:11.979334
allenlee-37,skipped,KR,,27,0,2026-04-03T23:19:26.973844
yanndanielou,skipped,,,,,2026-04-03T23:19:33.520097
perassi,skipped,AR,,4,0,2026-04-03T23:19:48.185167
rohitpv17,skipped,,,,,2026-04-03T23:20:08.149307
ThienTeU,skipped,,,,,2026-04-03T23:20:20.097563
Everson16032009,skipped,,,,,2026-04-03T23:20:39.173395
wavereiner,skipped,,,,,2026-04-03T23:20:48.301952
tianjianl,skipped,,,,,2026-04-03T23:21:00.240103
SPCDIAZRIVERACHRISTIAN,skipped,,,,,2026-04-03T23:21:13.237273
grcecant,skipped,US,,1,0,2026-04-03T23:21:32.062303
Ilyas223,skipped,,,,,2026-04-03T23:21:50.335133
LLEGIT,skipped,FR,,16,0,2026-04-03T23:22:08.857966
akirepko,skipped,,,,,2026-04-03T23:22:18.125666
nunogand,skipped,PT,,0,0,2026-04-03T23:22:24.402506
youssef-sherif900,skipped,,,,,2026-04-03T23:22:42.477244
Bana143123,skipped,,,,,2026-04-03T23:23:00.901652
TafnesDiana,skipped,,,,,2026-04-03T23:23:18.717859
zateckar,skipped,,,,,2026-04-03T23:23:34.793698
Nicholassully,skipped,,,,,2026-04-03T23:23:50.164701
lorenchorley,skipped,FR,,0,0,2026-04-03T23:24:08.075091
Nozomi-Hijikata,skipped,,,,,2026-04-03T23:24:17.428583
npeterson-dev,skipped,,,,,2026-04-03T23:24:35.429218
Sakif-Hridoy,skipped,BD,,0,92,2026-04-03T23:24:51.218955
elyoni,skipped,IL,,0,75,2026-04-03T23:25:03.900919
sphiwe-mathe5,skipped,,,,,2026-04-03T23:25:13.788126
HolterPhylo,skipped,,,,,2026-04-03T23:25:19.487183
hiworldwzj,skipped,,,,,2026-04-03T23:25:25.533273
peastman,skipped,,,,,2026-04-03T23:25:32.005709
LnwSanghan,skipped,,,,,2026-04-03T23:25:40.609487
iqbaldiit,scored,BD,0.0514,18,12,2026-04-03T23:25:59.674379
Samuelkachikwu,skipped,,,,,2026-04-03T23:26:17.640522
lalitbhanot,skipped,,,,,2026-04-03T23:26:36.396459
SiliconTable-AniketPandey,skipped,,,,,2026-04-03T23:26:54.565493
gughanshelvaraj19,skipped,,,,,2026-04-03T23:27:06.980104
lolychee,skipped,CN,,0,0,2026-04-03T23:27:22.392155
anjalikarkatti123,skipped,,,,,2026-04-03T23:27:38.417109
gbeine,skipped,DE,,0,0,2026-04-03T23:27:53.288662
jinningwang,scored,US,0.1316,48,7,2026-04-03T23:28:06.759559
Bigcollegefw,skipped,,,,,2026-04-03T23:28:25.045730
neraiv,skipped,,,,,2026-04-03T23:28:40.834975
wenyujin333,skipped,,,,,2026-04-03T23:28:43.765584
dunapanta,skipped,EC,,,,2026-04-03T23:29:01.839588
Mithilesh-salunkhe,skipped,IN,,2,4,2026-04-03T23:29:19.755584
Cayden-Goldman,skipped,,,,,2026-04-03T23:29:34.698155
abolshov,skipped,,,,,2026-04-03T23:29:37.863163
rodrigohigashi,scored,BR,0.061,35,15,2026-04-03T23:29:59.484141
ThomasGireaudot,skipped,,,,,2026-04-03T23:30:19.530123
lukehayes,skipped,,,,,2026-04-03T23:30:29.378661
Shubhu7678,skipped,,,,,2026-04-03T23:30:47.636403
Krysio,skipped,,,,,2026-04-03T23:31:05.628097
tharakagatgal,skipped,,,,,2026-04-03T23:31:18.028422
siimons,skipped,,,,,2026-04-03T23:31:27.783430
Krinap2003,skipped,,,,,2026-04-03T23:31:46.132408
ELMilkMan,skipped,,,,,2026-04-03T23:32:04.547688
THEGAMER221148,skipped,,,,,2026-04-03T23:32:23.326177
aydanlauCIS,skipped,,,,,2026-04-03T23:32:26.400471
GabrielIturreCs,skipped,AR,,0,24,2026-04-03T23:32:44.721822
urbn99,skipped,,,,,2026-04-03T23:33:02.968075
Jkamau11,skipped,,,,,2026-04-03T23:33:20.560307
evanKim1999,skipped,,,,,2026-04-03T23:33:36.093641
akbarshapr,skipped,IN,,59,1,2026-04-03T23:33:54.645979
Fenrich04-code,skipped,,,,,2026-04-03T23:34:07.190756
mudi-3D,skipped,,,,,2026-04-03T23:34:25.779759
Rawan10101,skipped,,,,,2026-04-03T23:34:44.392173
PM-555t,skipped,,,,,2026-04-03T23:34:50.443531
arsmoriendy,skipped,,,,,2026-04-03T23:34:57.135475
zcraftelite9495,skipped,,,,,2026-04-03T23:35:07.273373
mobo-9-0045,skipped,,,,,2026-04-03T23:35:25.257843
clizbe,skipped,NL,,0,0,2026-04-03T23:35:28.246428
Vedang2002,skipped,,,,,2026-04-03T23:35:34.950074
Dev-Vishwa-Karma,skipped,IN,,0,100,2026-04-03T23:35:48.187081
lidongrunldr,skipped,,,,,2026-04-03T23:36:06.890961
S1nuxoff,skipped,,,,,2026-04-03T23:36:25.663387
DrizzleRisk,skipped,CN,,0,0,2026-04-03T23:36:28.570100
LeeDux,skipped,,,,,2026-04-03T23:36:47.646969
tjtanjin,skipped,SG,,0,0,2026-04-03T23:37:06.359398
Naghasan,skipped,GB,,0,0,2026-04-03T23:37:09.313363
zuzazz,skipped,,,,,2026-04-03T23:37:15.235511
muhammadramzan-786,skipped,,,,,2026-04-03T23:37:33.399363
maartenbreddels,skipped,NL,,0,0,2026-04-03T23:37:43.831048
mikelneonedwin,skipped,NG,,100,0,2026-04-03T23:37:58.992603
haifeng-xu,skipped,,,,,2026-04-03T23:38:04.751428
Ipin22,skipped,,,,,2026-04-03T23:38:18.122423
prerantej,skipped,,,,,2026-04-03T23:38:30.930930
nguyens-pro,skipped,,,,,2026-04-03T23:38:37.103539
Chris-Iluminado,skipped,,,,,2026-04-03T23:38:55.520122
biscuit214,skipped,,,,,2026-04-03T23:39:02.941150
zeba1211,skipped,,,,,2026-04-03T23:39:21.684289
ericksantosl,skipped,,,,,2026-04-03T23:39:31.010276
slogan-15,skipped,NO,,0,0,2026-04-03T23:39:37.069991
dajramirez,skipped,,,,,2026-04-03T23:39:49.124776
GoPlumber,skipped,,,,,2026-04-03T23:39:54.964082
olanod,skipped,DE,,0,0,2026-04-03T23:40:06.949223
edwin-n-benny,skipped,,,,,2026-04-03T23:40:21.973257
fardin-developer,skipped,,,,,2026-04-03T23:40:40.191056
lilkenneddy,skipped,,,,,2026-04-03T23:40:58.283658
ghostyghast,scored,MY,0.0746,6,9,2026-04-03T23:41:16.766040
shunjiazhu,skipped,CN,,0,0,2026-04-03T23:41:22.709344
DSstreamvip,skipped,,,,,2026-04-03T23:41:29.250148
Haroenv,skipped,FR,,1,0,2026-04-03T23:41:35.983670
bharat-musale,skipped,,,,,2026-04-03T23:41:53.606754
ylonnnn,skipped,,,,,2026-04-03T23:42:11.498035
shwetaJ26,skipped,,,,,2026-04-03T23:42:26.395698
johi,skipped,DK,,0,46,2026-04-03T23:42:45.584857
FroellerFelix,skipped,,,,,2026-04-03T23:42:58.992373
fryalien,skipped,,,,,2026-04-03T23:43:11.953319
hildingsson,skipped,,,,,2026-04-03T23:43:30.486475
05-Keerthi,skipped,,,,,2026-04-03T23:43:45.381269
aquaxis,skipped,JP,,0,0,2026-04-03T23:44:03.894984
miquelilima,skipped,,,,,2026-04-03T23:44:22.211986
Eng-Ather,skipped,,,,,2026-04-03T23:44:41.674763
chitti239,skipped,,,,,2026-04-03T23:44:56.823373
MephistophelesChen,skipped,,,,,2026-04-03T23:45:11.018452
Abdalla2200,skipped,,,,,2026-04-03T23:45:29.159002
Woodman718,skipped,,,,,2026-04-03T23:45:32.190654
lattln,skipped,,,,,2026-04-03T23:45:46.965522
MateuszKubuszok,skipped,PL,,0,0,2026-04-03T23:45:53.294275
Ambesh51,skipped,,,,,2026-04-03T23:46:11.260373
ehsandeep,skipped,IN,,0,0,2026-04-03T23:46:14.150008
cytt0rak,skipped,,,,,2026-04-03T23:46:16.973476
zosky,skipped,,,,,2026-04-03T23:46:26.346183
flufunic,skipped,,,,,2026-04-03T23:46:41.368333
notdryft,skipped,,,,,2026-04-03T23:46:51.495685
sudhanshukhare18,skipped,,,,,2026-04-03T23:47:10.152584
kishansrivastava-ks,skipped,IN,,36,2,2026-04-03T23:47:29.262402
ManFaceScript,skipped,,,,,2026-04-03T23:47:44.950159
DagmawiKK,skipped,,,,,2026-04-03T23:48:03.536574
JadeDomasVasserot,skipped,FR,,6,0,2026-04-03T23:48:22.007720
Mistereptil09,scored,FR,0.0412,20,21,2026-04-03T23:48:40.657888
Tuhin810,skipped,,,,,2026-04-03T23:48:59.191141
Daniel21b,skipped,,,,,2026-04-03T23:49:21.946005
priyalachman,skipped,,,,,2026-04-03T23:49:30.990764
dheijl,skipped,BE,,0,0,2026-04-03T23:49:37.230302
smu-iotlab,skipped,,,,,2026-04-03T23:49:43.959995
superstar54,skipped,CH,,0,0,2026-04-03T23:49:56.186346
EthanReid,skipped,,,,,2026-04-03T23:50:11.483526
CheersCode,skipped,,,,,2026-04-03T23:50:30.242077
Przemog1,skipped,,,,,2026-04-03T23:50:42.164823
AlexeyShchukin,skipped,DE,,0,100,2026-04-03T23:50:48.818896
danielsdgg,scored,KE,0.0704,5,29,2026-04-03T23:51:01.675616
tanishqmanuja,skipped,IN,,0,0,2026-04-03T23:51:21.455749
ghoulslash,skipped,US,,0,0,2026-04-03T23:51:39.232182
IcePenguin1,skipped,,,,,2026-04-03T23:51:45.296750
brunoeiterer,skipped,BR,,0,0,2026-04-03T23:51:54.730826
waspy71,skipped,,,,,2026-04-03T23:52:13.768327
illale,skipped,,,,,2026-04-03T23:52:32.269654
clr-li,skipped,,,,,2026-04-03T23:52:38.903573
Moreitu1985,skipped,,,,,2026-04-03T23:52:57.250593
tobiwern,scored,DE,0.0545,88,12,2026-04-03T23:53:13.101731
WendyToledo,skipped,,,,,2026-04-03T23:53:18.987532
AVVR1,skipped,,,,,2026-04-03T23:53:31.942674
yoonjoo-okjkr,skipped,,,,,2026-04-03T23:53:37.734240
HalaShihab,skipped,,,,,2026-04-03T23:53:55.935333
we-z,skipped,US,,0,0,2026-04-03T23:54:13.695795
heypi-20,skipped,,,,,2026-04-03T23:54:26.247926
ParkerTenBroeck,skipped,,,,,2026-04-03T23:54:36.169693
marcominerva,skipped,IT,,1,0,2026-04-03T23:54:48.928844
PysCode,skipped,,,,,2026-04-03T23:54:55.359400
AiurRefugee,skipped,,,,,2026-04-03T23:55:08.280352
nonatoalves,skipped,,,,,2026-04-03T23:55:14.932266
jonas-pueschel,skipped,,,,,2026-04-03T23:55:27.832092
eXistenZNL,scored,NL,0.0972,10,20,2026-04-03T23:55:42.271793
madelonhulsebos,skipped,NL,,0,64,2026-04-03T23:55:58.969875
MarleneKress79789,skipped,,,,,2026-04-03T23:56:05.061459
MacDuPain,skipped,,,,,2026-04-03T23:56:23.174850
ThaiLyhcmut,skipped,,,,,2026-04-03T23:56:41.726120
MinhQuang0205,skipped,,,,,2026-04-03T23:56:50.839036
Val-dose-things,skipped,,,,,2026-04-03T23:56:57.569137
Niek,skipped,NL,,3,0,2026-04-03T23:57:10.225457
goodwinnk,skipped,,,,,2026-04-03T23:57:22.364368
loxoo6,skipped,,,,,2026-04-03T23:57:34.193808
ShyamSundhar1411,skipped,AU,,2,0,2026-04-03T23:57:50.165264
winonasalvo,skipped,,,,,2026-04-03T23:58:08.767399
grab-a-byte,skipped,,,,,2026-04-03T23:58:26.646032
ZenithDev1,skipped,IN,,0,70,2026-04-03T23:58:39.560082
ServtechRD,skipped,,,,,2026-04-03T23:58:58.042585
Anneardysa,skipped,,,,,2026-04-03T23:59:04.566304
hassanshakil22,skipped,PK,,2,19,2026-04-03T23:59:23.804109
Mailosz,skipped,,,,,2026-04-03T23:59:38.799251
orianelou,skipped,,,,,2026-04-03T23:59:55.885849
Erchobg,skipped,,,,,2026-04-04T00:00:08.489783
AntonioBilotta-StructuralEngineer,skipped,,,,,2026-04-04T00:00:18.123599
Bassanthossamxx,skipped,EG,,0,21,2026-04-04T00:00:36.656870
klienert,skipped,US,,4,0,2026-04-04T00:00:55.455554
kind-king,skipped,,,,,2026-04-04T00:01:10.342603
Nataraja-gv,skipped,,,,,2026-04-04T00:01:29.198009
Lingatsu,skipped,,,,,2026-04-04T00:01:44.800364
AzizLike29,skipped,ID,,16,0,2026-04-04T00:02:02.872760
ojshav,skipped,,,,,2026-04-04T00:02:20.891937
imrankhan-coder,skipped,,,,,2026-04-04T00:02:36.898344
Shivansh-pixel,skipped,,,,,2026-04-04T00:02:54.503010
Pacifier25,skipped,IN,,0,0,2026-04-04T00:03:04.141666
jonhealy1,skipped,,,,,2026-04-04T00:03:22.769100
uchedotphp,scored,NG,0.0355,29,20,2026-04-04T00:03:29.367134
AndrewBastin,skipped,IN,,0,0,2026-04-04T00:03:35.381223
FMuhsina,skipped,,,,,2026-04-04T00:03:45.286117
Darshanh20,skipped,,,,,2026-04-04T00:04:03.685549
dainslef,scored,JP,0.062,80,20,2026-04-04T00:04:10.322769
topsecretagent007,skipped,,,,,2026-04-04T00:04:25.993657
Kumush-shining-nikki,skipped,,,,,2026-04-04T00:04:48.087746
noah-paige,skipped,,,,,2026-04-04T00:04:54.225956
Kiskae,skipped,NL,,0,0,2026-04-04T00:05:03.673131
shasmeenZahra,skipped,PK,,0,5,2026-04-04T00:05:20.167525
mimaison,skipped,,,,,2026-04-04T00:05:32.474859
pontus,scored,SE,0.2328,5,5,2026-04-04T00:05:50.784580
DanielSMendez18,skipped,,,,,2026-04-04T00:06:08.432442
Riosma21,skipped,,,,,2026-04-04T00:06:11.237390
koteruon,skipped,,,,,2026-04-04T00:06:17.883563
AymanSha3ban,skipped,EG,,0,40,2026-04-04T00:06:36.804674
pierrehfm,skipped,,,,,2026-04-04T00:06:55.188194
radut2002,skipped,,,,,2026-04-04T00:07:13.918603
Sourabh-awasthy,skipped,,,,,2026-04-04T00:07:29.102586
billionaireobi,skipped,,,,,2026-04-04T00:07:47.876623
MrTopia,skipped,IN,,0,77,2026-04-04T00:08:06.501683
kgawda,skipped,,,,,2026-04-04T00:08:12.445504
FrancescFe,skipped,,,,,2026-04-04T00:08:32.447859
sonsalem,skipped,EG,,20,0,2026-04-04T00:08:50.923088
impaktor,skipped,,,,,2026-04-04T00:08:57.657595
Mingjaam,skipped,,,,,2026-04-04T00:09:15.782459
ProvotorOFF,skipped,,,,,2026-04-04T00:09:30.933536
jlee17,skipped,,,,,2026-04-04T00:09:43.604310
atulthakur2802,skipped,,,,,2026-04-04T00:10:02.200329
mhaense1,skipped,DK,,16,3,2026-04-04T00:10:12.142977
itislu,skipped,AT,,0,66,2026-04-04T00:10:33.085622
ruslan-sgp,skipped,SG,,0,100,2026-04-04T00:10:45.859828
JohnSpearman,skipped,,,,,2026-04-04T00:10:52.466265
AimanAziz02,skipped,,,,,2026-04-04T00:11:01.628275
inktvis75,skipped,,,,,2026-04-04T00:11:07.925466
hersafespaceee0,skipped,,,,,2026-04-04T00:11:29.724089
MattSortsThings,skipped,GB,,33,0,2026-04-04T00:11:35.934024
ashishanarase,skipped,,,,,2026-04-04T00:11:54.226048
bhuynhdev,skipped,US,,0,0,2026-04-04T00:12:09.047926
NandiniBure,skipped,,,,,2026-04-04T00:12:27.136453
SY-20231230,skipped,,,,,2026-04-04T00:12:33.018170
sainiu692,skipped,,,,,2026-04-04T00:12:52.731876
snoe,skipped,,,,,2026-04-04T00:13:10.471062
MehavarshiniThangavel,skipped,,,,,2026-04-04T00:13:29.767130
julian-risch,skipped,DE,,0,0,2026-04-04T00:13:45.376984
trading2024,skipped,,,,,2026-04-04T00:13:48.361622
eea-jenkins,skipped,DK,,0,0,2026-04-04T00:13:54.053242
23A91A0565,skipped,,,,,2026-04-04T00:14:00.761076
gpaturel,skipped,,,,,2026-04-04T00:14:13.238048
ggnshishodia,skipped,,,,,2026-04-04T00:14:31.923934
hujianzhe,skipped,CN,,0,100,2026-04-04T00:14:38.464538
Akaki-Vashakidze,skipped,,,,,2026-04-04T00:14:56.068403
manulthanura,skipped,LK,,100,0,2026-04-04T00:15:03.077783
nashingofteeth,skipped,,,,,2026-04-04T00:15:12.848028
oxyde1989,skipped,,,,,2026-04-04T00:15:22.423147
ruvebal-udit,skipped,,,,,2026-04-04T00:15:34.376052
Zeanon,skipped,DE,,68,0,2026-04-04T00:15:41.270319
LeoLeman555,skipped,FR,,0,100,2026-04-04T00:15:47.716319
shalant,skipped,US,,0,0,2026-04-04T00:16:02.939437
naoe-research,skipped,,,,,2026-04-04T00:16:09.371014
ForteScarlet,skipped,,,,,2026-04-04T00:16:28.399349
siva7699,skipped,,,,,2026-04-04T00:16:34.658531
uddhav93,skipped,,,,,2026-04-04T00:16:52.678208
Junizfr,skipped,FR,,0,7,2026-04-04T00:16:58.668870
PaulRGU2014,skipped,US,,0,100,2026-04-04T00:17:04.967229
yangg205,skipped,,,,,2026-04-04T00:17:23.451312
TiAlRo,skipped,,,,,2026-04-04T00:17:29.674845
spicey93,skipped,,,,,2026-04-04T00:17:38.995142
Elena-Rangelov,skipped,,,,,2026-04-04T00:17:57.224339
hendrik1984,scored,ID,0.1062,22,49,2026-04-04T00:18:18.840259
Yuvaranikv,skipped,,,,,2026-04-04T00:18:36.887959
calebw12345,skipped,US,,1,99,2026-04-04T00:18:49.973826
jyp-on,skipped,KR,,0,0,2026-04-04T00:19:08.204597
thibault-martinez,skipped,FR,,0,0,2026-04-04T00:19:18.654626
Aleksiy2022,skipped,,,,,2026-04-04T00:19:35.694074
kaczy93,skipped,,,,,2026-04-04T00:19:42.641056
Jean-BaptisteBouvier,skipped,,,,,2026-04-04T00:19:58.977745
evittaka,skipped,,,,,2026-04-04T00:20:12.014284
galal-hussein,skipped,EG,,0,0,2026-04-04T00:20:30.204822
MonosUna,skipped,,,,,2026-04-04T00:20:49.027150
jarkkotu,skipped,,,,,2026-04-04T00:20:58.303344
diamont-rain,skipped,,,,,2026-04-04T00:21:01.251054
dduportal,skipped,,,,,2026-04-04T00:21:13.390073
Viishwaajeet,skipped,,,,,2026-04-04T00:21:31.797977
AlejandroFernandezLuces,skipped,,,,,2026-04-04T00:21:49.954790
jajhall,skipped,GB,,9,0,2026-04-04T00:22:05.272656
carlosdelest,skipped,,,,,2026-04-04T00:22:08.150888
jlessler,skipped,,,,,2026-04-04T00:22:17.964806
anuj-ondc,skipped,,,,,2026-04-04T00:22:26.801399
LikhithHG,skipped,US,,0,6,2026-04-04T00:22:44.971239
nyaruku,skipped,DE,,0,0,2026-04-04T00:23:02.673291
sssungsik,skipped,,,,,2026-04-04T00:23:21.602979
ntrianon,skipped,,,,,2026-04-04T00:23:24.566429
rockstar-smartiee,skipped,IN,,0,0,2026-04-04T00:23:35.008983
celsobenedetti,skipped,,,,,2026-04-04T00:23:47.426157
NaHa01,skipped,,,,,2026-04-04T00:23:56.499241
gregusio,scored,PL,0.0644,62,38,2026-04-04T00:24:09.809368
ClownsharkBatwing,skipped,,,,,2026-04-04T00:24:17.179320
vadimb892,skipped,,,,,2026-04-04T00:24:35.561822
zoushuyou,skipped,,,,,2026-04-04T00:24:43.500355
Kraoshin,skipped,,,,,2026-04-04T00:25:02.212521
antonioplese,skipped,,,,,2026-04-04T00:25:16.973736
custodiobjj97,skipped,BR,,10,0,2026-04-04T00:25:34.982415
kenwCoding,skipped,,,,,2026-04-04T00:25:55.593032
lawrence-vs,skipped,ZA,,1,34,2026-04-04T00:26:10.742413
TaniaP26,skipped,,,,,2026-04-04T00:26:25.612487
nbgarnier,skipped,FR,,3,97,2026-04-04T00:26:32.267579
Karez79,skipped,,,,,2026-04-04T00:26:51.121394
ShallmentMo,skipped,CN,,0,14,2026-04-04T00:27:06.674102
kellyhayd,scored,GB,0.0818,62,38,2026-04-04T00:27:23.185164
qeezzo,skipped,,,,,2026-04-04T00:27:35.463268
AhiruMarsh,skipped,,,,,2026-04-04T00:27:41.729755
common1,skipped,,,,,2026-04-04T00:28:00.316655
marty-thane,skipped,,,,,2026-04-04T00:28:18.373214
Muhammedeyad,skipped,,,,,2026-04-04T00:28:33.189941
azulejosbrihuega,skipped,,,,,2026-04-04T00:28:39.824608
sp013719,skipped,TW,,0,0,2026-04-04T00:28:57.760300
MS-marcone,skipped,,,,,2026-04-04T00:29:10.034073
Ztaclie,skipped,,,,,2026-04-04T00:29:22.138009
karenalv,skipped,,,,,2026-04-04T00:29:37.665280
honysyang,skipped,,,,,2026-04-04T00:29:43.589321
Official-BenitApolloSolutions,skipped,,,,,2026-04-04T00:29:49.911202
MrRaja23,skipped,,,,,2026-04-04T00:29:55.932989
hzxa21,skipped,,,,,2026-04-04T00:30:09.373647
k0derAl,skipped,,,,,2026-04-04T00:30:24.255389
mstafafarahani,skipped,,,,,2026-04-04T00:30:34.175353
knirmalraman,skipped,,,,,2026-04-04T00:30:37.081076
Siri-Progamming,skipped,,,,,2026-04-04T00:30:46.364766
pjmolina,skipped,ES,,0,0,2026-04-04T00:30:58.432505
Dan131195,skipped,,,,,2026-04-04T00:31:14.073097
juice-artur,skipped,,,,,2026-04-04T00:31:29.934769
Saaweel,skipped,ES,,0,39,2026-04-04T00:31:49.484903
huanent,skipped,,,,,2026-04-04T00:32:04.918947
derektypist,skipped,,,,,2026-04-04T00:32:23.104155
woobsit,skipped,,,,,2026-04-04T00:32:32.160475
sparkhi,skipped,GB,,16,1,2026-04-04T00:32:41.565790
Ileenw,skipped,,,,,2026-04-04T00:32:48.224584
EmilHvitfeldt,skipped,,,,,2026-04-04T00:32:58.070656
kth8,skipped,,,,,2026-04-04T00:33:04.874225
whitnelson,skipped,,,,,2026-04-04T00:33:07.814207
tonykelly-octopus,skipped,,,,,2026-04-04T00:33:17.942643
humayun506034,skipped,BD,,0,17,2026-04-04T00:33:36.071252
petinggint,skipped,,,,,2026-04-04T00:33:43.123067
StarryStag,skipped,,,,,2026-04-04T00:34:01.535501
matthkorus,skipped,,,,,2026-04-04T00:34:15.359516
sudevb,skipped,,,,,2026-04-04T00:34:31.814879
CastelShal,skipped,,,,,2026-04-04T00:34:50.836153
Nataliia74,skipped,GB,,0,4,2026-04-04T00:35:00.107745
goto-bus-stop,skipped,NL,,0,0,2026-04-04T00:35:11.671659
AnhDucNgo1245,skipped,,,,,2026-04-04T00:35:29.525159
JS92017,skipped,,,,,2026-04-04T00:35:47.062615
MiloCodess,skipped,,,,,2026-04-04T00:36:05.104781
AnasAlhamdan,skipped,,,,,2026-04-04T00:36:23.706984
noooooahh,skipped,,,,,2026-04-04T00:36:42.154431
S4eedb,skipped,,,,,2026-04-04T00:36:54.082212
KNMoise,skipped,,,,,2026-04-04T00:37:12.142691
JedrekWas03,skipped,PL,,0,46,2026-04-04T00:37:21.574003
dpanzer,skipped,,,,,2026-04-04T00:37:36.841116
sindlinger,skipped,,,,,2026-04-04T00:37:42.770809
dns-prefetch,skipped,,,,,2026-04-04T00:37:52.210003
dandyraka,skipped,,,,,2026-04-04T00:38:10.802060
tbuckworth,skipped,,,,,2026-04-04T00:38:26.659449
BRAND-143,skipped,,,,,2026-04-04T00:38:33.154987
absternator,skipped,GB,,0,0,2026-04-04T00:38:51.896649
kangmingX,skipped,,,,,2026-04-04T00:39:04.676601
AarnorDeDardaliel,skipped,,,,,2026-04-04T00:39:07.487610
Ihtheram,skipped,,,,,2026-04-04T00:39:26.619131
Aram47,skipped,,,,,2026-04-04T00:39:44.662122
chrisbeltr,skipped,,,,,2026-04-04T00:40:04.022452
1XiaoBai-coder1,skipped,,,,,2026-04-04T00:40:19.424337
lasyalearn,skipped,,,,,2026-04-04T00:40:37.316325
Deylan0,skipped,,,,,2026-04-04T00:40:53.160987
ochom,skipped,KE,,0,0,2026-04-04T00:41:12.908713
nikmahkhoir,skipped,,,,,2026-04-04T00:41:19.319119
riandyrn,skipped,ID,,0,0,2026-04-04T00:41:34.543611
zylzzy,skipped,,,,,2026-04-04T00:41:37.519753
atouinl,skipped,,,,,2026-04-04T00:41:52.885235
ckoutlis,skipped,,,,,2026-04-04T00:42:08.714946
BlobMaster41,skipped,,,,,2026-04-04T00:42:11.631842
The-Emperor-Penguin,skipped,,,,,2026-04-04T00:42:29.165146
raj713335,skipped,IN,,12,0,2026-04-04T00:42:48.466587
CrograNM,skipped,,,,,2026-04-04T00:43:09.276645
Apurva3509,skipped,US,,0,28,2026-04-04T00:43:15.585890
SviridenkoElenaVladimirovna,skipped,,,,,2026-04-04T00:43:34.963934
EbongueMaxwell,skipped,,,,,2026-04-04T00:43:49.233228
Feichtmeier,skipped,DE,,0,0,2026-04-04T00:43:55.522235
JoseJaan,skipped,,,,,2026-04-04T00:44:01.936307
xarels,skipped,,,,,2026-04-04T00:44:20.777144
luis-camero,skipped,,,,,2026-04-04T00:44:23.755345
happygeon,skipped,,,,,2026-04-04T00:44:29.944588
felipemantilla-gorillalogic,skipped,,,,,2026-04-04T00:44:48.245681
vesteban18,skipped,,,,,2026-04-04T00:45:00.355942
Zappa-92,skipped,AR,,0,0,2026-04-04T00:45:09.054976
erikvaldez23,skipped,,,,,2026-04-04T00:45:24.611155
CYandYue,skipped,,,,,2026-04-04T00:45:33.823760
NaliSkaarj,skipped,,,,,2026-04-04T00:45:42.626162
gradusnikov,skipped,PL,,0,90,2026-04-04T00:45:52.559015
ivismma,skipped,,,,,2026-04-04T00:46:02.319737
Hamza-fullstackdev,scored,PK,0.131,17,83,2026-04-04T00:46:21.962969
LetsthinkbetterCodes,skipped,,,,,2026-04-04T00:46:27.863155
wasiqAfnan,scored,IN,0.038,62,23,2026-04-04T00:46:46.849970
MaxBossMan1,skipped,,,,,2026-04-04T00:47:07.620623
JWWTSL,skipped,,,,,2026-04-04T00:47:10.542303
oflorez,skipped,,,,,2026-04-04T00:47:19.694123
iamrishaby,skipped,IN,,0,8,2026-04-04T00:47:34.706957
seunggulee1007,skipped,,,,,2026-04-04T00:47:49.389682
maximvochten,scored,BE,0.0476,33,24,2026-04-04T00:48:05.108348
Nikkywow,skipped,,,,,2026-04-04T00:48:26.209723
Ddhawan2003,skipped,,,,,2026-04-04T00:48:35.277926
sleepy-monax,skipped,BE,,0,0,2026-04-04T00:48:45.017123
msagebiel,skipped,,,,,2026-04-04T00:48:54.099883
chhavi14581,skipped,,,,,2026-04-04T00:49:10.677086
YEnesK,skipped,,,,,2026-04-04T00:49:29.085610
biscotty666,skipped,,,,,2026-04-04T00:49:45.122793
CaptainBoo,skipped,,,,,2026-04-04T00:49:51.696199
Jakdeveloper1,skipped,,,,,2026-04-04T00:50:10.493120
dnakeys,skipped,,,,,2026-04-04T00:50:16.486921
rozlev,skipped,,,,,2026-04-04T00:50:26.444265
Fj-martinez33,skipped,ES,,0,0,2026-04-04T00:50:29.424775
paul-df,skipped,,,,,2026-04-04T00:50:48.942018
Liliya2727,skipped,,,,,2026-04-04T00:50:59.405837
daniyal305,skipped,,,,,2026-04-04T00:51:17.087447
divyashreearumugam,skipped,,,,,2026-04-04T00:51:26.605571
shreeram0s,skipped,,,,,2026-04-04T00:51:44.662353
ChaoticTempest,skipped,,,,,2026-04-04T00:51:53.701543
Nyi23,skipped,,,,,2026-04-04T00:52:11.649496
matthewsantoro,skipped,,,,,2026-04-04T00:52:30.446502
MuyangAmigo,skipped,CN,,0,0,2026-04-04T00:52:49.268293
zhbi98,skipped,CN,,0,0,2026-04-04T00:53:07.065646
Czhongshao,skipped,,,,,2026-04-04T00:53:16.699058
Caressaycel,skipped,,,,,2026-04-04T00:53:34.658801
ReadieFur,skipped,GB,,48,0,2026-04-04T00:53:45.086448
rbnpontes,skipped,BR,,0,0,2026-04-04T00:54:05.272702
arob5,skipped,,,,,2026-04-04T00:54:17.063355
Samuelandrade008,skipped,,,,,2026-04-04T00:54:35.195198
jonasfallmann,skipped,,,,,2026-04-04T00:54:53.331049
schoad,skipped,,,,,2026-04-04T00:55:06.298868
Matparo21,skipped,,,,,2026-04-04T00:55:10.484907
ParagonJenko,skipped,GB,,0,0,2026-04-04T00:55:26.551885
Vikash8693,skipped,,,,,2026-04-04T00:55:38.694811
Series-Parallel,scored,IN,0.0887,9,9,2026-04-04T00:55:53.961984
akotro,skipped,,,,,2026-04-04T00:56:06.537548
danavbred,skipped,,,,,2026-04-04T00:56:13.011788
LucasMagnun,skipped,,,,,2026-04-04T00:56:30.873568
KSTurmanov,skipped,,,,,2026-04-04T00:56:33.711478
coalest,skipped,DE,,67,0,2026-04-04T00:56:52.067745
iskounen,skipped,,,,,2026-04-04T00:57:02.496100
luciajd,skipped,,,,,2026-04-04T00:57:20.236316
haeein,skipped,,,,,2026-04-04T00:57:35.286122
matthieumiser,skipped,,,,,2026-04-04T00:57:54.104181
marvalgames,skipped,,,,,2026-04-04T00:58:09.552349
germcell,skipped,,,,,2026-04-04T00:58:27.740596
akimmaraju22,skipped,,,,,2026-04-04T00:58:46.125741
alexshuang,skipped,CN,,0,5,2026-04-04T00:59:01.037505
eberthtorres,skipped,,,,,2026-04-04T00:59:06.841427
Anuan-shu,skipped,,,,,2026-04-04T00:59:25.017947
2146546092,skipped,,,,,2026-04-04T00:59:31.062616
Izzak,skipped,,,,,2026-04-04T00:59:48.880241
wasimakram516,scored,PK,0.1043,7,17,2026-04-04T01:00:06.803708
mzanana,skipped,,,,,2026-04-04T01:00:19.904633
carrington-115,skipped,IN,,25,0,2026-04-04T01:00:29.169018
birukblend,skipped,,,,,2026-04-04T01:00:35.134373
pega-roska,skipped,,,,,2026-04-04T01:00:41.098968
mazounirayan,skipped,,,,,2026-04-04T01:00:58.983401
Russel-FS,skipped,,,,,2026-04-04T01:01:14.939810
BavariaAirview,skipped,,,,,2026-04-04T01:01:25.109558
AldairNava,skipped,,,,,2026-04-04T01:01:43.350870
ihawp,scored,CA,0.2617,8,84,2026-04-04T01:02:01.981752
ThesanyaW,skipped,LK,,0,39,2026-04-04T01:02:17.295378
edircoli,skipped,,,,,2026-04-04T01:02:26.571342
prasanthvijaya,skipped,IN,,2,5,2026-04-04T01:02:42.674951
ZoidbergPi,skipped,CN,,0,0,2026-04-04T01:02:45.647870
awfulcarpet,skipped,,,,,2026-04-04T01:03:01.465387
yagyata,skipped,,,,,2026-04-04T01:03:19.543338
tberghuis,skipped,,,,,2026-04-04T01:03:37.332603
wouterdb,skipped,BE,,0,0,2026-04-04T01:03:43.212685
sonukkushwaha0801,skipped,,,,,2026-04-04T01:03:53.483589
Humirephp,skipped,,,,,2026-04-04T01:04:12.384303
BcRikko,skipped,JP,,0,0,2026-04-04T01:04:30.519072
MarijnBergman,skipped,,,,,2026-04-04T01:04:39.690710
tmtfx,skipped,IT,,0,0,2026-04-04T01:04:54.518991
sdydno,skipped,,,,,2026-04-04T01:05:04.027668
mondsjar,skipped,,,,,2026-04-04T01:05:10.042216
Kuxry,skipped,JP,,6,0,2026-04-04T01:05:16.290843
0xdebugit,skipped,,,,,2026-04-04T01:05:34.161096
tbodt,skipped,,,,,2026-04-04T01:05:42.076901
pennycuda,skipped,,,,,2026-04-04T01:05:50.893094
ScriFox,skipped,,,,,2026-04-04T01:06:00.920905
stanleyyconsensys,skipped,HK,,,,2026-04-04T01:06:10.157607
musimarc,skipped,,,,,2026-04-04T01:06:27.836545
ajlab-gh,skipped,,,,,2026-04-04T01:06:35.001258
Shajib1312,skipped,BD,,6,0,2026-04-04T01:06:49.999147
circleconsult-me,skipped,,,,,2026-04-04T01:06:58.903315
uburoiubu,skipped,FR,,0,0,2026-04-04T01:07:05.289887
kailash-manasarovar,skipped,,,,,2026-04-04T01:07:21.116052
t23-02,skipped,,,,,2026-04-04T01:07:28.475725
timonv,skipped,NL,,0,0,2026-04-04T01:07:37.523796
SamuelXavierGTech,skipped,,,,,2026-04-04T01:07:55.644418
prae1809,scored,CA,0.0801,6,6,2026-04-04T01:08:08.299904
armirveliaj,skipped,,,,,2026-04-04T01:08:16.665449
wamo007,skipped,,,,,2026-04-04T01:08:35.127028
NISHIO-ASUMA,skipped,,,,,2026-04-04T01:08:56.037355
LucasZoller,skipped,,,,,2026-04-04T01:09:01.867745
eliseberry,skipped,,,,,2026-04-04T01:09:10.829611
200yashh,skipped,,,,,2026-04-04T01:09:30.457383
khushirajput036,skipped,IN,,0,46,2026-04-04T01:09:49.118745
MichalSokala,skipped,,,,,2026-04-04T01:10:01.906300
michalwachowicz,skipped,PL,,0,82,2026-04-04T01:10:17.653627
DojiDoe,skipped,,,,,2026-04-04T01:10:35.553883
RicardoCano35,skipped,,,,,2026-04-04T01:10:53.302095
yaamaji,skipped,,,,,2026-04-04T01:11:04.934169
jr-brown,skipped,,,,,2026-04-04T01:11:11.544172
marina-t1123,skipped,,,,,2026-04-04T01:11:27.266525
zsoleszka827,skipped,,,,,2026-04-04T01:11:33.252727
mantaionut,skipped,RO,,4,0,2026-04-04T01:11:39.409270
jiyeonjeon01,skipped,KR,,0,100,2026-04-04T01:11:49.056206
liferay-content-management,skipped,ES,,0,0,2026-04-04T01:11:51.850048
Mo7ammedFarahat,skipped,ZA,,11,4,2026-04-04T01:11:57.987882
RiRi-380,skipped,,,,,2026-04-04T01:12:03.716329
pychik,skipped,,,,,2026-04-04T01:12:23.087156
rewseRE,skipped,,,,,2026-04-04T01:12:27.487130
Jackysi,skipped,SI,,,,2026-04-04T01:12:34.104397
badhunter294,skipped,,,,,2026-04-04T01:12:37.133615
CallumBoland,skipped,,,,,2026-04-04T01:12:50.149694
ericpyle,skipped,US,,55,0,2026-04-04T01:12:58.034397
IliaSuslov,skipped,,,,,2026-04-04T01:13:09.816307
Kangyu-Wang,skipped,,,,,2026-04-04T01:13:12.652759
joana0079,skipped,,,,,2026-04-04T01:13:21.857924
jaredsnyder,skipped,US,,0,5,2026-04-04T01:13:37.457175
taro-dragon,skipped,JP,,1,0,2026-04-04T01:13:49.303786
Ayrizou54,skipped,,,,,2026-04-04T01:13:58.780002
anggarateo,skipped,,,,,2026-04-04T01:14:17.617826
owaski,skipped,,,,,2026-04-04T01:14:24.101617
FESOO1,skipped,,,,,2026-04-04T01:14:30.536686
tasnim2410,skipped,,,,,2026-04-04T01:14:46.689287
janithlazz,skipped,,,,,2026-04-04T01:14:58.848561
pactsdkaccess,skipped,,,,,2026-04-04T01:15:06.273634
EnzoFamiliar-Marais,skipped,,,,,2026-04-04T01:15:24.993203
dayparty-dev,skipped,,,,,2026-04-04T01:15:32.067492
MarcioMiguel22,skipped,,,,,2026-04-04T01:15:46.170393
dmvict,skipped,UA,,0,0,2026-04-04T01:15:49.159654
bcotrim,skipped,PT,,0,5,2026-04-04T01:16:07.349306
Vaidik26,skipped,IN,,0,46,2026-04-04T01:16:26.135227
jitendrasuthar1998,skipped,,,,,2026-04-04T01:16:43.935135
nguyenhaiha269,skipped,,,,,2026-04-04T01:16:50.618107
544940374,skipped,,,,,2026-04-04T01:16:53.638347
Batjimin,skipped,,,,,2026-04-04T01:17:08.695004
ozziest,skipped,DK,,0,0,2026-04-04T01:17:26.924055
BenMedeiros,skipped,,,,,2026-04-04T01:17:45.426928
PrinceVegeta447,skipped,,,,,2026-04-04T01:17:54.664493
taehunlee990803,skipped,,,,,2026-04-04T01:18:01.051572
yanshul123,skipped,,,,,2026-04-04T01:18:19.419577
1d-website,skipped,HK,,,,2026-04-04T01:18:25.302833
Zuhra360,skipped,,,,,2026-04-04T01:18:43.679522
Paul-Dieter,skipped,,,,,2026-04-04T01:19:02.182122
mert2m,skipped,TR,,14,0,2026-04-04T01:19:20.372384
Danil-Grigorev,skipped,,,,,2026-04-04T01:19:35.469974
AndrewAMesa,scored,US,0.2905,6,10,2026-04-04T01:19:46.491717
tobiu,skipped,DE,,0,0,2026-04-04T01:19:49.457501
coumarane,skipped,FR,,0,0,2026-04-04T01:20:08.314372
farahkouki,skipped,,,,,2026-04-04T01:20:26.500938
karunya-145,skipped,,,,,2026-04-04T01:20:33.052201
jwulf,skipped,NZ,,0,0,2026-04-04T01:20:48.233685
Igrrrr,skipped,RU,,0,46,2026-04-04T01:21:07.024936
ajpisani,skipped,,,,,2026-04-04T01:21:19.759076
mousebomb,skipped,CN,,0,0,2026-04-04T01:21:34.848633
RedBakon,skipped,,,,,2026-04-04T01:21:55.601769
WangLeiIS,skipped,,,,,2026-04-04T01:22:08.084139
jocmp,skipped,US,,0,0,2026-04-04T01:22:22.788249
sushil-40,skipped,,,,,2026-04-04T01:22:40.571911
iwei20,skipped,,,,,2026-04-04T01:22:57.116708
adirutwn,skipped,,,,,2026-04-04T01:23:09.034793
Filipe-FLima,skipped,,,,,2026-04-04T01:23:27.555892
angry-penguin,skipped,,,,,2026-04-04T01:23:30.726029
tomburger64,skipped,FR,,0,100,2026-04-04T01:23:40.443230
AbdulsalamSaw,skipped,,,,,2026-04-04T01:24:01.445165
caduregel,scored,NL,0.0796,11,22,2026-04-04T01:24:19.727948
flooduk,skipped,,,,,2026-04-04T01:24:31.488260
lnakhul,skipped,,,,,2026-04-04T01:24:50.662794
nOSkr04,skipped,,,,,2026-04-04T01:25:05.977389
Kartiky246,skipped,IN,,11,0,2026-04-04T01:25:18.406945
Candinya,skipped,,,,,2026-04-04T01:25:25.608743
subrahmanyam-gspann,skipped,,,,,2026-04-04T01:25:31.660479
zzorica,skipped,HR,,,,2026-04-04T01:25:47.336331
hasindulakshan,skipped,,,,,2026-04-04T01:25:53.155341
zakiyahhh,skipped,,,,,2026-04-04T01:26:12.054516
brunolorente,skipped,ES,,0,0,2026-04-04T01:26:26.721121
ideal93,skipped,CN,,0,0,2026-04-04T01:26:29.781353
NathanCoquelin,skipped,,,,,2026-04-04T01:26:42.889722
icebergtsn,skipped,,,,,2026-04-04T01:26:49.056788
madhurpc,skipped,,,,,2026-04-04T01:27:07.359701
aayush2761,skipped,,,,,2026-04-04T01:27:13.736730
24coco1120na,skipped,,,,,2026-04-04T01:27:19.489321
BenBreaksIn,skipped,,,,,2026-04-04T01:27:28.674174
sajalroy2020,skipped,BD,,0,0,2026-04-04T01:27:47.465398
michalbilinski,skipped,,,,,2026-04-04T01:27:51.643720
coleYab,skipped,ET,,,,2026-04-04T01:28:04.187594
Jeromel-Pushparaj,skipped,,,,,2026-04-04T01:28:20.009905
mloviska,skipped,CZ,,0,0,2026-04-04T01:28:22.914072
15owzLy1,skipped,,,,,2026-04-04T01:28:31.962026
Michee27,skipped,,,,,2026-04-04T01:28:42.463039
diiadi,skipped,ID,,0,13,2026-04-04T01:28:51.410800
DavideGianessi,skipped,,,,,2026-04-04T01:29:01.080315
Virenbar,scored,RU,0.0354,24,58,2026-04-04T01:29:14.978247
martinboehm,skipped,,,,,2026-04-04T01:29:17.847240
VipinKumar-70,skipped,,,,,2026-04-04T01:29:36.756043
shnfi,skipped,,,,,2026-04-04T01:29:53.307098
devIsaque03,skipped,BR,,0,72,2026-04-04T01:30:11.836601
prashantb22,skipped,,,,,2026-04-04T01:30:17.694471
KaitlynHuang19,skipped,,,,,2026-04-04T01:30:36.685520
MHaghiri,skipped,US,,0,100,2026-04-04T01:30:49.321492
Cassandra-3,skipped,,,,,2026-04-04T01:31:04.686343
S-Neira,skipped,,,,,2026-04-04T01:31:17.008466
domonkosgyomorey,skipped,HU,,43,0,2026-04-04T01:31:36.770530
LiamDrew,skipped,,,,,2026-04-04T01:31:49.521512
ihZolotar,skipped,,,,,2026-04-04T01:32:02.206397
ku4marez,skipped,,,,,2026-04-04T01:32:11.830527
ArthurCSFigueiredo,skipped,,,,,2026-04-04T01:32:21.113211
aryaniyaps,skipped,IN,,2,23,2026-04-04T01:32:30.877837
dhx515,skipped,KR,,0,100,2026-04-04T01:32:37.159818
ferdian3456,skipped,,,,,2026-04-04T01:32:55.517717
moussaramzi,skipped,,,,,2026-04-04T01:33:14.617529
MadamLoki,skipped,US,,0,96,2026-04-04T01:33:34.145420
mirceamironenco,skipped,NL,,0,0,2026-04-04T01:33:49.636751
Samruddhi912,skipped,,,,,2026-04-04T01:34:08.354345
UraniumHexaFluoride121,skipped,,,,,2026-04-04T01:34:14.767326
mattvan83,skipped,,,,,2026-04-04T01:34:23.770760
syedmuhammadsalman1995,skipped,PK,,0,9,2026-04-04T01:34:41.853473
marnube89,skipped,ES,,0,47,2026-04-04T01:34:54.094737
humannx2,skipped,IN,,0,10,2026-04-04T01:35:03.260956
k2645,scored,KR,0.0707,17,83,2026-04-04T01:35:16.958173
hannamitri,skipped,,,,,2026-04-04T01:35:31.663386
chiraghanda,skipped,,,,,2026-04-04T01:35:49.539126
jcp19,skipped,,,,,2026-04-04T01:36:02.688203
Skidos13,skipped,,,,,2026-04-04T01:36:20.823120
onionpark,skipped,,,,,2026-04-04T01:36:23.639392
anhquan3302,skipped,,,,,2026-04-04T01:36:42.325459
fdio-github,skipped,,,,,2026-04-04T01:36:48.152558
vpidatala94,skipped,,,,,2026-04-04T01:36:51.093067
DestrinStorm,skipped,,,,,2026-04-04T01:37:09.521177
mgrant0,skipped,GB,,0,12,2026-04-04T01:37:18.729463
nisar2,scored,US,0.1135,57,26,2026-04-04T01:37:31.434641
Giaccomole,skipped,,,,,2026-04-04T01:37:34.383447
perisin,skipped,,,,,2026-04-04T01:37:47.419129
frostyosty,skipped,,,,,2026-04-04T01:37:59.935936
matyaslagos,skipped,,,,,2026-04-04T01:38:06.824643
Pranjal8989,skipped,,,,,2026-04-04T01:38:15.672255
ppppbn,skipped,VN,,0,0,2026-04-04T01:38:18.774007
LeandroMananquil,skipped,,,,,2026-04-04T01:38:36.804336
toanhhg123,skipped,,,,,2026-04-04T01:38:54.688275
henriqueferreira-ofc,skipped,,,,,2026-04-04T01:39:04.454048
LazyYuuki,skipped,SG,,0,0,2026-04-04T01:39:19.950965
samuraiguilherme,skipped,,,,,2026-04-04T01:39:29.064659
bradymiller,skipped,,,,,2026-04-04T01:39:35.999750
ilpropheta,scored,IT,0.0406,26,73,2026-04-04T01:39:50.114106
ckninja2,skipped,,,,,2026-04-04T01:39:57.015217
TanuAgarwal03,skipped,IN,,4,16,2026-04-04T01:40:16.408014
oceeboy,skipped,NG,,0,19,2026-04-04T01:40:34.382040
Sallyalzoubi02,skipped,,,,,2026-04-04T01:40:53.202161
julian-go,scored,CH,0.0383,31,39,2026-04-04T01:41:08.819486
tonichl,skipped,,,,,2026-04-04T01:41:15.006101
habeebalamutu,skipped,NG,,0,12,2026-04-04T01:41:32.970593
Ancvike,skipped,,,,,2026-04-04T01:41:39.808048
j-fudali,skipped,,,,,2026-04-04T01:41:59.948299
rbanka1,skipped,PL,,0,0,2026-04-04T01:42:02.861723
okxregister,skipped,,,,,2026-04-04T10:46:09.060520
shahil-afroz,skipped,,,,,2026-04-04T10:46:18.076406
andradelucas,skipped,,,,,2026-04-04T10:46:33.511301
gauritawale,skipped,,,,,2026-04-04T10:46:48.403890
KirillSMv,skipped,,,,,2026-04-04T10:46:58.550487
benrei,skipped,,,,,2026-04-04T10:47:16.383781
ChitKoKo94,skipped,,,,,2026-04-04T10:47:31.893886
Sag3Advic3,skipped,CA,,0,10,2026-04-04T10:47:49.995899
praveenmaravi,skipped,,,,,2026-04-04T10:47:56.448847
HarshadGholve,skipped,,,,,2026-04-04T10:48:14.573736
mjo,skipped,,,,,2026-04-04T10:48:20.465746
padzak,skipped,,,,,2026-04-04T10:48:32.626716
claire2d2,skipped,,,,,2026-04-04T10:48:41.953532
PetridesAlex,skipped,,,,,2026-04-04T10:49:00.014411
Roman15122022,skipped,UA,,4,0,2026-04-04T10:49:18.152688
MerinoSheep,skipped,US,,11,0,2026-04-04T10:49:31.032842
web3creator,skipped,,,,,2026-04-04T10:49:34.006272
cu5tom,skipped,,,,,2026-04-04T10:49:45.776994
LILCOOTS,skipped,,,,,2026-04-04T10:50:00.626674
huzaifasarmad1,skipped,PK,,0,0,2026-04-04T10:50:18.742264
nking-1,skipped,US,,0,0,2026-04-04T10:50:30.675446
yyny,skipped,,,,,2026-04-04T10:50:48.713551
ConorFWild,skipped,,,,,2026-04-04T10:51:07.036326
olek1305,scored,PL,0.0542,95,5,2026-04-04T10:51:16.736063
rajatkumargla19,skipped,,,,,2026-04-04T10:51:31.869037
MODEGHOST,skipped,,,,,2026-04-04T10:51:49.567149
esomnofu,skipped,NG,,0,0,2026-04-04T10:52:05.630763
campbel2525,skipped,,,,,2026-04-04T10:52:29.205244
abuzarmahmood,skipped,US,,0,0,2026-04-04T10:52:41.427828
Phong-Kaster,skipped,VN,,1,0,2026-04-04T10:53:00.342380
1amageek,skipped,,,,,2026-04-04T10:53:12.973958
GoDfreE25,skipped,,,,,2026-04-04T10:53:23.195559
ksipple,skipped,,,,,2026-04-04T10:53:41.711878
hoit1011,skipped,,,,,2026-04-04T10:54:00.378745
ogatatsu,skipped,JP,,0,0,2026-04-04T10:54:15.623478
zimejin07,skipped,,,,,2026-04-04T10:54:25.185249
VLucet,skipped,,,,,2026-04-04T10:54:34.957246
e-losiev,skipped,,,,,2026-04-04T10:54:43.886341
OVP2023,skipped,,,,,2026-04-04T10:54:59.126958
anilthanki,scored,GB,0.0568,7,15,2026-04-04T10:55:15.203761
AmmarMohamed0,skipped,EG,,14,3,2026-04-04T10:55:34.708937
thantzinmoe-coding,skipped,,,,,2026-04-04T10:55:53.719667
scott-griffiths,skipped,GB,,1,40,2026-04-04T10:56:04.167000
mangsgi,skipped,KR,,0,63,2026-04-04T10:56:16.378930
shivendra8009727256,skipped,,,,,2026-04-04T10:56:31.939421
caiw,skipped,,,,,2026-04-04T10:56:35.107448
Alanbenny05,skipped,,,,,2026-04-04T10:56:53.648725
o-Anna-o,skipped,,,,,2026-04-04T10:57:12.106109
muncaem,skipped,,,,,2026-04-04T10:57:27.263027
Relay28,skipped,,,,,2026-04-04T10:57:46.950117
jakub-suliga,skipped,DE,,0,11,2026-04-04T10:57:53.196928
1406khoa,skipped,,,,,2026-04-04T10:58:08.610944
Andicleomj,skipped,,,,,2026-04-04T10:58:15.417779
ackobud,skipped,,,,,2026-04-04T10:58:33.970053
brandthn,skipped,,,,,2026-04-04T10:58:52.289554
bostonwilliamss1,skipped,,,,,2026-04-04T10:59:10.675812
evanqhu,skipped,,,,,2026-04-04T10:59:19.776034
aymswick,skipped,US,,0,0,2026-04-04T10:59:37.955152
sharathexperion,skipped,,,,,2026-04-04T10:59:43.726120
larsewi,scored,NO,0.0298,38,39,2026-04-04T10:59:56.507037
thien123dh,skipped,,,,,2026-04-04T11:00:11.135060
tester-24,skipped,,,,,2026-04-04T11:00:26.489487
JoaoPadilhaa,skipped,,,,,2026-04-04T11:00:43.075592
grecotan12,skipped,,,,,2026-04-04T11:01:03.943967
kimsunin,skipped,,,,,2026-04-04T11:01:14.686267
Lakshmisomu12,skipped,,,,,2026-04-04T11:01:33.117411
Shrey502,skipped,IN,,25,0,2026-04-04T11:01:51.314820
LebohangLuuh,skipped,,,,,2026-04-04T11:02:09.143279
WljclW,skipped,,,,,2026-04-04T11:02:18.287404
KnowmadInstitut,skipped,DE,,0,100,2026-04-04T11:02:25.019917
KipletingEdwin,skipped,,,,,2026-04-04T11:02:43.273944
shubhamurkude79,skipped,IN,,0,1,2026-04-04T11:02:55.865500
Yoz0,skipped,,,,,2026-04-04T11:03:08.424308
kawixKrul,skipped,,,,,2026-04-04T11:03:27.398797
AjengAlyaK,skipped,,,,,2026-04-04T11:03:42.892825
pedrodamian150585,skipped,,,,,2026-04-04T11:04:01.009312
BhanuShankarAdabala,skipped,,,,,2026-04-04T11:04:19.197236
geboboi,skipped,,,,,2026-04-04T11:04:37.591775
CaroRob,skipped,,,,,2026-04-04T11:04:46.774795
hds-cg,skipped,,,,,2026-04-04T11:04:56.094135
srfaber,skipped,,,,,2026-04-04T11:04:58.905747
brenddonandrade,skipped,,,,,2026-04-04T11:05:16.898898
shahil-16,skipped,,,,,2026-04-04T11:05:34.504988
ProfCupcake,skipped,,,,,2026-04-04T11:05:47.267229
alimurtzaa,skipped,,,,,2026-04-04T11:06:05.427557
CYBERCOP-404,skipped,,,,,2026-04-04T11:06:18.433598
devikau17,skipped,,,,,2026-04-04T11:06:30.834840
ahmad-zurih,skipped,CH,,21,0,2026-04-04T11:06:49.174109
link-hsu,skipped,,,,,2026-04-04T11:07:10.660456
thomasdinh2k,skipped,,,,,2026-04-04T11:07:18.849887
noahlozevski,skipped,US,,0,0,2026-04-04T11:07:29.542007
luchitobb,skipped,,,,,2026-04-04T11:07:47.795868
efecarranza,skipped,,,,,2026-04-04T11:07:59.848956
sreichel,skipped,DE,,0,0,2026-04-04T11:08:12.221580
PticaiPtica,skipped,,,,,2026-04-04T11:08:34.919441
anzora95,skipped,,,,,2026-04-04T11:08:52.953610
r10s,skipped,DE,,0,0,2026-04-04T11:09:05.860292
alejandrarobaina,skipped,,,,,2026-04-04T11:09:15.559550
EunbeenDev,skipped,KR,,76,0,2026-04-04T11:09:31.083601
asuzulu,skipped,,,,,2026-04-04T11:09:40.510181
Tomythical,skipped,,,,,2026-04-04T11:09:59.344612
JRicardoLeon,skipped,,,,,2026-04-04T11:10:19.970308
Terrdi,skipped,,,,,2026-04-04T11:10:28.871819
Redcroft,skipped,GB,,0,100,2026-04-04T11:10:35.320989
dmackinnon1,skipped,CA,,0,42,2026-04-04T11:10:45.084379
KSAMUEL5,skipped,,,,,2026-04-04T11:11:02.741114
Zhang-Wei-666,skipped,CN,,0,0,2026-04-04T11:11:09.168237
JustineHub0919,skipped,,,,,2026-04-04T11:11:25.137037
PetarMihaylov-PM,skipped,BG,,,,2026-04-04T11:11:34.918122
olape-git,skipped,,,,,2026-04-04T11:11:37.906227
sachinds501,skipped,IN,,42,2,2026-04-04T11:11:56.294379
spectopo,skipped,,,,,2026-04-04T11:11:59.119995
heyturbo,skipped,,,,,2026-04-04T11:12:15.555512
S-Farooq,skipped,,,,,2026-04-04T11:12:33.947505
xiaolin2004,skipped,,,,,2026-04-04T11:12:46.983491
jaimecbernardo,skipped,PT,,0,0,2026-04-04T11:12:49.982123
Xlebushek18,skipped,,,,,2026-04-04T11:13:08.787567
rvalyi,skipped,,,,,2026-04-04T11:13:20.911861
kmiyauchi,skipped,CA,,0,0,2026-04-04T11:13:29.702724
kuzeyuzun,skipped,TR,,0,8,2026-04-04T11:13:47.659391
gcarra,skipped,,,,,2026-04-04T11:13:54.309831
FreddyHigaSectionC,skipped,,,,,2026-04-04T11:14:14.742864
omkarchavan3798,skipped,,,,,2026-04-04T11:14:32.971180
lalakii,skipped,,,,,2026-04-04T11:14:51.428047
DANERICOM,skipped,,,,,2026-04-04T11:15:10.505140
TerryZAG,skipped,,,,,2026-04-04T11:15:29.307212
Sharmistha2023,skipped,,,,,2026-04-04T11:15:49.659204
cjohnson1988,skipped,,,,,2026-04-04T11:15:58.627567
jerrinbright,skipped,CA,,5,2,2026-04-04T11:16:17.506827
Falinor,skipped,FR,,0,0,2026-04-04T11:16:35.674113
nodeeeeee,skipped,,,,,2026-04-04T11:16:44.693740
cmdctr,skipped,,,,,2026-04-04T11:16:59.493738
chyundunovDatamonsters,skipped,,,,,2026-04-04T11:17:05.360510
stianst,skipped,,,,,2026-04-04T11:17:15.171812
miguelappleton,skipped,PT,,0,0,2026-04-04T11:17:18.134426
Anas-github-acc,skipped,,,,,2026-04-04T11:17:36.543967
maniekb,skipped,PL,,12,0,2026-04-04T11:17:56.339389
paulbourelly999,skipped,,,,,2026-04-04T11:17:59.188381
tcrowe14,skipped,,,,,2026-04-04T11:18:17.734123
LarissaCarvalho1,scored,BR,0.032,45,14,2026-04-04T11:18:36.974216
Jiraphat57,skipped,,,,,2026-04-04T11:18:43.264900
b-akhil-reddy,skipped,,,,,2026-04-04T11:18:58.303475
talgat-abdraimov,skipped,,,,,2026-04-04T11:19:05.698628
XFajk,skipped,,,,,2026-04-04T11:19:24.668591
OctoLinkYT,skipped,,,,,2026-04-04T11:19:42.785824
karthikb351,scored,IN,0.0243,24,14,2026-04-04T11:19:59.120627
snieking,skipped,SE,,0,0,2026-04-04T11:20:18.113252
chaunceyjiang,skipped,,,,,2026-04-04T11:20:27.456398
Nitya39,skipped,,,,,2026-04-04T11:20:41.251900
LastHIT1,skipped,,,,,2026-04-04T11:20:58.307583
DaeGul2,skipped,,,,,2026-04-04T11:21:10.923909
yassineS31,skipped,,,,,2026-04-04T11:21:26.239996
stefangary,skipped,,,,,2026-04-04T11:21:40.159523
AndreaRaffaelli,skipped,,,,,2026-04-04T11:21:58.607648
lichman0405,skipped,CN,,0,0,2026-04-04T11:22:07.391958
Babou001,skipped,,,,,2026-04-04T11:22:23.753195
JakeAiL,skipped,,,,,2026-04-04T11:22:30.872118
Adriantobi,skipped,,,,,2026-04-04T11:22:43.580186
belsman,skipped,,,,,2026-04-04T11:22:57.652222
COCOASOO,skipped,,,,,2026-04-04T11:23:13.027311
cchaudhari295,skipped,,,,,2026-04-04T11:23:32.372756
fmujakitz,skipped,AT,,5,3,2026-04-04T11:23:47.871136
rossvc,skipped,,,,,2026-04-04T11:23:57.026125
mturczyn,scored,PL,0.1847,9,21,2026-04-04T11:24:15.963256
drobertsicl,skipped,,,,,2026-04-04T11:24:31.521438
xiaolong70701,skipped,TW,,0,10,2026-04-04T11:24:46.536156
RAJESH2132,skipped,,,,,2026-04-04T11:25:04.572945
C18519898242,skipped,,,,,2026-04-04T11:25:16.630495
InigoLopez1999,skipped,,,,,2026-04-04T11:25:23.005720
finnzao,scored,BR,0.0292,60,11,2026-04-04T11:25:42.355077
dudosyka,skipped,RU,,0,0,2026-04-04T11:25:55.323759
bekidink,skipped,ET,,,,2026-04-04T11:26:13.542965
krits-dev,skipped,,,,,2026-04-04T11:26:22.503933
chiranSachintha,skipped,LK,,0,0,2026-04-04T11:26:40.590647
prateekprshr-nith,skipped,,,,,2026-04-04T11:26:56.200814
KristiSeraj,skipped,,,,,2026-04-04T11:27:14.451068
mrwulf,skipped,US,,0,0,2026-04-04T11:27:20.544412
MartinusChoi,skipped,KR,,0,27,2026-04-04T11:27:36.695790
muhammadshadab9821,skipped,,,,,2026-04-04T11:27:54.904484
kurotatsu77,skipped,,,,,2026-04-04T11:28:04.730816
RedVeil,skipped,,,,,2026-04-04T11:28:21.793573
Seun07,skipped,,,,,2026-04-04T11:28:41.351254
Khushalsarode,skipped,,,,,2026-04-04T11:28:47.633781
Achilles-1971,skipped,,,,,2026-04-04T11:29:05.742084
aiwantaozi,skipped,CN,,0,0,2026-04-04T11:29:17.705655
duckyduckG,skipped,,,,,2026-04-04T11:29:20.599990
TheLazzyFree,skipped,,,,,2026-04-04T11:29:35.605556
al-ov73,skipped,,,,,2026-04-04T11:29:50.666939
yvltc,skipped,,,,,2026-04-04T11:29:56.853271
BOBOLAOSHIV587,skipped,,,,,2026-04-04T11:30:03.430335
Mahbubrm,skipped,BD,,0,100,2026-04-04T11:30:12.827869
r-fael,skipped,,,,,2026-04-04T11:30:31.704212
SoulTree-Lovers,skipped,,,,,2026-04-04T11:30:50.242163
RamKadam33,skipped,,,,,2026-04-04T11:31:01.935921
kiranburande,skipped,,,,,2026-04-04T11:31:11.741714
RomainAntunes,skipped,,,,,2026-04-04T11:31:27.940068
Durgaprasad6686,skipped,,,,,2026-04-04T11:31:43.271311
firecow,skipped,DK,,1,99,2026-04-04T11:31:53.706388
Z3BINI,skipped,PT,,4,1,2026-04-04T11:32:06.161666
ibrahimabdulmumini,skipped,,,,,2026-04-04T11:32:12.523413
langchr86,skipped,,,,,2026-04-04T11:32:18.763760
mashoodChishti,skipped,,,,,2026-04-04T11:32:31.050695
Al-Abir,skipped,BD,,0,73,2026-04-04T11:32:49.179639
ClementLmd,skipped,,,,,2026-04-04T11:33:07.356240
hsa1155,skipped,,,,,2026-04-04T11:33:25.505852
gustavolsj,skipped,,,,,2026-04-04T11:33:41.129209
nipunchamikara,skipped,LK,,0,0,2026-04-04T11:33:59.774197
Sergey-exe,skipped,,,,,2026-04-04T11:34:19.024387
jrkkp,skipped,,,,,2026-04-04T11:34:24.972824
BengalPirate,skipped,,,,,2026-04-04T11:34:38.354643
aPurpleBerry,skipped,,,,,2026-04-04T11:34:56.516989
nyaory,skipped,,,,,2026-04-04T11:35:11.590844
sanbag,skipped,,,,,2026-04-04T11:35:31.316245
taira0245,skipped,,,,,2026-04-04T11:35:38.096053
siddhantphy,skipped,NL,,59,1,2026-04-04T11:35:53.478429
hemantmm,skipped,,,,,2026-04-04T11:36:08.084431
alpha37283,skipped,,,,,2026-04-04T11:36:26.601228
moljac024,skipped,,,,,2026-04-04T11:36:44.997690
brodatv1,skipped,,,,,2026-04-04T11:36:51.967601
frederickrohn,skipped,,,,,2026-04-04T11:37:09.757651
Yash17Agrawal,skipped,IN,,0,0,2026-04-04T11:37:19.031517
JLou,skipped,,,,,2026-04-04T11:37:36.879458
chuhemiao,skipped,,,,,2026-04-04T11:37:54.997750
rparke,skipped,,,,,2026-04-04T11:38:07.438696
Sherzod-1998,skipped,,,,,2026-04-04T11:38:22.994115
notlus,skipped,US,,0,100,2026-04-04T11:38:29.526046
Mohammed0K,skipped,,,,,2026-04-04T11:38:39.036753
jungmair,skipped,,,,,2026-04-04T11:38:51.156694
thuanpham00,skipped,,,,,2026-04-04T11:39:00.680869
solodroidev,skipped,,,,,2026-04-04T11:39:10.852344
Neurvinch,skipped,,,,,2026-04-04T11:39:22.622959
DevKapoor9,skipped,,,,,2026-04-04T11:39:28.702271
mopedchik,skipped,,,,,2026-04-04T11:39:35.185623
TAHKInteractingAI,skipped,,,,,2026-04-04T11:39:52.752550
chamodh-chiranthana,skipped,,,,,2026-04-04T11:40:12.167147
ifeoluwashola,skipped,,,,,2026-04-04T11:40:31.400866
ankitsensei,skipped,,,,,2026-04-04T11:40:49.279830
r2ff,skipped,,,,,2026-04-04T11:40:52.130236
ankersp,skipped,,,,,2026-04-04T11:40:58.228985
Bastien-mva,skipped,,,,,2026-04-04T11:41:16.581351
pratikshasarukte,skipped,,,,,2026-04-04T11:41:34.825943
mPokornyETM,skipped,AT,,0,3,2026-04-04T11:41:40.713716
elidholm,skipped,SE,,0,100,2026-04-04T11:41:50.561235
Tigor1,skipped,RU,,0,0,2026-04-04T11:42:08.661888
vintzvintz,skipped,,,,,2026-04-04T11:42:21.181320
omersajid9,skipped,US,,6,0,2026-04-04T11:42:39.108766
ittuann,skipped,,,,,2026-04-04T11:42:49.282258
NonQSkuy,skipped,,,,,2026-04-04T11:42:57.998809
PGappstudios,skipped,,,,,2026-04-04T11:43:16.998871
stein-f,skipped,,,,,2026-04-04T11:43:33.786902
coz-m,skipped,JP,,0,100,2026-04-04T11:43:42.129936
Huanswurst,skipped,,,,,2026-04-04T11:43:51.911224
blianggilman,skipped,,,,,2026-04-04T11:44:03.961766
pranavpisal-1012,skipped,,,,,2026-04-04T11:44:22.036112
gabriellimoni,skipped,,,,,2026-04-04T11:44:39.906850
paulStruble,skipped,,,,,2026-04-04T11:44:46.186708
Alimumtaz95,skipped,,,,,2026-04-04T11:44:58.233708
avishkasrimal01,skipped,LK,,2,10,2026-04-04T11:45:16.257703
Valer100,scored,RO,0.0802,21,79,2026-04-04T11:45:22.956591
dudfkr44,skipped,,,,,2026-04-04T11:45:28.780452
cdelashmutt,skipped,,,,,2026-04-04T11:45:43.600990
cameronm57,skipped,,,,,2026-04-04T11:45:52.513512
ryanpanta,skipped,,,,,2026-04-04T11:46:11.052619
rayjohannessen,skipped,,,,,2026-04-04T11:46:28.623904
Llidont,skipped,,,,,2026-04-04T11:46:40.556691
Simon-kercode,skipped,,,,,2026-04-04T11:46:50.096549
nad-garraz,skipped,,,,,2026-04-04T11:47:08.475129
nandanbhandary1,skipped,IN,,10,0,2026-04-04T11:47:26.482974
2024JinFeng,skipped,,,,,2026-04-04T11:47:33.852822
aduh95,skipped,,,,,2026-04-04T11:47:43.005819
kipid,skipped,,,,,2026-04-04T11:47:55.475010
aniketkadukar01,skipped,IN,,0,39,2026-04-04T11:48:13.936286
ReNchi-Z,skipped,,,,,2026-04-04T11:48:24.059690
yellow-shine,skipped,,,,,2026-04-04T11:48:33.366680
quinna-h,skipped,US,,0,0,2026-04-04T11:48:37.533773
tomblah,skipped,,,,,2026-04-04T11:48:46.789624
m-redding,skipped,US,,3,0,2026-04-04T11:48:52.612635
galigergergo,skipped,,,,,2026-04-04T11:49:08.283774
vitaliihonta,skipped,CZ,,3,0,2026-04-04T11:49:17.223199
Lauraujensen,skipped,,,,,2026-04-04T11:49:35.208492
derjavec,skipped,,,,,2026-04-04T11:49:53.291821
swwinter,skipped,,,,,2026-04-04T11:49:59.439190
ianmiell,skipped,GB,,0,0,2026-04-04T11:50:17.502895
jesussarda,skipped,,,,,2026-04-04T11:50:35.223240
miguelhar,skipped,,,,,2026-04-04T11:50:41.823647
abakst,skipped,US,,0,0,2026-04-04T11:50:59.681373
axeljacobs,skipped,BE,,0,95,2026-04-04T11:51:09.144332
eijiengineer,skipped,,,,,2026-04-04T11:51:15.477449
warjav-work,skipped,ES,,0,0,2026-04-04T11:51:33.442338
lykinsbd,skipped,US,,5,0,2026-04-04T11:51:45.414106
yoinormie,skipped,,,,,2026-04-04T11:52:00.347533
hmellor,skipped,,,,,2026-04-04T11:52:17.054969
collinkleest,skipped,US,,0,0,2026-04-04T11:52:32.535632
denisd1241,skipped,,,,,2026-04-04T11:52:47.334825
quexpl,skipped,PL,,0,0,2026-04-04T11:52:50.261199
WilliamAlmeida,skipped,,,,,2026-04-04T11:53:05.762915
achtsnits,skipped,AT,,0,0,2026-04-04T11:53:08.739806
langu0r,skipped,,,,,2026-04-04T11:53:27.729563
Menziess,skipped,,,,,2026-04-04T11:53:34.092801
230532,skipped,,,,,2026-04-04T11:53:52.249204
the-tave,skipped,,,,,2026-04-04T11:54:10.568698
razajp,skipped,PK,,0,0,2026-04-04T11:54:28.101398
TamadoDeyui4566,skipped,,,,,2026-04-04T11:54:41.201747
arorasneha08,skipped,,,,,2026-04-04T11:54:50.829655
CR3IX,skipped,,,,,2026-04-04T11:55:03.066689
calebbrown,skipped,AU,,0,0,2026-04-04T11:55:08.920904
Samraffi,skipped,,,,,2026-04-04T11:55:27.567764
James-Wirth,skipped,,,,,2026-04-04T11:55:37.128182
islamerbolat,skipped,,,,,2026-04-04T11:55:46.174619
PedroFranzoi,skipped,,,,,2026-04-04T11:56:05.459316
Monishgithub123,skipped,IN,,41,4,2026-04-04T11:56:26.923118
prochac,skipped,,,,,2026-04-04T11:56:41.771235
kpprd,skipped,,,,,2026-04-04T11:57:00.248180
codekansas,skipped,US,,0,0,2026-04-04T11:57:14.908958
0vv1,skipped,DE,,0,4,2026-04-04T11:57:30.303202
Cyn-DM,skipped,,,,,2026-04-04T11:57:36.644763
priyankaapatelgit,skipped,,,,,2026-04-04T11:57:51.580379
yoheimuta,skipped,JP,,0,0,2026-04-04T11:58:07.245386
iXcess,skipped,,,,,2026-04-04T11:58:19.448198
AlexUnderNewSky,skipped,,,,,2026-04-04T11:58:37.247520
sarg3nt,skipped,,,,,2026-04-04T11:58:53.257872
xPaw,skipped,,,,,2026-04-04T11:59:00.314692
sunbind,skipped,,,,,2026-04-04T11:59:06.272405
andriyanf002600,skipped,,,,,2026-04-04T11:59:12.867196
enextus,skipped,DE,,0,0,2026-04-04T11:59:19.055349
ZmeiG,skipped,,,,,2026-04-04T11:59:31.112353
lbocquet,skipped,,,,,2026-04-04T11:59:34.318158
hellspawn679,skipped,,,,,2026-04-04T11:59:43.217688
L1mboSour,skipped,,,,,2026-04-04T11:59:55.590799
RAHULREWAR122,skipped,,,,,2026-04-04T12:00:13.657065
Ankitkkamble1996,skipped,,,,,2026-04-04T12:00:28.440817
bikashg3,skipped,IN,,0,0,2026-04-04T12:00:40.346152
FoadAlhayek,skipped,,,,,2026-04-04T12:00:59.732197
zamzasalim,skipped,,,,,2026-04-04T12:01:18.265578
balthazarx,skipped,,,,,2026-04-04T12:01:36.639276
reofficial,skipped,,,,,2026-04-04T12:01:52.455922
Fahras23,skipped,,,,,2026-04-04T12:02:11.248033
abdalla-yahia,scored,EG,0.0315,14,7,2026-04-04T12:02:23.398376
CtrlAltWin,skipped,IN,,0,52,2026-04-04T12:02:41.700139
soumya816-us,skipped,,,,,2026-04-04T12:02:51.638880
igorosabel,skipped,,,,,2026-04-04T12:02:57.953653
raphjaph,skipped,,,,,2026-04-04T12:03:12.692653
andjelaniketic,skipped,RS,,,,2026-04-04T12:03:30.656138
gab3mioni,skipped,BR,,0,100,2026-04-04T12:03:37.323560
acelyc111,skipped,CN,,3,0,2026-04-04T12:03:43.368911
b1ngoinho11,skipped,,,,,2026-04-04T12:03:55.786346
tomleavy,skipped,,,,,2026-04-04T12:03:58.688519
Robes13,skipped,,,,,2026-04-04T12:04:16.619239
drorSalti,skipped,,,,,2026-04-04T12:04:25.582097
ziy900409,skipped,NL,,15,0,2026-04-04T12:04:41.362655
roosta,skipped,,,,,2026-04-04T12:04:47.774632
ziyuan123456789,skipped,,,,,2026-04-04T12:04:54.726211
looly,scored,CN,0.1219,10,5,2026-04-04T12:05:01.740639
SherazAhmadd,scored,PK,0.0394,91,9,2026-04-04T12:05:20.688392
lem0nez,skipped,,,,,2026-04-04T12:05:39.591916
lucasalfredox,skipped,,,,,2026-04-04T12:05:57.880069
Abhash-Chakraborty,scored,IN,0.0636,20,11,2026-04-04T12:06:10.808284
ThibaudAV,skipped,FR,,0,0,2026-04-04T12:06:16.715517
CodeNinja0615,skipped,,,,,2026-04-04T12:06:26.061119
MigVarona,skipped,ES,,98,2,2026-04-04T12:06:38.747309
Digit404,skipped,,,,,2026-04-04T12:06:45.189333
NktSH,skipped,,,,,2026-04-04T12:06:54.167328
VictorNalu,scored,NG,0.05,22,78,2026-04-04T12:07:06.932964
Giacomorue,skipped,,,,,2026-04-04T12:07:25.334941
arzish69,skipped,,,,,2026-04-04T12:07:43.532635
thendelonaz,skipped,ZA,,0,34,2026-04-04T12:07:56.223752
SAK863,skipped,,,,,2026-04-04T12:08:14.691357
itsIzzee,skipped,,,,,2026-04-04T12:08:35.251004
viktorgirhiny,skipped,,,,,2026-04-04T12:08:53.245062
yury-barsukou,skipped,,,,,2026-04-04T12:09:05.425245
arbaazhussain1,skipped,,,,,2026-04-04T12:09:23.798659
VuongNhatHien,skipped,,,,,2026-04-04T12:09:30.836597
AnastasiiaLevkina,skipped,ES,,97,3,2026-04-04T12:09:49.660255
Taew00k,scored,KR,0.0416,16,17,2026-04-04T12:09:56.022709
Frozzie89,skipped,CH,,0,0,2026-04-04T12:10:08.567920
HenrikBurton,skipped,,,,,2026-04-04T12:10:15.535487
Tibedox,skipped,,,,,2026-04-04T12:10:34.397192
challenai,scored,SG,0.0636,44,6,2026-04-04T12:10:49.759986
kcrennan,skipped,,,,,2026-04-04T12:10:59.208700
ale24cba,skipped,,,,,2026-04-04T12:11:17.670131
show151,skipped,,,,,2026-04-04T12:11:38.616113
C00KI3PL4YZ,skipped,,,,,2026-04-04T12:11:47.624389
marjanrezaei,skipped,IR,,,,2026-04-04T12:12:00.979355
Existanze54,skipped,,,,,2026-04-04T12:12:18.994820
micaiah-effiong,skipped,NG,,0,0,2026-04-04T12:12:36.806954
samlinville,skipped,,,,,2026-04-04T12:12:46.302116
asnasharin,skipped,,,,,2026-04-04T12:13:04.183956
Aakashmid,skipped,,,,,2026-04-04T12:13:22.224449
Adarshhk,skipped,,,,,2026-04-04T12:13:43.429159
penguinland,skipped,,,,,2026-04-04T12:13:55.802046
Florb11,skipped,,,,,2026-04-04T12:14:13.650454
karimassi02,skipped,,,,,2026-04-04T12:14:25.507363
Keshav-Bansal05,skipped,,,,,2026-04-04T12:14:43.882400
jmk0019,skipped,,,,,2026-04-04T12:15:01.955364
ksbrwsk,scored,DE,0.0651,51,34,2026-04-04T12:15:09.864675
lanzv,skipped,,,,,2026-04-04T12:15:28.954956
Hayatism,skipped,,,,,2026-04-04T12:15:38.209282
Sayyoraxon,skipped,,,,,2026-04-04T12:15:53.073741
FoamyGuy,skipped,,,,,2026-04-04T12:16:05.101385
ErayBurmaci,skipped,,,,,2026-04-04T12:16:14.344488
Lakindu2003,skipped,,,,,2026-04-04T12:16:26.333310
MohammedAbdelkarem,skipped,,,,,2026-04-04T12:16:43.293699
kunwarAnas,skipped,,,,,2026-04-04T12:16:58.190838
AfraKizar08,skipped,,,,,2026-04-04T12:17:16.213901
leraivanovaq8,skipped,,,,,2026-04-04T12:17:22.558764
lasiqueira,scored,GB,0.0299,8,56,2026-04-04T12:17:38.557874
amirbaqerzadeh,skipped,,,,,2026-04-04T12:17:50.961496
aahhmmeeddaammr,skipped,,,,,2026-04-04T12:18:09.806120
GeraudBourdin,skipped,FR,,0,0,2026-04-04T12:18:24.905596
adriannedumandan,skipped,,,,,2026-04-04T12:18:42.570409
Bhargav0221,skipped,,,,,2026-04-04T12:18:57.113766
antoinetran,skipped,,,,,2026-04-04T12:19:03.171298
nsarang,skipped,CA,,0,0,2026-04-04T12:19:09.658605
curtiscj,skipped,,,,,2026-04-04T12:19:15.560519
jm0sp1923,skipped,,,,,2026-04-04T12:19:33.761832
huangxiangyao,skipped,CN,,0,0,2026-04-04T12:19:45.836261
kwondajung,skipped,,,,,2026-04-04T12:20:01.491800
AlexisAnzieu,skipped,CA,,0,0,2026-04-04T12:20:20.294854
rajsingh-19,skipped,IN,,0,39,2026-04-04T12:20:38.912641
mydadistoostrongp1,skipped,,,,,2026-04-04T12:20:44.810343
Jojera,skipped,,,,,2026-04-04T12:21:02.963380
renancvitor,skipped,BR,,0,100,2026-04-04T12:21:13.901955
robertsLando,skipped,IT,,4,9,2026-04-04T12:21:33.760498
andersonmj,skipped,,,,,2026-04-04T12:21:51.891030
fivaz,skipped,,,,,2026-04-04T12:22:09.573626
RenzoMedina,skipped,CL,,24,0,2026-04-04T12:22:28.034032
Zakhanhrog,skipped,,,,,2026-04-04T12:22:46.030507
arslion-7,skipped,,,,,2026-04-04T12:23:03.944053
Leteipan,skipped,,,,,2026-04-04T12:23:22.966140
BatElite,skipped,,,,,2026-04-04T12:23:28.869280
Nhatty-A,skipped,FR,,0,7,2026-04-04T12:23:43.982277
ldh4,skipped,,,,,2026-04-04T12:23:46.886133
aliabdulhamida,skipped,,,,,2026-04-04T12:23:53.361397
thanhdat77,skipped,,,,,2026-04-04T12:24:12.442453
Kadir-Hali,skipped,,,,,2026-04-04T12:24:27.375966
geekskai,skipped,,,,,2026-04-04T12:24:33.878271
joeychilson,skipped,,,,,2026-04-04T12:24:52.310951
boun0031,skipped,,,,,2026-04-04T12:25:04.503700
niharikabhavaraju,skipped,IN,,0,0,2026-04-04T12:25:19.853122
JuanBeltrame,scored,AR,0.1585,29,71,2026-04-04T12:25:35.497095
Blqcksilence,skipped,,,,,2026-04-04T12:25:41.674942
jaaronkot,skipped,HK,,,,2026-04-04T12:25:53.414339
zhiqiang-hhhh,scored,CN,0.054,5,93,2026-04-04T12:26:03.088049
oae26,skipped,,,,,2026-04-04T12:26:21.012775
lagru,skipped,DE,,0,0,2026-04-04T12:26:30.112836
enricoenne,skipped,,,,,2026-04-04T12:26:48.048325
EunByu1,scored,KR,0.0645,50,32,2026-04-04T12:27:02.283272
paxblueribbon,skipped,,,,,2026-04-04T12:27:20.234552
francescopalm,skipped,,,,,2026-04-04T12:27:32.779934
ianchu0317,skipped,,,,,2026-04-04T12:27:45.645439
chocotoy,skipped,,,,,2026-04-04T12:28:00.487414
jnjuniper,skipped,SE,,0,29,2026-04-04T12:28:16.263584
adeli-adeli,skipped,,,,,2026-04-04T12:28:33.693799
infotroph,skipped,US,,0,0,2026-04-04T12:28:42.955229
srthanakesh,skipped,,,,,2026-04-04T12:29:00.534994
SondTheAnime,skipped,,,,,2026-04-04T12:29:19.477888
mitchellcohen3,skipped,CA,,0,0,2026-04-04T12:29:25.177503
dariadragomir,skipped,,,,,2026-04-04T12:29:31.972192
andy9705,skipped,,,,,2026-04-04T12:29:35.031612
AzadehZam,skipped,,,,,2026-04-04T12:29:49.824505
CaiguiJiang,skipped,,,,,2026-04-04T12:30:06.009521
bjli1992,skipped,SG,,0,25,2026-04-04T12:30:19.036936
andyjin1,skipped,,,,,2026-04-04T12:30:31.215004
I-Iashim,skipped,,,,,2026-04-04T12:30:49.455083
tristanphease,skipped,NZ,,0,0,2026-04-04T12:31:07.111097
k5f9,skipped,,,,,2026-04-04T12:31:13.568193
HollyGram9307,skipped,,,,,2026-04-04T12:31:19.385693
AlirezaJani,skipped,,,,,2026-04-04T12:31:34.458594
DoughFernandes,scored,BR,0.1455,44,56,2026-04-04T12:31:48.623333
DanielFLopez1620,scored,CO,0.0655,37,34,2026-04-04T12:32:04.263260
nipillai8,skipped,,,,,2026-04-04T12:32:14.879545
zonotope,skipped,US,,0,0,2026-04-04T12:32:20.766624
vanrussel,skipped,,,,,2026-04-04T12:32:33.073974
FoolByte,skipped,,,,,2026-04-04T12:32:42.317246
zerosblue,skipped,,,,,2026-04-04T12:32:51.189996
SudharsanMaruthaiyan,skipped,,,,,2026-04-04T12:33:10.217759
micheledinelli,skipped,,,,,2026-04-04T12:33:20.455460
AkstonCap,skipped,,,,,2026-04-04T12:33:27.116863
burgholzer,skipped,AT,,0,0,2026-04-04T12:33:30.053068
j-dimension,skipped,,,,,2026-04-04T12:33:39.020196
l00ng-n1,skipped,,,,,2026-04-04T12:33:57.211901
Elyse-Mahefaniaina,skipped,,,,,2026-04-04T12:34:16.080083
ziegeist227,skipped,,,,,2026-04-04T12:34:25.239011
Julesbnft,skipped,,,,,2026-04-04T12:34:42.448702
Mantesh-cmd,skipped,IN,,0,0,2026-04-04T12:34:51.549054
wondroid-world,skipped,KR,,0,0,2026-04-04T12:35:03.498551
linhf123,skipped,CN,,0,0,2026-04-04T12:35:16.593603
kejlajan,skipped,,,,,2026-04-04T12:35:37.752531
chyezh,skipped,CN,,0,13,2026-04-04T12:35:56.805669
AK-10-01,skipped,,,,,2026-04-04T12:36:02.594193
parepic,skipped,,,,,2026-04-04T12:36:17.864018
rafimoz,skipped,,,,,2026-04-04T12:36:36.044351
milanofthe,skipped,,,,,2026-04-04T12:36:54.600898
Ridealist,skipped,KR,,100,0,2026-04-04T12:37:07.318896
cong82-dev,skipped,,,,,2026-04-04T12:37:22.440413
kintalisriharsha,skipped,,,,,2026-04-04T12:37:32.172525
st0ckitch,skipped,,,,,2026-04-04T12:37:50.259893
BisectedAngle,skipped,,,,,2026-04-04T12:38:09.009623
JEFF2807,skipped,,,,,2026-04-04T12:38:14.743200
cherubien,skipped,,,,,2026-04-04T12:38:33.371980
Silents-Z,skipped,,,,,2026-04-04T12:38:36.194844
HendrikKok,skipped,,,,,2026-04-04T12:38:42.388233
shetkarmitesh,skipped,IN,,4,0,2026-04-04T12:39:00.317463
Wushengyouhan,skipped,,,,,2026-04-04T12:39:16.940646
mp1802174,skipped,ID,,2,0,2026-04-04T12:39:26.124963
ORodrigoBrz,skipped,,,,,2026-04-04T12:39:35.610568
himaniag10,skipped,,,,,2026-04-04T12:39:47.832271
guardrex,skipped,,,,,2026-04-04T12:40:05.815275
PacificaElise,skipped,,,,,2026-04-04T12:40:23.852620
36devCaves,skipped,,,,,2026-04-04T12:40:39.884797
flaviaaray,skipped,,,,,2026-04-04T12:40:57.905029
daanlenaerts,skipped,,,,,2026-04-04T12:41:06.787570
nstdeploy,skipped,,,,,2026-04-04T12:41:09.620930
sigridbom,skipped,,,,,2026-04-04T12:41:27.972951
ethanadams,skipped,,,,,2026-04-04T12:41:37.179606
Lwethunqunqa1,skipped,,,,,2026-04-04T12:41:43.039955
vexown,skipped,,,,,2026-04-04T12:41:50.128448
Fidelisifediora,skipped,,,,,2026-04-04T12:42:08.364142
theodorblackbird,skipped,FR,,0,94,2026-04-04T12:42:18.056226
sarahsmithtripp,skipped,,,,,2026-04-04T12:42:30.294755
DHrpcs3,skipped,,,,,2026-04-04T12:42:39.308785
Gia-Quan-2k11,skipped,,,,,2026-04-04T12:42:55.149399
UtkarshSatav,skipped,,,,,2026-04-04T12:43:15.858169
yao1003456,skipped,,,,,2026-04-04T12:43:21.992210
FoundWiz,skipped,,,,,2026-04-04T12:43:40.373856
MiguelAngelMP10,skipped,,,,,2026-04-04T12:43:59.494858
myan-nguyen,skipped,,,,,2026-04-04T12:44:11.631493
Siddartha-keross,skipped,IN,,0,2,2026-04-04T12:44:20.603018
paokungz,skipped,,,,,2026-04-04T12:44:35.972492
StratusFearMe21,skipped,,,,,2026-04-04T12:44:43.409378
Stanewolfer,skipped,,,,,2026-04-04T12:44:55.620345
cordlesssteve,skipped,,,,,2026-04-04T12:45:18.578272
mardelnet,skipped,ES,,5,2,2026-04-04T12:45:37.544582
alejoceballos,skipped,PT,,0,0,2026-04-04T12:45:53.006029
au620321104076,skipped,,,,,2026-04-04T12:46:10.789235
ArpitBlagan,scored,IN,0.0295,78,11,2026-04-04T12:46:29.352553
kierwl,skipped,,,,,2026-04-04T12:46:42.252330
Paefremova,skipped,,,,,2026-04-04T12:47:01.241880
VykusVlastimil,skipped,,,,,2026-04-04T12:47:19.789827
Rafi-here,skipped,,,,,2026-04-04T12:47:37.686034
thddkfmathd,skipped,,,,,2026-04-04T12:47:48.207544
Teyzer,scored,FR,0.0588,20,60,2026-04-04T12:48:07.601868
eyoba45,skipped,,,,,2026-04-04T12:48:14.260399
KotenkoNata,skipped,UA,,0,0,2026-04-04T12:48:29.362006
LimKwangyoung98,skipped,,,,,2026-04-04T12:48:35.190056
kimyy0203,skipped,,,,,2026-04-04T12:48:53.819793
LimitlessFilmStudio,skipped,,,,,2026-04-04T12:49:03.726755
Baloouis,skipped,,,,,2026-04-04T12:49:16.822603
ihasq,scored,JP,0.0254,51,49,2026-04-04T12:49:26.628004
Mostafafelfla,skipped,,,,,2026-04-04T12:49:45.351712
Kunfel,skipped,,,,,2026-04-04T12:50:04.303176
RandomNudeGuy,skipped,,,,,2026-04-04T12:50:13.769187
ionStici,skipped,,,,,2026-04-04T12:50:20.215785
dipankar-majumder,skipped,,,,,2026-04-04T12:50:35.733740
victor-abz,skipped,,,,,2026-04-04T12:50:48.959517
jtmcdole,skipped,US,,0,0,2026-04-04T12:50:58.481940
qinglibaozang,skipped,,,,,2026-04-04T12:51:01.446853
GabrielMoreau,skipped,,,,,2026-04-04T12:51:07.816933
insung,skipped,KR,,0,0,2026-04-04T12:51:20.279581
Pooja-4NI24EC406,skipped,,,,,2026-04-04T12:51:36.355064
priyanshu639,skipped,,,,,2026-04-04T12:51:54.614634
afp05,skipped,PL,,0,39,2026-04-04T12:52:03.872347
carlos-cne,skipped,,,,,2026-04-04T12:52:22.935691
geohot,skipped,US,,0,0,2026-04-04T12:52:34.834103
juangc-zip,skipped,,,,,2026-04-04T12:52:42.104474
vmachuca-sfcc,skipped,,,,,2026-04-04T12:52:57.219399
zekeriyakoca,skipped,NL,,0,0,2026-04-04T12:53:13.229047
mgandharva,skipped,,,,,2026-04-04T12:53:19.128086
hyf0988,skipped,,,,,2026-04-04T12:53:22.095374
JurajSadel,skipped,,,,,2026-04-04T12:53:28.464641
omcpeake,skipped,IE,,100,0,2026-04-04T12:53:41.238086
rururarahoho,skipped,,,,,2026-04-04T12:53:50.123392
orotau,skipped,,,,,2026-04-04T12:53:59.575868
i007c,skipped,,,,,2026-04-04T12:54:15.498918
DevSoeren29,skipped,,,,,2026-04-04T12:54:31.425345
IdrisKulubi,skipped,KE,,43,0,2026-04-04T12:54:49.799017
Radhika210307,skipped,,,,,2026-04-04T12:55:07.738698
Alekssandher,skipped,BR,,0,100,2026-04-04T12:55:23.733101
realmelan,skipped,,,,,2026-04-04T12:55:29.580707
Promethean-Games,skipped,,,,,2026-04-04T12:55:39.720057
jlind0,skipped,,,,,2026-04-04T12:55:54.803529
10KJVN,skipped,,,,,2026-04-04T12:56:16.001763
maccuaa,skipped,CA,,0,0,2026-04-04T12:56:34.010496
JancoNel,skipped,,,,,2026-04-04T12:56:52.490102
GavinZZ,skipped,CA,,0,0,2026-04-04T12:57:03.314667
muneeb-jan,skipped,DE,,3,0,2026-04-04T12:57:15.429446
DonahueA,skipped,,,,,2026-04-04T12:57:33.395349
cimafrancamae,skipped,,,,,2026-04-04T12:57:51.467427
a-dubs,skipped,US,,25,0,2026-04-04T12:58:10.150013
joyvuu-dave,skipped,US,,0,0,2026-04-04T12:58:13.038896
Anmol1696,skipped,,,,,2026-04-04T12:58:34.006844
cagix,skipped,,,,,2026-04-04T12:58:41.457733
devdanchou,skipped,US,,18,0,2026-04-04T12:58:59.538346
ChristianCreey,scored,MX,0.039,23,27,2026-04-04T12:59:18.246457
EPedley,skipped,,,,,2026-04-04T12:59:37.120817
KBVsent,skipped,,,,,2026-04-04T12:59:40.072244
ayhem18,skipped,,,,,2026-04-04T12:59:58.520641
izendegi,skipped,,,,,2026-04-04T13:00:04.377963
Sambid10,skipped,,,,,2026-04-04T13:00:22.569420
LonghiTW,skipped,,,,,2026-04-04T13:00:31.810270
Elysom,skipped,,,,,2026-04-04T13:00:50.614570
Gibbatron,skipped,GB,,0,100,2026-04-04T13:01:06.559528
PHILO-HE,skipped,,,,,2026-04-04T13:01:21.970404
Danielking101,skipped,,,,,2026-04-04T13:01:37.080578
minngki,skipped,,,,,2026-04-04T13:01:46.443741
tedem,skipped,TR,,0,3,2026-04-04T13:01:58.398664
ThibaultLatxague,skipped,,,,,2026-04-04T13:02:17.018176
limeikle,skipped,,,,,2026-04-04T13:02:32.084074
PierreGallet,skipped,FR,,0,0,2026-04-04T13:02:46.852119
FrederikKlinkby,skipped,,,,,2026-04-04T13:03:02.211171
MayoPickle,skipped,US,,0,1,2026-04-04T13:03:11.085095
Granger-1,skipped,,,,,2026-04-04T13:03:31.853665
Javalonso1,skipped,,,,,2026-04-04T13:03:47.207919
sunshanlu,skipped,,,,,2026-04-04T13:04:05.684995
nessa6609,skipped,,,,,2026-04-04T13:04:14.480439
laurenic0l,skipped,,,,,2026-04-04T13:04:23.483684
laurentsimon,skipped,,,,,2026-04-04T13:04:29.303223
dinhbt10,skipped,,,,,2026-04-04T13:04:41.502551
seppp99,skipped,,,,,2026-04-04T13:04:59.463182
devark28,skipped,,,,,2026-04-04T13:05:12.205395
Daniel5263,skipped,,,,,2026-04-04T13:05:30.185493
valerchikUwU,skipped,,,,,2026-04-04T13:05:48.643648
Ichsanfathur,skipped,,,,,2026-04-04T13:06:07.000399
joseangel-alvmx,skipped,,,,,2026-04-04T13:06:25.232438
yashaswat,skipped,,,,,2026-04-04T13:06:43.590767
swanjohnson,skipped,,,,,2026-04-04T13:07:01.406453
annkar73,scored,SE,0.0405,35,5,2026-04-04T13:07:20.297085
joeynigro,skipped,,,,,2026-04-04T13:07:40.164318
lostmart,skipped,,,,,2026-04-04T13:07:58.610354
edwinjhlee,skipped,CN,,0,0,2026-04-04T13:08:07.423827
StevenNaliwajka,skipped,US,,0,100,2026-04-04T13:08:17.764756
german2027,skipped,,,,,2026-04-04T13:08:27.075460
sanobertin,skipped,CA,,0,1,2026-04-04T13:08:40.358707
ikamania,skipped,,,,,2026-04-04T13:08:59.882003
seongeun223,skipped,,,,,2026-04-04T13:09:12.395259
ADirin,skipped,FI,,11,0,2026-04-04T13:09:30.478243
jcafure,skipped,,,,,2026-04-04T13:09:48.972785
yuyichao,skipped,US,,0,0,2026-04-04T13:09:55.361678
JOvalleG,skipped,CO,,0,63,2026-04-04T13:10:05.177335
kevinMudenge,skipped,KE,,1,89,2026-04-04T13:10:21.628619
asranjith,skipped,,,,,2026-04-04T13:10:33.892998
lucianodonnet,skipped,,,,,2026-04-04T13:10:47.698522
zengzzzzz,skipped,CN,,100,0,2026-04-04T13:10:54.067006
authon,skipped,,,,,2026-04-04T13:10:56.980697
LilliDarling,skipped,US,,1,99,2026-04-04T13:11:07.193292
topsam1975,skipped,,,,,2026-04-04T13:11:10.158205
claudelepere,skipped,BE,,2,0,2026-04-04T13:11:25.304211
rubel04,skipped,BD,,0,0,2026-04-04T13:11:43.004764
claraurq,skipped,,,,,2026-04-04T13:11:55.188521
ahmeterenodaci,skipped,TR,,10,0,2026-04-04T13:12:13.865820
HallanaKeury,skipped,,,,,2026-04-04T13:12:32.379079
herokutests,skipped,,,,,2026-04-04T13:12:39.823984
chenhengqi,skipped,CN,,0,0,2026-04-04T13:12:42.787899
bruins001,skipped,,,,,2026-04-04T13:13:02.600843
renayoo,skipped,,,,,2026-04-04T13:13:21.522415
ggurdin,skipped,,,,,2026-04-04T13:13:36.688216
boya224,skipped,,,,,2026-04-04T13:13:45.672740
bijoyarikkatt,skipped,,,,,2026-04-04T13:14:03.955649
ianhorn,skipped,,,,,2026-04-04T13:14:23.020246
w2pu,skipped,,,,,2026-04-04T13:14:29.280746
HashimJVZ,skipped,,,,,2026-04-04T13:14:44.304003
tomo169,skipped,,,,,2026-04-04T13:14:53.417976
Diego90210557,skipped,,,,,2026-04-04T13:14:59.852675
NotBip,skipped,,,,,2026-04-04T13:15:06.446971
cosiris15,skipped,,,,,2026-04-04T13:15:15.985616
doctrino,skipped,,,,,2026-04-04T13:15:25.149769
pjpiedmont,skipped,,,,,2026-04-04T13:15:37.626522
francisco-arellano,skipped,,,,,2026-04-04T13:15:51.215663
qcastel,skipped,GB,,0,0,2026-04-04T13:16:00.308239
kinow,scored,ES,0.133,29,31,2026-04-04T13:16:13.108954
blupxd,skipped,,,,,2026-04-04T13:16:31.215600
Dollsi,skipped,,,,,2026-04-04T13:16:43.348120
KPull,skipped,,,,,2026-04-04T13:16:52.556736
prasanna22-optisol,skipped,,,,,2026-04-04T13:17:10.444708
mthezi,skipped,,,,,2026-04-04T13:17:13.415279
konentung,skipped,,,,,2026-04-04T13:17:34.216373
mmollaverdi,skipped,AU,,0,0,2026-04-04T13:17:46.161261
d2eight,skipped,,,,,2026-04-04T13:17:55.010416
Leewon2,skipped,,,,,2026-04-04T13:18:01.592443
SezerCan17,skipped,,,,,2026-04-04T13:18:20.133192
JustinThePerson,skipped,,,,,2026-04-04T13:18:35.559283
marjo-luc,skipped,US,,24,4,2026-04-04T13:18:45.254849
droid-girl,skipped,GB,,0,2,2026-04-04T13:18:57.383539
foersterflorian,skipped,,,,,2026-04-04T13:19:13.358759
ilinNE,skipped,RU,,0,0,2026-04-04T13:19:25.291486
Blanca221,skipped,,,,,2026-04-04T13:19:43.609366
EAZaidi,skipped,,,,,2026-04-04T13:20:02.750915
rokuyama,skipped,JP,,0,0,2026-04-04T13:20:08.635281
tomasdiviak,skipped,,,,,2026-04-04T13:20:20.904344
gislab-augsburg,skipped,,,,,2026-04-04T13:20:28.342409
GrandeGH,skipped,,,,,2026-04-04T13:20:40.831796
Hamiwood,skipped,,,,,2026-04-04T13:20:59.370811
ChangedRuby,skipped,,,,,2026-04-04T13:21:10.181970
sina-programer,skipped,,,,,2026-04-04T13:21:29.509474
macarooni-man,skipped,,,,,2026-04-04T13:21:36.681848
oseauto,skipped,,,,,2026-04-04T13:21:46.015577
SbshieldsRX,skipped,,,,,2026-04-04T13:22:03.948286
rzl1000,skipped,,,,,2026-04-04T13:22:15.727142
aquilasjuca,skipped,,,,,2026-04-04T13:22:37.013444
andreasantarossa,skipped,,,,,2026-04-04T13:22:42.949359
25sal,skipped,,,,,2026-04-04T13:22:57.835015
Gianluca-Alessio-Mariani-1512,skipped,,,,,2026-04-04T13:23:13.342077
eHpos,skipped,,,,,2026-04-04T13:23:25.286695
gabriel1200,skipped,,,,,2026-04-04T13:23:37.011038
EunBiucl,skipped,,,,,2026-04-04T13:23:43.145067
Vishalaxi1993,skipped,,,,,2026-04-04T13:23:53.593556
Sadasa123,skipped,,,,,2026-04-04T13:23:59.764567
durpintm,skipped,,,,,2026-04-04T13:24:19.555876
sshende-catalogicsoftware,skipped,,,,,2026-04-04T13:24:22.722619
Maikuolan,skipped,AU,,9,4,2026-04-04T13:24:32.301468
cjsmocjsmo,skipped,,,,,2026-04-04T13:24:50.798493
dumitrurares14,skipped,,,,,2026-04-04T13:25:08.866420
Largopie,skipped,,,,,2026-04-04T13:25:17.987153
LautaroMabrass,skipped,AR,,0,100,2026-04-04T13:25:33.730667
Deo2003,skipped,,,,,2026-04-04T13:25:42.622398
tngcmth,skipped,,,,,2026-04-04T13:25:48.397819
Jessica-Apricot,skipped,,,,,2026-04-04T13:26:07.242791
yurikozitski,skipped,,,,,2026-04-04T13:26:25.893319
LeventeBotos,scored,HU,0.0447,59,14,2026-04-04T13:26:42.308295
djm012,skipped,,,,,2026-04-04T13:26:45.301986
Bthxtly,skipped,,,,,2026-04-04T13:26:51.604000
kramar42,skipped,NL,,0,0,2026-04-04T13:27:05.705936
andregroseth,skipped,NO,,0,14,2026-04-04T13:27:18.315211
ravyolii,skipped,,,,,2026-04-04T13:27:24.566375
eduard-negescu,skipped,RO,,1,2,2026-04-04T13:27:42.042360
maks9678,skipped,,,,,2026-04-04T13:27:49.283037
shaikmoulana,skipped,,,,,2026-04-04T13:28:07.656149
taemon1337,skipped,,,,,2026-04-04T13:28:25.434880
frett,skipped,,,,,2026-04-04T13:28:31.582472
Ellieros1,skipped,,,,,2026-04-04T13:28:49.404500
arryyxia,skipped,,,,,2026-04-04T13:29:07.523864
Wanff,scored,US,0.0466,6,5,2026-04-04T13:29:13.932420
S4nxez,skipped,,,,,2026-04-04T13:29:32.501472
fakub,skipped,,,,,2026-04-04T13:29:47.093917
Smoothtalk,skipped,,,,,2026-04-04T13:29:53.827474
atefkbenothman,skipped,US,,95,0,2026-04-04T13:30:12.822073
TimGrt,skipped,DE,,6,0,2026-04-04T13:30:31.770199
zzacharo,skipped,,,,,2026-04-04T13:30:34.717664
markwiz,skipped,,,,,2026-04-04T13:30:50.171213
Rid1FZ,skipped,,,,,2026-04-04T13:30:56.723174
Quexington,skipped,US,,0,0,2026-04-04T13:31:09.401945
mintdunno,skipped,,,,,2026-04-04T13:31:22.342783
conbanwa,skipped,,,,,2026-04-04T13:31:37.491166
sahdevsaini,skipped,,,,,2026-04-04T13:31:57.229851
PiotrZaranek,skipped,,,,,2026-04-04T13:32:03.435009
fagrahmed12,skipped,EG,,0,0,2026-04-04T13:32:06.422057
AndreiaPena,skipped,,,,,2026-04-04T13:32:24.550009
omricohen13,skipped,,,,,2026-04-04T13:32:28.845865
SMCallan,skipped,GB,,0,100,2026-04-04T13:32:35.642802
barjin,skipped,CZ,,0,0,2026-04-04T13:32:41.964375
TLINDEN,skipped,,,,,2026-04-04T13:32:57.538123
dozy,skipped,GB,,0,0,2026-04-04T13:33:06.271664
jaroseme,skipped,,,,,2026-04-04T13:33:24.851963
PPTide,skipped,DE,,0,0,2026-04-04T13:33:30.887347
marcelmaatkamp,skipped,,,,,2026-04-04T13:33:45.621778
chris-han,skipped,,,,,2026-04-04T13:33:51.541257
RealCarbonVulcan,skipped,,,,,2026-04-04T13:33:57.662322
Dodhon,skipped,,,,,2026-04-04T13:34:17.166409
bstempelj,skipped,,,,,2026-04-04T13:34:36.176589
nebiyou27,skipped,,,,,2026-04-04T13:34:48.742948
absgeoviz,skipped,,,,,2026-04-04T13:34:59.445142
Hellgartner,skipped,,,,,2026-04-04T13:35:12.082966
PriyaKongs,skipped,,,,,2026-04-04T13:35:18.045428
Samuel-Durston-StA,skipped,,,,,2026-04-04T13:35:20.891942
slerpxcq,skipped,,,,,2026-04-04T13:35:39.726412
vidhip17,skipped,IN,,6,0,2026-04-04T13:35:54.868447
mediashd,skipped,,,,,2026-04-04T13:36:04.574555
kyle-lesinger,skipped,,,,,2026-04-04T13:36:21.083585
AK-Fwana,skipped,,,,,2026-04-04T13:36:39.518695
sdeaver7,skipped,,,,,2026-04-04T13:36:45.561724
sagarda7,skipped,,,,,2026-04-04T13:37:00.651171
SeoBlack,skipped,FI,,13,0,2026-04-04T13:37:18.947644
Icecreamy8229,skipped,,,,,2026-04-04T13:37:36.562661
devpattt,skipped,,,,,2026-04-04T13:37:54.637089
tdechanet,skipped,,,,,2026-04-04T13:38:13.498979
krushnamohod,skipped,,,,,2026-04-04T13:38:31.629537
Ryuchanghoon,skipped,,,,,2026-04-04T13:38:41.662744
TwilightDawn39,skipped,,,,,2026-04-04T13:38:44.520130
mnraza-dev,skipped,IN,,0,1,2026-04-04T13:39:04.080755
Tran-3110,skipped,,,,,2026-04-04T13:39:13.892437
platinumkars,skipped,,,,,2026-04-04T13:39:29.277768
akashpatil8,skipped,,,,,2026-04-04T13:39:47.839619
CirnatDarian,skipped,,,,,2026-04-04T13:40:06.345715
DmitryFPS,skipped,,,,,2026-04-04T13:40:24.987673
vickyatish,skipped,,,,,2026-04-04T13:40:42.645981
michelleli04,skipped,,,,,2026-04-04T13:40:48.325826
MateuszFalkowski01,skipped,,,,,2026-04-04T13:41:04.052660
sletz,skipped,,,,,2026-04-04T13:41:13.235997
LelandMitchell2,skipped,,,,,2026-04-04T13:41:31.791465
stHugo010,skipped,,,,,2026-04-04T13:41:49.656865
nanzhg,skipped,,,,,2026-04-04T13:41:52.487192
Phys09,skipped,,,,,2026-04-04T13:42:08.215718
SnapeDev,skipped,,,,,2026-04-04T13:42:27.580460
huowu007,skipped,,,,,2026-04-04T13:42:30.383881
itsathefak,skipped,,,,,2026-04-04T13:42:49.020895
creed725,skipped,,,,,2026-04-04T13:43:07.465474
jhalmen,skipped,,,,,2026-04-04T13:43:13.758837
rkhapov,skipped,,,,,2026-04-04T13:43:31.890306
davidchong99,skipped,,,,,2026-04-04T13:43:47.602827
carolina-torreblanca,skipped,,,,,2026-04-04T13:43:54.375888
ajgeiss0702,skipped,,,,,2026-04-04T13:44:06.936266
Python-Test-Engineer,skipped,GB,,0,0,2026-04-04T13:44:19.520788
qifanlili,skipped,,,,,2026-04-04T13:44:37.326988
hajaratolapade,skipped,,,,,2026-04-04T13:44:55.110318
afzalpatel662,skipped,,,,,2026-04-04T13:45:01.589897
07-Mayankraj,skipped,IN,,35,0,2026-04-04T13:45:20.225081
toirehantaa,skipped,,,,,2026-04-04T13:45:23.073825
hhhhasy,skipped,,,,,2026-04-04T13:45:42.022793
BatFla,skipped,,,,,2026-04-04T13:45:57.316688
Priyasha-Yadav,skipped,IN,,0,87,2026-04-04T13:46:16.133104
bro-jobs,skipped,,,,,2026-04-04T13:46:19.044450
Soybeany,skipped,,,,,2026-04-04T13:46:37.098872
rishabhsvats,skipped,IN,,76,0,2026-04-04T13:46:46.492681
bolshakovtv,skipped,,,,,2026-04-04T13:46:55.412781
nikooleyar,skipped,US,,0,30,2026-04-04T13:47:13.361352
sjpotter,skipped,,,,,2026-04-04T13:47:28.208065
Blink515,skipped,,,,,2026-04-04T13:47:36.945914
hampus-code,skipped,,,,,2026-04-04T13:47:55.144233
alexgarel,skipped,FR,,0,0,2026-04-04T13:48:01.222355
MADEDECHADWICK,skipped,,,,,2026-04-04T13:48:16.202175
eureves,skipped,,,,,2026-04-04T13:48:35.585174
bajajsanchit,skipped,,,,,2026-04-04T13:48:54.193244
ozqf,skipped,,,,,2026-04-04T13:49:03.886660
Taylor-Rem,skipped,,,,,2026-04-04T13:49:22.014509
20-76054167,skipped,,,,,2026-04-04T13:49:27.986768
JustBecerra,skipped,AR,,46,3,2026-04-04T13:49:43.944157
yuyunfrancis,skipped,,,,,2026-04-04T13:49:59.055344
KiranGanji,skipped,IN,,0,0,2026-04-04T13:50:14.108088
pritamdotnet,skipped,,,,,2026-04-04T13:50:31.949412
SilviaAvelar,scored,PT,0.1694,5,76,2026-04-04T13:50:50.541509
khs12099,skipped,,,,,2026-04-04T13:50:59.394939
VincyZed,skipped,CA,,0,100,2026-04-04T13:51:09.263132
eeroel,skipped,FI,,7,0,2026-04-04T13:51:27.351161
krystian14d,skipped,,,,,2026-04-04T13:51:46.823099
flikier,skipped,,,,,2026-04-04T13:51:52.689159
sheilagoopss,skipped,,,,,2026-04-04T13:52:02.188929
AdryeCespedes,skipped,,,,,2026-04-04T13:52:11.594711
TulasiPrasannaLaveti,skipped,,,,,2026-04-04T13:52:24.397975
honeydev783,skipped,,,,,2026-04-04T13:52:27.397637
c1ZZm,skipped,,,,,2026-04-04T13:52:45.419833
theGitNoob,skipped,,,,,2026-04-04T13:52:57.618905
MoE9120,skipped,,,,,2026-04-04T13:53:00.424876
PimHuijnen,skipped,NL,,12,4,2026-04-04T13:53:18.656174
Jegor9555,scored,PL,0.0505,14,86,2026-04-04T13:53:34.744782
sparklydavid,scored,TW,0.0292,84,16,2026-04-04T13:53:44.330168
henrib,skipped,,,,,2026-04-04T13:53:47.296664
xiaojiuwo233,skipped,,,,,2026-04-04T13:54:02.951565
brian-rose,skipped,US,,0,0,2026-04-04T13:54:15.341901
TimButters,skipped,GB,,0,0,2026-04-04T13:54:33.750248
jamesc137,skipped,,,,,2026-04-04T13:54:42.937427
iamngoni,skipped,,,,,2026-04-04T13:54:54.643458
astroboy0007,skipped,,,,,2026-04-04T13:55:07.960029
wangyue20075,skipped,,,,,2026-04-04T13:55:14.024291
pkud28,skipped,,,,,2026-04-04T13:55:26.095604
hsh58,skipped,,,,,2026-04-04T13:55:32.636604
alihosseinabadi,skipped,,,,,2026-04-04T13:55:50.896708
MikkelSchmidtNielsen,skipped,,,,,2026-04-04T13:56:09.030593
Jaspur,skipped,,,,,2026-04-04T13:56:12.152137
Fabphokie,skipped,ZA,,33,1,2026-04-04T13:56:27.495892
luvuyo-cyber,skipped,,,,,2026-04-04T13:56:45.971463
Xabierland,scored,ES,0.2719,9,5,2026-04-04T13:57:04.492853
Pinche14,skipped,IN,,6,2,2026-04-04T13:57:22.674783
ireccode,skipped,,,,,2026-04-04T13:57:29.134355
pimjansen,skipped,,,,,2026-04-04T13:57:41.731526
jnleyva816,skipped,,,,,2026-04-04T13:57:59.424718
flydiscohuebr,skipped,,,,,2026-04-04T13:58:06.424974
subhrapratim07,skipped,IN,,0,40,2026-04-04T13:58:25.978904
cirorandazzo,scored,US,0.0451,65,35,2026-04-04T13:58:38.867690
imcarlosvictor,skipped,CA,,0,0,2026-04-04T13:58:56.872345
Manthan287,skipped,,,,,2026-04-04T13:59:05.914679
abudi47,skipped,ET,,,,2026-04-04T13:59:24.159550
tfenne,skipped,US,,0,0,2026-04-04T13:59:33.302081
TobiasE-github,skipped,,,,,2026-04-04T13:59:36.251634
gorshh,skipped,,,,,2026-04-04T13:59:53.975118
grunmax,skipped,,,,,2026-04-04T14:00:11.970565
ernestguevarra,skipped,GB,,0,0,2026-04-04T14:00:18.219191
putiboukun,skipped,,,,,2026-04-04T14:00:25.021480
domw30,skipped,,,,,2026-04-04T14:00:43.583535
mrfbgc,skipped,DE,,1,0,2026-04-04T14:00:55.622963
AmitPr,skipped,,,,,2026-04-04T14:01:17.010510
andrzejhresiuk,skipped,,,,,2026-04-04T14:01:25.304296
BrokeNP1e,skipped,,,,,2026-04-04T14:01:42.904065
qml-tutorial,skipped,,,,,2026-04-04T14:01:48.770065
VvioV,skipped,,,,,2026-04-04T14:01:57.972483
Elijaho102,skipped,,,,,2026-04-04T14:02:10.563856
Solareni,skipped,,,,,2026-04-04T14:02:16.279979
nuelxlencedjango,skipped,,,,,2026-04-04T14:02:37.507094
rubencalje,skipped,,,,,2026-04-04T14:02:40.308997
cart,skipped,,,,,2026-04-04T14:02:46.625314
AnonXS,skipped,DE,,0,0,2026-04-04T14:02:49.530554
Fatemeh-ehsani,skipped,,,,,2026-04-04T14:02:56.008628
Gleethos,scored,AT,0.1079,57,16,2026-04-04T14:03:09.584230
sarvasva86,skipped,,,,,2026-04-04T14:03:27.715283
jongwooo,skipped,KR,,0,100,2026-04-04T14:03:35.701875
sankalptrimade,skipped,IN,,18,0,2026-04-04T14:03:52.337492
NicholasPianfetti,skipped,,,,,2026-04-04T14:04:07.973617
singhriya23,skipped,,,,,2026-04-04T14:04:20.064294
FedeSanchez79,skipped,,,,,2026-04-04T14:04:38.857519
durcor,skipped,US,,0,100,2026-04-04T14:04:48.099607
ImR0D,skipped,,,,,2026-04-04T14:05:00.738091
PrachponleuUch,skipped,,,,,2026-04-04T14:05:20.477970
divusree,skipped,,,,,2026-04-04T14:05:43.437609
usermat4eso,skipped,,,,,2026-04-04T14:05:55.449252
ewencrn,skipped,,,,,2026-04-04T14:06:04.724795
arthurkup-ar,skipped,,,,,2026-04-04T14:06:11.090697
rforge,skipped,,,,,2026-04-04T14:06:16.990263
Shahdaddana,skipped,,,,,2026-04-04T14:06:26.457646
tgummerer,skipped,ES,,0,0,2026-04-04T14:06:37.046577
velamathi,skipped,,,,,2026-04-04T14:06:55.347331
Mahedihasanimam,skipped,BD,,0,0,2026-04-04T14:07:13.112967
DenisLukayenka,skipped,,,,,2026-04-04T14:07:16.053636
lucas6028,skipped,,,,,2026-04-04T14:07:31.810585
ItayCoifman,skipped,,,,,2026-04-04T14:07:47.285804
romebop,skipped,,,,,2026-04-04T14:07:59.664983
mgYang53,skipped,,,,,2026-04-04T14:08:05.669587
daalarconv,skipped,,,,,2026-04-04T14:08:18.078138
victormours,scored,FR,0.0289,6,26,2026-04-04T14:08:34.059038
Wamitinewton,scored,KE,0.0577,5,49,2026-04-04T14:08:49.825961
timdengyun,skipped,,,,,2026-04-04T14:08:52.743828
Jaikant,skipped,,,,,2026-04-04T14:08:58.728003
amessbee,skipped,,,,,2026-04-04T14:09:11.208364
ebaenamar,skipped,,,,,2026-04-04T14:09:26.347824
keithlegg,skipped,US,,0,0,2026-04-04T14:09:43.825487
markwarnox,skipped,,,,,2026-04-04T14:09:50.133555
lvanboy,skipped,,,,,2026-04-04T14:10:02.286204
5ryup,skipped,,,,,2026-04-04T14:10:17.438336
egarofalo-salasplus,skipped,ES,,0,8,2026-04-04T14:10:26.310108
jay8528,skipped,,,,,2026-04-04T14:10:39.511606
MomoPi-Dark,scored,ID,0.0308,22,43,2026-04-04T14:10:50.057711
Moniet,skipped,DE,,0,0,2026-04-04T14:11:03.524261
Sallaa,skipped,DE,,0,0,2026-04-04T14:11:09.581080
rovsen762,skipped,,,,,2026-04-04T14:11:27.309853
BitByte08,skipped,KR,,0,100,2026-04-04T14:11:33.773182
BarbaraLobatoDelgado,skipped,ES,,2,59,2026-04-04T14:11:50.317848
abdulwahidjahangir,skipped,IT,,0,1,2026-04-04T14:12:08.452791
ghayastanoli,skipped,,,,,2026-04-04T14:12:26.101918
hxrxchang,skipped,JP,,0,0,2026-04-04T14:12:35.472295
RyukTheCoder,skipped,,,,,2026-04-04T14:12:44.361055
Saicharan619,skipped,,,,,2026-04-04T14:12:56.787973
Sandeep0900,skipped,IN,,0,16,2026-04-04T14:13:12.498999
ruchernchong,skipped,SG,,14,0,2026-04-04T14:13:32.291954
Gokul-ram-j,skipped,IN,,0,100,2026-04-04T14:13:51.071866
halo-drive,skipped,,,,,2026-04-04T14:14:09.387405
victormorenomalaga,skipped,,,,,2026-04-04T14:14:24.857940
Talha-Tahir2001,scored,PK,0.0265,13,43,2026-04-04T14:14:43.443191
sgahlot,skipped,,,,,2026-04-04T14:14:52.990507
hooyoai,skipped,,,,,2026-04-04T14:15:01.937895
guizili0,skipped,,,,,2026-04-04T14:15:04.912669
asaadzx,skipped,EG,,0,85,2026-04-04T14:15:26.393592
alifreytez,skipped,,,,,2026-04-04T14:15:44.580460
AdeelH12,skipped,,,,,2026-04-04T14:16:02.739104
seydinatCODEKILLER,skipped,,,,,2026-04-04T14:16:20.476908
matheuswachtler,skipped,,,,,2026-04-04T14:16:33.366570
whaibetter,scored,CN,0.2363,14,86,2026-04-04T14:16:46.317013
FrostYOON,skipped,,,,,2026-04-04T23:47:20.745403
CrissOlivares,skipped,,,,,2026-04-04T23:47:26.697962
MateuszStawski,skipped,,,,,2026-04-04T23:47:32.277930
bkurmanbek,skipped,,,,,2026-04-04T23:47:50.499525
DavidGyulinyan,skipped,,,,,2026-04-04T23:48:08.499709
bahriddindeveloper96,skipped,UZ,,,,2026-04-04T23:48:29.137287
ohquero,skipped,,,,,2026-04-04T23:48:44.305463
patelkomal23,skipped,,,,,2026-04-04T23:49:03.816798
Varshitha1828,skipped,IN,,0,21,2026-04-04T23:49:13.053315
ErikRojaas,skipped,,,,,2026-04-04T23:49:30.797463
gucheen,skipped,CN,,0,0,2026-04-04T23:49:49.730135
alexroderdev,skipped,,,,,2026-04-04T23:49:58.794060
coder-lzh,skipped,,,,,2026-04-04T23:50:14.132920
YoussoufHard,skipped,,,,,2026-04-04T23:50:35.547516
kjhave,skipped,,,,,2026-04-04T23:50:47.764538
ago-shi,skipped,,,,,2026-04-04T23:50:57.047188
adeliahk5474,skipped,,,,,2026-04-04T23:51:09.717348
AlexLakatos,skipped,GB,,0,0,2026-04-04T23:51:18.554959
dietmarja,skipped,,,,,2026-04-04T23:51:25.194187
kalikov,skipped,,,,,2026-04-04T23:51:44.579345
frawahl,skipped,,,,,2026-04-04T23:51:50.508799
ffuqiangg,skipped,,,,,2026-04-04T23:51:56.978797
yRaposo,skipped,BR,,23,0,2026-04-04T23:52:17.621659
DiegoJDArias,skipped,,,,,2026-04-04T23:52:24.256154
MichaelJThomas-2016,skipped,US,,0,4,2026-04-04T23:52:33.465907
cgjohn,skipped,,,,,2026-04-04T23:52:46.085241
AhmedSaddique,scored,PK,0.0536,39,50,2026-04-04T23:53:01.598651
petterdaae,skipped,NO,,5,0,2026-04-04T23:53:08.711058
sertv,skipped,,,,,2026-04-04T23:53:17.766526
Mario-Costa-42,skipped,BR,,0,67,2026-04-04T23:53:36.152857
vvv-acc,skipped,,,,,2026-04-04T23:53:46.337611
sammagnet7,scored,IN,0.027,73,16,2026-04-04T23:53:59.864313
Tyson-Hu,skipped,US,,24,0,2026-04-04T23:54:06.573339
jugunu-21,skipped,,,,,2026-04-04T23:54:12.996172
dev-cj,skipped,,,,,2026-04-04T23:54:29.786761
livleh,skipped,CH,,0,21,2026-04-04T23:54:45.302692
chiefJurist,skipped,NL,,27,0,2026-04-04T23:55:03.783010
cimorn,skipped,,,,,2026-04-04T23:55:22.377670
AleksKnezevic,skipped,,,,,2026-04-04T23:55:25.180579
purlah,skipped,,,,,2026-04-04T23:55:27.973195
Davidvt04,skipped,,,,,2026-04-04T23:55:45.945343
realgetOff,skipped,FR,,0,74,2026-04-04T23:56:05.258614
suetake89,skipped,,,,,2026-04-04T23:56:17.427705
rdpeka,skipped,,,,,2026-04-04T23:56:35.658211
aaronmoate,skipped,,,,,2026-04-04T23:56:39.967636
GauravRaj810,skipped,IN,,0,28,2026-04-04T23:56:58.603107
andreaswwilson,skipped,,,,,2026-04-04T23:57:17.139964
JacobChurch2,skipped,,,,,2026-04-04T23:57:36.183213
Daniel-Tomov,skipped,,,,,2026-04-04T23:57:54.904316
arikTT,skipped,,,,,2026-04-04T23:57:57.710562
leowcy,skipped,,,,,2026-04-04T23:58:09.865601
Divakar-09,skipped,,,,,2026-04-04T23:58:28.253255
francisvalguedes,skipped,,,,,2026-04-04T23:58:37.567934
milasudril,skipped,SE,,0,0,2026-04-04T23:59:01.189070
YvetteDanielaCampoOsorio,skipped,,,,,2026-04-04T23:59:20.224555
victorbaldin56,skipped,,,,,2026-04-04T23:59:38.431573
orosmatthew,skipped,,,,,2026-04-04T23:59:56.998234
jeboehm,skipped,DE,,0,0,2026-04-05T00:00:04.762881
jepson-zeng,skipped,,,,,2026-04-05T00:00:07.859607
timendum,skipped,IT,,0,0,2026-04-05T00:00:23.479449
nechehin,skipped,UA,,0,0,2026-04-05T00:00:38.632362
prestonso,skipped,US,,0,0,2026-04-05T00:00:48.714386
ayrescode,skipped,,,,,2026-04-05T00:01:01.139960
MinaRoblox,skipped,,,,,2026-04-05T00:01:17.342721
LuisJulio29,skipped,CO,,0,100,2026-04-05T00:01:32.560085
km3xy,skipped,,,,,2026-04-05T00:01:48.450964
bw4sz,skipped,,,,,2026-04-05T00:01:57.812605
JuergenWiemers,skipped,,,,,2026-04-05T00:02:03.876153
macks1313,skipped,,,,,2026-04-05T00:02:16.782364
TrueNAS-Script-Kiddie,skipped,,,,,2026-04-05T00:02:26.432482
Jinisha58,skipped,,,,,2026-04-05T00:02:38.498211
AlejandroRibera1987,skipped,,,,,2026-04-05T00:02:57.110218
namgiH,skipped,,,,,2026-04-05T00:03:06.048384
Adonis0105,skipped,,,,,2026-04-05T00:03:24.264436
ameksike,skipped,ES,,0,0,2026-04-05T00:03:42.257693
DiasFranciscoA,skipped,,,,,2026-04-05T00:03:48.200505
artalar,skipped,,,,,2026-04-05T00:04:06.432361
carlagn,skipped,PT,,0,0,2026-04-05T00:04:25.464944
gaurav-cointab,skipped,IN,,0,0,2026-04-05T00:04:28.277494
LimitlessDevv,skipped,,,,,2026-04-05T00:04:37.557701
cmittle,skipped,,,,,2026-04-05T00:04:52.890629
hanaahh21,skipped,,,,,2026-04-05T00:05:08.268322
dchen046,skipped,,,,,2026-04-05T00:05:27.144211
Martin3869,skipped,AR,,0,19,2026-04-05T00:05:36.462842
RezaieGM,skipped,,,,,2026-04-05T00:05:45.442686
AriPery,skipped,,,,,2026-04-05T00:06:00.462640
valianteamir,skipped,,,,,2026-04-05T00:06:18.607675
preettypeanuts,skipped,,,,,2026-04-05T00:06:34.563746
derfleischverzehrer69,skipped,,,,,2026-04-05T00:06:46.504171
rclesta,skipped,,,,,2026-04-05T00:06:52.425065
vcffff,skipped,,,,,2026-04-05T00:07:10.588547
matthijsfh,skipped,,,,,2026-04-05T00:07:23.219131
kimp741,skipped,,,,,2026-04-05T00:07:29.487707
felix-site,skipped,,,,,2026-04-05T00:07:35.864596
codepitbull,skipped,,,,,2026-04-05T00:07:53.566225
mrgetwhateverdone,skipped,,,,,2026-04-05T00:08:05.656316
ronikaufman,scored,SE,0.0287,15,27,2026-04-05T00:08:24.621878
Leonardo-Migliorini,skipped,BR,,2,98,2026-04-05T00:08:43.274909
jibarix,skipped,,,,,2026-04-05T00:09:01.645185
assertive-git,skipped,,,,,2026-04-05T00:09:09.206708
utsho-2025,skipped,,,,,2026-04-05T00:09:18.612660
kimlarocca,skipped,,,,,2026-04-05T00:09:39.619823
yujinn00,skipped,,,,,2026-04-05T00:09:49.044602
aka-ryu,skipped,,,,,2026-04-05T00:10:01.854402
guillaumelauzier,skipped,CH,,16,0,2026-04-05T00:10:20.274954
libenke,scored,US,0.0647,30,25,2026-04-05T00:10:38.881495
faustofusse,skipped,AR,,0,0,2026-04-05T00:10:54.125021
VadimLeivikov,skipped,,,,,2026-04-05T00:10:59.997623
KumudBhatt,skipped,,,,,2026-04-05T00:11:18.542035
mukhammadxuja,skipped,UZ,,,,2026-04-05T00:11:36.844763
fanniemonaga,skipped,,,,,2026-04-05T00:11:55.820170
Kimiollie,skipped,FI,,9,2,2026-04-05T00:12:10.708904
jaumeplaf,skipped,,,,,2026-04-05T00:12:23.517435
rafaloz,skipped,,,,,2026-04-05T00:12:42.174337
erikproper,skipped,,,,,2026-04-05T00:12:51.654133
codebydh,skipped,KR,,0,100,2026-04-05T00:12:57.858728
dmitry-drozdov,skipped,,,,,2026-04-05T00:13:07.895425
isturizbinaural,skipped,,,,,2026-04-05T00:13:13.779957
naeprestamosvip,skipped,,,,,2026-04-05T00:13:22.673935
Elouan1411,skipped,FR,,0,100,2026-04-05T00:13:38.298649
snejugal,skipped,,,,,2026-04-05T00:13:48.473057
MohamedHassan111,skipped,,,,,2026-04-05T00:13:54.200814
huanjunjun,skipped,,,,,2026-04-05T00:14:12.206282
cakraawijaya,scored,ID,0.0897,15,43,2026-04-05T00:14:30.812721
Stevenmiami,skipped,,,,,2026-04-05T00:14:37.125592
dbasu03,skipped,,,,,2026-04-05T00:14:43.297162
gestskoli,skipped,,,,,2026-04-05T00:15:01.959129
JohanSv-MK,skipped,,,,,2026-04-05T00:15:07.867130
VoidTest,skipped,,,,,2026-04-05T00:15:20.337497
pepelxl,skipped,,,,,2026-04-05T00:15:26.755286
lemon-lime-honey,scored,KR,0.0373,85,15,2026-04-05T00:15:33.088573
robgon-art,skipped,,,,,2026-04-05T00:15:40.490681
SergerGood,skipped,RU,,0,0,2026-04-05T00:15:58.653192
kangchiao91,skipped,,,,,2026-04-05T00:16:04.540485
djgroen,skipped,GB,,0,0,2026-04-05T00:16:21.457692
jerhero,skipped,,,,,2026-04-05T00:16:30.249795
suchiwz,skipped,,,,,2026-04-05T00:16:48.653614
Soymilk71,skipped,,,,,2026-04-05T00:17:03.999985
yellowBoys-projects,skipped,,,,,2026-04-05T00:17:16.087552
vasistaacha,skipped,,,,,2026-04-05T00:17:21.995640
llclarall,skipped,,,,,2026-04-05T00:17:37.866009
urbanxtreme,skipped,,,,,2026-04-05T00:17:56.775809
IOLTaiwan,skipped,,,,,2026-04-05T00:18:02.693494
eldani13,scored,CO,0.194,18,27,2026-04-05T00:18:22.792011
kriolasvintage,skipped,DK,,0,0,2026-04-05T00:18:28.601006
pawnz0,skipped,,,,,2026-04-05T00:18:34.608994
AndreyKramskih,skipped,,,,,2026-04-05T00:18:40.708389
FatPat117,skipped,VN,,0,100,2026-04-05T00:18:56.727933
takumi-nishimura,skipped,,,,,2026-04-05T00:19:09.190784
Lucasdeleplace,skipped,,,,,2026-04-05T00:19:27.901111
RichardM1337,skipped,,,,,2026-04-05T00:19:44.236397
1winhyun,skipped,,,,,2026-04-05T00:19:50.392699
gunawan-ganda,skipped,,,,,2026-04-05T00:19:59.190146
nexus-sid,skipped,,,,,2026-04-05T00:20:08.233073
mcfarlandj,skipped,US,,0,0,2026-04-05T00:20:11.181465
Lufi-SAN,skipped,,,,,2026-04-05T00:20:26.615411
Yeng-Co,skipped,,,,,2026-04-05T00:20:33.449579
1972937690,skipped,,,,,2026-04-05T00:20:51.533014
JPC501,skipped,,,,,2026-04-05T00:20:54.491198
Purse123,skipped,,,,,2026-04-05T00:21:12.986694
baywet,skipped,CA,,1,0,2026-04-05T00:21:31.320205
JoonasHohtari,skipped,,,,,2026-04-05T00:21:49.643896
younghu312,skipped,,,,,2026-04-05T00:21:52.604467
snghnl,skipped,KR,,25,4,2026-04-05T00:22:05.036587
Shahriar090,skipped,BD,,12,0,2026-04-05T00:22:22.812580
Benny-Nwaro,skipped,NG,,16,0,2026-04-05T00:22:40.790823
arnausaboritcode,skipped,ES,,66,0,2026-04-05T00:22:59.248096
rudrapratap16,skipped,,,,,2026-04-05T00:23:20.900032
aireet,skipped,CN,,0,0,2026-04-05T00:23:23.836964
sauragr,skipped,,,,,2026-04-05T00:23:38.886892
udkx,skipped,,,,,2026-04-05T00:23:41.822359
aadags,skipped,CA,,0,0,2026-04-05T00:23:47.984037
ArtOvchinnickovff,skipped,,,,,2026-04-05T00:24:06.429550
rdmcbath,skipped,US,,0,0,2026-04-05T00:24:24.372716
AntonioNoguera,skipped,,,,,2026-04-05T00:24:42.660526
matej2314,skipped,,,,,2026-04-05T00:25:01.520406
SofiaPutlyuk,skipped,,,,,2026-04-05T00:25:20.892586
jsimcina,skipped,,,,,2026-04-05T00:25:31.194648
ShudrikNikolai,skipped,,,,,2026-04-05T00:25:43.927494
patmauro,skipped,,,,,2026-04-05T00:26:01.745969
amdid0,skipped,,,,,2026-04-05T00:26:19.906364
DarthVada36,skipped,,,,,2026-04-05T00:26:38.379783
t-redactyl,skipped,DE,,0,0,2026-04-05T00:26:47.272713
ShaneTRS,skipped,,,,,2026-04-05T00:27:02.713980
JLuzz,skipped,,,,,2026-04-05T00:27:17.709579
rbjunsu,skipped,,,,,2026-04-05T00:27:23.905686
sanjeevshah1,skipped,NP,,3,46,2026-04-05T00:27:42.652123
Theoplayz2,skipped,,,,,2026-04-05T00:27:48.429186
machi1990,skipped,FR,,0,0,2026-04-05T00:28:06.626500
ser44,skipped,,,,,2026-04-05T00:28:24.335578
HoshinoStarry,skipped,CN,,0,0,2026-04-05T00:28:43.029214
bouda1,skipped,,,,,2026-04-05T00:28:55.435040
Alenar,skipped,,,,,2026-04-05T00:28:58.345618
stonith404,skipped,CH,,66,0,2026-04-05T00:29:07.939084
dashasmr,skipped,,,,,2026-04-05T00:29:17.405560
euginfrancis,skipped,,,,,2026-04-05T00:29:26.657078
julianaexx,skipped,,,,,2026-04-05T00:29:33.265243
iamtanishqsethi,skipped,,,,,2026-04-05T00:29:43.038087
hunterhogan,skipped,,,,,2026-04-05T00:29:49.650332
renantfm4,skipped,,,,,2026-04-05T00:30:05.471185
Nanasark,skipped,,,,,2026-04-05T00:30:17.510069
0x421F,skipped,,,,,2026-04-05T00:30:35.173392
Forthey,skipped,,,,,2026-04-05T00:30:48.119331
kalwaeswar,skipped,IN,,5,1,2026-04-05T00:31:06.771453
Lsebas19,skipped,,,,,2026-04-05T00:31:24.680763
elizasviel,scored,US,0.0462,53,47,2026-04-05T00:31:31.617509
Sohan-Chaudhary,skipped,,,,,2026-04-05T00:31:50.010068
vernetit,skipped,AR,,0,0,2026-04-05T00:32:07.786817
MikeMitop,skipped,,,,,2026-04-05T00:32:24.103450
vinceimbat,skipped,PH,,99,0,2026-04-05T00:32:39.751297
King-Key,skipped,,,,,2026-04-05T00:32:55.803666
jonathan-skarman,skipped,,,,,2026-04-05T00:33:07.983487
matthiasschroder,skipped,,,,,2026-04-05T00:33:10.878154
AlexanderOkhotnichenko,skipped,,,,,2026-04-05T00:33:29.060733
gokulavasan-k,skipped,,,,,2026-04-05T00:33:47.463721
coreyogburn,skipped,,,,,2026-04-05T00:33:53.552527
Namanbhatia7,skipped,,,,,2026-04-05T00:34:05.783701
yingmanwumen,scored,CN,0.0293,25,9,2026-04-05T00:34:24.758986
auriol00,skipped,,,,,2026-04-05T00:34:42.976886
WahibaMushtaq,skipped,,,,,2026-04-05T00:35:00.928954
rafael-rollo,skipped,PT,,0,0,2026-04-05T00:35:19.391587
mirfan-dev,skipped,IN,,0,3,2026-04-05T00:35:37.222847
akoQassym,skipped,IE,,1,0,2026-04-05T00:35:54.917377
leandroaugust0,skipped,,,,,2026-04-05T00:36:13.177955
deboramargaretesantos,skipped,,,,,2026-04-05T00:36:31.833355
ruivieira,skipped,GB,,93,0,2026-04-05T00:36:47.796797
KhachikAvetisyan,skipped,,,,,2026-04-05T00:36:56.805746
HAMZAMOHA-A,skipped,,,,,2026-04-05T00:37:08.643418
grosed,skipped,,,,,2026-04-05T00:37:32.788274
hoavu-cs,skipped,,,,,2026-04-05T00:37:48.131825
LotteKoster05,skipped,,,,,2026-04-05T00:37:54.301287
MuratovAS,skipped,,,,,2026-04-05T00:38:04.405780
Strannwj,skipped,,,,,2026-04-05T00:38:10.329711
Vadi4,skipped,,,,,2026-04-05T00:38:28.684375
sunginhong,skipped,KR,,0,0,2026-04-05T00:38:44.051163
xAldox995,skipped,,,,,2026-04-05T00:38:59.170518
eliyahuri,skipped,,,,,2026-04-05T00:39:17.901268
Semperz,scored,ES,0.1153,59,41,2026-04-05T00:39:33.654619
ElectroDeoxys,skipped,,,,,2026-04-05T00:39:43.302251
paulaboz123,skipped,,,,,2026-04-05T00:39:53.224813
kartiktoogoated,skipped,IN,,1,31,2026-04-05T00:40:11.686217
mobiusklein,skipped,US,,0,9,2026-04-05T00:40:27.125737
juanlopez4691,skipped,ES,,0,100,2026-04-05T00:40:33.355778
thongdk8,skipped,,,,,2026-04-05T00:40:39.377999
jdomdev,skipped,ES,,0,100,2026-04-05T00:40:55.707233
IvanciniGT,skipped,,,,,2026-04-05T00:41:08.383731
Khadija1481,skipped,,,,,2026-04-05T00:41:23.329233
pengweizhong,skipped,,,,,2026-04-05T00:41:33.043930
hgrange,skipped,,,,,2026-04-05T00:41:48.537184
KristofferGW,skipped,,,,,2026-04-05T00:42:05.352896
DaniNere,skipped,,,,,2026-04-05T00:42:18.115729
rnnrght,skipped,US,,0,0,2026-04-05T00:42:23.934913
rmj3197,skipped,US,,0,0,2026-04-05T00:42:42.566119
juneyng,skipped,KR,,35,3,2026-04-05T00:43:00.724408
physicalrobot,skipped,,,,,2026-04-05T00:43:09.556010
preach2time1,skipped,CA,,0,0,2026-04-05T00:43:12.496721
lifepillar,skipped,,,,,2026-04-05T00:43:30.415200
melitele,skipped,,,,,2026-04-05T00:43:44.070618
Mudiwa66,skipped,ZA,,0,1,2026-04-05T00:43:59.047702
eltharin,skipped,,,,,2026-04-05T00:44:08.422281
KakhramonUktamov,skipped,UZ,,,,2026-04-05T00:44:29.534013
kjellhaaland,skipped,,,,,2026-04-05T00:44:48.657325
billsongames,skipped,GB,,30,0,2026-04-05T00:45:00.733011
nicolafan,skipped,IT,,58,2,2026-04-05T00:45:15.101279
saorisakura,skipped,,,,,2026-04-05T00:45:21.236309
taquito22,skipped,,,,,2026-04-05T00:45:39.661885
Tomoki108,skipped,JP,,52,3,2026-04-05T00:45:57.999325
hochenchong,skipped,,,,,2026-04-05T00:46:07.644844
bioball,skipped,,,,,2026-04-05T00:46:25.780520
cancelei,skipped,BR,,13,0,2026-04-05T00:46:38.005138
chandiniratho,skipped,,,,,2026-04-05T00:46:56.385852
panteaei,skipped,,,,,2026-04-05T00:47:14.683924
SayanShankhari,skipped,,,,,2026-04-05T00:47:32.272014
santosh-sahoo334,skipped,,,,,2026-04-05T00:47:35.292269
timothejoubert,skipped,FR,,10,0,2026-04-05T00:47:53.619488
robinsacher,skipped,CH,,72,0,2026-04-05T00:48:12.993075
avi-alpert,skipped,,,,,2026-04-05T00:48:16.313897
sejun-ahn,skipped,KR,,0,21,2026-04-05T00:48:28.648906
igca-firewall,skipped,,,,,2026-04-05T00:48:37.541292
timoxxor,skipped,,,,,2026-04-05T00:48:55.257812
Joao-Victor-Marques,skipped,,,,,2026-04-05T00:49:13.155657
kulakov,skipped,,,,,2026-04-05T00:49:28.792398
analicesouto,scored,BR,0.0527,52,16,2026-04-05T00:49:44.985255
HarshKadbe,skipped,IN,,4,10,2026-04-05T00:50:03.060762
vitroid,skipped,JP,,1,0,2026-04-05T00:50:22.508204
2D,skipped,CH,,0,0,2026-04-05T00:50:34.743055
mahajanharshalgithub,skipped,,,,,2026-04-05T00:50:53.835414
tlfwork,skipped,,,,,2026-04-05T00:51:06.272150
Farizmaul,skipped,,,,,2026-04-05T00:53:03.992544
Wren6991,skipped,GB,,0,0,2026-04-05T00:53:22.260241
viniciuszaccani,skipped,,,,,2026-04-05T00:53:40.379590
WorkInTheDark,skipped,,,,,2026-04-05T00:53:49.939019
Sinclo,skipped,US,,1,0,2026-04-05T00:54:03.451342
h-gw1767,skipped,,,,,2026-04-05T00:54:06.289007
keanusmall,skipped,,,,,2026-04-05T00:54:12.169306
itsshivamdwivedi,skipped,,,,,2026-04-05T00:54:30.641180
techshoww,skipped,,,,,2026-04-05T00:54:42.532407
stark2420,skipped,,,,,2026-04-05T00:54:51.659699
DominykasBubnys,skipped,LT,,,,2026-04-05T00:55:10.453627
Grolgoth,skipped,,,,,2026-04-05T00:55:30.299320
Olakunle2022,skipped,,,,,2026-04-05T00:55:49.437529
gabkhanfig,skipped,,,,,2026-04-05T00:56:04.525726
Denka88,skipped,,,,,2026-04-05T00:56:22.447832
npthuy-1110,skipped,,,,,2026-04-05T00:56:31.657313
nuwaninfo,skipped,FI,,1,0,2026-04-05T00:56:43.507947
Raika-sama,skipped,,,,,2026-04-05T00:56:59.209365
jstanton11,skipped,,,,,2026-04-05T00:57:14.456268
Hugo0O3,skipped,,,,,2026-04-05T00:57:32.892848
Not0Andrew,skipped,,,,,2026-04-05T00:57:51.359160
jazzminpearlduncan,skipped,,,,,2026-04-05T00:58:03.969709
yuval-benjamin,skipped,,,,,2026-04-05T00:58:24.536277
xtian08,skipped,,,,,2026-04-05T00:58:33.583498
pablovenica7,skipped,AR,,0,100,2026-04-05T00:58:45.895865
JannatulLima9575,skipped,BD,,0,100,2026-04-05T00:58:55.388457
parves371,skipped,,,,,2026-04-05T00:59:14.007039
NukeJS,skipped,NL,,5,0,2026-04-05T00:59:32.381905
LawyZheng,skipped,,,,,2026-04-05T00:59:41.486959
ericnewcomer,skipped,US,,0,0,2026-04-05T00:59:47.305144
INikolsion,skipped,,,,,2026-04-05T00:59:53.717661
DATAaurelio,skipped,,,,,2026-04-05T01:00:10.653288
muqeethkemuri,skipped,,,,,2026-04-05T01:00:20.028459
baeyubynn,skipped,,,,,2026-04-05T01:00:26.142103
aandrea-alex,skipped,,,,,2026-04-05T01:00:44.585167
sKazmy,skipped,,,,,2026-04-05T01:01:02.396395
Pathinker,skipped,,,,,2026-04-05T01:01:20.399159
Jiaxin-Wen,skipped,US,,0,0,2026-04-05T01:01:35.714133
AlcarazJust,skipped,,,,,2026-04-05T01:01:38.534013
knowledgefxg,skipped,,,,,2026-04-05T01:01:51.889020
RemasSalman,skipped,,,,,2026-04-05T01:02:10.168819
SachaHub,skipped,,,,,2026-04-05T01:02:19.105528
BDFFZI,skipped,,,,,2026-04-05T01:02:25.475738
Weiam1,skipped,,,,,2026-04-05T01:02:38.492933
srm2021lu,skipped,,,,,2026-04-05T01:02:45.376637
MedJaouada7,skipped,FR,,0,9,2026-04-05T01:03:00.210392
akildevs1004,skipped,,,,,2026-04-05T01:03:09.845395
olvgeex,skipped,,,,,2026-04-05T01:03:12.689043
Toni-Stark05,skipped,,,,,2026-04-05T01:03:30.951067
ChanglongJiangGit,skipped,,,,,2026-04-05T01:03:43.122633
caleholst,scored,US,0.037,63,37,2026-04-05T01:03:49.579736
GLOWXINNER,skipped,,,,,2026-04-05T01:04:01.822136
prakha194,skipped,,,,,2026-04-05T01:04:14.883155
RaoniSilvestre,skipped,,,,,2026-04-05T01:04:27.637818
legkovoyg,skipped,,,,,2026-04-05T01:04:43.580177
u4y0u,scored,FR,0.0242,88,12,2026-04-05T01:04:50.433767
svpontes,scored,PT,0.0688,47,53,2026-04-05T01:05:02.978567
StephenBarnes,skipped,ZA,,0,0,2026-04-05T01:05:21.680927
golubevaustina,skipped,,,,,2026-04-05T01:05:28.189247
eriktoller,skipped,SE,,0,0,2026-04-05T01:05:41.292849
carloocchiena,skipped,,,,,2026-04-05T01:05:48.042284
bytemoo,skipped,,,,,2026-04-05T01:05:54.822649
tizanstick,skipped,,,,,2026-04-05T01:06:01.006127
111Kaushal,skipped,,,,,2026-04-05T01:06:13.206057
Isabella-Rodriguez,skipped,,,,,2026-04-05T01:06:19.214195
mahmoudahmed2110,skipped,,,,,2026-04-05T01:06:31.198622
rulev,skipped,,,,,2026-04-05T01:06:46.320662
samtrion,scored,DE,0.0394,45,11,2026-04-05T01:06:59.874219
jake-t-dev,skipped,,,,,2026-04-05T01:07:18.506331
datht4889,skipped,,,,,2026-04-05T01:07:34.714364
kamite0611,skipped,,,,,2026-04-05T01:07:52.941708
ajax-ryzhyi-r,skipped,UA,,0,0,2026-04-05T01:07:55.899206
almyy,skipped,NO,,0,0,2026-04-05T01:08:13.855877
Advaith41,skipped,,,,,2026-04-05T01:08:32.390028
Marking-Time,skipped,,,,,2026-04-05T01:08:41.994751
andrewjswan,skipped,UA,,1,68,2026-04-05T01:08:53.068362
chrisoel,skipped,DE,,0,10,2026-04-05T01:09:05.486941
paquettm,scored,CA,0.0285,59,41,2026-04-05T01:09:15.595678
uwefladrich,scored,SE,0.2529,37,20,2026-04-05T01:09:23.077017
sebastianlandgraf,skipped,,,,,2026-04-05T01:09:41.389987
emanueldavidov,skipped,,,,,2026-04-05T01:09:53.806994
Mihenson,skipped,,,,,2026-04-05T01:10:14.395004
francescacarlon,scored,BE,0.0869,11,89,2026-04-05T01:10:30.394922
dsouzaalfred,skipped,GB,,20,0,2026-04-05T01:10:40.996445
gladisor,skipped,,,,,2026-04-05T01:10:43.850755
necto128,skipped,,,,,2026-04-05T01:10:53.183766
luispaulrm,skipped,,,,,2026-04-05T01:11:08.747155
SusanVa74,skipped,,,,,2026-04-05T01:11:15.077468
levente232,skipped,,,,,2026-04-05T01:11:17.873971
VioletCranberry,skipped,,,,,2026-04-05T01:11:35.900093
therealjin,skipped,,,,,2026-04-05T01:11:38.904452
DanishNasarudin,skipped,,,,,2026-04-05T01:11:51.979960
waleedAfzal12,skipped,,,,,2026-04-05T01:12:00.789702
Rahuljn2004,skipped,,,,,2026-04-05T01:12:18.950741
Diegoo1802,skipped,,,,,2026-04-05T01:12:34.646236
JorWo,skipped,,,,,2026-04-05T01:12:44.493117
ginftls,skipped,,,,,2026-04-05T01:13:02.806206
Persey92,skipped,,,,,2026-04-05T01:13:05.633443
CodeByBorges,skipped,,,,,2026-04-05T01:13:23.484308
4-dash,skipped,,,,,2026-04-05T01:13:41.203017
Dimon94,skipped,,,,,2026-04-05T01:13:47.140537
antoniocapelo,skipped,PT,,0,0,2026-04-05T01:13:59.610316
jacomago,skipped,SE,,0,3,2026-04-05T01:14:12.126187
dss-neto,skipped,,,,,2026-04-05T01:14:27.710722
FadyFadyFouad,skipped,,,,,2026-04-05T01:14:45.919161
azr4e1,skipped,,,,,2026-04-05T01:15:03.688990
zubkov-andrei,scored,RU,0.0997,16,49,2026-04-05T01:15:10.472605
ikhsanmasu,scored,ID,0.1762,38,53,2026-04-05T01:15:29.339188
piotrcurious,skipped,,,,,2026-04-05T01:15:45.469970
capefinn,skipped,,,,,2026-04-05T01:15:51.548775
Zhang-xzhe,skipped,,,,,2026-04-05T01:15:58.105898
TanaratW,skipped,,,,,2026-04-05T01:16:13.303690
cristian-delgadillo,skipped,,,,,2026-04-05T01:16:19.105959
StoryNiko,skipped,,,,,2026-04-05T01:16:21.901094
vineethm5,skipped,,,,,2026-04-05T01:16:40.083294
DevOps863,skipped,,,,,2026-04-05T01:16:58.848277
TheDevHorse,skipped,,,,,2026-04-05T01:17:17.807458
frostplexx,skipped,,,,,2026-04-05T01:17:37.295716
fatimoribeiro,skipped,BR,,18,0,2026-04-05T01:17:55.246508
MasoudSarafraz,skipped,,,,,2026-04-05T01:18:14.657053
martindocs,scored,GB,0.0647,30,70,2026-04-05T01:18:28.614950
adrienaury,skipped,FR,,0,0,2026-04-05T01:18:39.156791
Dozsss,skipped,,,,,2026-04-05T01:18:53.940286
romainyvernes,skipped,US,,0,0,2026-04-05T01:19:12.395818
yusuftor,skipped,GB,,0,0,2026-04-05T01:19:18.706127
mqasim23,skipped,,,,,2026-04-05T01:19:24.505531
nateweller,skipped,CA,,0,0,2026-04-05T01:19:43.808474
Pein2017,skipped,CN,,28,0,2026-04-05T01:19:58.908638
xxxxxxxxxfjx,skipped,,,,,2026-04-05T01:20:10.832111
ssoom98,skipped,,,,,2026-04-05T01:20:17.079622
guru-das-pr,skipped,,,,,2026-04-05T01:20:26.496480
daniel020605,skipped,CN,,58,1,2026-04-05T01:20:39.121886
CaptainBerkay35,skipped,,,,,2026-04-05T01:20:57.452755
basakjeet08,skipped,,,,,2026-04-05T01:21:06.845749
tenchanhe,skipped,,,,,2026-04-05T01:21:22.386239
EhrenRBraunlich,skipped,,,,,2026-04-05T01:21:28.262345
wawawaformation,skipped,,,,,2026-04-05T01:21:34.553272
Avijitbera,skipped,,,,,2026-04-05T01:21:46.634474
choesimin,skipped,KR,,2,98,2026-04-05T01:22:05.266257
wen-2018,skipped,,,,,2026-04-05T01:22:08.237035
alvaronaschez,skipped,,,,,2026-04-05T01:22:30.839856
MengFanjun020906,skipped,CN,,7,0,2026-04-05T01:22:42.928663
ankmay0,skipped,,,,,2026-04-05T01:22:58.783652
maazkhurshid60,skipped,,,,,2026-04-05T01:23:14.342227
SigmaGrzyb,skipped,,,,,2026-04-05T01:23:23.611097
maksimLeali,skipped,,,,,2026-04-05T01:23:42.504384
Drums180,skipped,CA,,73,0,2026-04-05T01:24:01.856066
2303A52136,skipped,,,,,2026-04-05T01:24:21.324391
samgcode,skipped,,,,,2026-04-05T01:24:27.593008
Pakkerman,skipped,CN,,0,1,2026-04-05T01:24:45.405716
Ray526,skipped,,,,,2026-04-05T01:25:00.376354
Jason-Rising,skipped,AU,,0,0,2026-04-05T01:25:19.106912
BrianJiang2021,skipped,,,,,2026-04-05T01:25:24.941625
GerardMartinus,scored,BR,0.0498,77,21,2026-04-05T01:25:37.735855
szergen,skipped,,,,,2026-04-05T01:25:55.829402
AliRezaBeigy,skipped,,,,,2026-04-05T01:26:15.214778
Guybrush3791,skipped,,,,,2026-04-05T01:26:32.897016
UttamKumarVarma,skipped,,,,,2026-04-05T01:26:50.914250
gmh570154,skipped,,,,,2026-04-05T01:27:09.364099
NeQuissimus,skipped,CA,,0,0,2026-04-05T01:27:27.686186
Kayy01,skipped,,,,,2026-04-05T01:27:34.348995
yarendilara,skipped,,,,,2026-04-05T01:27:49.424270
Leaandeer,skipped,,,,,2026-04-05T01:28:09.837466
cobycloud,skipped,,,,,2026-04-05T01:28:28.949107
zanehala,skipped,,,,,2026-04-05T01:28:44.232674
poornima529,skipped,,,,,2026-04-05T01:29:02.117174
Vicen04,skipped,,,,,2026-04-05T01:29:20.357675
anujsharma1506,skipped,,,,,2026-04-05T01:29:38.165978
Ritika0510,skipped,,,,,2026-04-05T01:29:53.243922
lupodkrov,skipped,,,,,2026-04-05T01:30:11.603177
TharawitJ,skipped,,,,,2026-04-05T01:30:29.881503
aish-tiw,skipped,,,,,2026-04-05T01:30:48.141133
Maxyandr,skipped,,,,,2026-04-05T01:30:51.129545
s183587,skipped,,,,,2026-04-05T01:30:57.270262
VMWA,skipped,SE,,0,65,2026-04-05T01:31:03.373525
kolyastepanets,skipped,,,,,2026-04-05T01:31:21.780401
harshinirangu,skipped,,,,,2026-04-05T01:31:33.580830
Baanaaana,skipped,,,,,2026-04-05T01:31:46.292402
llawlaw23,skipped,,,,,2026-04-05T01:31:52.823003
JasKaran-21,skipped,,,,,2026-04-05T01:32:11.559208
ainoam,skipped,,,,,2026-04-05T01:32:14.479178
mxlynz,skipped,,,,,2026-04-05T01:32:20.471163
lelyu,skipped,,,,,2026-04-05T01:32:35.673626
Neinpanda,skipped,,,,,2026-04-05T01:32:41.517091
ThaoNguyen9x,skipped,,,,,2026-04-05T01:32:47.557530
budzianowski,skipped,,,,,2026-04-05T01:33:05.033912
kenny-nguyen,skipped,US,,0,0,2026-04-05T01:33:17.455853
AdriCarrasco22,skipped,,,,,2026-04-05T01:33:38.605490
ali98nadhum,skipped,,,,,2026-04-05T01:33:56.393941
azeitler,skipped,DE,,0,6,2026-04-05T01:34:08.304144
xavfernandez,skipped,FR,,0,0,2026-04-05T01:34:14.329021
Camembertkimchi,skipped,,,,,2026-04-05T01:34:27.932598
antmuraha,skipped,UA,,0,0,2026-04-05T01:34:40.376234
joshuacolvin0,skipped,,,,,2026-04-05T01:34:43.279642
jennyberntsen,skipped,,,,,2026-04-05T01:34:49.132724
florianPat,skipped,DE,,0,0,2026-04-05T01:35:07.199218
PeterMirchev,skipped,,,,,2026-04-05T01:35:25.046850
hachi1994,skipped,,,,,2026-04-05T01:35:37.082475
Pranjal2237,skipped,,,,,2026-04-05T01:35:52.207318
IanLozano,skipped,,,,,2026-04-05T01:36:10.078701
chidinma550,skipped,,,,,2026-04-05T01:36:27.963659
Arhim0use,skipped,,,,,2026-04-05T01:36:46.500309
GustaVasconcelos,skipped,,,,,2026-04-05T01:37:04.659767
Eliott-B,scored,FR,0.0241,78,14,2026-04-05T01:37:24.006894
teoivancevic,skipped,,,,,2026-04-05T01:37:39.893858
CharlesNJoroge8822,skipped,,,,,2026-04-05T01:37:54.694818
ildyria,skipped,NL,,0,0,2026-04-05T01:38:10.153096
sebastiangrosfeld,skipped,PL,,18,3,2026-04-05T01:38:28.290333
MR-520DAI,skipped,,,,,2026-04-05T01:38:37.228466
lilydemet,skipped,,,,,2026-04-05T01:38:43.723467
elmhmmd,skipped,,,,,2026-04-05T01:39:01.792776
mdtareknrs,skipped,,,,,2026-04-05T01:39:13.713055
jeportie,skipped,FR,,0,76,2026-04-05T01:39:33.332197
rodrigo-o,skipped,,,,,2026-04-05T01:39:42.560089
RajibPaneru,skipped,,,,,2026-04-05T01:39:52.212291
MACDVPN,skipped,,,,,2026-04-05T01:40:10.279582
254GIanniDamon,skipped,,,,,2026-04-05T01:40:16.512797
diegodeb,skipped,BR,,0,1,2026-04-05T01:40:32.883763
leighhobson89,skipped,,,,,2026-04-05T01:40:51.294198
lfw529,skipped,,,,,2026-04-05T01:41:02.998644
MetalShellImpaler,skipped,,,,,2026-04-05T01:41:22.253376
united360,skipped,,,,,2026-04-05T01:41:27.928734
r4mpage4,skipped,,,,,2026-04-05T01:41:34.541039
iannellilorenzo,skipped,,,,,2026-04-05T01:41:52.612214
sajad2025,skipped,US,,0,24,2026-04-05T01:42:07.957655
simonwangai17,skipped,,,,,2026-04-05T01:42:26.211672
dgarros,skipped,FR,,0,0,2026-04-05T01:42:34.996323
TranMyNhi,skipped,,,,,2026-04-05T01:42:41.734634
thesamovar,skipped,,,,,2026-04-05T01:43:00.516337
chrysanthusobinna,skipped,GB,,0,17,2026-04-05T01:43:15.615871
tanelr94,skipped,,,,,2026-04-05T01:43:30.917419
Brandon110903,skipped,,,,,2026-04-05T01:43:48.587860
Rahien,skipped,,,,,2026-04-05T01:43:57.318945
EckBen,skipped,,,,,2026-04-05T01:44:15.124066
leszekszpunar,skipped,PL,,0,100,2026-04-05T01:44:25.663473
Arth-DEVOPS,skipped,,,,,2026-04-05T01:44:37.828961
YeshiaCabatingan,skipped,,,,,2026-04-05T01:44:43.903651
DakotaGagne,skipped,CA,,0,73,2026-04-05T01:44:59.530321
MasterChain19,skipped,,,,,2026-04-05T01:45:18.873199
axkar,skipped,,,,,2026-04-05T01:45:21.711151
GAJULAVISHAL,skipped,,,,,2026-04-05T01:45:41.343214
huntingcodes-001,skipped,,,,,2026-04-05T01:45:59.837500
toxa81,skipped,CH,,0,0,2026-04-05T01:46:09.059423
manningt,skipped,US,,0,0,2026-04-05T01:46:27.525952
asing472,skipped,,,,,2026-04-05T01:46:45.959994
alexbreadcrumb,skipped,,,,,2026-04-05T01:46:52.415366
DylanAlz,skipped,,,,,2026-04-05T01:47:10.109811
bipuladh,skipped,IN,,0,0,2026-04-05T01:47:16.232134
ildarjans,skipped,,,,,2026-04-05T01:47:32.106136
ryan-vn,skipped,,,,,2026-04-05T01:47:39.124206
pwojcikdev,skipped,,,,,2026-04-05T01:47:47.920681
Sweekt,scored,FR,0.1246,35,53,2026-04-05T01:48:06.700811
3mmrrrNabil,skipped,,,,,2026-04-05T01:48:16.160737
abhishek200227,skipped,,,,,2026-04-05T01:48:33.828593
Jaseelkt007,skipped,DE,,0,100,2026-04-05T01:48:40.505234
trucalice,skipped,,,,,2026-04-05T01:48:58.423555
apnelson1,skipped,,,,,2026-04-05T01:49:04.617959
ntnyq,skipped,,,,,2026-04-05T01:49:14.707849
Wolfe1104,skipped,,,,,2026-04-05T01:49:25.687322
MuhammadRafay786,skipped,,,,,2026-04-05T01:49:43.442867
ramshiyams,skipped,,,,,2026-04-05T01:50:03.857285
CWillberg,skipped,,,,,2026-04-05T01:50:10.221823
AnalogJ,skipped,US,,0,0,2026-04-05T01:50:22.232390
PedroAlves05,skipped,BR,,1,27,2026-04-05T01:50:40.685774
developtheweb,scored,US,0.1743,10,11,2026-04-05T01:50:56.169691
jaVillena17,skipped,,,,,2026-04-05T01:51:03.104036
userahmad6780,skipped,PK,,5,0,2026-04-05T01:51:23.192697
kmo17032006,skipped,,,,,2026-04-05T01:51:26.021573
lucy66hw,skipped,,,,,2026-04-05T01:51:28.941375
kishorekumar-anchala,skipped,,,,,2026-04-05T01:51:40.329246
Lucasjrt2910,skipped,,,,,2026-04-05T01:51:49.155899
Y-elv,skipped,,,,,2026-04-05T01:52:08.083302
Isorudiil,skipped,,,,,2026-04-05T01:52:26.174493
keroro0402,skipped,,,,,2026-04-05T01:52:33.377880
FrederikLenz,skipped,,,,,2026-04-05T01:52:42.459988
Vinayakdwivedi,skipped,,,,,2026-04-05T01:53:00.530338
rajrohanyadav,skipped,,,,,2026-04-05T01:53:18.534144
sraha-git,skipped,,,,,2026-04-05T01:53:25.478398
wohers,skipped,,,,,2026-04-05T01:53:34.476993
lhphong-130304,skipped,,,,,2026-04-05T01:53:46.307343
abubakrsaddique,scored,PK,0.0383,13,9,2026-04-05T01:54:04.371590
astegosaurus-jay,skipped,,,,,2026-04-05T01:54:20.259002
zhihangli,skipped,,,,,2026-04-05T01:54:26.156455
Gamabyta24,skipped,,,,,2026-04-05T01:54:41.290419
lynnliang34,skipped,,,,,2026-04-05T01:54:59.701695
5Amogh,skipped,,,,,2026-04-05T01:55:02.677284
Virajawadh7857,skipped,IN,,0,7,2026-04-05T01:55:17.489029
NikitaEvgen,skipped,,,,,2026-04-05T01:55:23.403631
mmeigs,skipped,,,,,2026-04-05T01:55:35.576550
mathtiasse,skipped,,,,,2026-04-05T01:55:53.398187
adamdenverco,skipped,US,,0,0,2026-04-05T01:56:11.428344
Sundramkumari,skipped,,,,,2026-04-05T01:56:29.824707
jmobleyworks,skipped,,,,,2026-04-05T01:56:39.431024
TechnicalDC,scored,IN,0.0454,12,88,2026-04-05T01:56:45.781627
aleksklimow,skipped,,,,,2026-04-05T01:56:55.470191
amkusmec,skipped,,,,,2026-04-05T01:57:10.680162
EthanV1920,skipped,,,,,2026-04-05T01:57:29.295887
Numan-star,skipped,,,,,2026-04-05T01:57:47.533822
krisnaajiep,skipped,ID,,0,52,2026-04-05T01:58:05.757972
MissKay1994,skipped,,,,,2026-04-05T01:58:14.681894
JoyyCLangat,skipped,,,,,2026-04-05T01:58:30.419680
jinweicheng,skipped,CN,,0,0,2026-04-05T01:58:37.733791
vbojilova,skipped,,,,,2026-04-05T01:58:40.671894
ankitsharma38,scored,IN,0.0502,7,57,2026-04-05T01:58:56.268773
WorldLanguages,skipped,AR,,0,2,2026-04-05T01:59:15.690596
Travelbits,skipped,NL,,0,0,2026-04-05T01:59:18.678677
le2yunji,skipped,,,,,2026-04-05T01:59:37.122400
wahyudwypermana,skipped,,,,,2026-04-05T01:59:52.088102
natanvictor,skipped,,,,,2026-04-05T02:00:10.790220
davidly,scored,US,0.0315,51,5,2026-04-05T02:00:20.529683
alexbourgeois,skipped,FR,,3,0,2026-04-05T02:00:38.887552
H3ruBTW,skipped,,,,,2026-04-05T02:00:45.371101
JumboChips,skipped,,,,,2026-04-05T02:01:03.039686
TheDevAtlas,scored,US,0.0836,14,61,2026-04-05T02:01:20.286915
divyasheen,skipped,DE,,0,35,2026-04-05T02:01:39.052958
ericallam,skipped,GB,,0,0,2026-04-05T02:01:51.600670
jasonmcintosh,skipped,,,,,2026-04-05T02:02:08.617508
ihumaunkabir,skipped,NL,,0,0,2026-04-05T02:02:27.054144
TONNYLIME,skipped,,,,,2026-04-05T02:02:44.895332
Aresjr,skipped,,,,,2026-04-05T02:03:01.248277
GuiPich91,skipped,,,,,2026-04-05T02:03:07.226912
manuelachterberg,skipped,DE,,0,0,2026-04-05T02:03:17.484074
Soshinyaa,skipped,,,,,2026-04-05T02:03:35.920750
ibrijesh,skipped,IN,,0,0,2026-04-05T02:03:53.852722
dmccoystephenson,skipped,,,,,2026-04-05T02:04:11.572723
totonunez,skipped,,,,,2026-04-05T02:04:27.555764
wwahammy,skipped,,,,,2026-04-05T02:04:45.799473
wollfoo,skipped,,,,,2026-04-05T02:04:56.622184
ianjmacintosh,skipped,,,,,2026-04-05T02:05:02.637064
GabrielNascimentoPaesLeme,skipped,,,,,2026-04-05T02:05:20.744688
JasonPowr,skipped,IE,,0,0,2026-04-05T02:05:38.560838
sachawertg,skipped,,,,,2026-04-05T02:05:44.959453
88BahaaAdel88,skipped,,,,,2026-04-05T02:06:00.262215
Ithinkimbulletproof,skipped,,,,,2026-04-05T02:06:18.959686
jesse-public,skipped,,,,,2026-04-05T02:06:33.939088
wiljimen,scored,ES,0.024,26,27,2026-04-05T02:06:52.138529
apcball,skipped,,,,,2026-04-05T02:06:58.590454
ethanjamesauto,skipped,,,,,2026-04-05T02:07:14.371250
MarijkeStein,skipped,DE,,0,100,2026-04-05T02:07:26.930452
reschke,skipped,,,,,2026-04-05T02:07:36.598909
Undistraction,skipped,,,,,2026-04-05T02:07:48.551924
tbg,skipped,,,,,2026-04-05T02:08:03.839152
Lynxidd,skipped,,,,,2026-04-05T02:08:18.431572
bharathi999999,skipped,,,,,2026-04-05T02:08:27.446231
amiralimollaei,skipped,IR,,,,2026-04-05T02:08:43.654990
A-Bahadori,skipped,,,,,2026-04-05T02:08:56.426689
Xen-Xie,skipped,BD,,0,2,2026-04-05T02:09:14.454511
tordnat,skipped,,,,,2026-04-05T02:09:33.476342
Arth489,skipped,,,,,2026-04-05T02:09:46.417259
MGreco2112,skipped,,,,,2026-04-05T02:10:04.603885
jjuyii49,skipped,,,,,2026-04-05T02:10:10.838983
tonte-pouncil,skipped,US,,0,0,2026-04-05T02:10:25.704915
pushpakveer,skipped,IN,,92,0,2026-04-05T02:10:41.302711
kawasaki006,skipped,,,,,2026-04-05T02:10:55.234252
AnnMarieW,skipped,,,,,2026-04-05T02:11:07.370465
M-Ragav,skipped,,,,,2026-04-05T02:11:26.091505
Kuma-JLA,skipped,,,,,2026-04-05T02:11:38.528382
jMujunen,skipped,,,,,2026-04-05T02:11:45.041595
kiranusha13,skipped,,,,,2026-04-05T02:12:03.105675
forchain,skipped,CN,,0,0,2026-04-05T02:12:06.052529
zyang0422,skipped,,,,,2026-04-05T02:12:09.030484
mtt-cc,skipped,IT,,0,42,2026-04-05T02:12:21.251579
jihunparkme,skipped,KR,,0,0,2026-04-05T02:12:38.925518
BKSchatzki,skipped,,,,,2026-04-05T02:12:45.684559
vikttorcostta,skipped,,,,,2026-04-05T02:13:04.591372
spaiK111,skipped,DE,,0,100,2026-04-05T02:13:14.247635
gikpreet,skipped,,,,,2026-04-05T02:13:20.628878
sellout,skipped,US,,1,0,2026-04-05T02:13:27.200346
lspriv,skipped,,,,,2026-04-05T02:13:34.352452
Rohaz-bhalla,skipped,,,,,2026-04-05T02:13:49.821952
vblaskovics,skipped,,,,,2026-04-05T02:13:52.826705
Navi9519,skipped,,,,,2026-04-05T02:14:10.582964
RahulJingar,skipped,,,,,2026-04-05T02:14:20.131173
SonaySorokun,skipped,,,,,2026-04-05T02:14:26.432418
staciekoslovsky-noaa,scored,US,0.0547,17,67,2026-04-05T02:14:44.998065
twowaterssophia,skipped,,,,,2026-04-05T02:14:47.813810
LarinNikita,skipped,,,,,2026-04-05T02:15:04.268538
fancypigeon5,skipped,,,,,2026-04-05T02:15:19.563047
DenDmik,skipped,,,,,2026-04-05T02:15:37.430906
cakinshin,skipped,,,,,2026-04-05T02:15:43.756544
strengv1,skipped,,,,,2026-04-05T02:15:56.157515
dtzr09,skipped,SG,,57,2,2026-04-05T02:16:15.284551
HutaroZ12,skipped,,,,,2026-04-05T02:16:21.150560
Suvam093,skipped,,,,,2026-04-05T02:16:35.880125
olliswe,skipped,DE,,0,0,2026-04-05T02:16:56.683851
mulysan,scored,IL,0.0308,22,44,2026-04-05T02:17:03.796709
MashtalerOlha,skipped,,,,,2026-04-05T02:17:22.281855
Jean-ThomasM,skipped,,,,,2026-04-05T02:17:38.712725
seefs,skipped,,,,,2026-04-05T02:17:46.090229
UbaidMemon4,skipped,,,,,2026-04-05T02:18:04.087085
Mrunal1310,skipped,,,,,2026-04-05T02:18:16.808967
ronaemre,skipped,,,,,2026-04-05T02:18:34.546704
cheerik,skipped,,,,,2026-04-05T02:18:43.545210
zorzeus,skipped,RS,,,,2026-04-05T02:19:02.343012
parilo,skipped,,,,,2026-04-05T02:19:17.536172
thepalbi,skipped,ES,,0,0,2026-04-05T02:19:26.763090
abdulrahman-2,skipped,,,,,2026-04-05T02:19:44.406699
huozhi,skipped,,,,,2026-04-05T02:20:03.178713
giobus75,skipped,,,,,2026-04-05T02:20:07.465044
kkabilarTT,skipped,,,,,2026-04-05T02:20:10.486044
soltysh,skipped,PL,,1,9,2026-04-05T02:20:17.059791
zrg,skipped,,,,,2026-04-05T02:20:29.554408
melxin,skipped,NL,,0,0,2026-04-05T02:20:35.486816
megoosi,skipped,,,,,2026-04-05T02:20:53.649100
TonyTNP,skipped,,,,,2026-04-05T02:21:12.775444
streAMchak,skipped,,,,,2026-04-05T02:21:30.339865
sunprancekid,skipped,,,,,2026-04-05T02:21:42.851139
samu-sta,skipped,,,,,2026-04-05T02:22:01.218905
EtienneC30,skipped,FR,,0,0,2026-04-05T02:22:04.156165
S-H-GAMELINKS,skipped,,,,,2026-04-05T02:22:11.099701
pfpacheco,skipped,BR,,0,0,2026-04-05T02:22:27.008308
MaxTalberg,skipped,,,,,2026-04-05T02:22:42.849986
tarasiuk-michal,skipped,PL,,2,95,2026-04-05T02:23:02.196083
qqlmklz,skipped,,,,,2026-04-05T02:23:20.145395
y-fjmt,scored,JP,0.0595,22,14,2026-04-05T02:23:35.959361
SayanKar,skipped,IN,,0,0,2026-04-05T02:23:42.622926
dubssieg,skipped,,,,,2026-04-05T02:24:00.979193
gityeop,skipped,,,,,2026-04-05T02:24:18.574531
ichanner,skipped,,,,,2026-04-05T02:24:33.508061
nekotyan2d,skipped,,,,,2026-04-05T02:24:52.083709
jacob-kofoed,skipped,DK,,1,0,2026-04-05T02:25:07.517795
LWolf-roxtra,skipped,DE,,0,4,2026-04-05T02:25:16.352464
carlosjuliogarciaorjuela,skipped,,,,,2026-04-05T02:25:35.607434
MitchRM,skipped,,,,,2026-04-05T02:25:38.729691
NiallSom,skipped,,,,,2026-04-05T02:25:57.899443
AndriyMegeden,skipped,,,,,2026-04-05T02:26:16.302118
kallilsouza,skipped,,,,,2026-04-05T02:26:34.753525
ariadnarouco,skipped,ES,,0,0,2026-04-05T02:26:52.542479
Aarushi0010,skipped,IN,,17,1,2026-04-05T02:27:11.287314
bacho1601,skipped,,,,,2026-04-05T02:27:18.237043
Mrudhulam8,skipped,,,,,2026-04-05T02:27:39.461684
FarhanChauhan,skipped,,,,,2026-04-05T02:27:54.674901
artyviz,skipped,,,,,2026-04-05T02:28:13.000964
jackofallops,skipped,,,,,2026-04-05T02:28:27.853125
Sagar97735,skipped,,,,,2026-04-05T02:28:43.404614
kristian4res,skipped,,,,,2026-04-05T02:29:01.774520
Lucasponzoni,skipped,AR,,0,100,2026-04-05T02:29:08.935699
devojyoti96,skipped,,,,,2026-04-05T02:29:21.832397
AgnieszkaMucha,skipped,,,,,2026-04-05T02:29:28.305814
steadfasterX,skipped,,,,,2026-04-05T02:29:34.171186
Gabo1001,skipped,,,,,2026-04-05T02:29:46.191277
ugadavid,skipped,,,,,2026-04-05T02:30:01.687548
carere,scored,FR,0.0815,22,78,2026-04-05T02:30:14.933121
zihao-il,skipped,,,,,2026-04-05T02:30:21.584517
GeorgePavlidis,skipped,,,,,2026-04-05T02:30:33.555988
elysee35973,skipped,,,,,2026-04-05T02:30:48.781907
PoliMon-ui,skipped,,,,,2026-04-05T02:30:51.597353
sayanp607,skipped,IN,,0,17,2026-04-05T02:31:00.795953
kaiwu,skipped,,,,,2026-04-05T02:31:15.960102
ww-rm,skipped,,,,,2026-04-05T02:31:31.695300
Thijeshpraveen-V,skipped,,,,,2026-04-05T02:31:50.990695
Clinton1029,skipped,,,,,2026-04-05T02:32:00.228004
Nidhishree95,skipped,,,,,2026-04-05T02:32:21.304314
swdean07,skipped,,,,,2026-04-05T02:32:36.474328
kaabinawel,skipped,,,,,2026-04-05T02:32:45.104168
zollien,skipped,,,,,2026-04-05T02:32:57.397484
JosovD2,skipped,,,,,2026-04-05T02:33:06.447980
AkashiCoin,skipped,,,,,2026-04-05T02:33:09.403919
petriisola,skipped,US,,0,0,2026-04-05T02:33:15.182814
Cesar4D,skipped,,,,,2026-04-05T02:33:21.104346
blancgoat,skipped,,,,,2026-04-05T02:33:39.674108
omidfh,skipped,,,,,2026-04-05T02:33:57.406460
KTechnologya,skipped,,,,,2026-04-05T02:34:03.438830
MOHDMANZOORAHMED,skipped,,,,,2026-04-05T02:34:09.440113
PhiCtl,skipped,,,,,2026-04-05T02:34:25.499057
24134252-prasanth,skipped,,,,,2026-04-05T02:34:44.175380
hopepu,skipped,,,,,2026-04-05T02:35:02.803207
Ramyaaa3,skipped,,,,,2026-04-05T02:35:11.819642
gaaahee,skipped,,,,,2026-04-05T02:35:17.870094
natniv,skipped,,,,,2026-04-05T02:35:20.808056
niuiic,skipped,,,,,2026-04-05T02:35:27.304103
nicolestangents,skipped,,,,,2026-04-05T02:35:36.478645
HoneyTyagii,skipped,IN,,3,0,2026-04-05T02:35:54.290416
jlkvs,skipped,,,,,2026-04-05T02:36:12.589502
JorgeAugustoWilchen,skipped,BR,,0,35,2026-04-05T02:36:24.931766
ArthurBrussee,skipped,GB,,0,0,2026-04-05T02:36:40.307078
v1xingyue,skipped,,,,,2026-04-05T02:36:55.761992
CrimRecya,skipped,CN,,0,88,2026-04-05T02:37:03.325319
koyuki-avatar,skipped,,,,,2026-04-05T02:37:06.134245
robertcairo,skipped,,,,,2026-04-05T02:37:18.205053
RoboticWorx,skipped,,,,,2026-04-05T02:37:37.130719
hlts2,skipped,JP,,0,51,2026-04-05T02:37:47.107664
whc0216,skipped,,,,,2026-04-05T02:38:05.569201
SolovevaJulia,skipped,,,,,2026-04-05T02:38:18.282337
HundredBong,skipped,,,,,2026-04-05T02:38:36.573413
alexandre-daubois,skipped,FR,,29,1,2026-04-05T02:38:49.247094
sebastian-kostecki,skipped,PL,,4,0,2026-04-05T02:38:58.638133
TANGLA-KWON,skipped,,,,,2026-04-05T02:39:07.568649
simonvreeman,skipped,NL,,0,54,2026-04-05T02:39:17.454531
jpinedaf,skipped,DE,,0,0,2026-04-05T02:39:30.445575
gematik1,skipped,,,,,2026-04-05T02:39:39.540977
RahulJ1011,skipped,,,,,2026-04-05T02:39:57.450759
giddings32,skipped,,,,,2026-04-05T02:40:04.279659
mguerr77,skipped,,,,,2026-04-05T02:40:16.507366
Alifouaad24,skipped,,,,,2026-04-05T02:40:24.258435
leoromanovsky,skipped,US,,0,0,2026-04-05T02:40:39.113877
davebenvenuti,skipped,US,,0,0,2026-04-05T02:40:48.205668
seculoper235,skipped,KR,,0,1,2026-04-05T02:41:06.733323
EduAlnd,skipped,,,,,2026-04-05T02:41:18.976251
baguchi,skipped,JP,,0,100,2026-04-05T02:41:25.756372
AdamZh0u,skipped,GB,,0,1,2026-04-05T02:41:43.577156
VietnamSpirit,skipped,,,,,2026-04-05T02:41:50.070901
slmpc,skipped,CN,,6,2,2026-04-05T02:41:56.016686
Klaudia2101,skipped,,,,,2026-04-05T02:42:08.085217
hubartstephane,skipped,,,,,2026-04-05T02:42:14.909493
Sorakrit05,skipped,,,,,2026-04-05T02:42:33.250652
ikritiuk,skipped,DE,,0,0,2026-04-05T02:42:42.459807
Fr3itaz,skipped,,,,,2026-04-05T02:42:45.271701
SeanFroe,skipped,,,,,2026-04-05T02:43:06.016416
Nelyrma,skipped,FR,,100,0,2026-04-05T02:43:15.306027
BTMLTECH,skipped,,,,,2026-04-05T02:43:33.320563
CodeReading101,skipped,,,,,2026-04-05T02:43:44.892734
AhmedRady66,scored,EG,0.0818,19,81,2026-04-05T02:44:03.616494
RaghavNagi,skipped,,,,,2026-04-05T02:44:22.137787
xolotlwastaken,skipped,,,,,2026-04-05T02:44:40.643655
emersonloliver1,skipped,,,,,2026-04-05T02:44:50.343296
txuglassop,skipped,,,,,2026-04-05T02:45:02.778677
Sandile88,skipped,ZA,,0,23,2026-04-05T02:45:15.105579
betabites,skipped,,,,,2026-04-05T02:45:35.372550
Yaswanthram-396,skipped,,,,,2026-04-05T02:45:53.707806
insoo00,skipped,KR,,1,0,2026-04-05T02:46:08.790798
Haixing-Hu,skipped,CN,,0,0,2026-04-05T02:46:18.350665
KewyLee,skipped,,,,,2026-04-05T02:46:33.711383
MasterGiorgis,skipped,,,,,2026-04-05T02:46:46.554436
Peirceman,skipped,,,,,2026-04-05T02:47:05.439412
peoplespete,skipped,,,,,2026-04-05T02:47:21.138738
Kapil-2201,skipped,,,,,2026-04-05T02:47:30.646448
Sumanth-03,skipped,,,,,2026-04-05T02:47:42.579207
Revsgaard,skipped,DK,,0,0,2026-04-05T02:47:45.543923
adriancano89,skipped,,,,,2026-04-05T02:48:03.652600
PatricioVega04,skipped,,,,,2026-04-05T02:48:22.932346
ZL0D3Y,skipped,,,,,2026-04-05T02:48:32.067413
ea-dc,skipped,,,,,2026-04-05T02:48:38.047140
tanvir-ahmed-aiub,skipped,,,,,2026-04-05T02:48:55.802438
Xi1229,skipped,,,,,2026-04-05T02:49:04.795472
facsert,scored,CN,0.1232,82,18,2026-04-05T02:49:11.132630
torischuyler,skipped,,,,,2026-04-05T02:49:17.527233
robaho,scored,US,0.0337,37,63,2026-04-05T02:49:23.970252
jeetu-sah,skipped,IN,,14,0,2026-04-05T02:49:43.280153
Suryaprkash03,skipped,IN,,0,19,2026-04-05T02:49:58.433201
GabrielMaxUA,skipped,,,,,2026-04-05T02:50:17.148849
Vishal-bnsf,skipped,,,,,2026-04-05T02:50:19.988630
BrunoIannone,skipped,,,,,2026-04-05T02:50:32.875823
fobo66,skipped,EE,,,,2026-04-05T02:50:35.791727
aayambhatt,skipped,,,,,2026-04-05T02:50:54.481318
Louisoto,skipped,,,,,2026-04-05T02:51:04.076622
myths289,skipped,,,,,2026-04-05T02:51:13.162651
linsly-achang,skipped,,,,,2026-04-05T02:51:19.350435
hisham-asghar,skipped,,,,,2026-04-05T02:51:34.352120
ZgerskiiM,skipped,RU,,3,33,2026-04-05T02:51:52.586891
yamilmedina,skipped,DE,,0,0,2026-04-05T02:52:07.504767
MaxSergueev,skipped,,,,,2026-04-05T02:52:19.947292
uosq,skipped,BR,,0,100,2026-04-05T02:52:32.686668
cwrwbach,skipped,,,,,2026-04-05T02:52:51.479406
Jesuscleatfinder,skipped,,,,,2026-04-05T02:53:09.751409
lucasrussi,skipped,,,,,2026-04-05T02:53:27.764651
TDuy22,skipped,,,,,2026-04-05T02:53:46.074040
KWEngine,skipped,DE,,0,0,2026-04-05T02:53:57.945660
OgDev-01,skipped,NG,,0,0,2026-04-05T02:54:16.041658
jPkz1,skipped,,,,,2026-04-05T02:54:24.799357
Biralsth,skipped,,,,,2026-04-05T02:54:40.218706
podlaskialgorytm3,skipped,PL,,18,0,2026-04-05T02:54:58.439224
Tanesh-a4,skipped,,,,,2026-04-05T02:55:11.742754
pbastia,skipped,CA,,0,0,2026-04-05T02:55:14.707598
marcoslott,skipped,,,,,2026-04-05T02:55:24.331105
LeeJunKyu1010,skipped,,,,,2026-04-05T02:55:30.657378
YeudielRojas,skipped,,,,,2026-04-05T02:55:36.992520
Zeyu-Xie,scored,SE,0.0585,80,20,2026-04-05T02:55:47.447070
nguyen-v,skipped,CH,,0,0,2026-04-05T02:55:59.914706
AArKar,skipped,,,,,2026-04-05T02:56:21.416900
nicolanapa,skipped,IT,,93,0,2026-04-05T02:56:40.374943
NickolasSantosCremasco,skipped,,,,,2026-04-05T02:56:59.000910
jtweedle1,scored,US,0.0566,47,53,2026-04-05T02:57:15.059162
Jayden6849,skipped,KR,,0,100,2026-04-05T02:57:21.285610
Sam-art15,skipped,,,,,2026-04-05T02:57:36.805034
srozemuller,skipped,NL,,0,0,2026-04-05T02:57:47.504801
aaronjheng,skipped,CN,,0,100,2026-04-05T02:57:54.285937
bnmnetp,skipped,,,,,2026-04-05T02:58:06.816234
mirisa29,skipped,,,,,2026-04-05T02:58:21.842820
Mickael1639,skipped,,,,,2026-04-05T02:58:34.685786
rillig,skipped,DE,,1,7,2026-04-05T02:58:53.185130
g147,skipped,IN,,0,0,2026-04-05T02:59:10.893910
haza79,skipped,,,,,2026-04-05T02:59:26.023962
zatch4321,skipped,IN,,0,31,2026-04-05T02:59:44.503062
somu46,skipped,IN,,0,67,2026-04-05T02:59:54.778758
SumeetShelar,skipped,,,,,2026-04-05T03:00:13.165911
hex22a,skipped,,,,,2026-04-05T03:00:22.079765
EAllaucaD,skipped,,,,,2026-04-05T03:00:39.879747
mwisnowski,skipped,,,,,2026-04-05T03:00:53.180484
kajla-dhananjay,skipped,IN,,32,0,2026-04-05T03:01:08.988784
azrael417,skipped,CH,,0,0,2026-04-05T03:01:15.235750
yuzefovich,skipped,US,,0,0,2026-04-05T03:01:23.987745
liyijung,skipped,,,,,2026-04-05T03:01:30.384384
M-Iliass,skipped,,,,,2026-04-05T03:01:36.216166
Vovensky,skipped,,,,,2026-04-05T03:01:55.075097
SandersAccount,skipped,,,,,2026-04-05T03:02:10.334249
daniel-dihardja,skipped,,,,,2026-04-05T03:02:19.660756
burkocyigit,skipped,,,,,2026-04-05T03:02:37.627765
Teyrro,skipped,,,,,2026-04-05T03:02:58.426203
rakshitaaa,skipped,,,,,2026-04-05T03:03:16.169572
juuso-j,skipped,,,,,2026-04-05T03:03:19.100500
AlokaSeneviratne,skipped,,,,,2026-04-05T03:03:40.807007
KuBaN658,skipped,RU,,75,0,2026-04-05T03:03:59.234206
koura718,skipped,,,,,2026-04-05T03:04:15.354912
AxmatovB,skipped,UZ,,,,2026-04-05T03:04:34.434487
amouat,skipped,GB,,0,0,2026-04-05T03:04:52.992359
wulibeida79,skipped,,,,,2026-04-05T03:04:59.626207
alistair23,scored,AU,0.1755,38,23,2026-04-05T03:05:14.202815
funk443,skipped,,,,,2026-04-05T03:05:20.565728
alisina79,skipped,,,,,2026-04-05T03:05:38.648034
cardillan,skipped,,,,,2026-04-05T03:05:45.936076
varshasonigara,skipped,,,,,2026-04-05T03:05:52.002438
GabsEdits,skipped,MD,,,,2026-04-05T03:06:04.562612
MoDevelopsWebsites,skipped,,,,,2026-04-05T03:06:22.419403
jjmac281005,skipped,,,,,2026-04-05T03:06:41.028070
agarwalyashh,skipped,,,,,2026-04-05T03:06:57.208812
easygoing0114,skipped,JP,,0,100,2026-04-05T03:07:03.796721
khc41,skipped,,,,,2026-04-05T03:07:10.069421
nick1udwig,skipped,,,,,2026-04-05T03:07:22.429957
wilicksnger,skipped,,,,,2026-04-05T03:07:25.225005
CohenArthur,skipped,FR,,1,0,2026-04-05T03:07:37.591986
renovatio118,skipped,,,,,2026-04-05T03:07:47.388850
wellflat,skipped,JP,,26,1,2026-04-05T03:07:54.531276
dansondergaard,skipped,DK,,5,0,2026-04-05T03:08:13.251195
TooFuW,skipped,,,,,2026-04-05T03:08:23.204462
marleigha,skipped,,,,,2026-04-05T03:08:35.762341
Lelouuu01,skipped,,,,,2026-04-05T03:08:55.268493
darylbart,skipped,,,,,2026-04-05T03:09:13.232336
IacobZanoci,scored,IL,0.1848,12,60,2026-04-05T03:09:32.474003
cammyj1122,skipped,,,,,2026-04-05T03:09:44.583295
sandeep-001488,skipped,,,,,2026-04-05T03:10:02.611361
andrejborstnik,skipped,,,,,2026-04-05T03:10:12.062595
Viniciusgsilvaa,skipped,,,,,2026-04-05T03:10:27.830851
stephen-devops,skipped,,,,,2026-04-05T03:10:44.121878
denisSal,skipped,HR,,,,2026-04-05T03:10:47.078704
david-ikenna-ezekiel,skipped,GB,,2,67,2026-04-05T03:11:06.264112
jyotisaras12,skipped,IN,,0,43,2026-04-05T03:11:24.467527
Sam-Mce,skipped,,,,,2026-04-05T03:11:33.474955
SayoojThottayikkal,skipped,,,,,2026-04-05T03:11:54.364219
costateixeira,skipped,,,,,2026-04-05T03:12:06.442501
wlans,skipped,,,,,2026-04-05T03:12:24.346338
TwilightPSN,skipped,,,,,2026-04-05T03:12:31.256517
nntoan209,skipped,VN,,57,1,2026-04-05T03:12:49.967117
nejidevelops,skipped,KE,,6,1,2026-04-05T03:13:07.988125
BlameTwo,skipped,CN,,33,0,2026-04-05T03:13:26.719998
aghiadodeh,skipped,,,,,2026-04-05T03:13:45.032093
Jeongseunghun,skipped,KR,,8,0,2026-04-05T03:14:03.458790
sverhoeven,skipped,,,,,2026-04-05T03:14:15.921876
Mariia-Shtefiuk,skipped,,,,,2026-04-05T03:14:34.625502
sharathkumarvytla,skipped,,,,,2026-04-05T03:14:46.758587
marceloohenr,skipped,,,,,2026-04-05T03:14:56.062820
ALEXEESI,skipped,,,,,2026-04-05T03:15:13.841478
illyawwwti,skipped,,,,,2026-04-05T03:15:20.175769
NolanTrem,skipped,,,,,2026-04-05T03:15:35.906841
hikkiyomi,skipped,RU,,73,0,2026-04-05T03:15:59.185595
PQPMath3ws,scored,BR,0.0301,33,13,2026-04-05T03:16:20.269118
faizprst,skipped,,,,,2026-04-05T03:16:26.079399
mdroidian,skipped,,,,,2026-04-05T03:16:32.136719
Marc-Hab,skipped,,,,,2026-04-05T03:16:41.529407
kubranoa,skipped,TR,,0,57,2026-04-05T03:17:00.046219
ayoubbenmbarek,skipped,,,,,2026-04-05T03:17:05.873444
e-frontier-systems,skipped,,,,,2026-04-05T03:17:21.202658
sunscorched,skipped,,,,,2026-04-05T03:17:27.900611
lucasdu2,skipped,,,,,2026-04-05T03:17:37.274969
davebelais,skipped,US,,0,90,2026-04-05T03:17:46.963273
ALTRIN43,skipped,IN,,0,100,2026-04-05T03:18:05.980267
Coop-de-gra,skipped,,,,,2026-04-05T03:18:18.694964
aniketshakya17,skipped,,,,,2026-04-05T03:18:36.819087
TheoMcCabe,skipped,,,,,2026-04-05T03:18:48.711731
MuhammadIeyan,skipped,,,,,2026-04-05T03:19:01.255696
aimaniahub,skipped,,,,,2026-04-05T03:19:19.745894
hirntot,skipped,,,,,2026-04-05T03:19:26.833567
dattakumar906,skipped,,,,,2026-04-05T03:19:42.013703
MedHeikelBouzayene,skipped,,,,,2026-04-05T03:19:51.075011
anika1604,skipped,,,,,2026-04-05T03:20:10.823377
dnsque,skipped,,,,,2026-04-05T03:20:29.996521
teohhanhui,skipped,MY,,0,0,2026-04-05T03:20:33.007167
diegoende,skipped,,,,,2026-04-05T03:20:42.025081
jenri019,skipped,,,,,2026-04-05T03:20:54.406490
Rafe19999,skipped,,,,,2026-04-05T03:21:12.591081
Hellomorjina,skipped,BD,,0,24,2026-04-05T03:21:30.548819
Yab112,skipped,ET,,,,2026-04-05T03:21:39.694938
Insterstellar,skipped,,,,,2026-04-05T03:21:51.850164
KiraYuzu,skipped,,,,,2026-04-05T03:21:57.810635
clearink,skipped,,,,,2026-04-05T03:22:16.436916
Sathmi1234,skipped,,,,,2026-04-05T03:22:34.437830
GaladrielZhao,skipped,CN,,0,0,2026-04-05T03:22:40.266675
scottleedavis,skipped,US,,10,0,2026-04-05T03:22:56.847454
rknj,skipped,,,,,2026-04-05T03:23:06.913448
thomasmfx,skipped,BR,,0,92,2026-04-05T03:23:19.612923
Skordio,scored,US,0.0973,81,19,2026-04-05T03:23:32.402723
iyiol35,skipped,,,,,2026-04-05T03:23:50.898855
jasoncavanaugh,skipped,,,,,2026-04-05T03:24:06.883731
tw4452852,skipped,,,,,2026-04-05T03:24:25.239919
Medeiros09,skipped,,,,,2026-04-05T03:24:38.925079
AleksanderSklorz,skipped,,,,,2026-04-05T03:24:54.375117
LyuboslavYotsov,skipped,,,,,2026-04-05T03:25:12.838590
Tymosulek,skipped,,,,,2026-04-05T03:25:19.150091
Scofieldfree,skipped,,,,,2026-04-05T03:25:25.057533
fzamiche,skipped,,,,,2026-04-05T03:25:40.583719
HoeenCoder,skipped,US,,0,0,2026-04-05T03:25:52.805538
jacobthill,skipped,,,,,2026-04-05T03:26:02.646682
ricki876,skipped,,,,,2026-04-05T03:26:11.813822
amritgyawali,skipped,,,,,2026-04-05T03:26:29.388294
Aizaj506,skipped,,,,,2026-04-05T03:26:47.622380
vektordev,skipped,,,,,2026-04-05T03:27:03.365994
madhu-3,skipped,IN,,1,2,2026-04-05T03:27:21.306531
pranayyerra,skipped,IN,,0,0,2026-04-05T03:27:24.329562
chatbot-aidoc,skipped,,,,,2026-04-05T03:27:36.152889
GiggyMantis,skipped,,,,,2026-04-05T03:27:52.180917
gip,skipped,,,,,2026-04-05T03:28:04.431587
gulshank0,skipped,IN,,0,63,2026-04-05T03:28:20.224744
tamasmak,skipped,HU,,0,0,2026-04-05T03:28:23.059393
nosz,skipped,,,,,2026-04-05T03:28:29.829756
dotVenv,skipped,,,,,2026-04-05T03:28:37.325843
mattbeckstrom,skipped,,,,,2026-04-05T03:28:43.436057
Reinhartsamuel,skipped,,,,,2026-04-05T03:29:01.398575
NicoloGiuliani,skipped,IT,,0,7,2026-04-05T03:29:19.106003
Sanjeevk249116,skipped,,,,,2026-04-05T03:29:34.120259
Amir-Suyundukov,skipped,,,,,2026-04-05T03:29:52.667146
fdavis10,skipped,RU,,0,42,2026-04-05T03:30:11.336036
prathamesh-sonpatki,skipped,IN,,0,0,2026-04-05T03:30:20.463804
sreyasnamboothiris,skipped,,,,,2026-04-05T03:30:38.476639
Dharaneeswar-Reddy-Avula,skipped,,,,,2026-04-05T03:30:56.393469
AnisaHamid,skipped,,,,,2026-04-05T03:31:14.860028
junho-baek,skipped,KR,,36,0,2026-04-05T03:31:29.990150
techcompare,skipped,,,,,2026-04-05T03:31:37.092636
saumyatalwani,scored,IN,0.0695,9,82,2026-04-05T03:31:56.404231
jeandudey,skipped,ES,,0,0,2026-04-05T03:32:08.918812
Shubhanker01,skipped,,,,,2026-04-05T03:32:31.254417
Hacterm,skipped,,,,,2026-04-05T03:32:40.138461
vjp-pabloCP,skipped,,,,,2026-04-05T03:32:46.254874
kittawat-thongpud,skipped,,,,,2026-04-05T03:32:55.653385
GuitarPro7387,skipped,,,,,2026-04-05T03:33:13.700194
PedreAltair,skipped,,,,,2026-04-05T03:33:29.890246
Sudha2804,skipped,,,,,2026-04-05T03:33:48.525876
Hawk200014,skipped,,,,,2026-04-05T03:34:07.623611
doriandarren,skipped,,,,,2026-04-05T03:34:22.379780
RajKum7r,skipped,IN,,0,33,2026-04-05T03:34:40.581622
hpgo6688,skipped,,,,,2026-04-05T03:34:43.530881
Abdullah001butt,skipped,AE,,3,6,2026-04-05T03:34:58.422086
thiagowfx,skipped,,,,,2026-04-05T03:35:05.581055
HaydenMcT,skipped,,,,,2026-04-05T03:35:14.888358
hjy9725,skipped,,,,,2026-04-05T03:35:30.353270
marius-sucan,scored,RO,0.0735,7,6,2026-04-05T03:35:37.170181
Notch-X,skipped,,,,,2026-04-05T03:35:49.907728
phoenix-chipdesign,skipped,,,,,2026-04-05T03:36:08.527136
EthanMMcoding,skipped,,,,,2026-04-05T03:36:14.796698
RoosterOnFire,skipped,EE,,,,2026-04-05T03:36:17.711586
retefer,skipped,,,,,2026-04-05T03:36:24.277120
KomaEc,skipped,CA,,0,0,2026-04-05T03:36:34.053250
ungerik,scored,AT,0.1776,6,16,2026-04-05T03:36:46.814309
amirmabhout,skipped,DE,,0,16,2026-04-05T03:36:59.187182
Netanelsha,skipped,,,,,2026-04-05T03:37:08.503294
stouitou,skipped,FR,,0,22,2026-04-05T03:37:23.922700
awals829,skipped,,,,,2026-04-05T03:37:42.663438
2Fick,skipped,,,,,2026-04-05T03:37:51.906297
steven1281,skipped,,,,,2026-04-05T03:38:00.938424
aashish-65,skipped,,,,,2026-04-05T03:38:19.025916
TaeHoon96,skipped,,,,,2026-04-05T03:38:36.948129
orhanveli,skipped,,,,,2026-04-05T03:38:54.964430
Galeofan,skipped,,,,,2026-04-05T03:39:01.306003
TarkhovAndrei,skipped,US,,6,4,2026-04-05T03:39:16.710256
fahoodey,skipped,,,,,2026-04-05T03:39:19.531915
Agussdz,skipped,,,,,2026-04-05T03:39:37.789640
ValyaAlex,skipped,,,,,2026-04-05T03:39:57.256180
optimisme,skipped,,,,,2026-04-05T03:40:15.653671
schulzrobin,skipped,CH,,0,100,2026-04-05T03:40:26.849061
ghostinhershell,skipped,,,,,2026-04-05T03:40:42.335849
mariekexs,skipped,,,,,2026-04-05T03:40:45.149022
Jonathan-Martin2425,skipped,,,,,2026-04-05T03:40:57.715129
ayrahcasudip,skipped,,,,,2026-04-05T03:41:17.202190
ChinHairSaintClair,skipped,,,,,2026-04-05T03:41:33.457844
drepkovsky,skipped,SK,,,,2026-04-05T03:41:46.887166
filip-stepien,skipped,,,,,2026-04-05T03:41:59.363519
Timofejjj,skipped,,,,,2026-04-05T03:42:12.381296
TonyBRoman,skipped,,,,,2026-04-05T03:42:26.385545
antonbEC,skipped,,,,,2026-04-05T03:42:32.170607
adiii3692,scored,CA,0.0293,33,67,2026-04-05T03:42:45.323895
ethangeralt,skipped,,,,,2026-04-05T03:43:03.636557
Krishnamohanrao777,skipped,,,,,2026-04-05T03:43:15.871738
PontusEdvardsson,skipped,,,,,2026-04-05T03:43:30.806390
SKRTEEEEEE,skipped,,,,,2026-04-05T03:43:49.707137
nadavsteindler,skipped,,,,,2026-04-05T03:43:56.008667
gihyeon6394,skipped,KR,,100,0,2026-04-05T03:44:02.761206
morteza1976,skipped,,,,,2026-04-05T03:44:14.390625
tony-nz,scored,NZ,0.0714,31,42,2026-04-05T03:44:26.896816
rifqyar,skipped,,,,,2026-04-05T03:44:45.361679
Yimyom3,skipped,,,,,2026-04-05T03:44:52.344464
dam2452,scored,PL,0.1264,73,26,2026-04-05T03:45:11.432105
temulenbd,scored,IE,0.0545,7,89,2026-04-05T03:45:23.835256
ethanyuzon,skipped,,,,,2026-04-05T03:45:39.554833
varshini-0506,skipped,,,,,2026-04-05T03:45:58.866398
thanhncpc03458,skipped,,,,,2026-04-05T03:46:10.323743
Ousalou,skipped,,,,,2026-04-05T03:46:25.531712
Orpheus-3145,skipped,NL,,100,0,2026-04-05T03:46:31.960369
haifashah,skipped,,,,,2026-04-05T03:46:37.762488
LauraBeatris,skipped,BR,,0,0,2026-04-05T03:46:54.396208
davelopez,skipped,,,,,2026-04-05T03:46:57.394069
Badr-Ahmed12,skipped,,,,,2026-04-05T03:47:15.789934
bansp,skipped,,,,,2026-04-05T03:47:21.766255
PavanKumarKosuri,skipped,,,,,2026-04-05T03:47:39.626813
aetting,skipped,,,,,2026-04-05T03:47:57.946811
kaalam,scored,ES,0.0491,16,84,2026-04-05T03:48:04.499157
ukey77,skipped,KR,,0,55,2026-04-05T03:48:22.929950
Dalnec,skipped,,,,,2026-04-05T03:48:41.687404
nguyendangtaan,skipped,,,,,2026-04-05T03:48:54.064824
tonia83731,skipped,,,,,2026-04-05T03:49:09.560073
deciraptor,skipped,,,,,2026-04-05T03:49:25.257958
squelix,skipped,FR,,0,0,2026-04-05T03:49:31.280382
claudiubelu,skipped,RO,,0,0,2026-04-05T03:49:35.642892
agabanach11,skipped,,,,,2026-04-05T03:49:41.340474
TheDZhon,skipped,,,,,2026-04-05T03:49:56.789158
lotharbach,skipped,,,,,2026-04-05T03:50:02.885073
cygullem,scored,PH,0.048,14,86,2026-04-05T03:50:22.935327
sebrast,skipped,,,,,2026-04-05T03:50:25.746780
dlzs2515,skipped,,,,,2026-04-05T03:50:44.278078
rroldan,skipped,,,,,2026-04-05T03:50:56.169164
alirezakayvan,skipped,,,,,2026-04-05T03:51:05.643103
Chrissystk,skipped,,,,,2026-04-05T03:51:23.410492
racky10,skipped,,,,,2026-04-05T03:51:38.510167
JELiu0928,skipped,,,,,2026-04-05T03:51:57.189034
Lesley-w19,skipped,,,,,2026-04-05T03:52:15.554455
wojciech11,skipped,DE,,2,0,2026-04-05T03:52:32.253345
JaiswalKritika,skipped,,,,,2026-04-05T03:52:50.612275
hardik121121,scored,IN,0.0364,28,13,2026-04-05T03:53:09.079462
Totragool,skipped,,,,,2026-04-05T03:53:14.773559
Osoapy,skipped,BR,,3,97,2026-04-05T03:53:27.671950
eltaigon,skipped,,,,,2026-04-05T03:53:36.299683
SaulVas,skipped,,,,,2026-04-05T03:53:46.425615
artsartsa,skipped,,,,,2026-04-05T03:53:52.436069
MargaritaPekutovska,skipped,DE,,0,97,2026-04-05T03:54:03.085641
fmaida,skipped,IT,,0,2,2026-04-05T03:54:22.654072
Zainap16,skipped,,,,,2026-04-05T03:54:38.555850
Miguel-EpicJS,skipped,,,,,2026-04-05T03:54:57.918841
talhaazfar4722,skipped,,,,,2026-04-05T03:55:16.360630
drfuri,skipped,,,,,2026-04-05T03:55:24.365276
myurkunas,skipped,,,,,2026-04-05T03:55:42.061279
erikrj,skipped,,,,,2026-04-05T03:55:47.963473
Jakob-Materna,skipped,,,,,2026-04-05T03:56:04.099791
DanielHernandezTalla,skipped,,,,,2026-04-05T03:56:27.865817
LuizFRBZ,skipped,,,,,2026-04-05T03:56:39.885060
qigai123,skipped,,,,,2026-04-05T03:56:46.439272
areri7896,skipped,,,,,2026-04-05T03:57:04.389616
andrew0samir,skipped,,,,,2026-04-05T03:57:22.755350
FoUndY121,skipped,,,,,2026-04-05T03:57:42.002761
zandrad10,skipped,,,,,2026-04-05T03:57:44.819111
mohtaram006,skipped,,,,,2026-04-05T03:57:57.416972
kksona,skipped,,,,,2026-04-05T03:58:12.641467
eissafaheem,skipped,,,,,2026-04-05T03:58:30.857722
Riddhith,skipped,,,,,2026-04-05T03:58:36.822489
rodrigomescua,skipped,,,,,2026-04-05T03:58:44.111168
luuucasmoreira,skipped,,,,,2026-04-05T03:59:01.730800
kiranrao14,skipped,,,,,2026-04-05T03:59:19.706258
rudojr,skipped,,,,,2026-04-05T03:59:37.461888
kravciak,skipped,CZ,,0,2,2026-04-05T03:59:47.150906
joedolson,skipped,,,,,2026-04-05T03:59:55.895099
ekranas,skipped,,,,,2026-04-05T04:00:04.649614
Yu-Leo,skipped,RU,,2,0,2026-04-05T04:00:11.363009
aquarapax,skipped,,,,,2026-04-05T04:00:29.404398
hetvipatel15,skipped,,,,,2026-04-05T04:00:48.139424
SamKaiYang,skipped,TW,,0,0,2026-04-05T04:01:06.203908
garyghayrat,skipped,US,,0,0,2026-04-05T04:01:21.895765
g1eny0ung,scored,CN,0.0347,35,22,2026-04-05T04:01:28.278349
itdotnet,skipped,,,,,2026-04-05T04:01:47.091386
Kruzk02,scored,VN,0.1327,6,94,2026-04-05T04:02:03.809470
KorD32,skipped,ID,,0,46,2026-04-05T04:02:22.179880
EphraimYou,skipped,EG,,0,58,2026-04-05T04:02:41.375427
Arudejensen,skipped,,,,,2026-04-05T04:02:56.670089
ryanvandrunen,skipped,CA,,99,1,2026-04-05T04:03:09.469588
Cat-Nitro,skipped,,,,,2026-04-05T04:03:12.437307
maniSbindra,skipped,,,,,2026-04-05T04:03:21.402959
piero-c,skipped,,,,,2026-04-05T04:03:34.027028
jschick04,skipped,,,,,2026-04-05T04:03:52.721914
Tkapesa,skipped,,,,,2026-04-05T04:04:10.329987
ogarridojimenez,skipped,,,,,2026-04-05T04:04:30.922076
willeastcott,skipped,GB,,0,0,2026-04-05T04:04:33.865760
Venkatesh123-start,skipped,IN,,0,72,2026-04-05T04:04:52.883870
muntasirrifat23,skipped,BD,,25,0,2026-04-05T04:05:11.056862
macielti,scored,BR,0.0617,36,9,2026-04-05T04:05:30.539721
vik673,skipped,,,,,2026-04-05T04:05:48.425807
kuwelym,skipped,,,,,2026-04-05T04:06:07.693168
bigbang279,skipped,,,,,2026-04-05T04:06:26.323351
mimowo,skipped,PL,,0,0,2026-04-05T04:06:32.718702
TechWithSajan,skipped,IN,,0,60,2026-04-05T04:06:52.009270
jacobschaer,skipped,US,,0,0,2026-04-05T04:07:03.722991
Jenish-lezdo,skipped,,,,,2026-04-05T04:07:09.810770
dsyer,skipped,GB,,0,0,2026-04-05T04:07:25.537581
anushas,skipped,,,,,2026-04-05T04:07:28.427178
CyanDevs,skipped,CA,,0,0,2026-04-05T04:07:37.388821
AyushRaturi,skipped,IN,,0,67,2026-04-05T04:07:53.959966
mgiannini,skipped,US,,0,0,2026-04-05T04:08:11.795832
Crustwerk,skipped,IT,,0,57,2026-04-05T04:08:24.099438
Nikolay20102,skipped,,,,,2026-04-05T04:08:33.111626
8954sood,skipped,KR,,7,0,2026-04-05T04:08:48.318179
arianejasuwienas,skipped,,,,,2026-04-05T04:08:52.614596
ISHITA-PATOLIYA792,skipped,,,,,2026-04-05T04:09:11.015897
m-otch,skipped,,,,,2026-04-05T04:09:25.703642
aih8,skipped,CN,,0,2,2026-04-05T04:09:37.475443
MJM27,skipped,,,,,2026-04-05T04:09:47.092127
NicoBoni55,skipped,,,,,2026-04-05T04:09:59.387249
thienantv,skipped,,,,,2026-04-05T04:10:18.134474
guobin211,skipped,,,,,2026-04-05T04:10:24.746045
nu113d,scored,GR,0.0337,13,16,2026-04-05T04:10:42.989442
ben9809,skipped,,,,,2026-04-05T04:10:57.891703
sirmichaelblackrose,skipped,,,,,2026-04-05T04:11:03.833947
degenerateddev,skipped,DE,,0,0,2026-04-05T04:11:15.541275
YasirRizqi,skipped,,,,,2026-04-05T04:11:28.884938
omige,skipped,CN,,0,0,2026-04-05T04:11:40.540294
jkscript,skipped,,,,,2026-04-05T04:11:55.319074
Ozzy971,skipped,,,,,2026-04-05T04:12:14.809602
absuoord1-1,skipped,,,,,2026-04-05T04:12:21.004535
fahlmant,skipped,,,,,2026-04-05T04:12:36.862150
mr6208,skipped,,,,,2026-04-05T04:12:48.936161
adnrussg,skipped,,,,,2026-04-05T04:13:07.090868
ermeneses,skipped,,,,,2026-04-05T04:13:25.728039
ManuelReyes-ITB2425,skipped,,,,,2026-04-05T04:13:45.329416
leppekja,skipped,,,,,2026-04-05T04:13:57.984358
Ishimwe7,skipped,,,,,2026-04-05T04:14:13.521733
fa4258745,skipped,,,,,2026-04-05T04:14:31.437376
jhonnferrerosa,skipped,,,,,2026-04-05T04:14:49.583250
MrMorbious,skipped,VN,,0,11,2026-04-05T04:15:07.365123
mireku098,skipped,,,,,2026-04-05T04:15:26.378491
sabinks,skipped,,,,,2026-04-05T04:15:44.722032
Ko4Learner,skipped,,,,,2026-04-05T04:15:51.397233
DJESTRIN,scored,US,0.2194,83,16,2026-04-05T04:16:01.247235
Xuchen-Li,skipped,CN,,0,100,2026-04-05T04:16:07.961762
loli0123456789,skipped,,,,,2026-04-05T04:16:19.985566
annamichalik,skipped,,,,,2026-04-05T04:16:38.297381
Dakspieth,skipped,,,,,2026-04-05T04:16:44.483916
CodeLegend1011,skipped,,,,,2026-04-05T04:17:03.241371
ChrisKimZHT,skipped,CN,,100,0,2026-04-05T04:17:09.909439
AJV304,skipped,,,,,2026-04-05T04:17:19.658691
0mega24,skipped,,,,,2026-04-05T04:17:25.811878
2115425Amar,skipped,,,,,2026-04-05T04:17:44.616478
chetansq,skipped,,,,,2026-04-05T04:18:02.845217
muhammadalkhalaf,skipped,,,,,2026-04-05T04:18:22.272012
MarcosBritoSAR,skipped,BR,,18,0,2026-04-05T04:18:37.694746
yuanxp77,skipped,,,,,2026-04-05T04:18:46.680064
Mandelli89,skipped,,,,,2026-04-05T04:18:52.672489
Seunghwan-Ji,skipped,,,,,2026-04-05T04:19:11.293128
MoisesUilian,skipped,,,,,2026-04-05T04:19:29.901382
AbdoulHakeem000,skipped,,,,,2026-04-05T04:19:44.492918
cocolasagna,skipped,,,,,2026-04-05T04:20:02.846139
ajinkya5130,skipped,IN,,0,0,2026-04-05T04:20:21.707221
sofa-team23,skipped,,,,,2026-04-05T04:20:24.693234
thevaibhavrr,skipped,,,,,2026-04-05T04:20:42.573628
manuelbuil,skipped,,,,,2026-04-05T04:20:54.568772
yarkob,skipped,,,,,2026-04-05T04:21:06.359057
shiltemann,skipped,NL,,86,0,2026-04-05T04:21:20.227642
georgeyfly,skipped,,,,,2026-04-05T04:21:35.235836
kgroveshok,skipped,,,,,2026-04-05T04:21:53.004586
olegshulyakov,skipped,RU,,0,0,2026-04-05T04:22:06.019225
Ilyashestopalov,skipped,RU,,4,6,2026-04-05T04:22:18.837659
SanyogDeshmukh,skipped,,,,,2026-04-05T04:22:24.879191
af-obodovskyi,skipped,,,,,2026-04-05T04:22:35.319857
EnricoCordellaMPS,skipped,,,,,2026-04-05T04:22:44.279493
rnakkas,skipped,,,,,2026-04-05T04:22:54.416558
dofarifa,skipped,,,,,2026-04-05T04:23:00.681349
baoblackcoal,skipped,,,,,2026-04-05T04:23:06.676154
alextesshu,skipped,UA,,0,9,2026-04-05T04:23:25.070214
Fontiegow,skipped,,,,,2026-04-05T04:23:43.214967
Aren-Gevorgyan,skipped,,,,,2026-04-05T04:24:01.158451
whennemuth,skipped,US,,0,0,2026-04-05T04:24:19.463324
JoaoVitorMadeiro,skipped,BR,,0,46,2026-04-05T04:24:38.102002
samimhossain-j,skipped,,,,,2026-04-05T04:24:55.622106
linense,skipped,,,,,2026-04-05T04:25:04.763414
sadan4,skipped,,,,,2026-04-05T04:25:24.018634
zhangyiming748,skipped,,,,,2026-04-05T04:25:39.078338
kamboj-prjwl,skipped,,,,,2026-04-05T04:25:44.999879
agNikitaras,skipped,GR,,24,0,2026-04-05T04:25:54.126486
excoffierleonard,skipped,CA,,0,100,2026-04-05T04:26:00.692242
bahareh-khishkhah,skipped,,,,,2026-04-05T04:26:09.606409
MdKawsarAliOfficial,skipped,,,,,2026-04-05T04:26:27.983810
Sankarasvamin,skipped,,,,,2026-04-05T04:26:39.733477
mark5129,skipped,,,,,2026-04-05T04:26:49.506028
gajen-10,skipped,,,,,2026-04-05T04:26:58.333320
parwam,skipped,,,,,2026-04-05T04:27:13.844688
rpchan44,skipped,,,,,2026-04-05T04:27:32.172881
pranabdas,scored,SG,0.1508,32,57,2026-04-05T04:27:42.958585
Julia0x,skipped,,,,,2026-04-05T04:28:01.299022
CharlesTack,skipped,,,,,2026-04-05T04:28:19.958951
some100,skipped,,,,,2026-04-05T04:28:22.901360
akhilpalla,skipped,US,,0,100,2026-04-05T04:28:35.352394
powerzhangquan,skipped,,,,,2026-04-05T04:28:41.781716
AnastasiyaGuryanova,skipped,,,,,2026-04-05T04:29:01.121829
jkittner,skipped,,,,,2026-04-05T04:29:18.718814
ilgonmic,skipped,,,,,2026-04-05T04:29:36.954098
Shivampoddartech,skipped,IN,,0,6,2026-04-05T04:29:54.775157
5kydriven,skipped,PH,,79,0,2026-04-05T04:30:04.166222
architattrey,skipped,,,,,2026-04-05T04:30:21.818337
Rexios80,skipped,,,,,2026-04-05T04:30:28.595403
Egassy,skipped,,,,,2026-04-05T04:30:35.164786
Harry32,skipped,BR,,0,0,2026-04-05T04:30:53.025450
siakmun-aws,skipped,,,,,2026-04-05T04:31:06.834596
rattananen,skipped,TH,,4,16,2026-04-05T04:31:19.339641
RevenantX,skipped,UA,,0,100,2026-04-05T04:31:26.460305
aligurbuz,skipped,,,,,2026-04-05T04:31:32.706676
spirit-dev,skipped,,,,,2026-04-05T04:31:50.631705
Danmyrer,skipped,DE,,100,0,2026-04-05T04:32:00.535051
banffjiang,skipped,,,,,2026-04-05T04:32:08.160827
ruslan-hut,skipped,UA,,0,80,2026-04-05T04:32:24.222218
benklop,skipped,,,,,2026-04-05T04:32:30.472013
MarwanRagab123,skipped,,,,,2026-04-05T04:32:48.772699
AntoinePineau,skipped,,,,,2026-04-05T04:32:57.494122
erurubin,skipped,,,,,2026-04-05T04:33:03.332442
sejin-coding,skipped,KR,,0,3,2026-04-05T04:33:09.300009
NAEIM-KHAN,skipped,,,,,2026-04-05T04:33:22.958585
marco-liberale,skipped,,,,,2026-04-05T04:33:41.587566
ChaseHorner,skipped,,,,,2026-04-05T04:33:47.765006
Nozomu05,skipped,,,,,2026-04-05T04:34:03.646104
Shahbaz079,skipped,,,,,2026-04-05T04:34:23.260303
shamim-emon,skipped,BD,,0,0,2026-04-05T04:34:29.133576
medinaxr,skipped,,,,,2026-04-05T04:34:47.532996
conorriches,skipped,,,,,2026-04-05T04:35:02.626418
adsrisanth,skipped,,,,,2026-04-05T04:35:21.270632
clive1016,skipped,,,,,2026-04-05T04:35:39.187417
hassanasrf,skipped,PK,,0,0,2026-04-05T04:35:57.128063
ShinySyntax,skipped,,,,,2026-04-05T04:36:12.781010
rareone0602,skipped,TW,,0,0,2026-04-05T04:36:20.516490
naazie,skipped,,,,,2026-04-05T04:36:38.780971
Christina-06,skipped,,,,,2026-04-05T04:36:50.592035
islandream,skipped,,,,,2026-04-05T04:37:06.067877
vrbprog,skipped,,,,,2026-04-05T04:37:23.937809
prim8bits,skipped,,,,,2026-04-05T04:37:28.223323
PrajwalD2308,skipped,,,,,2026-04-05T04:37:43.732621
calumsmyth,skipped,,,,,2026-04-05T04:37:59.248412
AniketLandge-DB,skipped,,,,,2026-04-05T04:38:05.060893
Adamkaram,skipped,,,,,2026-04-05T04:38:10.972998
fegin,skipped,US,,9,0,2026-04-05T04:38:26.837129
yang-xiao-ying,skipped,,,,,2026-04-05T04:38:36.170578
saltypepper18,skipped,,,,,2026-04-05T04:38:42.582057
Thereisabear,skipped,,,,,2026-04-05T04:38:46.874902
rennOobayashi,skipped,,,,,2026-04-05T04:39:05.266698
jhahemantx,skipped,,,,,2026-04-05T04:39:23.768633
Sameerzahiddd,skipped,US,,0,12,2026-04-05T04:39:43.433455
HuseyinKurban,skipped,TR,,0,21,2026-04-05T04:40:01.306580
enibigir,skipped,,,,,2026-04-05T04:40:05.592481
jdegoes,skipped,US,,0,0,2026-04-05T04:40:15.809417
sgeorgi,skipped,DE,,0,0,2026-04-05T04:40:30.826730
yagudin10,skipped,,,,,2026-04-05T04:40:43.691423
muhamadrizkyyy,skipped,,,,,2026-04-05T04:40:50.803159
ochogwuprince92,skipped,,,,,2026-04-05T04:41:09.123109
prajjwalhacker,skipped,,,,,2026-04-05T04:41:27.060003
meirabeloritskaya,skipped,,,,,2026-04-05T04:41:44.741186
IamranjeetN,skipped,,,,,2026-04-05T04:42:02.632277
JanMatysik19,skipped,,,,,2026-04-05T04:42:09.726149
gabrieldib,skipped,,,,,2026-04-05T04:42:28.378571
RicardoBVFN,skipped,,,,,2026-04-05T04:42:43.616903
robcarver17,skipped,,,,,2026-04-05T04:43:01.588749
Izoret,skipped,,,,,2026-04-05T04:43:19.774394
ojhaprathmesh,skipped,,,,,2026-04-05T04:43:32.722884
JoshuaBoyceHyland,skipped,,,,,2026-04-05T04:43:51.485050
123-wqy,skipped,,,,,2026-04-05T04:43:57.455439
torhakon,skipped,,,,,2026-04-05T04:44:03.681588
a-j-gordon,skipped,,,,,2026-04-05T04:44:13.296875
KaifengT,skipped,,,,,2026-04-05T04:44:20.045747
mederly,skipped,,,,,2026-04-05T04:44:38.263408
marciojv,skipped,BR,,0,0,2026-04-05T04:44:50.116136
paramgogia,skipped,,,,,2026-04-05T04:45:08.669250
Dendi-Thrishitha,skipped,US,,0,8,2026-04-05T04:45:17.565221
oksarunas,skipped,,,,,2026-04-05T04:45:23.411396
Yiheyistm,skipped,ET,,,,2026-04-05T04:45:45.290218
Marcos150,skipped,,,,,2026-04-05T04:45:55.023779
bengnk,skipped,,,,,2026-04-05T04:46:07.476152
klchambers,skipped,,,,,2026-04-05T04:46:13.805271
m0t9,skipped,RU,,57,0,2026-04-05T04:46:33.165373
lm-gh,skipped,,,,,2026-04-05T04:46:35.994672
Radigu74,skipped,,,,,2026-04-05T04:46:41.793099
5hank4r,skipped,NP,,0,0,2026-04-05T04:46:59.191985
MarcoSeri,skipped,AR,,0,73,2026-04-05T04:47:11.831851
guy1762,skipped,,,,,2026-04-05T04:47:31.862395
magdy246,skipped,EG,,0,35,2026-04-05T04:47:49.924427
Ymt-awfik,skipped,,,,,2026-04-05T04:48:08.089930
SmellyModder,skipped,,,,,2026-04-05T04:48:17.723348
Gedzi91,skipped,,,,,2026-04-05T04:48:23.712503
igorellich,skipped,,,,,2026-04-05T04:48:41.616206
kbala1992,skipped,,,,,2026-04-05T04:48:50.620209
jatingangare44,skipped,,,,,2026-04-05T04:49:05.764745
ST3V1K,skipped,,,,,2026-04-05T04:49:24.133098
Gweser,skipped,,,,,2026-04-05T04:49:39.711066
deeraw1,skipped,,,,,2026-04-05T04:49:57.991955
Xmetalfanx,skipped,US,,0,100,2026-04-05T04:50:04.868081
xbexbex,skipped,,,,,2026-04-05T04:50:11.013536
huszkacs,skipped,,,,,2026-04-05T04:50:13.923245
gaurav904-create,skipped,,,,,2026-04-05T04:50:32.152721
ianfromdover,scored,SG,0.0702,39,61,2026-04-05T04:50:38.867434
grant0808,skipped,KR,,0,9,2026-04-05T04:50:59.501152
UiraGarro,skipped,,,,,2026-04-05T04:51:17.595618
Shootmewolft,skipped,CO,,0,56,2026-04-05T04:51:36.343245
javdl,skipped,NL,,0,0,2026-04-05T04:51:48.287338
codermoder33,skipped,,,,,2026-04-05T04:51:53.952696
I120a180r17,skipped,,,,,2026-04-05T04:51:59.905063
bad64,skipped,,,,,2026-04-05T04:52:18.383516
Den-web,skipped,UA,,0,0,2026-04-05T04:52:24.723845
mervesekerfilizoglu,skipped,,,,,2026-04-05T04:52:40.549182
haessar,scored,GB,0.0405,25,69,2026-04-05T04:52:53.299220
HeyKile,skipped,,,,,2026-04-05T04:53:06.996881
LWJ0513,skipped,DE,,100,0,2026-04-05T04:53:20.294869
kuldeep464,skipped,IN,,0,26,2026-04-05T04:53:38.550963
enrimon15,skipped,IT,,5,0,2026-04-05T04:53:57.770122
DubiousLogik,skipped,,,,,2026-04-05T04:54:13.824304
Praveen007-K,skipped,,,,,2026-04-05T04:54:32.541849
ArtemAntoshyk,skipped,,,,,2026-04-05T04:54:47.430517
duck936,skipped,,,,,2026-04-05T04:55:02.766665
GuillermoNeomedis,skipped,,,,,2026-04-05T04:55:05.587789
smkapadia,skipped,,,,,2026-04-05T04:55:14.658902
jefnic23,skipped,,,,,2026-04-05T04:55:24.475375
vhqtvn,skipped,,,,,2026-04-05T04:55:33.368234
jcnossen,skipped,US,,0,0,2026-04-05T04:55:51.258644
jjsantamariasantos,skipped,ES,,0,51,2026-04-05T04:56:06.725431
JuniperP,skipped,US,,8,0,2026-04-05T04:56:25.224802
pkooij,skipped,FR,,0,43,2026-04-05T04:56:41.118124
langhuihui,skipped,,,,,2026-04-05T04:56:54.508726
stevecalla,skipped,,,,,2026-04-05T04:57:03.450811
mohammedShanid8428,skipped,,,,,2026-04-05T13:48:26.103388
adarshRamphale,skipped,,,,,2026-04-05T13:48:35.184007
vcnardi524,skipped,,,,,2026-04-05T13:48:50.632869
shahrestanaki,skipped,,,,,2026-04-05T13:49:09.898888
bokki007,skipped,,,,,2026-04-05T13:49:22.016495
Systemphad,skipped,,,,,2026-04-05T13:49:27.979589
ZtfCoder,skipped,,,,,2026-04-05T13:49:46.850262
snportela,skipped,BR,,0,100,2026-04-05T13:50:04.339012
hasaanhaq,skipped,,,,,2026-04-05T13:50:22.746990
bashforgo,skipped,GB,,0,0,2026-04-05T13:50:32.236002
bearl27,skipped,,,,,2026-04-05T13:50:44.852206
danvas127,skipped,,,,,2026-04-05T13:50:56.719015
raecellann,skipped,,,,,2026-04-05T13:51:15.101203
zuxel-hlad,skipped,UA,,0,0,2026-04-05T13:51:33.833241
A1Asriel,skipped,,,,,2026-04-05T13:51:52.928858
vennson,skipped,PH,,0,0,2026-04-05T13:52:08.773064
KSE0514,skipped,,,,,2026-04-05T13:52:15.179208
anishz4,skipped,,,,,2026-04-05T13:52:34.023100
atlastechcoaching,skipped,,,,,2026-04-05T13:52:43.775523
GodTamIt,skipped,,,,,2026-04-05T13:53:01.815687
bruno-garcia,skipped,CA,,0,0,2026-04-05T13:53:18.869845
Aqiilhh,skipped,,,,,2026-04-05T13:53:37.146576
ZFancy,skipped,US,,0,0,2026-04-05T13:53:43.482638
sriramNV,skipped,IN,,0,1,2026-04-05T13:54:03.414382
Luk1nex,skipped,,,,,2026-04-05T13:54:09.637257
JakobLeetz,skipped,DE,,0,7,2026-04-05T13:54:15.539262
VienVien123,skipped,VN,,0,9,2026-04-05T13:54:33.201486
ParthaI,skipped,,,,,2026-04-05T13:54:39.266930
ZeroDTE,skipped,DE,,2,51,2026-04-05T13:54:59.231237
oysandvik94,skipped,,,,,2026-04-05T13:55:14.790793
EvTaxi,skipped,,,,,2026-04-05T14:02:04.363972
Mashoodgondal,skipped,,,,,2026-04-05T14:02:22.727209
fgmadeira,skipped,PT,,0,0,2026-04-05T14:02:28.514240
Damdam86,skipped,,,,,2026-04-05T14:02:49.844943
vmtri610,skipped,,,,,2026-04-05T14:03:02.414137
basement-tech,skipped,US,,8,4,2026-04-05T14:03:09.220766
Kocal,skipped,FR,,72,2,2026-04-05T14:03:16.463184
bdrn,skipped,SE,,0,73,2026-04-05T14:03:32.291500
BreckEmert,skipped,,,,,2026-04-05T14:03:48.318625
Raygunpewpew1,skipped,,,,,2026-04-05T14:03:54.704385
agustveee,skipped,,,,,2026-04-05T14:04:10.228762
sourabh-glitch,skipped,,,,,2026-04-05T14:04:28.581855
KaigaMunene,skipped,KE,,10,0,2026-04-05T14:04:47.738576
BradWhitlock,skipped,,,,,2026-04-05T14:04:50.677189
Shanmukhikoshireddy,skipped,,,,,2026-04-05T14:05:09.161466
Stranger123444,skipped,,,,,2026-04-05T14:05:14.951969
Matb1985,skipped,,,,,2026-04-05T14:05:32.831040
ipykalo,skipped,UA,,0,0,2026-04-05T14:05:50.796812
kiojoel,skipped,,,,,2026-04-05T14:06:09.522646
chflame163,scored,CN,0.0379,55,13,2026-04-05T14:06:28.704207
CarlosJairo,skipped,,,,,2026-04-05T14:06:46.609502
David-konate,skipped,,,,,2026-04-05T14:07:01.643759
JohnKirwan,skipped,,,,,2026-04-05T14:07:20.888713
Liyaahh039,skipped,,,,,2026-04-05T14:07:36.038187
IDIRYM28,skipped,,,,,2026-04-05T14:07:53.966303
PadiProduktif,skipped,,,,,2026-04-05T14:08:00.179611
grestedjesko,skipped,,,,,2026-04-05T14:08:18.448803
rdeewa,skipped,,,,,2026-04-05T14:08:36.701460
wkal-pubnub,skipped,,,,,2026-04-05T14:08:43.943667
wondo8449,skipped,,,,,2026-04-05T14:09:02.041924
ssauli,skipped,,,,,2026-04-05T14:09:10.986252
MacRimi,skipped,,,,,2026-04-05T14:09:17.477634
seoyeon1123,skipped,,,,,2026-04-05T14:09:35.945164
lkuresevic,skipped,RS,,,,2026-04-05T14:09:51.836366
necro-wbj,skipped,,,,,2026-04-05T14:10:09.690043
shiro688,skipped,,,,,2026-04-05T14:10:28.372331
Mohitsp54,skipped,IN,,0,40,2026-04-05T14:10:47.188803
RafaelLesmana666,skipped,,,,,2026-04-05T14:10:58.972479
TimurTairov,skipped,,,,,2026-04-05T14:11:16.525189
dahiyasunil,skipped,,,,,2026-04-05T14:11:31.962967
cjtakhar,skipped,US,,0,0,2026-04-05T14:11:44.537610
elanaku,skipped,,,,,2026-04-05T14:11:47.425387
AdeebHossain,skipped,,,,,2026-04-05T14:12:07.511926
iamyss-t-me,skipped,,,,,2026-04-05T14:12:17.013431
ClaudiuBogdan,skipped,,,,,2026-04-05T14:12:19.959659
The-Lama,skipped,,,,,2026-04-05T14:12:29.573681
mimvoid,skipped,,,,,2026-04-05T14:12:39.295741
GustavoAlbuquerquee,skipped,BR,,0,44,2026-04-05T14:12:57.748922
het22,skipped,KR,,0,0,2026-04-05T14:13:07.162475
bewithme,skipped,,,,,2026-04-05T14:13:22.607281
LeeHan20,skipped,,,,,2026-04-05T14:13:32.338887
Wakelight23,skipped,,,,,2026-04-05T14:13:48.348689
GamilMohamed,scored,FR,0.0511,7,57,2026-04-05T14:14:07.333699
sooyoung-cha,skipped,KR,,0,67,2026-04-05T14:14:13.977043
Alsooory,skipped,,,,,2026-04-05T14:14:19.953085
sagar-agola,skipped,IN,,0,0,2026-04-05T14:19:27.157927
BCFCODE,skipped,,,,,2026-04-05T14:19:39.959246
racheljiang310,skipped,,,,,2026-04-05T14:19:52.085523
TeamDelirius,skipped,,,,,2026-04-05T14:20:04.464440
A3426L,skipped,JP,,61,0,2026-04-05T14:20:23.439540
allen-ciq,skipped,,,,,2026-04-05T14:20:32.956625
connorGA,skipped,US,,100,0,2026-04-05T14:20:48.521297
LoboEire,skipped,,,,,2026-04-05T14:20:51.304373
zeiadsalhin,skipped,,,,,2026-04-05T14:21:09.810090
HIkE16,skipped,,,,,2026-04-05T14:21:15.860108
rafasevero,skipped,,,,,2026-04-05T14:21:33.792326
nkxrfxforum,skipped,,,,,2026-04-05T14:21:40.360770
jelars77,skipped,US,,0,31,2026-04-05T14:21:58.665126
Hiroshi18,skipped,BR,,0,0,2026-04-05T14:22:11.264364
yakovenko-igor,skipped,,,,,2026-04-05T14:22:14.065034
spencerXXX-WB,skipped,,,,,2026-04-05T14:22:29.176685
shubham397,skipped,,,,,2026-04-05T14:22:40.933686
MistEO,skipped,,,,,2026-04-05T14:22:58.502721
umeshmankad13,skipped,IN,,0,13,2026-04-05T14:23:16.502399
MarkPreedy,skipped,,,,,2026-04-05T14:23:35.783067
ITjori,skipped,,,,,2026-04-05T14:23:54.162449
heewoong-ahn,skipped,,,,,2026-04-05T14:24:10.576306
christriants,skipped,US,,0,0,2026-04-05T14:24:13.523433
hncaiyin,skipped,,,,,2026-04-05T14:24:20.044017
PARKCHEOLHEE-lab,skipped,,,,,2026-04-05T14:24:26.303079
ajithnow,skipped,IN,,15,1,2026-04-05T14:24:38.478029
GomesRita,skipped,,,,,2026-04-05T14:24:56.570593
clipsheep6,skipped,,,,,2026-04-05T14:25:02.509000
pjroggy,skipped,FR,,19,0,2026-04-05T14:25:20.645661
ramo224,skipped,,,,,2026-04-05T14:25:26.280163
SallyDa,skipped,,,,,2026-04-05T14:25:35.591614
usefmahmud,scored,EG,0.13,41,59,2026-04-05T14:25:51.136777
GammageATX,skipped,,,,,2026-04-05T14:25:57.172864
Jerry-Terrasse,skipped,CN,,1,0,2026-04-05T14:26:15.466309
HigginesLee,skipped,,,,,2026-04-05T14:26:33.670137
Petross808,skipped,,,,,2026-04-05T14:26:52.019925
nugrezo,skipped,,,,,2026-04-05T14:27:07.826628
josephjamolod,skipped,,,,,2026-04-05T14:27:26.161745
carlosdiazz,skipped,,,,,2026-04-05T14:27:44.529632
amitjoy,skipped,DE,,0,0,2026-04-05T14:27:53.426836
59977sOnNy,skipped,,,,,2026-04-05T14:28:02.287683
wamshawn,skipped,,,,,2026-04-05T14:28:20.949441
maryambsq,skipped,,,,,2026-04-05T14:28:26.994968
cswaim,skipped,,,,,2026-04-05T14:28:40.270952
andrejshuma,skipped,,,,,2026-04-05T14:28:52.658243
juanpink,skipped,,,,,2026-04-05T14:29:10.754682
B0G0N1,skipped,,,,,2026-04-05T14:29:28.704921
quang-luong2,skipped,,,,,2026-04-05T14:29:46.792299
JoeGaggler,skipped,,,,,2026-04-05T14:30:00.144362
michaelchadwick,skipped,US,,0,100,2026-04-05T14:30:06.531864
LauraVaqueroLopez,skipped,,,,,2026-04-05T14:30:25.431991
Promkaa,skipped,,,,,2026-04-05T14:30:38.030935
Shaka-rj,skipped,,,,,2026-04-05T14:30:54.827869
Lisaa13,skipped,,,,,2026-04-05T14:31:12.897390
milin3t,skipped,,,,,2026-04-05T14:31:31.726630
luciacenetiempo,skipped,IT,,48,0,2026-04-05T14:31:47.493342
jorlar,skipped,,,,,2026-04-05T14:32:05.413043
victorbush,skipped,,,,,2026-04-05T14:32:20.852081
SergioLebron22,skipped,,,,,2026-04-05T14:32:30.346093
mmkal,skipped,GB,,0,0,2026-04-05T14:32:36.781481
ramya-harshinivs26,skipped,,,,,2026-04-05T14:32:54.865519
kakasoo,skipped,KR,,4,0,2026-04-05T14:33:04.308197
Namwe789a,skipped,,,,,2026-04-05T14:33:21.596289
thj8,skipped,,,,,2026-04-05T14:33:27.856050
Yuwang923,skipped,,,,,2026-04-05T14:33:39.903174
SyedSaroshAli,skipped,,,,,2026-04-05T14:33:57.547113
Praneet2003,skipped,,,,,2026-04-05T14:34:13.676779
ArtemLiA,skipped,,,,,2026-04-05T14:34:32.477508
jgregoriods,skipped,ES,,6,0,2026-04-05T14:34:46.274417
BlackCleaverLoli,skipped,,,,,2026-04-05T14:34:52.729661
SecondNiceee,skipped,,,,,2026-04-05T14:35:11.331130
nickbraz1,skipped,,,,,2026-04-05T14:35:29.415222
idrissirdi,skipped,,,,,2026-04-05T14:35:47.127866
shubhsingh0298,skipped,,,,,2026-04-05T14:36:04.966491
Merchant151,skipped,US,,0,0,2026-04-05T14:36:14.164876
nmaier95,skipped,,,,,2026-04-05T14:36:20.033914
atlegangp851,skipped,,,,,2026-04-05T14:36:38.102028
InflixOP,skipped,IN,,10,2,2026-04-05T14:36:56.153489
H-Trym,skipped,NO,,9,2,2026-04-05T14:37:08.345314
Ananya200305,skipped,,,,,2026-04-05T14:37:20.592140
IremOztimur,scored,TR,0.0838,13,87,2026-04-05T14:37:39.380927
ArtiKoushal,skipped,,,,,2026-04-05T14:37:59.338850
rohanpagadala,skipped,,,,,2026-04-05T14:38:18.411968
jonssonjunior94,skipped,,,,,2026-04-05T14:38:26.250326
ArsenArsen,skipped,RS,,,,2026-04-05T14:38:42.458380
LeoSource,skipped,CN,,0,0,2026-04-05T14:38:48.708032
jedwards4b,skipped,,,,,2026-04-05T14:38:54.774154
tobytwigger,skipped,GB,,5,4,2026-04-05T14:39:15.254831
KatrinKlementschitz,skipped,,,,,2026-04-05T14:39:33.100670
ravk24,skipped,IN,,0,25,2026-04-05T14:39:48.086752
ipanasenko,scored,NL,0.0246,14,9,2026-04-05T14:40:01.331478
Aitid,skipped,,,,,2026-04-05T14:40:10.467774
stuzart,skipped,GB,,0,0,2026-04-05T14:40:13.426368
saliante01,skipped,CL,,1,12,2026-04-05T14:40:31.460529
kyla-pohl,skipped,,,,,2026-04-05T14:40:44.006843
rezamarzban,skipped,,,,,2026-04-05T14:41:01.536541
hemendraalawa,skipped,IN,,0,5,2026-04-05T14:41:19.489043
adamajammary,skipped,,,,,2026-04-05T14:41:26.279471
davidcg44,skipped,,,,,2026-04-05T14:41:44.482684
Lubos-source,skipped,,,,,2026-04-05T14:42:00.089511
X0L1fe,skipped,,,,,2026-04-05T14:42:17.978110
Aadhi41,skipped,,,,,2026-04-05T14:42:26.844528
XSKQKUKDH,skipped,,,,,2026-04-05T14:42:38.849449
Sermob112,skipped,,,,,2026-04-05T14:42:56.318577
ashborn211,skipped,,,,,2026-04-05T14:43:12.330897
yigitcankosar,skipped,,,,,2026-04-05T14:43:27.284124
Lerma4,skipped,,,,,2026-04-05T14:43:48.084614
wuaidedidi,skipped,,,,,2026-04-05T14:43:57.672248
PGSebas,skipped,,,,,2026-04-05T14:44:13.540460
MaxGm07,skipped,,,,,2026-04-05T14:44:31.865765
algisk,skipped,LT,,,,2026-04-05T14:44:44.803943
SCasanova,skipped,,,,,2026-04-05T14:44:56.737740
Kimchelly,skipped,,,,,2026-04-05T14:45:02.779508
mr-idiot-00003,skipped,,,,,2026-04-05T14:45:08.852265
CrazyFanFan,skipped,,,,,2026-04-05T14:45:22.064070
ravindrauk,skipped,,,,,2026-04-05T14:45:31.190664
alexistb2904,skipped,FR,,11,0,2026-04-05T14:45:47.074197
silverzoo,skipped,KR,,0,100,2026-04-05T14:45:53.331545
Ngwaabanjong,skipped,,,,,2026-04-05T14:46:09.025957
SatishKumarDivakaran,skipped,,,,,2026-04-05T14:46:11.945221
prinsereen,skipped,,,,,2026-04-05T14:46:17.927174
korelin,skipped,,,,,2026-04-05T14:46:31.024064
aeiou2006,skipped,,,,,2026-04-05T14:46:49.740020
SzymonBartkowiak43,skipped,,,,,2026-04-05T14:47:08.545506
thendralbala,skipped,,,,,2026-04-05T14:47:27.612989
adarshmishrakgp,skipped,,,,,2026-04-05T14:47:46.265734
ferblape,skipped,,,,,2026-04-05T14:48:00.979017
FrancoMinelli11,skipped,,,,,2026-04-05T14:48:16.259648
Kimchelly,skipped,,,,,2026-04-05T14:48:33.745711
Alee-star,skipped,,,,,2026-04-05T14:48:34.197510
peerkedejong,skipped,,,,,2026-04-05T14:48:43.013662
YliesChementel,skipped,,,,,2026-04-05T14:48:55.665570
maxsk-ger,skipped,,,,,2026-04-05T14:49:01.717065
aryankhanmohammadi,skipped,IR,,,,2026-04-05T14:49:13.657899
YusufIA99,skipped,DK,,32,1,2026-04-05T14:49:28.729070
JaveriaAzfar,skipped,,,,,2026-04-05T14:49:46.895886
koen-benne,skipped,,,,,2026-04-05T14:49:57.285935
veronikagulko,skipped,,,,,2026-04-05T14:50:12.556663
felipebravom,skipped,CL,,0,0,2026-04-05T14:50:30.782631
openminded-oscar,skipped,,,,,2026-04-05T14:50:50.123070
DNACENSolutions,skipped,,,,,2026-04-05T14:51:05.434199
Federico-del-gaudio,skipped,,,,,2026-04-05T14:51:23.669991
KRamBalaji,skipped,IN,,5,0,2026-04-05T14:51:41.614296
Alvaro13HB,skipped,,,,,2026-04-05T14:52:00.193558
uuhan,skipped,,,,,2026-04-05T14:52:18.089455
AndrewBrown77,skipped,,,,,2026-04-05T14:52:36.287511
brunogaldino,skipped,BR,,0,47,2026-04-05T14:52:49.173613
lwxxxxxxx,skipped,,,,,2026-04-05T14:52:54.939617
VirTrivedi,skipped,,,,,2026-04-05T14:53:13.670751
CalvitaJuanJo,skipped,,,,,2026-04-05T14:53:25.828171
GeorgiGoranov,skipped,,,,,2026-04-05T14:53:41.924928
jgrizzled,skipped,US,,0,0,2026-04-05T14:54:02.883634
justinelaroza,skipped,,,,,2026-04-05T14:54:15.865767
dilshodm,skipped,,,,,2026-04-05T14:54:21.717702
MikaelFangel,scored,DK,0.0304,79,21,2026-04-05T14:54:34.662369
vikasshukla-webdev,skipped,,,,,2026-04-05T14:54:52.694281
petrokartsakis,skipped,,,,,2026-04-05T14:55:04.640991
threnjen,skipped,US,,0,0,2026-04-05T14:55:14.412056
Egan-ombaka,skipped,,,,,2026-04-05T14:55:33.031728
Lyndsay-Liberty,skipped,,,,,2026-04-05T14:55:54.202817
LaszloF5,skipped,,,,,2026-04-05T14:56:09.359046
mayattes,skipped,,,,,2026-04-05T14:56:28.361844
topaz1208,skipped,,,,,2026-04-05T14:56:46.802879
ztacole,skipped,,,,,2026-04-05T14:56:56.337309
sahilrajput03,skipped,,,,,2026-04-05T14:57:13.608978
jaimy-vt,skipped,,,,,2026-04-05T14:57:19.337136
vijayshc,skipped,,,,,2026-04-05T14:57:28.502631
hasnainrais,skipped,PK,,0,18,2026-04-05T14:57:48.031767
ak5dunston,skipped,,,,,2026-04-05T14:58:03.255364
Vatvo,skipped,,,,,2026-04-05T14:58:09.273009
hungyiloo,skipped,,,,,2026-04-05T14:58:22.012216
thejoecode,skipped,,,,,2026-04-05T14:58:24.945933
peniassalawala,skipped,,,,,2026-04-05T14:58:30.714854
TamimEhsan,skipped,BD,,0,0,2026-04-05T14:58:49.674370
jere-eee,skipped,,,,,2026-04-05T14:59:04.320978
ndimiduk,skipped,NL,,0,0,2026-04-05T14:59:16.350330
dev-dede,skipped,,,,,2026-04-05T14:59:31.844026
thebestWasabi,skipped,,,,,2026-04-05T14:59:37.874771
Honeykumar39,skipped,,,,,2026-04-05T14:59:46.652885
animoBNES,skipped,,,,,2026-04-05T14:59:52.536902
sdkfz181tiger,skipped,JP,,0,100,2026-04-05T15:00:01.691784
UlteriorCoast18,skipped,,,,,2026-04-05T15:00:08.104295
onisps,skipped,,,,,2026-04-05T15:00:20.880892
DS-Kushagra,skipped,IN,,0,45,2026-04-05T15:00:39.419584
clysel,scored,DK,0.0299,38,30,2026-04-05T15:00:48.822902
YaoJi111,skipped,,,,,2026-04-05T15:00:54.744126
SrinityaNandyala,skipped,,,,,2026-04-05T15:01:12.934214
AngellusMortis,skipped,,,,,2026-04-05T15:01:19.401277
Helmanzs,skipped,,,,,2026-04-05T15:01:37.778949
MohammedBakri1503,skipped,,,,,2026-04-05T15:01:55.701656
vgompervk,skipped,,,,,2026-04-05T15:02:01.625900
samchuk-vlad,skipped,UA,,0,0,2026-04-05T15:02:04.512064
Get-analytics,skipped,,,,,2026-04-05T15:02:19.236532
MehmetEminYagli,skipped,,,,,2026-04-05T15:02:34.680243
pushkar-gr,skipped,,,,,2026-04-05T15:02:49.595328
MikePradiBart,skipped,,,,,2026-04-05T15:02:52.391301
doongjohn,skipped,,,,,2026-04-05T15:03:04.891079
XavierCruz5106,skipped,,,,,2026-04-05T15:03:20.582087
bramkragten,skipped,,,,,2026-04-05T15:03:27.864784
cchakibb,skipped,DE,,0,0,2026-04-05T15:03:47.236303
vinitvijal,skipped,IN,,0,0,2026-04-05T15:04:05.725782
SargsyanProjects,skipped,,,,,2026-04-05T15:04:17.956659
superzhangmch,skipped,,,,,2026-04-05T15:04:34.011271
DinithaR,skipped,LK,,0,37,2026-04-05T15:04:52.163638
Maylis1994,skipped,,,,,2026-04-05T15:05:09.466976
handeh0ch,skipped,,,,,2026-04-05T15:05:27.781035
Badsha012,skipped,BD,,0,100,2026-04-05T15:05:43.454585
matthew-white,skipped,US,,0,0,2026-04-05T15:05:52.608495
dboeckli,skipped,,,,,2026-04-05T15:06:12.073567
reinterpretcat,skipped,DE,,0,0,2026-04-05T15:06:24.367708
persifal,skipped,,,,,2026-04-05T15:06:36.564696
saumya-bergen,skipped,,,,,2026-04-05T15:06:47.263293
DimasComp,skipped,UA,,0,10,2026-04-05T15:06:56.378863
rertzer,skipped,,,,,2026-04-05T15:07:14.716174
zverevgeny,skipped,,,,,2026-04-05T15:07:21.630993
ProfAlameen,skipped,,,,,2026-04-05T15:07:34.367535
ptchallenge-workshop,skipped,,,,,2026-04-05T15:07:40.816243
multuslove,skipped,,,,,2026-04-05T15:07:53.837230
rohanmaharjan100,skipped,,,,,2026-04-05T15:08:03.079966
ShrisbySamuel,skipped,,,,,2026-04-05T15:08:08.879621
michaelnetter,skipped,,,,,2026-04-05T15:08:23.909831
subeash,skipped,IN,,0,0,2026-04-05T15:08:29.767475
alifrazanit,skipped,,,,,2026-04-05T15:08:47.945075
ezzCoutinho,skipped,,,,,2026-04-05T15:09:06.137661
liupengke,skipped,,,,,2026-04-05T15:09:12.036334
bradbishop,skipped,,,,,2026-04-05T15:09:20.952258
pduartedev,skipped,,,,,2026-04-05T15:09:38.852979
devPrates,skipped,,,,,2026-04-05T15:09:45.345171
timosachsenberg,skipped,,,,,2026-04-05T15:09:51.370515
SEanseanan,skipped,,,,,2026-04-05T15:09:57.793055
ZMcWilliam,skipped,AU,,98,1,2026-04-05T15:10:07.316448
ThembaMahlangu,scored,ZA,0.0425,86,14,2026-04-05T15:10:26.422398
DSscherbinin,skipped,,,,,2026-04-05T15:10:35.285316
Audreymary,skipped,,,,,2026-04-05T15:10:52.702098
tanishaf28,skipped,,,,,2026-04-05T15:11:11.112606
vvaishnavii0609,skipped,IN,,0,10,2026-04-05T15:11:29.099624
aashrith2204,skipped,,,,,2026-04-05T15:11:47.590126
neuecc,skipped,JP,,0,0,2026-04-05T15:12:03.444702
RajputGourish,skipped,,,,,2026-04-05T15:12:19.097592
MOHAN1665,scored,IN,0.0386,48,34,2026-04-05T15:12:38.134789
sabkat-ahmed-rafi,skipped,BD,,0,26,2026-04-05T15:12:56.084404
kegoba,skipped,NG,,0,0,2026-04-05T15:13:08.774439
pacodinucci,skipped,,,,,2026-04-05T15:13:21.486784
LeQuyTruong,skipped,,,,,2026-04-05T15:13:39.663163
alexiworld,skipped,,,,,2026-04-05T15:13:58.254160
luizffdemoraes,skipped,,,,,2026-04-05T15:14:17.392562
machineonamission,skipped,,,,,2026-04-05T15:14:32.507544
janald99,skipped,,,,,2026-04-05T15:14:44.737185
fredtinotenda3,skipped,,,,,2026-04-05T15:15:02.519990
nadifahramadhani,skipped,,,,,2026-04-05T15:15:20.480104
Neo-010,skipped,,,,,2026-04-05T15:15:38.363366
SamLouis1980,skipped,,,,,2026-04-05T15:15:44.890332
shreyanshjain0504,skipped,,,,,2026-04-05T15:15:57.404712
zhengziyi0117,skipped,,,,,2026-04-05T15:16:03.288278
jenniferopal,skipped,GB,,0,0,2026-04-05T15:16:18.153965
ZebangCheng,skipped,CN,,0,100,2026-04-05T15:16:29.409660
colito1523,skipped,,,,,2026-04-05T15:16:44.492656
Eren-Tuncer,skipped,,,,,2026-04-05T15:17:02.987114
MaddieJiang,skipped,,,,,2026-04-05T15:17:17.887301
Jesuthan,skipped,,,,,2026-04-05T15:17:36.158872
karlreg1,skipped,DE,,0,17,2026-04-05T15:17:42.072574
nicktrandafil,skipped,,,,,2026-04-05T15:17:55.319977
jojo-jie,skipped,,,,,2026-04-05T15:18:01.287147
caroalo,skipped,,,,,2026-04-05T15:18:21.317775
pfackeldey,skipped,CH,,0,0,2026-04-05T15:18:38.284151
smritia,skipped,,,,,2026-04-05T15:18:44.267491
JGKg2i,skipped,,,,,2026-04-05T15:18:57.582444
maulik7984335855,skipped,IN,,2,5,2026-04-05T15:19:15.199895
Hiroshi18,skipped,BR,,0,0,2026-04-05T15:19:30.769875
RoED-zxcvb,skipped,,,,,2026-04-05T15:19:33.002049
Kaemikun,skipped,,,,,2026-04-05T15:19:51.350851
ArturNiederfahrenhorst,skipped,DE,,3,0,2026-04-05T15:19:57.156044
edy-dec,skipped,RO,,0,27,2026-04-05T15:20:15.843893
brazilianscriptguy,skipped,,,,,2026-04-05T15:20:22.928486
githubsgi,skipped,,,,,2026-04-05T15:20:25.842601
Frebbers,skipped,,,,,2026-04-05T15:20:35.568343
cuyass,skipped,ES,,0,71,2026-04-05T15:20:48.380755
MichaPau,skipped,,,,,2026-04-05T15:21:00.155874
atlomak,skipped,,,,,2026-04-05T15:21:18.855177
karyal,skipped,NP,,0,100,2026-04-05T15:21:28.384407
RomanPu,skipped,IL,,0,100,2026-04-05T15:21:34.794077
Thedongraphix,skipped,KE,,0,93,2026-04-05T15:21:53.526135
TorLekven,skipped,,,,,2026-04-05T15:22:11.558361
Prasannasoff,skipped,,,,,2026-04-05T15:22:29.421180
FirdowsRahaman,skipped,IN,,0,0,2026-04-05T15:22:48.199631
JackSWeitzman,skipped,,,,,2026-04-05T15:23:06.884973
BlockNG,skipped,,,,,2026-04-05T15:23:09.814492
Abdul07in,skipped,,,,,2026-04-05T15:23:28.373321
WangYingNi-web,skipped,,,,,2026-04-05T15:23:34.796371
RinkiMahato,skipped,,,,,2026-04-05T15:23:46.545971
kshumbooker,skipped,,,,,2026-04-05T15:23:53.361009
nicolasborromeo,skipped,,,,,2026-04-05T15:24:06.488831
ColdWaterLW,skipped,,,,,2026-04-05T15:24:13.721948
AndreFCruz,skipped,DE,,0,0,2026-04-05T15:24:29.358340
lizgehret,skipped,,,,,2026-04-05T15:24:45.873799
SarthakBouddh,skipped,,,,,2026-04-05T15:25:01.479522
nice2006,skipped,,,,,2026-04-05T15:25:09.347368
NebulaeFlood,skipped,,,,,2026-04-05T15:25:19.617679
dnikashov,skipped,,,,,2026-04-05T15:25:37.255000
kamisaberi,skipped,IR,,,,2026-04-05T15:25:45.919732
Mbazie-Kone,skipped,,,,,2026-04-05T15:25:52.323952
tylerkade,skipped,GB,,0,100,2026-04-05T15:26:02.722007
AcePeQ,skipped,,,,,2026-04-05T15:26:14.965019
leehyunsuck,skipped,,,,,2026-04-05T15:26:27.786291
faridovski,skipped,FR,,0,0,2026-04-05T15:26:30.601053
xiezhq-hermann,skipped,US,,0,0,2026-04-05T15:26:47.304197
smartwalle,skipped,,,,,2026-04-05T15:26:56.874423
Kwonyeojiny,skipped,KR,,2,98,2026-04-05T15:27:09.478389
Gael1230425A,skipped,,,,,2026-04-05T15:27:15.431478
davros96,skipped,,,,,2026-04-05T15:27:21.775704
HarryBurnhamCredera,skipped,,,,,2026-04-05T15:27:24.568661
buckmanb,skipped,,,,,2026-04-05T15:27:30.712949
amcmike3,skipped,,,,,2026-04-05T15:27:48.843584
Jaid,skipped,DE,,0,0,2026-04-05T15:28:09.567171
dnjstr,skipped,,,,,2026-04-05T15:28:19.016358
Doohwancho,skipped,,,,,2026-04-05T15:28:25.163776
rodafr,skipped,,,,,2026-04-05T15:28:37.027959
haleck,skipped,,,,,2026-04-05T15:28:55.379418
molotkov-and,skipped,,,,,2026-04-05T15:29:04.681081
randimays,skipped,US,,0,0,2026-04-05T15:29:13.919776
AlexiaBojian1,skipped,,,,,2026-04-05T15:29:20.372380
Honey1615,skipped,,,,,2026-04-05T15:29:29.254233
pwSathira,skipped,,,,,2026-04-05T15:29:47.433652
sasaiyu,skipped,,,,,2026-04-05T15:30:05.661807
jnszin,skipped,BR,,0,17,2026-04-05T15:30:18.301120
LeM95,skipped,,,,,2026-04-05T15:30:37.015838
ys4512558,skipped,,,,,2026-04-05T15:30:49.553971
hungyiloo,skipped,,,,,2026-04-05T15:30:55.662262
kengps,skipped,,,,,2026-04-05T15:31:07.362428
ella-goodman,skipped,,,,,2026-04-05T15:31:13.112733
HansAcker,skipped,,,,,2026-04-05T15:31:20.264436
Barney9211,skipped,,,,,2026-04-05T15:31:38.384560
dmeliza,skipped,US,,1,4,2026-04-05T15:31:53.868236
nithinraok,skipped,,,,,2026-04-05T15:32:06.251535
Indu05-dot,skipped,,,,,2026-04-05T15:32:23.862870
PedroHDGouveia,skipped,,,,,2026-04-05T15:32:39.010408
SamiDeshatty,skipped,,,,,2026-04-05T15:32:51.163267
ohmarichkaa,skipped,UA,,1,9,2026-04-05T15:33:08.901815
dogada,skipped,UA,,0,0,2026-04-05T15:33:17.929329
subramanyamrekhandar,skipped,IN,,0,0,2026-04-05T15:33:35.485176
Cody-W-Tucker,skipped,,,,,2026-04-05T15:33:45.395104
wez,skipped,GB,,4,0,2026-04-05T15:34:01.665882
sauravraghuvanshi,skipped,IN,,0,0,2026-04-05T15:34:20.702077
lfrommelt,skipped,,,,,2026-04-05T15:34:33.658172
ari-ramadhan,skipped,,,,,2026-04-05T15:34:51.527551
LeftHandedBread,skipped,,,,,2026-04-05T15:35:07.214481
Iyed13tns,skipped,,,,,2026-04-05T15:35:25.193096
Kipitokisk,skipped,,,,,2026-04-05T15:35:41.746880
GoupilJeremy,skipped,FR,,0,0,2026-04-05T15:35:44.660883
Luciano-Covella,skipped,,,,,2026-04-05T15:35:54.327895
charliealpert,skipped,US,,18,1,2026-04-05T15:36:12.547689
elnurxo,skipped,,,,,2026-04-05T15:36:30.644339
Iman-emadzade,skipped,,,,,2026-04-05T15:36:39.386298
ArmVV26,scored,ES,0.0737,11,89,2026-04-05T15:36:52.070933
Zhekuson,skipped,RU,,0,0,2026-04-05T15:37:10.212395
simonappleton,skipped,,,,,2026-04-05T15:37:16.048201
PrPedrosa,skipped,,,,,2026-04-05T15:37:22.186381
Randysheng,skipped,,,,,2026-04-05T15:37:25.137867
dmsuehir,skipped,US,,0,0,2026-04-05T15:37:28.071207
MidhunSureshR,skipped,IN,,0,0,2026-04-05T15:37:46.279294
KevinBiju2310,skipped,,,,,2026-04-05T15:38:03.875944
skoruppa,skipped,PL,,0,100,2026-04-05T15:38:10.514379
abhinav0207,scored,DE,0.0319,28,42,2026-04-05T15:38:23.137093
BlenSeleshi,skipped,,,,,2026-04-05T15:38:41.257500
garrenc,skipped,,,,,2026-04-05T15:38:56.216475
sheyanjie-qq,skipped,CN,,0,0,2026-04-05T15:38:59.028278
leekhuong09,skipped,,,,,2026-04-05T15:39:07.887074
Flyer924,skipped,,,,,2026-04-05T15:39:23.708956
je0nsye0n,skipped,,,,,2026-04-05T15:39:39.183736
ruifang,skipped,,,,,2026-04-05T15:39:51.299596
crow,skipped,,,,,2026-04-05T15:40:00.712739
goatgoose,skipped,,,,,2026-04-05T15:40:18.792464
Tovoninja,skipped,,,,,2026-04-05T15:40:34.123579
abrahamalex13,skipped,,,,,2026-04-05T15:40:49.731609
busrepository,skipped,,,,,2026-04-05T15:40:56.078607
Karthik-Patchamatla,skipped,IN,,0,0,2026-04-05T15:41:13.808253
Fernandotnco,skipped,,,,,2026-04-05T15:41:35.854705
nibazshab,skipped,,,,,2026-04-05T15:41:48.936158
ee-todd,skipped,,,,,2026-04-05T15:41:54.828760
axie0927,skipped,,,,,2026-04-05T15:42:14.536189
mortefy,skipped,,,,,2026-04-05T15:42:18.864557
atelicq11mcmann,skipped,,,,,2026-04-05T15:42:25.124083
Harshita07singh,skipped,,,,,2026-04-05T15:42:43.165073
jetlaggedsoul311,skipped,SG,,0,4,2026-04-05T15:42:49.270757
antoniofullstack,skipped,BR,,0,20,2026-04-05T15:43:07.158211
azzipxonraj,skipped,,,,,2026-04-05T15:43:25.790946
garvynballm,skipped,,,,,2026-04-05T15:43:32.230032
s4n-app,skipped,,,,,2026-04-05T15:43:39.659168
matheusrmello,skipped,,,,,2026-04-05T15:43:54.831704
semicoleon,skipped,,,,,2026-04-05T15:44:04.118757
nguyennamhai203,skipped,,,,,2026-04-05T15:44:23.204510
ghassenbenzahra123,skipped,,,,,2026-04-05T15:44:41.457151
parsonsmatt,skipped,US,,0,0,2026-04-05T15:44:53.950644
watchmedash,skipped,,,,,2026-04-05T15:45:00.497328
FarLemon,skipped,,,,,2026-04-05T15:45:18.959376
samyycX,skipped,CN,,25,0,2026-04-05T15:45:31.120203
sakshyambanjade,skipped,,,,,2026-04-05T15:45:46.804307
jamcrome,skipped,,,,,2026-04-05T15:46:01.957026
Herobrudi112,skipped,DE,,0,100,2026-04-05T15:46:21.706482
MasterIceZ,skipped,TH,,0,0,2026-04-05T15:46:28.652502
andrewwildgoose,skipped,,,,,2026-04-05T15:46:47.135753
01seok,skipped,,,,,2026-04-05T15:46:57.031792
mzziin,skipped,,,,,2026-04-05T15:47:12.259184
gianabif14,skipped,,,,,2026-04-05T15:47:30.606295
tadas-ajsupport,skipped,,,,,2026-04-05T15:47:40.068605
Majak0,skipped,,,,,2026-04-05T15:47:58.233458
nemo83,skipped,IE,,0,0,2026-04-05T15:48:12.915736
Anshulllg,skipped,IN,,6,0,2026-04-05T15:48:25.346577
Cass402,scored,IN,0.1602,17,24,2026-04-05T15:48:43.569030
Mikehope254,skipped,,,,,2026-04-05T15:48:59.022477
HEMANTHKUMAR-K-S,skipped,IN,,0,5,2026-04-05T15:49:16.814857
AndiZandi,skipped,DE,,2,2,2026-04-05T15:49:25.828604
zzztttkkk,skipped,,,,,2026-04-05T15:49:46.956196
shark0der,skipped,,,,,2026-04-05T15:49:49.808998
burrowdown,skipped,,,,,2026-04-05T15:50:06.368749
San532,skipped,,,,,2026-04-05T15:50:12.146929
tingod,skipped,,,,,2026-04-05T15:50:15.102391
AkakiBurjanadze19,skipped,,,,,2026-04-05T15:50:28.191530
sayid-hasan,skipped,AE,,2,2,2026-04-05T15:50:45.654843
Ankurpandeyyy,skipped,,,,,2026-04-05T15:50:58.069579
dtran421,scored,US,0.0668,74,26,2026-04-05T15:51:05.905619
adriDevelop,skipped,,,,,2026-04-05T15:51:24.406596
Yadhukrishana,skipped,,,,,2026-04-05T15:51:42.418815
phdru,scored,RU,0.1402,21,19,2026-04-05T15:51:50.000485
satoshi-x3150,skipped,,,,,2026-04-05T15:52:08.864991
pmario,skipped,,,,,2026-04-05T15:52:23.987759
bwillows,skipped,,,,,2026-04-05T15:52:38.812422
CyberROFL,skipped,RU,,0,0,2026-04-05T15:52:56.850672
supahaxxa,skipped,,,,,2026-04-05T15:53:16.039316
andrzejlisek,skipped,,,,,2026-04-05T15:53:34.285628
Tomeczeqq,scored,PL,0.0411,16,34,2026-04-05T15:53:52.828637
Keshav-Chaudhary,skipped,IN,,1,1,2026-04-05T15:54:04.719526
mrchameleon,skipped,,,,,2026-04-05T15:54:20.067390
gtprgman,skipped,,,,,2026-04-05T15:54:37.787807
Itachi1002,skipped,,,,,2026-04-05T15:54:43.594704
AndrewWillis7,skipped,,,,,2026-04-05T15:55:02.116836
shyuep,skipped,SG,,0,0,2026-04-05T15:55:18.979723
ayakakawabe,skipped,,,,,2026-04-05T15:55:37.448492
AmazenYT,skipped,,,,,2026-04-05T15:55:52.827687
WaskithoCitoAdiwiguno,skipped,,,,,2026-04-05T15:56:10.550697
AnupriyaBiswas,skipped,,,,,2026-04-05T15:56:28.615250
SirTorsti,skipped,,,,,2026-04-05T15:56:43.276889
guojingbing,skipped,,,,,2026-04-05T15:56:53.481205
jaakkomaenpaa,skipped,,,,,2026-04-05T15:57:13.153851
atom-yt,skipped,CN,,0,1,2026-04-05T15:57:21.851954
truongsinh,skipped,,,,,2026-04-05T15:57:34.078257
OlivierVanGelder,skipped,,,,,2026-04-05T15:57:46.717996
mcdonnnj,skipped,,,,,2026-04-05T15:58:00.054591
maria99r,skipped,,,,,2026-04-05T15:58:17.658921
yerkovlad,skipped,,,,,2026-04-05T15:58:36.813965
seanlongcc,skipped,,,,,2026-04-05T15:58:54.939737
Ammarah68,skipped,,,,,2026-04-05T15:59:12.756105
fauzirahmat89,skipped,,,,,2026-04-05T15:59:27.573230
belock-p,skipped,,,,,2026-04-05T15:59:41.186234
GITPULLMOS,skipped,,,,,2026-04-05T15:59:47.382246
zzjin,skipped,CN,,0,0,2026-04-05T15:59:53.271909
Angelyr,skipped,,,,,2026-04-05T16:00:17.670182
anxincodeha,skipped,,,,,2026-04-05T16:00:26.571121
xavpic,skipped,,,,,2026-04-05T16:00:36.298213
gustavoghcmelo,skipped,,,,,2026-04-05T16:00:42.034045
SVGvsevolod,skipped,MD,,,,2026-04-05T16:00:59.991617
Sagar-Kap,skipped,BG,,,,2026-04-05T16:01:15.816863
fiilipplam,skipped,,,,,2026-04-05T16:01:21.956136
ggomes,skipped,,,,,2026-04-05T16:01:39.515635
Jokilos,skipped,,,,,2026-04-05T16:01:46.027797
kirstinlisnoff,skipped,,,,,2026-04-05T16:02:05.466906
Aaseka,skipped,,,,,2026-04-05T16:02:20.595089
TECHNICALHARI,skipped,,,,,2026-04-05T16:02:39.078204
mohini-crl,skipped,,,,,2026-04-05T16:02:41.857322
ouhell,skipped,,,,,2026-04-05T16:03:01.372572
meghanag16,skipped,,,,,2026-04-05T16:03:19.471692
adamtheturtle,skipped,GB,,0,0,2026-04-05T16:03:28.703529
enzorossetto,skipped,BR,,0,0,2026-04-05T16:03:44.985303
piontec,skipped,,,,,2026-04-05T16:03:50.827534
rjadams82,skipped,,,,,2026-04-05T16:04:03.950630
kcwc1029,skipped,TW,,0,100,2026-04-05T16:04:13.530647
Quaresss,skipped,,,,,2026-04-05T16:04:31.877817
KarunyaShine,skipped,,,,,2026-04-05T16:04:51.327392
GiedevGils,skipped,NL,,3,0,2026-04-05T16:05:04.347107
STOSKR,skipped,,,,,2026-04-05T16:05:22.748801
b1zeyofficial,skipped,,,,,2026-04-05T16:05:25.805141
h4m0r,skipped,,,,,2026-04-05T16:05:31.906810
DurgaSri44,skipped,,,,,2026-04-05T16:05:41.281115
IvanDanielCaballero,skipped,,,,,2026-04-05T16:05:56.675219
nachodorado98,skipped,ES,,0,100,2026-04-05T16:06:09.659993
avineets87,skipped,,,,,2026-04-05T16:06:27.964003
sky-bi,skipped,,,,,2026-04-05T16:06:34.566573
oliursahin,skipped,,,,,2026-04-05T16:06:43.903060
BespredeL,skipped,,,,,2026-04-05T16:06:54.195185
AcheloEze,skipped,,,,,2026-04-05T16:07:13.466008
shahrokhDaijavad,skipped,,,,,2026-04-05T16:07:19.783604
jacob7741,skipped,,,,,2026-04-05T16:07:26.318878
jsFacled,skipped,AR,,0,0,2026-04-05T16:07:44.712254
guilleshop,skipped,,,,,2026-04-05T16:07:51.108516
bukasin1,skipped,NG,,0,0,2026-04-05T16:08:14.318580
phamducai,skipped,,,,,2026-04-05T16:08:32.155969
zinkowinko,skipped,,,,,2026-04-05T16:08:47.877371
Thamjith,skipped,IN,,0,0,2026-04-05T16:08:50.798699
HAILE-TESFU,skipped,US,,0,0,2026-04-05T16:09:08.458558
erikrozendaal,skipped,NL,,0,0,2026-04-05T16:09:17.940587
isabelaacr,skipped,,,,,2026-04-05T16:09:24.460404
Rongronggg9,skipped,,,,,2026-04-05T16:09:40.509124
Farm0r,skipped,,,,,2026-04-05T16:09:58.958701
tungntEmotiv,skipped,,,,,2026-04-05T16:10:10.986478
manmohanvashisth,skipped,IN,,0,100,2026-04-05T16:10:18.059310
ansofa,skipped,,,,,2026-04-05T16:10:36.892938
beefsack,skipped,AU,,0,0,2026-04-05T16:10:54.987000
opteacher,skipped,,,,,2026-04-05T16:11:13.063368
PanosK92,skipped,GB,,0,100,2026-04-05T16:11:20.322798
nitesh11-dk,skipped,IN,,0,100,2026-04-05T16:11:33.188441
nataliiacat,skipped,CZ,,0,88,2026-04-05T16:11:53.162516
codiphviringe,skipped,,,,,2026-04-05T16:11:58.933124
zeynar25,skipped,,,,,2026-04-05T16:12:15.797752
isak148,skipped,,,,,2026-04-05T16:12:25.439090
RasmusRothausen,skipped,DK,,0,1,2026-04-05T16:12:34.325126
lucis,skipped,BR,,0,0,2026-04-05T16:12:52.345315
ramansnr1992,skipped,,,,,2026-04-05T16:13:09.801684
forrestbicker,skipped,US,,0,1,2026-04-05T16:13:19.191328
dd1761,skipped,,,,,2026-04-05T16:13:31.708653
NurjanHuseynova,skipped,,,,,2026-04-05T16:13:49.598025
avillar,skipped,ES,,0,0,2026-04-05T16:13:52.577842
ShirleyZmj,skipped,SG,,0,0,2026-04-05T16:14:01.721039
wlfoj,skipped,,,,,2026-04-05T16:14:20.545938
srmeet114,skipped,,,,,2026-04-05T16:14:32.698509
smlkrs,skipped,,,,,2026-04-05T16:14:35.521758
imadama,skipped,,,,,2026-04-05T16:14:53.950471
vedantt77,skipped,,,,,2026-04-05T16:15:10.070569
ggonzalez94,skipped,,,,,2026-04-05T16:15:22.346320
gitlawr,skipped,,,,,2026-04-05T16:15:28.893408
reidliu41,skipped,,,,,2026-04-05T16:15:35.413262
abrkah,skipped,,,,,2026-04-05T16:15:47.150114
bhipple,skipped,US,,0,8,2026-04-05T16:15:59.615049
AyushWaghale,skipped,,,,,2026-04-05T16:16:17.480402
Blxucreep,skipped,,,,,2026-04-05T16:16:36.806705
aniketkamat,skipped,,,,,2026-04-05T16:16:43.799987
Greary2025,skipped,,,,,2026-04-05T16:16:46.740287
BenDBrown,skipped,,,,,2026-04-05T16:16:57.528010
AntonioDeFelipeVargas,skipped,,,,,2026-04-05T16:17:09.781272
jalrnc,skipped,US,,0,0,2026-04-05T16:17:14.266077
RoboGuns,skipped,,,,,2026-04-05T16:17:31.080384
seanli9018,skipped,US,,0,0,2026-04-05T16:17:49.251107
erichlof,skipped,US,,2,0,2026-04-05T16:18:01.800097
Margo-mikh090,skipped,,,,,2026-04-05T16:18:11.340363
chiaarellee,skipped,,,,,2026-04-05T16:18:17.117541
daniel-shuy,skipped,MY,,2,0,2026-04-05T16:18:24.526677
parth-gr,skipped,IN,,0,0,2026-04-05T16:18:30.350376
RHnejad,skipped,,,,,2026-04-05T16:18:36.738390
mplatab,skipped,,,,,2026-04-05T16:18:54.437784
Suganya2718,skipped,,,,,2026-04-05T16:19:13.628125
MikeIts23,skipped,,,,,2026-04-05T16:19:25.385171
dhivi2709,skipped,,,,,2026-04-05T16:19:40.807939
Ziller01,skipped,,,,,2026-04-05T16:20:01.164909
maykcaldas,skipped,,,,,2026-04-05T16:20:11.234679
iam-Aerin,skipped,,,,,2026-04-05T16:20:17.517850
Maruf-16203091,skipped,DE,,0,1,2026-04-05T16:20:35.271704
sbn998,skipped,,,,,2026-04-05T16:20:50.419536
SAIVEERENDER24,skipped,,,,,2026-04-05T16:21:08.375996
korneliagruszka,skipped,,,,,2026-04-05T16:21:19.355359
StefanPenev,skipped,,,,,2026-04-05T16:21:28.824352
pellju,skipped,,,,,2026-04-05T16:21:47.362160
MartuPe,skipped,,,,,2026-04-05T16:22:06.593721
AlekseyDerevyannyh,skipped,,,,,2026-04-05T16:22:18.493627
DIMSGN,skipped,GR,,0,56,2026-04-05T16:22:36.534684
kaisho1738,skipped,,,,,2026-04-05T16:22:55.346021
hamesh-exe,skipped,,,,,2026-04-05T16:23:01.421963
robodreamer,skipped,US,,0,0,2026-04-05T16:23:10.346395
dheenaxe,skipped,,,,,2026-04-05T16:23:28.089000
JesusRivera00,skipped,,,,,2026-04-05T16:23:34.053489
NielsMeijer234838,skipped,,,,,2026-04-05T16:23:46.168141
Barrospaulo,skipped,,,,,2026-04-05T16:24:04.536854
SasmithaHiram,skipped,,,,,2026-04-05T16:24:22.728991
Mikrokosmosvrc,skipped,,,,,2026-04-05T16:24:29.324626
bereczkybalazs,skipped,,,,,2026-04-05T16:24:39.402612
PiyushRegar,skipped,IN,,0,10,2026-04-05T16:24:57.396205
varcharli,skipped,,,,,2026-04-05T16:25:03.179086
29sapna,skipped,,,,,2026-04-05T16:25:21.021566
Seggellion,skipped,,,,,2026-04-05T16:25:37.219354
AStrayker,skipped,,,,,2026-04-05T16:25:55.255513
c0000000,skipped,,,,,2026-04-05T16:26:10.605713
Guilherme-RR,skipped,BR,,0,12,2026-04-05T16:26:28.473081
jabarhabashi1,skipped,IR,,,,2026-04-05T16:26:47.568728
KeCoINGO,skipped,,,,,2026-04-05T16:26:56.972821
rusty-snake,skipped,DE,,15,2,2026-04-05T16:27:11.910246
FlashFeiFei,skipped,,,,,2026-04-05T16:27:29.703988
shishuiliuqing,skipped,,,,,2026-04-05T16:27:48.382878
RAPrado,skipped,,,,,2026-04-05T16:27:55.159741
saiyedwali,skipped,IN,,0,17,2026-04-05T16:28:15.924363
xianshine,skipped,,,,,2026-04-05T16:28:18.820866
Aleksandr-1977,skipped,UA,,0,100,2026-04-05T16:28:37.503950
fescue,skipped,,,,,2026-04-05T16:28:40.269932
yangzy39,skipped,CN,,0,19,2026-04-05T16:28:46.501889
pwr-usr,skipped,GB,,0,25,2026-04-05T16:29:04.793278
DHUDBlab,skipped,,,,,2026-04-05T16:29:19.476849
e2wugui,skipped,,,,,2026-04-05T16:29:25.326234
notque,skipped,,,,,2026-04-05T16:29:34.487775
rahul-kapstan,skipped,,,,,2026-04-05T16:29:46.632239
sehyun-hwang,skipped,KR,,0,0,2026-04-05T16:29:53.753354
GregTrifan,skipped,RO,,0,0,2026-04-05T16:30:12.594348
Pavanasho,skipped,,,,,2026-04-05T16:30:25.189399
RoBizMan,scored,PL,0.193,8,92,2026-04-05T16:30:34.736396
DavidMendez-git,skipped,,,,,2026-04-05T16:30:40.521424
sawyer1488p,skipped,,,,,2026-04-05T16:30:53.969261
codyatwork,skipped,,,,,2026-04-05T16:31:13.658071
pabloescoder,skipped,IN,,0,0,2026-04-05T16:31:30.176809
dralsallum,skipped,,,,,2026-04-05T16:31:46.771932
ramo224,skipped,,,,,2026-04-05T16:31:53.004752
KartiKChaudhary07,skipped,,,,,2026-04-05T16:32:04.443489
maxsk-ger,skipped,,,,,2026-04-05T16:32:12.509869
kjyy08,skipped,,,,,2026-04-05T16:32:22.897972
jasonhamel,skipped,CA,,2,4,2026-04-05T16:32:42.550923
JosePabloSG,skipped,,,,,2026-04-05T16:32:58.606155
raz-alon,skipped,,,,,2026-04-05T16:33:04.723316
coxmars,skipped,,,,,2026-04-05T16:33:23.603496
ivanpriest,skipped,,,,,2026-04-05T16:33:43.916928
MilesJMaiden,skipped,,,,,2026-04-05T16:34:03.807874
angoca,skipped,CO,,0,0,2026-04-05T16:34:13.288255
Cloves-Neto,skipped,BR,,97,3,2026-04-05T16:34:22.566936
markus-moser,skipped,,,,,2026-04-05T16:34:25.509741
desertaxle,skipped,US,,27,1,2026-04-05T16:34:44.090725
yordanaL,skipped,,,,,2026-04-05T16:34:56.503390
vicky588,skipped,,,,,2026-04-05T16:35:14.897389
trasyshmhirk,skipped,,,,,2026-04-05T16:35:17.884792
justteddy,skipped,TH,,0,0,2026-04-05T16:35:35.514117
camdenboren,skipped,,,,,2026-04-05T16:35:48.100968
Suvrat1629,skipped,,,,,2026-04-05T16:36:03.424440
dq621,skipped,,,,,2026-04-05T16:36:09.740419
guing2003,skipped,,,,,2026-04-05T16:36:27.311145
richardcrn3rd,skipped,,,,,2026-04-05T16:36:39.169670
nostralliance,skipped,,,,,2026-04-05T16:37:00.341448
Pleonazm,skipped,,,,,2026-04-05T16:37:16.070485
ChristyRajesh3,skipped,,,,,2026-04-05T16:37:21.768721
SirRenix,skipped,,,,,2026-04-05T16:37:27.678432
R23MJ,skipped,,,,,2026-04-05T16:37:40.695450
aliyev98,skipped,,,,,2026-04-05T16:37:58.611586
Ira-name,skipped,,,,,2026-04-05T16:38:10.623446
dnillovna,skipped,,,,,2026-04-05T16:38:16.491775
GameArtist86,skipped,,,,,2026-04-05T16:38:31.497309
coding-cooking,skipped,,,,,2026-04-05T16:38:50.867110
ssh6189,skipped,,,,,2026-04-05T16:39:06.008557
BlackUppsss,skipped,,,,,2026-04-05T16:39:21.506502
JigmeTenzinChogyel,skipped,,,,,2026-04-05T16:39:28.243879
Omars2003,skipped,MX,,46,1,2026-04-05T16:39:46.773754
ledermkm,skipped,,,,,2026-04-05T16:40:02.653208
mmont429,skipped,,,,,2026-04-05T16:40:18.731763
adviks,skipped,IN,,0,17,2026-04-05T16:40:31.324082
dragove,skipped,CN,,0,0,2026-04-05T16:40:46.266108
jwalugembe,skipped,,,,,2026-04-05T16:41:01.332957
lunyamwis,skipped,,,,,2026-04-05T16:41:19.660768
matanohana433,skipped,,,,,2026-04-05T16:41:34.818852
exhilarin,skipped,TR,,0,32,2026-04-05T16:41:53.117999
SL1900,skipped,,,,,2026-04-05T16:42:03.374117
AlexaPan,skipped,,,,,2026-04-05T16:42:15.563011
RicardoMorim,skipped,,,,,2026-04-05T16:42:34.515293
Akash-SmartAnnoyer,skipped,,,,,2026-04-05T16:42:43.995263
jthamayo,skipped,ES,,0,100,2026-04-05T16:42:59.723180
syedubaid11,skipped,,,,,2026-04-05T16:43:14.882289
jhliuu,skipped,,,,,2026-04-05T16:43:24.422456
lucasrpribeiro,skipped,,,,,2026-04-05T16:43:39.462055
pavcho02,skipped,BG,,,,2026-04-05T16:43:55.269457
mdalrasel,skipped,BD,,0,12,2026-04-05T16:44:13.177118
metaphaseaudio,skipped,,,,,2026-04-05T16:44:19.598001
GregHib,skipped,GB,,0,0,2026-04-05T16:44:25.963909
TimothyAxel,skipped,,,,,2026-04-05T16:44:34.940118
MadeByMatta,skipped,,,,,2026-04-05T16:44:52.564932
joshuaazukas,skipped,,,,,2026-04-05T16:45:07.664402
AnthonyZJiang,skipped,GB,,59,1,2026-04-05T16:45:21.297093
davitdarsalia,skipped,,,,,2026-04-05T16:45:30.278001
GbrlSouza,skipped,,,,,2026-04-05T16:45:43.923764
doragpt,skipped,,,,,2026-04-05T16:45:55.482219
SarthakBouddh,skipped,,,,,2026-04-05T16:46:01.636339
codingTempleDave,skipped,,,,,2026-04-05T16:46:11.214564
iaa-ai,skipped,,,,,2026-04-05T16:46:29.145839
GardeningStevie,skipped,CH,,0,0,2026-04-05T16:46:35.036346
allinurl,skipped,US,,0,100,2026-04-05T16:46:42.202896
woon7650,skipped,KR,,0,94,2026-04-05T16:46:54.585164
Mark7625,skipped,,,,,2026-04-05T16:47:07.042987
jfonseca-aneo,skipped,,,,,2026-04-05T16:47:12.801183
Ega-telkom,skipped,,,,,2026-04-05T16:47:33.219907
neogomo,skipped,,,,,2026-04-05T16:47:36.145591
leonardovespa,skipped,,,,,2026-04-05T16:47:42.319223
Wainaina-7,skipped,,,,,2026-04-05T16:47:48.416160
czirak1994,skipped,,,,,2026-04-05T16:48:07.360612
traeumen927,skipped,,,,,2026-04-05T16:48:18.597193
srtk-scn,skipped,IN,,0,8,2026-04-05T16:48:36.238927
Brubrux,skipped,,,,,2026-04-05T16:48:43.100313
JRodriguez-Luna,skipped,,,,,2026-04-05T16:49:04.193852
Vinicius1406,skipped,,,,,2026-04-05T16:49:22.923798
morteza-mortezai,skipped,IR,,,,2026-04-05T16:49:42.150312
dasShounak,skipped,IN,,4,12,2026-04-05T16:49:58.691270
datouvb,skipped,,,,,2026-04-05T16:50:01.621931
Boondorl,skipped,,,,,2026-04-05T16:50:08.040335
Aravindha-samy,scored,IN,0.0329,33,14,2026-04-05T16:50:28.160775
gyokhan28,skipped,,,,,2026-04-05T16:50:50.009091
Sanjaye1610,skipped,,,,,2026-04-05T16:50:55.925538
BunyakornGoko,skipped,,,,,2026-04-05T16:51:15.245758
NurjanHuseynova,skipped,,,,,2026-04-05T16:51:19.905091
timtamslammer,skipped,,,,,2026-04-05T16:51:27.441574
iwilltry42,skipped,DE,,0,0,2026-04-05T16:51:42.061539
horacioh,skipped,ES,,0,0,2026-04-05T16:51:53.920587
Lazemir,skipped,,,,,2026-04-05T16:52:12.158830
aruniiird,skipped,IN,,0,3,2026-04-05T16:52:24.539739
Evan-UHRING,skipped,,,,,2026-04-05T16:52:36.746064
PrototypeTrousers,skipped,,,,,2026-04-05T16:52:39.645937
GyReka09,skipped,,,,,2026-04-05T16:52:54.292928
AlexandrSmolyachkovGH,skipped,,,,,2026-04-05T16:53:12.647193
casaesportivaa,skipped,,,,,2026-04-05T16:53:19.008376
juanroy012,skipped,CA,,0,24,2026-04-05T16:53:34.546623
subhanjanamait,skipped,,,,,2026-04-05T16:53:46.150141
hex37,skipped,,,,,2026-04-05T16:53:52.159966
Satria-Sandi,skipped,,,,,2026-04-05T16:54:09.885300
Hesen568,skipped,,,,,2026-04-05T16:54:16.450710
TechPreacher,skipped,CH,,0,0,2026-04-05T16:54:34.300722
Leoma099,skipped,,,,,2026-04-05T16:54:51.935926
wealthtrasofmiti,skipped,,,,,2026-04-05T16:54:57.883363
jinhyeonkwon,skipped,,,,,2026-04-05T16:55:18.033022
Ranjith-n-2004,skipped,IN,,0,5,2026-04-05T16:55:23.818753
asanzgom,skipped,,,,,2026-04-05T16:55:26.705699
prajwalsoni,skipped,IN,,1,3,2026-04-05T16:55:44.644319
coder-hiro,skipped,,,,,2026-04-05T16:55:56.996768
lordquann,skipped,,,,,2026-04-05T16:56:15.109402
lblasc,skipped,HR,,,,2026-04-05T16:56:27.007825
swapnil15021997,skipped,,,,,2026-04-05T16:56:44.879101
weicinnn,skipped,,,,,2026-04-05T16:56:57.073798
Amanrajguptaa,skipped,IN,,0,17,2026-04-05T16:57:15.137006
Octaviusss,skipped,,,,,2026-04-05T16:57:23.973456
DBAwandia,skipped,,,,,2026-04-05T16:57:39.468379
lochinbekdev,skipped,UZ,,,,2026-04-05T16:57:52.633658
gorogoro123,skipped,,,,,2026-04-05T16:58:06.363079
rektide,skipped,,,,,2026-04-05T16:58:18.930162
JoeOliverEvans,skipped,,,,,2026-04-05T16:58:35.080855
ElfoLiNk,skipped,IT,,3,10,2026-04-05T16:58:51.123480
AHMED-SAFA,scored,BD,0.0366,9,14,2026-04-05T16:59:09.400206
psyclaudeZ,skipped,,,,,2026-04-05T16:59:12.332625
banksjazz87,skipped,US,,0,0,2026-04-05T16:59:30.759618
Chandrakanthur,skipped,,,,,2026-04-05T16:59:46.839882
nils-soderman,scored,SE,0.0657,7,51,2026-04-05T16:59:56.958396
underskyer,skipped,,,,,2026-04-05T17:00:09.238668
JosephChoi,skipped,,,,,2026-04-05T17:00:27.813279
GenChe,skipped,,,,,2026-04-05T17:00:30.595614
Karljohan99,skipped,,,,,2026-04-05T17:00:48.761307
AlanZayon,scored,BR,0.0296,7,10,2026-04-05T17:00:57.962030
Levviata,skipped,,,,,2026-04-05T17:01:13.641531
marr97,skipped,,,,,2026-04-05T17:01:26.404670
JangDaeHyeok,skipped,,,,,2026-04-05T17:01:40.154781
hamidkhans651,skipped,PK,,10,0,2026-04-05T17:01:57.984923
us3rnames,skipped,,,,,2026-04-05T17:02:04.132306
Sowmya-257,skipped,,,,,2026-04-05T17:02:07.295893
isgcodingclub,skipped,,,,,2026-04-05T17:02:16.448070
averyb197,skipped,,,,,2026-04-05T17:02:31.886972
onisps,skipped,,,,,2026-04-05T17:02:40.483232
unayakani,skipped,IN,,0,20,2026-04-05T17:02:50.052877
Isaacgv,skipped,,,,,2026-04-05T17:03:07.870153
naneps,scored,ID,0.0303,70,30,2026-04-05T17:03:14.580995
alexistb2904,skipped,FR,,11,0,2026-04-05T17:03:25.853168
rvneXe,skipped,,,,,2026-04-05T17:03:27.109873
tbobm,skipped,FR,,0,0,2026-04-05T17:03:36.397590
t569,skipped,,,,,2026-04-05T17:03:53.390274
fonorobert,skipped,HU,,0,0,2026-04-05T17:04:02.332847
The-mean,skipped,,,,,2026-04-05T17:04:23.381737
Seyyyy,skipped,,,,,2026-04-05T17:04:31.442661
AlexanderNLog,skipped,,,,,2026-04-05T17:04:37.778135
santhosmails,skipped,,,,,2026-04-05T17:04:56.007280
monrealis,skipped,,,,,2026-04-05T17:05:05.465939
myles-lewis,skipped,GB,,96,4,2026-04-05T17:05:13.689750
Kaduh15,skipped,,,,,2026-04-05T17:05:29.423496
h-r-n,skipped,,,,,2026-04-05T17:05:50.609613
mukeshsoni,skipped,IN,,0,0,2026-04-05T17:06:06.353336
AkakiBurjanadze19,skipped,,,,,2026-04-05T17:06:07.119125
heyhey123-git,skipped,,,,,2026-04-05T17:06:12.891045
sujan-0,skipped,NP,,0,65,2026-04-05T17:06:34.531696
Adriel-Pezo-2004,skipped,,,,,2026-04-05T17:06:52.436605
lgang06,skipped,,,,,2026-04-05T17:06:56.700350
Inzagh1,skipped,,,,,2026-04-05T17:07:17.433417
saulvaldelvira,skipped,,,,,2026-04-05T17:07:23.726191
Noarkhh,skipped,PL,,100,0,2026-04-05T17:07:30.229008
JoshAskew,skipped,,,,,2026-04-05T17:07:49.694964
saulnyongesa,scored,KE,0.1038,7,8,2026-04-05T17:08:07.825656
cdgriffith,skipped,US,,4,20,2026-04-05T17:08:21.641944
izzymarc,scored,NG,0.0477,38,62,2026-04-05T17:08:40.305539
ConnorBaker,skipped,US,,0,0,2026-04-05T17:08:52.580560
nakulLukan,skipped,,,,,2026-04-05T17:09:08.544206
Albatraoz12,skipped,SE,,31,3,2026-04-05T17:09:23.962670
yuxin-miao,skipped,SE,,0,0,2026-04-05T17:09:30.298737
hieuhhhhhhh,skipped,,,,,2026-04-05T17:09:40.023008
ORz-Psyradox,skipped,,,,,2026-04-05T17:09:55.276518
Bhanupriya-art,skipped,,,,,2026-04-05T17:10:15.437948
rschu1ze,skipped,,,,,2026-04-05T17:10:22.206415
Nur1k518,skipped,,,,,2026-04-05T17:10:34.799256
EmadAkroush,skipped,,,,,2026-04-05T17:10:52.725952
qianfan-Zhao,skipped,,,,,2026-04-05T17:11:01.582527
acastem15,skipped,,,,,2026-04-05T17:11:13.779893
SDVGB,skipped,,,,,2026-04-05T17:11:30.808376
NAIMKHAN3,skipped,BD,,30,1,2026-04-05T17:11:48.991199
mamuka0,skipped,,,,,2026-04-05T17:11:54.855629
ntairova,skipped,,,,,2026-04-05T17:12:15.435445
KahanMajmudar,skipped,IN,,0,0,2026-04-05T17:12:31.530444
AnmolSaini16,skipped,IN,,13,0,2026-04-05T17:12:49.726226
MRD-HG,skipped,,,,,2026-04-05T17:13:07.854014
nithinraok,skipped,,,,,2026-04-05T17:13:15.078055
emirhanbayatli,skipped,TR,,0,100,2026-04-05T17:13:24.659897
nandhini-1330,skipped,,,,,2026-04-05T17:13:42.949928
remdex,skipped,LT,,,,2026-04-05T17:14:01.148911
rapi,skipped,,,,,2026-04-05T17:14:19.771077
DMJain,skipped,,,,,2026-04-05T17:14:25.865669
mounteron,skipped,,,,,2026-04-05T17:14:35.037100
jalalm07,skipped,,,,,2026-04-05T17:14:53.053192
Iksix,skipped,,,,,2026-04-05T17:15:11.336760
thebestWasabi,skipped,,,,,2026-04-05T17:15:16.518364
dalongbao,skipped,,,,,2026-04-05T17:15:20.640753
madeInLagny,skipped,FR,,7,0,2026-04-05T17:15:38.695627
asafdl,skipped,,,,,2026-04-05T17:15:55.261736
Mikael2983,skipped,,,,,2026-04-05T17:16:05.125652
raphaelr20,skipped,,,,,2026-04-05T17:16:10.852482
Daggerpov,skipped,CA,,4,0,2026-04-05T17:16:28.808453
steffenoppel,skipped,CH,,5,0,2026-04-05T17:16:38.037787
marcoscfreitas,skipped,,,,,2026-04-05T17:16:55.586098
ds7cw,skipped,,,,,2026-04-05T17:17:14.809502
robertventura,skipped,,,,,2026-04-05T17:17:24.595963
mzhafranh,skipped,,,,,2026-04-05T17:17:42.995600
groundhog2k,skipped,DE,,0,0,2026-04-05T17:18:01.281940
JackLiar,skipped,,,,,2026-04-05T17:18:16.258234
chindimaga,skipped,,,,,2026-04-05T17:18:25.462335
jrouaix,skipped,,,,,2026-04-05T17:18:37.714656
PipRitik,skipped,,,,,2026-04-05T17:18:40.481219
lelong03,skipped,,,,,2026-04-05T17:18:58.617762
Raihan-Fadillah,skipped,,,,,2026-04-05T17:19:05.499418
diniezikryy,skipped,SG,,32,0,2026-04-05T17:19:23.793630
fitbeard,skipped,LT,,,,2026-04-05T17:19:32.874626
Coly010,skipped,,,,,2026-04-05T17:19:39.052108
Quatton,skipped,JP,,94,0,2026-04-05T17:19:54.401264
bryevdv,skipped,US,,0,0,2026-04-05T17:19:57.175068
huberyhub,skipped,,,,,2026-04-05T17:20:06.474230
Seanpesis,skipped,,,,,2026-04-05T17:20:24.918900
wardeiling,skipped,,,,,2026-04-05T17:20:37.680223
suju-odoo,skipped,,,,,2026-04-05T17:20:44.792576
Farhan-Mehmood,skipped,GB,,0,31,2026-04-05T17:20:59.765383
Matt-Int,skipped,,,,,2026-04-05T17:21:08.637122
kavishgr,skipped,,,,,2026-04-05T17:21:21.961962
BachaRuthvik,skipped,,,,,2026-04-05T17:21:40.114017
caotam2004,skipped,,,,,2026-04-05T17:21:57.863188
bijoy-chandra,skipped,,,,,2026-04-05T17:22:16.717743
gotemapak,skipped,,,,,2026-04-05T17:22:34.473954
smartazz104,skipped,,,,,2026-04-05T17:22:49.243458
naotoman,skipped,JP,,0,0,2026-04-05T17:23:10.176336
Uracilius,skipped,,,,,2026-04-05T17:23:28.955393
rorysdavidson,skipped,,,,,2026-04-05T17:23:43.929720
javierlete,skipped,,,,,2026-04-05T17:23:58.984194
Humhmu,skipped,,,,,2026-04-05T17:24:13.231547
jhostia,skipped,,,,,2026-04-05T17:24:31.424260
npapke,skipped,,,,,2026-04-05T17:24:37.583077
23DP1NPozn,skipped,,,,,2026-04-05T17:24:49.382573
Jaron-U,skipped,US,,43,0,2026-04-05T17:25:05.572351
LeAmSa,skipped,,,,,2026-04-05T17:25:24.124674
eyupguzel,skipped,TR,,0,41,2026-04-05T17:25:42.606868
mattporritt,skipped,AU,,0,0,2026-04-05T17:25:45.567316
mouhadegall,skipped,,,,,2026-04-05T17:25:54.604695
zsculac,skipped,,,,,2026-04-05T17:26:03.557105
ASIF1998,skipped,,,,,2026-04-05T17:26:21.864895
HanYu1983,skipped,,,,,2026-04-05T17:26:31.170848
juanmurta,skipped,BR,,0,34,2026-04-05T17:26:49.748298
roger21,skipped,,,,,2026-04-05T17:26:56.058256
HRosete,scored,AU,0.5077,26,5,2026-04-05T17:27:09.005454
romanmaroder,skipped,,,,,2026-04-05T17:27:27.965344
develon2015,skipped,,,,,2026-04-05T17:27:30.877151
ldionne,skipped,CA,,0,0,2026-04-05T17:27:48.798434
FernandoSimoesPernabel,skipped,,,,,2026-04-05T17:27:55.931419
min9567,skipped,,,,,2026-04-05T17:28:11.545109
MukeshSwain,skipped,,,,,2026-04-05T17:28:29.615299
fidele007,skipped,FR,,0,0,2026-04-05T17:28:35.576810
m-usamasaleem,skipped,,,,,2026-04-05T17:28:41.560666
snrlaqylah,skipped,,,,,2026-04-05T17:28:57.344969
DwayneRademeyer,skipped,,,,,2026-04-05T17:29:06.114579
Sarvwigyan,skipped,,,,,2026-04-05T17:29:21.161209
jiajic,skipped,US,,0,0,2026-04-05T17:29:28.166193
m1chale,skipped,,,,,2026-04-05T17:29:40.372282
seungineer,skipped,,,,,2026-04-05T17:29:46.674908
srpihhllc,skipped,,,,,2026-04-05T17:29:54.389088
jaimy-vt,skipped,,,,,2026-04-05T17:30:07.240793
busra054,skipped,,,,,2026-04-05T17:30:09.661896
kerber0x,skipped,,,,,2026-04-05T17:30:12.543807
juanbautistamalina,scored,AR,0.0694,7,42,2026-04-05T17:30:31.286202
Edgermartial,skipped,,,,,2026-04-05T17:30:48.470782
daemon1995,skipped,,,,,2026-04-05T17:31:02.280369
luizfonseca,skipped,DE,,0,0,2026-04-05T17:31:14.188879
DEEPAK31875,skipped,,,,,2026-04-05T17:31:35.265660
MrDei110,skipped,,,,,2026-04-05T17:31:50.753795
purujitv,skipped,,,,,2026-04-05T17:32:11.372071
MikulDev,skipped,,,,,2026-04-05T17:32:30.974067
jkortner,skipped,,,,,2026-04-05T17:32:46.400338
rammewerk,skipped,NO,,0,3,2026-04-05T17:32:59.441975
phip1611,skipped,DE,,0,0,2026-04-05T17:33:18.231827
werewlop,skipped,,,,,2026-04-05T17:33:24.570098
JoffreyLGT,skipped,FR,,0,0,2026-04-05T17:33:43.018006
LuizFelipeM,skipped,BR,,0,0,2026-04-05T17:34:01.315041
chrisokoth,skipped,KE,,91,0,2026-04-05T17:34:19.531972
hipek8,skipped,PL,,0,0,2026-04-05T17:34:37.391725
Bedrock02,skipped,US,,0,0,2026-04-05T17:34:43.272489
VrezHy,skipped,,,,,2026-04-05T17:35:01.725627
lukapeschke,skipped,,,,,2026-04-05T17:35:17.441784
ApurvaJagdale,skipped,,,,,2026-04-05T17:35:36.101869
danielpeter,skipped,,,,,2026-04-05T17:35:42.018160
yuganshgarg01,skipped,,,,,2026-04-05T17:36:00.605964
itrabbi24,scored,BD,0.0417,12,8,2026-04-05T17:36:15.807218
nhonhoccode,skipped,,,,,2026-04-05T17:36:33.357863
BhasherBEL,skipped,BE,,0,0,2026-04-05T17:36:45.325993
rda-dattore,scored,US,0.0377,11,7,2026-04-05T17:36:57.729054
Starcool20,skipped,NG,,15,0,2026-04-05T17:37:17.599456
qitoqito,skipped,,,,,2026-04-05T17:37:23.814372
vraja-nayaka,skipped,,,,,2026-04-05T17:37:31.949209
enioo22,skipped,,,,,2026-04-05T17:37:43.982352
JanWeber-neuro,skipped,DE,,4,0,2026-04-05T17:37:52.710338
meet-codecrew,skipped,,,,,2026-04-05T17:38:04.355977
GregoryGDS,skipped,,,,,2026-04-05T17:38:25.549822
MilkyWayy18,skipped,,,,,2026-04-05T17:38:37.295872
maaky1,skipped,,,,,2026-04-05T17:39:00.772397
b4dow,skipped,,,,,2026-04-05T17:39:18.912089
matthew-white,skipped,US,,0,0,2026-04-05T17:39:30.289143
iandardik,skipped,US,,0,0,2026-04-05T17:39:36.927094
andrewfstratton,skipped,GB,,0,100,2026-04-05T17:39:43.918368
sad-spirit,skipped,RU,,0,100,2026-04-05T17:39:50.195081
Nkurunzizagashati,skipped,,,,,2026-04-05T17:40:02.594871
smoors,skipped,,,,,2026-04-05T17:40:05.597651
DioCrafts,skipped,,,,,2026-04-05T17:40:22.979714
Kdwkakcs,skipped,,,,,2026-04-05T17:40:35.062186
ravaell0-0,skipped,,,,,2026-04-05T17:40:44.825133
mzhmz,skipped,,,,,2026-04-05T17:40:50.797616
dgm077,skipped,,,,,2026-04-05T17:40:56.721328
jjenzz,skipped,GB,,0,0,2026-04-05T17:41:15.816031
Sahilchoudhary20,skipped,,,,,2026-04-05T17:41:34.560452
nikitans2298,skipped,,,,,2026-04-05T17:41:46.922488
dcadata,skipped,,,,,2026-04-05T17:41:54.092962
clintval,skipped,,,,,2026-04-05T17:42:03.522701
buivantoana,skipped,,,,,2026-04-05T17:42:18.400373
mark77234,skipped,,,,,2026-04-05T17:42:24.712504
Keesraijmakers,skipped,,,,,2026-04-05T17:42:30.593552
BaeDongWoo,skipped,,,,,2026-04-05T17:42:36.921159
samafeald,skipped,,,,,2026-04-05T17:42:44.214823
Mielilon,skipped,,,,,2026-04-05T17:43:01.936817
msparkspcn,skipped,,,,,2026-04-05T17:43:16.860981
Taslima-Ahamed-Mze,skipped,,,,,2026-04-05T17:43:34.727330
iiotntust,skipped,,,,,2026-04-05T17:43:53.823352
Dear-47,skipped,,,,,2026-04-05T17:44:05.571993
shunichironomura,skipped,,,,,2026-04-05T17:44:11.897328
crscodio,skipped,,,,,2026-04-05T17:44:18.930572
manupak,skipped,GB,,0,0,2026-04-05T17:44:21.856784
Leumas13,skipped,,,,,2026-04-05T17:44:40.000003
rizalcho,skipped,,,,,2026-04-05T17:44:46.248412
sonicashdev,skipped,,,,,2026-04-05T17:44:56.237221
phebeisen,skipped,,,,,2026-04-05T17:45:02.444249
KybernetikJo,skipped,AT,,26,0,2026-04-05T17:45:08.709611
banjoSolomon,skipped,,,,,2026-04-05T17:45:26.883971
GowthamPrasathElumalai,skipped,,,,,2026-04-05T17:45:41.839468
GreggIsGreat,skipped,,,,,2026-04-05T17:45:59.396080
phdru,scored,RU,0.1402,21,19,2026-04-05T17:46:02.571517
unayakani,skipped,IN,,0,20,2026-04-05T17:46:03.878850
saubhagyarb,skipped,,,,,2026-04-05T17:46:17.851578
Vidit0018,skipped,,,,,2026-04-05T17:46:35.953632
pukerwho,skipped,,,,,2026-04-05T17:46:53.970595
Gabryel-Fernandes,skipped,,,,,2026-04-05T17:47:03.387241
Jakub-Rudnik,skipped,,,,,2026-04-05T17:47:21.611113
FelipeRicardo5,skipped,,,,,2026-04-05T17:47:37.055614
richeyphu,skipped,TH,,25,4,2026-04-05T17:47:56.662592
Aqua-Zhu,skipped,,,,,2026-04-05T17:48:16.733428
amittiwari28,skipped,,,,,2026-04-05T17:48:19.525239
kMagic142,skipped,RO,,4,2,2026-04-05T17:48:38.841529
domc159,skipped,,,,,2026-04-05T17:48:57.393236
Batya0tvoy,skipped,,,,,2026-04-05T17:49:06.703422
Stef-GMS,skipped,US,,0,0,2026-04-05T17:49:09.579869
PazNicolas,skipped,,,,,2026-04-05T17:49:28.221730
vedantulhe12,skipped,IN,,0,2,2026-04-05T17:49:37.165922
challduck,skipped,,,,,2026-04-05T17:49:53.045962
CarloBu,skipped,,,,,2026-04-05T17:50:09.836019
Mahgb,skipped,,,,,2026-04-05T17:50:25.365942
atom-sveta,skipped,,,,,2026-04-05T17:50:28.183257
Amit-Sarussi,skipped,,,,,2026-04-05T17:50:46.676506
sophia-erni,skipped,,,,,2026-04-05T17:51:01.478324
pushyamig,skipped,,,,,2026-04-05T17:51:04.383686
joostlek,skipped,NL,,0,0,2026-04-05T17:51:19.497917
willemcdejongh,skipped,ZA,,0,0,2026-04-05T17:51:22.256578
khairul-amin,skipped,,,,,2026-04-05T17:51:32.033265
Divyshekhar,skipped,,,,,2026-04-05T17:51:50.098607
grischeras,skipped,,,,,2026-04-05T17:52:02.786761
GeorgeContreras241,skipped,,,,,2026-04-05T17:52:20.592469
ftwater,skipped,,,,,2026-04-05T17:52:32.899657
SharjeelAhmed2,scored,PK,0.1394,6,36,2026-04-05T17:52:51.139527
ahnsickhaus,skipped,,,,,2026-04-05T17:52:56.914591
sabkat-ahmed-rafi,skipped,BD,,0,26,2026-04-05T17:53:01.107729
Sarania,skipped,,,,,2026-04-05T17:53:09.287915
niedbalski,skipped,,,,,2026-04-05T17:53:21.196574
krishhteja,skipped,,,,,2026-04-05T17:53:36.058503
grimmcreative,skipped,,,,,2026-04-05T17:53:38.922241
Yiftach-Ilan-Haviv,skipped,,,,,2026-04-05T17:53:47.397674
johnnyluo,skipped,AU,,0,0,2026-04-05T17:53:53.279514
mvmckennaltu,skipped,,,,,2026-04-05T17:54:11.536453
corke2013,skipped,,,,,2026-04-05T17:54:29.936675
NukeeMann,skipped,,,,,2026-04-05T17:54:49.364796
pojntfx,skipped,CA,,0,0,2026-04-05T17:55:07.785965
nichnarmada,skipped,US,,0,0,2026-04-05T17:55:25.950821
findasifrahman,skipped,BD,,0,5,2026-04-05T17:55:44.589834
sirly82,skipped,,,,,2026-04-05T17:56:02.987017
Coltbro615,skipped,,,,,2026-04-05T17:56:09.476838
CombustibleLemons5113,skipped,,,,,2026-04-05T17:56:18.457066
nkxrfxforum,skipped,,,,,2026-04-05T17:56:23.981578
hack4her,skipped,,,,,2026-04-05T17:56:24.758337
Yuna-commits,skipped,,,,,2026-04-05T17:56:37.505205
OsamaMahmoud99,skipped,,,,,2026-04-05T17:56:55.894462
RomanS1994,skipped,,,,,2026-04-05T17:57:14.551250
Skuerjuan,skipped,,,,,2026-04-05T17:57:31.172892
karlxu0,skipped,,,,,2026-04-05T17:57:34.157699
kmkrish001,skipped,,,,,2026-04-05T17:57:52.342275
zegment-datalabs,skipped,,,,,2026-04-05T17:58:02.578880
SilverVRCode,skipped,CA,,0,52,2026-04-05T17:58:21.366289
Pradhum1,skipped,,,,,2026-04-05T17:58:33.003985
adithyaov,skipped,IN,,0,0,2026-04-05T17:58:45.861743
nam-kiyun,skipped,,,,,2026-04-05T17:58:51.818751
UnproentodoProgramando,skipped,,,,,2026-04-05T17:59:13.022512
kukorra,skipped,,,,,2026-04-05T17:59:31.090171
ygormacedo,skipped,BR,,0,0,2026-04-05T17:59:49.759533
maxdibaxrami,skipped,RU,,0,0,2026-04-05T18:00:05.668928
jichang-lee,skipped,,,,,2026-04-05T18:00:24.546017
cascading-jox,skipped,SE,,0,0,2026-04-05T18:00:27.487425
SKSritharan,skipped,,,,,2026-04-05T18:00:45.811892
aaronzedwick,scored,US,0.1024,19,5,2026-04-05T18:00:58.187504
stwflyfox,skipped,,,,,2026-04-05T18:01:01.072960
IbadUrRehman143,skipped,,,,,2026-04-05T18:01:19.204423
Yashika118,skipped,IN,,6,4,2026-04-05T18:01:37.453298
786haider,skipped,,,,,2026-04-05T18:01:55.697563
krillato,skipped,,,,,2026-04-05T18:02:14.179052
sapirgerstman,skipped,,,,,2026-04-05T18:02:20.262027
wichan7,scored,KR,0.084,78,22,2026-04-05T18:02:26.645210
rcsdk,skipped,,,,,2026-04-05T18:02:33.090014
jackshenn,skipped,,,,,2026-04-05T18:02:41.805009
DevExpressExampleBot,skipped,,,,,2026-04-05T18:02:47.497914
DanielOsypenko,skipped,IL,,1,0,2026-04-05T18:03:00.030262
sadhudipak,skipped,,,,,2026-04-05T18:03:09.259479
HasibulHasanKhan,skipped,BD,,0,100,2026-04-05T18:03:21.457971
wetsocksnsleeves,skipped,,,,,2026-04-05T18:03:28.122013
westcrime,skipped,,,,,2026-04-05T18:03:46.597817
roshankern,skipped,,,,,2026-04-05T18:03:49.533129
Chae-h,skipped,,,,,2026-04-05T18:03:58.505644
jaayperez,skipped,US,,24,0,2026-04-05T18:04:14.356115
pigjs,skipped,,,,,2026-04-05T18:04:32.630345
Vasiliki655,skipped,,,,,2026-04-05T18:04:38.656674
erlantz9rey,skipped,,,,,2026-04-05T18:04:57.528347
MrMonkey420,skipped,,,,,2026-04-05T18:05:07.005202
jaroslav-viravec,skipped,SK,,,,2026-04-05T18:05:25.605974
andreasisnes,skipped,NO,,0,4,2026-04-05T18:05:38.250448
intraceting,skipped,,,,,2026-04-05T18:05:54.044899
bermejo4,skipped,ES,,0,0,2026-04-05T18:06:09.046609
MayankPandey2611,skipped,,,,,2026-04-05T18:06:21.485058
Qaisar-Mateen,skipped,PK,,23,0,2026-04-05T18:06:39.695675
spotthehall,skipped,,,,,2026-04-05T18:06:48.329420
Schizophreni,skipped,,,,,2026-04-05T18:06:57.435594
LeboMosue,skipped,,,,,2026-04-05T18:07:09.200347
Reilynn-Olsen,skipped,US,,0,0,2026-04-05T18:07:26.946765
IanAWatson,skipped,,,,,2026-04-05T18:07:39.963006
Reyhansedghi,skipped,IR,,,,2026-04-05T18:07:54.898712
amanikonda123,skipped,,,,,2026-04-05T18:08:12.949199
dario208,skipped,,,,,2026-04-05T18:08:30.817701
EstebanCantor,skipped,,,,,2026-04-05T18:08:37.346704
Drea0802,skipped,,,,,2026-04-05T18:08:52.124849
FabestValencia,skipped,,,,,2026-04-05T18:09:10.460340
Gaolingx,skipped,,,,,2026-04-05T18:09:19.713215
Hamobcdev,skipped,,,,,2026-04-05T18:09:37.455466
RaPress,skipped,,,,,2026-04-05T18:09:49.747701
WackyWorId,skipped,,,,,2026-04-05T18:10:07.720411
claudiocapanema,skipped,,,,,2026-04-05T18:10:26.368372
richychavez2323,skipped,,,,,2026-04-05T18:10:32.752997
Rodobrodo2,skipped,,,,,2026-04-05T18:10:53.866700
Alfonso-Corona,skipped,,,,,2026-04-05T18:11:13.640451
xhs7700,skipped,,,,,2026-04-05T18:11:19.798294
kevinxiao27,skipped,,,,,2026-04-05T18:11:38.151501
thamza17,skipped,,,,,2026-04-05T18:11:47.304536
MohammadKN,skipped,,,,,2026-04-05T18:12:05.762360
huytakazy55,skipped,,,,,2026-04-05T18:12:23.703167
rrmiy,skipped,,,,,2026-04-05T18:12:33.045581
what-a-simo,skipped,,,,,2026-04-05T18:12:46.012097
dominopizzaaaa,skipped,,,,,2026-04-05T18:13:04.288187
EmbeddedMDumar,skipped,,,,,2026-04-05T18:13:22.586504
kaar,skipped,SE,,0,100,2026-04-05T18:13:32.098452
Bar11,skipped,,,,,2026-04-05T18:13:50.696841
AnandTenneti,skipped,IN,,0,50,2026-04-05T18:14:06.114224
albhultd,skipped,,,,,2026-04-05T18:14:24.790476
cg-tw,skipped,,,,,2026-04-05T18:14:27.603658
Jventura11,skipped,,,,,2026-04-05T18:14:43.212863
noastruRU,skipped,,,,,2026-04-05T18:14:49.146952
aleksandregvrm,skipped,,,,,2026-04-05T18:15:06.502404
Abouyousouf,skipped,,,,,2026-04-05T18:15:24.549339
dssitachi,skipped,IN,,11,0,2026-04-05T18:15:42.870840
jarjut,skipped,ID,,0,0,2026-04-05T18:16:01.563845
qbessi,skipped,,,,,2026-04-05T18:16:08.333223
MaiaMikael,skipped,,,,,2026-04-05T18:16:29.437975
devriesusna,skipped,,,,,2026-04-05T18:16:35.486317
josegallo,skipped,,,,,2026-04-05T18:16:53.693396
KasymovD,skipped,,,,,2026-04-05T18:17:14.529979
sdornel,skipped,US,,0,0,2026-04-05T18:17:31.876638
hsteinshiromoto,skipped,AU,,0,0,2026-04-05T18:17:44.517623
intraceting,skipped,,,,,2026-04-05T18:17:55.443851
DyakaFaiz,skipped,,,,,2026-04-05T18:18:02.710387
erik-tavares,skipped,,,,,2026-04-05T18:18:21.120361
iganakov,skipped,PL,,0,0,2026-04-05T18:18:24.023764
jbovet,skipped,,,,,2026-04-05T18:18:35.969614
DinoChiesa,skipped,US,,14,2,2026-04-05T18:18:42.124460
yusufyassir,skipped,EG,,99,0,2026-04-05T18:18:57.672405
Yuliya0484,skipped,UA,,0,43,2026-04-05T18:19:15.962633
hdaeore,skipped,,,,,2026-04-05T18:19:24.907084
andreasgriffin,skipped,,,,,2026-04-05T18:19:35.040119
vdemeester,skipped,FR,,0,0,2026-04-05T18:19:41.455511
raub,skipped,AE,,0,0,2026-04-05T18:20:00.329094
daito-kawasaki,skipped,,,,,2026-04-05T18:20:19.320267
Yusuf-R,skipped,,,,,2026-04-05T18:20:31.117744
dmitry-gubanov,skipped,,,,,2026-04-05T18:20:37.194447
ceski-1,skipped,,,,,2026-04-05T18:20:43.167666
Hinski2,skipped,PL,,0,100,2026-04-05T18:20:49.873358
Simranjit884,skipped,,,,,2026-04-05T18:21:08.387923
trevis,skipped,,,,,2026-04-05T18:21:14.453625
vizoss,skipped,,,,,2026-04-05T18:21:20.310515
inspireMeNow,scored,CN,0.0939,5,71,2026-04-05T18:21:39.073929
cngrindstaff,skipped,,,,,2026-04-05T18:21:49.589478
DennGk,skipped,,,,,2026-04-05T18:21:58.914222
cgq15,skipped,CN,,0,0,2026-04-05T18:22:14.152468
so1761,skipped,,,,,2026-04-05T18:22:20.778044
fxdgg,skipped,CN,,0,0,2026-04-05T18:22:30.035984
khushn,skipped,,,,,2026-04-05T18:22:42.394126
DevanshuDesai15,skipped,US,,0,0,2026-04-05T18:23:00.123771
dungeon2567,skipped,,,,,2026-04-05T18:23:14.983313
vincentgoudard,skipped,,,,,2026-04-05T18:23:30.542699
Juger0007,skipped,,,,,2026-04-05T18:23:42.717451
dondanidang,skipped,,,,,2026-04-05T18:23:55.801404
Shivanimurukannaiah,skipped,,,,,2026-04-05T18:24:14.453201
HieuTkZ,skipped,,,,,2026-04-05T18:24:32.629708
Ulysse2211,skipped,FR,,3,92,2026-04-05T18:24:45.442930
huynguyen2882,skipped,,,,,2026-04-05T18:25:03.084266
ajaydasmecheri,skipped,IN,,0,8,2026-04-05T18:25:20.743887
Lookandme,skipped,,,,,2026-04-05T18:25:38.648564
pungiu,skipped,,,,,2026-04-05T18:26:00.345490
AlbertoBarrago,skipped,,,,,2026-04-05T18:26:06.454330
Amaldas467,skipped,,,,,2026-04-05T18:26:24.482975
xonkulov2005,skipped,,,,,2026-04-05T18:26:42.215689
saileshbro,skipped,NP,,15,1,2026-04-05T18:26:52.484512
LeoSource,skipped,CN,,0,0,2026-04-05T18:27:03.206007
chint-111,skipped,,,,,2026-04-05T18:27:07.480395
jfine66,skipped,,,,,2026-04-05T18:27:22.202856
HitoriKoishi,skipped,,,,,2026-04-05T18:27:37.523132
naxordeve,skipped,ZA,,0,100,2026-04-05T18:27:43.908970
okankoAMZ,skipped,,,,,2026-04-05T18:27:49.985838
anilcyberlink,skipped,,,,,2026-04-05T18:28:09.537111
digisourceza,skipped,,,,,2026-04-05T18:28:16.840944
hclazarte,skipped,,,,,2026-04-05T18:28:30.251087
anthonysecco,skipped,US,,0,100,2026-04-05T18:28:43.419352
Jagadeshan25,skipped,,,,,2026-04-05T18:28:55.331310
metalmon,skipped,,,,,2026-04-05T18:29:06.216606
TiagoSBO,skipped,,,,,2026-04-05T18:29:12.550800
leshao-o,skipped,RU,,0,45,2026-04-05T18:29:30.615033
tartarleft,skipped,,,,,2026-04-05T18:29:36.642662
dvdkouril,skipped,US,,0,0,2026-04-05T18:29:54.930327
seanyc4,skipped,,,,,2026-04-05T18:30:01.794179
araxvindh,skipped,,,,,2026-04-05T18:30:16.683941
jewelhasan007,skipped,,,,,2026-04-05T18:30:34.233112
SamD770,skipped,,,,,2026-04-05T18:30:49.692949
pavank1595,skipped,,,,,2026-04-05T18:31:10.013259
lomikist,skipped,,,,,2026-04-05T18:31:25.412428
ClementNumericite,skipped,,,,,2026-04-05T18:31:28.317544
pflofif,skipped,,,,,2026-04-05T18:31:46.573111
dansabadas,skipped,,,,,2026-04-05T18:32:05.000276
acostacion,skipped,,,,,2026-04-05T18:32:22.968516
ThomaszNL,skipped,,,,,2026-04-05T18:32:31.835770
VasylyshynDmytro,skipped,,,,,2026-04-05T18:32:46.450163
jonkiky,skipped,,,,,2026-04-05T18:33:03.928000
TomSmail,skipped,GB,,14,0,2026-04-05T18:33:22.528999
LeoJMaro,skipped,,,,,2026-04-05T18:33:31.382163
EneasDavid,skipped,,,,,2026-04-05T18:33:49.306189
nikolaevaElizaveta,skipped,,,,,2026-04-05T18:34:07.444817
kharbashpriyanshu,skipped,,,,,2026-04-05T18:34:25.937822
Pallavits2004,skipped,,,,,2026-04-05T18:34:39.048690
saan04,skipped,,,,,2026-04-05T18:34:59.648497
Ni-2,skipped,,,,,2026-04-05T18:35:16.067425
juanmediavillaa,skipped,,,,,2026-04-05T18:35:25.570305
Hiahwahnah,skipped,,,,,2026-04-05T18:35:43.683551
hemingkx,skipped,CN,,0,0,2026-04-05T18:35:56.228790
nafismahamudshahin,scored,BD,0.029,49,26,2026-04-05T18:36:14.715019
prajwalbagewadi,skipped,IN,,0,100,2026-04-05T18:36:24.738511
jeffdaly1975,skipped,,,,,2026-04-05T18:36:33.941386
Degamer13,skipped,,,,,2026-04-05T18:36:51.518608
Nayobass,skipped,,,,,2026-04-05T18:37:09.621144
angelshyju14,skipped,,,,,2026-04-05T18:37:21.641302
naylafn,skipped,,,,,2026-04-05T18:37:40.066680
ujjwalsuman15,skipped,,,,,2026-04-05T18:37:58.081674
heli-t-00,skipped,,,,,2026-04-05T18:38:13.793623
K4ffeMan,skipped,,,,,2026-04-05T18:38:26.684067
NITIN9694,skipped,,,,,2026-04-05T18:38:44.968757
christiangarza1505813,skipped,,,,,2026-04-05T18:39:00.371369
mBlinkii,skipped,DE,,0,100,2026-04-05T18:39:07.293944
Brick-Branch,skipped,,,,,2026-04-05T18:39:13.647261
f-f,skipped,FI,,0,0,2026-04-05T18:39:28.826226
AgnellusX1,skipped,IN,,0,0,2026-04-05T18:39:48.317029
yuhengding1206,skipped,,,,,2026-04-05T18:40:03.814644
iznaroth,skipped,,,,,2026-04-05T18:40:13.356055
jiangts,skipped,US,,0,0,2026-04-05T18:40:31.419638
vpgenera,skipped,,,,,2026-04-05T18:40:46.646008
annasnurdin,skipped,,,,,2026-04-05T18:41:05.246488
ReemFarah,skipped,,,,,2026-04-05T18:41:11.986214
Ez3-ki-el,skipped,,,,,2026-04-05T18:41:29.936886
dherjar,skipped,,,,,2026-04-05T18:41:42.064252
sjfuentes,skipped,,,,,2026-04-05T18:41:50.982999
AswinAzikar,skipped,IN,,0,15,2026-04-05T18:41:59.879237
AmosLewis,skipped,CA,,0,0,2026-04-05T18:42:18.157140
jungyeons,skipped,,,,,2026-04-05T18:42:36.535895
juanitooxx2,skipped,,,,,2026-04-05T18:42:45.381093
luca-pellizzon,skipped,,,,,2026-04-05T18:42:48.238507
Shreyansh1563,skipped,,,,,2026-04-05T18:43:05.600093
bella-ward,skipped,,,,,2026-04-05T18:43:20.493847
git-assi,skipped,,,,,2026-04-05T18:43:38.421297
MALEKAbuHammad,skipped,,,,,2026-04-05T18:43:56.642331
FormShantonu,skipped,,,,,2026-04-05T18:44:15.443667
ZYC-ModelCloud,skipped,,,,,2026-04-05T18:44:18.224475
Yagami1729,skipped,,,,,2026-04-05T18:44:31.652415
AbhayChaurasiya01,skipped,,,,,2026-04-05T18:44:40.816596
CaueKempe,skipped,,,,,2026-04-05T18:44:58.845983
SashaMagDEv,skipped,,,,,2026-04-05T18:45:20.526420
Saurabh-Vishwakarmaa,skipped,,,,,2026-04-05T18:45:38.378878
will-byrne,skipped,GB,,0,0,2026-04-05T18:45:47.182295
PrabhatNarayanPayasi,skipped,,,,,2026-04-05T18:46:04.996802
NataliKontakt,skipped,,,,,2026-04-05T18:46:19.796460
Demi-osi,skipped,,,,,2026-04-05T18:46:28.794296
dwrigley1,skipped,,,,,2026-04-05T18:46:48.023983
DarkBlaak,skipped,,,,,2026-04-05T18:46:53.620379
EmineTopcu,skipped,,,,,2026-04-05T18:47:03.249677
rik1599,skipped,IT,,0,0,2026-04-05T18:47:15.868263
xYarvinx,skipped,,,,,2026-04-05T18:47:33.897915
njustesen,skipped,DK,,0,0,2026-04-05T18:47:52.119423
keerthiprathibha-15,skipped,,,,,2026-04-05T18:48:09.563542
dackae,skipped,,,,,2026-04-05T18:48:27.610557
KamilaKenji,skipped,,,,,2026-04-05T18:48:30.389854
KareemMoataz02,skipped,,,,,2026-04-05T18:48:48.582840
t0m45DEV,skipped,,,,,2026-04-05T18:49:06.324806
iamrudhresh,skipped,IN,,1,99,2026-04-05T18:49:16.109489
siglr,skipped,,,,,2026-04-05T18:49:25.636968
affanhamid,skipped,GB,,0,65,2026-04-05T18:49:44.195335
cinnion,skipped,,,,,2026-04-05T18:49:50.208885
salmanahmad-rt,skipped,,,,,2026-04-05T18:50:02.377242
nenecy-lab,skipped,,,,,2026-04-05T18:50:19.959646
SakharovIvan,skipped,,,,,2026-04-05T18:50:29.369916
dehero,skipped,,,,,2026-04-05T18:50:38.954136
y3llkyaw,skipped,,,,,2026-04-05T18:50:56.901663
anmattila,skipped,FI,,0,0,2026-04-05T18:51:08.664811
IGalat,skipped,,,,,2026-04-05T18:51:18.689835
Pixel08,skipped,,,,,2026-04-05T18:51:25.066196
cKirkktoh,skipped,,,,,2026-04-05T18:51:45.177646
Pranub150,skipped,,,,,2026-04-05T18:52:03.049651
caichinger,skipped,,,,,2026-04-05T18:52:11.821543
danielclaytonborgtx,skipped,,,,,2026-04-05T18:52:29.836283
Ahmed-Abbasi-Official,skipped,PK,,0,100,2026-04-05T18:52:50.744660
SanjanaBhoot,skipped,,,,,2026-04-05T18:52:59.637447
VaibhavMishra173,skipped,IN,,0,0,2026-04-05T18:53:18.053389
Asif116,skipped,,,,,2026-04-05T18:53:36.454703
AlexandreSato,skipped,,,,,2026-04-05T18:53:45.855887
Joyce-Peng-GitHub,skipped,,,,,2026-04-05T18:54:02.196533
SRR23,skipped,,,,,2026-04-05T18:54:20.290997
Ilona-Chorniy,skipped,,,,,2026-04-05T18:54:38.790246
amecca,skipped,,,,,2026-04-05T18:54:44.776017
Balandat,skipped,,,,,2026-04-05T18:54:53.840106
TheLazyLemur,skipped,ZA,,4,1,2026-04-05T18:55:13.772667
NitaiNijholt,skipped,NL,,0,100,2026-04-05T18:55:23.599645
HlibProtasov,skipped,,,,,2026-04-05T18:55:38.860441
BeheraSas,skipped,CA,,0,23,2026-04-05T18:55:57.683376
Pfoxj,skipped,,,,,2026-04-05T18:56:12.963141
MichaelBengtsson,skipped,,,,,2026-04-05T18:56:32.494241
CarlosVicenteB,skipped,,,,,2026-04-05T18:56:44.803437
eugenebreenire,skipped,,,,,2026-04-05T18:56:57.116249
Tanachuns,skipped,TH,,97,3,2026-04-05T18:57:16.057626
Maksym-Rubel,skipped,,,,,2026-04-05T18:57:34.014770
lowfiee,skipped,,,,,2026-04-05T18:57:49.122521
1hehaq,skipped,,,,,2026-04-05T18:58:01.635979
frank-shema,skipped,,,,,2026-04-05T18:58:19.458032
giorgioc00,skipped,,,,,2026-04-05T18:58:25.606911
ln-mindtech,skipped,,,,,2026-04-05T18:58:43.409880
YasuoQAQ,skipped,,,,,2026-04-05T18:58:55.369964
nasser-k,skipped,,,,,2026-04-05T18:59:13.964991
stoopkidddd,skipped,,,,,2026-04-05T18:59:19.726433
Sjain0018,skipped,,,,,2026-04-05T18:59:29.501818
YCChu1995,skipped,,,,,2026-04-05T18:59:45.178836
rmorales4195,skipped,,,,,2026-04-05T18:59:51.576705
djjhftgc,skipped,,,,,2026-04-05T18:59:57.924830
BlitzdUK,skipped,,,,,2026-04-05T19:00:04.852993
bksubhuti,skipped,,,,,2026-04-05T19:00:11.538127
Duncid,skipped,FR,,0,31,2026-04-05T19:00:21.297425
hmvege,skipped,NO,,1,0,2026-04-05T19:00:39.153568
IzarchTech,skipped,NG,,10,0,2026-04-05T19:00:51.302073
Gnomoslog,skipped,,,,,2026-04-05T19:01:00.926649
Jerickivan29,skipped,,,,,2026-04-05T19:01:15.832400
rpjicond,skipped,,,,,2026-04-05T19:01:33.985781
anjana-soumya,skipped,,,,,2026-04-05T19:01:48.478033
AdamIMT1,skipped,,,,,2026-04-05T19:01:51.249105
rehpotsirhc-a,skipped,,,,,2026-04-05T19:02:03.629431
Spyder2948,skipped,,,,,2026-04-05T19:02:19.146291
edah-hub1,skipped,,,,,2026-04-05T19:02:36.848204
MichaPau,skipped,,,,,2026-04-05T19:02:43.639714
tobz,skipped,US,,0,0,2026-04-05T19:02:54.837027
gcl8a,skipped,,,,,2026-04-05T19:03:13.271738
umutbahur,skipped,,,,,2026-04-05T19:03:31.351595
Lakshanteach,skipped,,,,,2026-04-05T19:03:40.458694
tanvibandekar,skipped,,,,,2026-04-05T19:03:55.693567
hayderali1,skipped,,,,,2026-04-05T19:04:07.211357
Ifeoma28,skipped,,,,,2026-04-05T19:04:26.777182
FedeMariani18,skipped,,,,,2026-04-05T19:04:35.799242
danmccloskey,skipped,,,,,2026-04-05T19:04:45.571175
seyidturgut,skipped,TR,,0,33,2026-04-05T19:05:03.562441
muditsinghal1,skipped,,,,,2026-04-05T19:05:18.778283
dhakshna-moorthi,skipped,,,,,2026-04-05T19:05:37.169151
Maxime3d77,skipped,,,,,2026-04-05T19:05:43.215016
chuoibo,skipped,,,,,2026-04-05T19:05:49.490975
H4NZX,skipped,,,,,2026-04-05T19:06:04.700015
filippresnajder,skipped,,,,,2026-04-05T19:06:23.216544
ShashankPardhi,skipped,,,,,2026-04-05T19:06:38.002423
rgant,skipped,US,,3,97,2026-04-05T19:06:44.800721
Prabhas-Reddy,skipped,,,,,2026-04-05T19:07:03.369154
CuteAxi,skipped,,,,,2026-04-05T19:07:12.835444
Superkingpat,skipped,,,,,2026-04-05T19:07:26.150443
mikeshardmind,skipped,,,,,2026-04-05T19:07:39.904671
Kaouthar00123,skipped,,,,,2026-04-05T19:07:56.948355
Aryan-strack,skipped,,,,,2026-04-05T19:08:15.517833
truelamer,skipped,,,,,2026-04-05T19:08:33.574822
TomazErjavec,skipped,SI,,,,2026-04-05T19:08:36.477521
HanslettTheDev,skipped,,,,,2026-04-05T19:08:46.649247
dachau1705,skipped,,,,,2026-04-05T19:09:01.662227
Eyal-Danieli,skipped,,,,,2026-04-05T19:09:04.552952
Botica-Developer,skipped,,,,,2026-04-05T19:09:13.364037
DaviGGA,skipped,,,,,2026-04-05T19:09:31.162858
rjrt16,skipped,,,,,2026-04-05T19:09:43.046103
Tim1357912,skipped,,,,,2026-04-05T19:10:00.939275
arifkoken,skipped,,,,,2026-04-05T19:10:10.012111
LutfiSyahindra,skipped,,,,,2026-04-05T19:10:27.554491
nilsjorgen,skipped,,,,,2026-04-05T19:10:46.168238
danherrera,skipped,US,,0,0,2026-04-05T19:11:01.763678
20481-RahulYadav,skipped,,,,,2026-04-05T19:11:22.227825
beyondsimulations,scored,DE,0.0286,52,48,2026-04-05T19:11:32.269935
ways,skipped,NO,,0,0,2026-04-05T19:11:42.122797
pmconne,skipped,,,,,2026-04-05T19:11:53.848175
hrsano645,skipped,,,,,2026-04-05T19:12:03.120153
datomanet,skipped,ES,,0,20,2026-04-05T19:12:12.079932
Lucasprogramyeah01,skipped,,,,,2026-04-05T19:12:29.926100
ankush1038,skipped,,,,,2026-04-05T19:12:47.618993
yzq159,skipped,,,,,2026-04-05T19:12:54.042715
ynwawithpogct,skipped,,,,,2026-04-05T19:13:12.133045
fehiepsi,skipped,,,,,2026-04-05T19:13:27.660265
sapansingh,skipped,IN,,0,7,2026-04-05T19:13:45.314121
zhuzixian,skipped,,,,,2026-04-05T19:13:55.002641
xremming,skipped,FI,,0,0,2026-04-05T19:14:07.302578
Fant0m80,skipped,,,,,2026-04-05T19:14:13.211399
athensofgreece,skipped,,,,,2026-04-05T19:14:31.733338
naimkst,skipped,BD,,0,0,2026-04-05T19:14:46.280805
jonaleo87,skipped,AR,,0,42,2026-04-05T19:15:04.458006
killerchipy723,skipped,,,,,2026-04-05T19:15:19.753882
Josedg01,skipped,,,,,2026-04-05T19:15:35.974793
IanAWatson,skipped,,,,,2026-04-05T19:15:48.436190
shonazarovdev,skipped,UZ,,,,2026-04-05T19:15:53.689059
nsajko,skipped,HR,,,,2026-04-05T19:16:12.146255
MasApis,skipped,,,,,2026-04-05T19:16:30.285924
heeyparth,skipped,,,,,2026-04-05T19:16:48.275287
waduhek,skipped,,,,,2026-04-05T19:17:05.870499
chadotara,skipped,,,,,2026-04-05T19:17:23.939448
AleenaMariya22104,skipped,,,,,2026-04-05T19:17:43.057591
andreasdauter,skipped,,,,,2026-04-05T19:17:57.864617
jordanl17,skipped,GB,,0,0,2026-04-05T19:18:17.589664
yokra9,scored,JP,0.1101,18,59,2026-04-05T19:18:35.371537
aliceliu391,skipped,,,,,2026-04-05T19:18:53.403499
jeezzzz,skipped,IN,,2,0,2026-04-05T19:19:05.166720
AsifMohammedSifat,skipped,BD,,0,0,2026-04-05T19:19:22.919761
edbpede,skipped,,,,,2026-04-05T19:19:36.282415
nikitsch,skipped,,,,,2026-04-05T19:19:49.544182
marroe01284,skipped,NO,,10,0,2026-04-05T19:20:07.422871
realsmak88,skipped,,,,,2026-04-05T19:20:10.354979
SDGArmenia,skipped,,,,,2026-04-05T19:20:13.330570
FedericoMartucci,skipped,AR,,49,2,2026-04-05T19:20:32.119034
SVGvsevolod,skipped,MD,,,,2026-04-05T19:20:38.665511
WalterIt,skipped,,,,,2026-04-05T19:20:49.940789
lmcrean,scored,GB,0.0634,49,51,2026-04-05T19:21:00.443994
EVCareeria,skipped,,,,,2026-04-05T19:21:18.076264
fisipunnur,skipped,,,,,2026-04-05T19:21:27.064615
hgh-bibliophile,skipped,,,,,2026-04-05T19:21:46.805916
jeanphilippemercier,skipped,,,,,2026-04-05T19:22:02.033766
Keshwasya,skipped,,,,,2026-04-05T19:22:11.485328
GiovaniFZ,scored,BR,0.0306,19,15,2026-04-05T19:22:29.643141
chungjinsung,skipped,,,,,2026-04-05T19:22:38.818464
zx0223winner,skipped,,,,,2026-04-05T19:22:48.648428
Sarthak-rasal,skipped,,,,,2026-04-05T19:22:58.260406
BurntNail,skipped,,,,,2026-04-05T19:23:13.922633
opink,skipped,,,,,2026-04-05T19:23:34.811399
EgbertRijke,skipped,,,,,2026-04-05T19:23:47.000361
mdalrasel,skipped,BD,,0,12,2026-04-05T19:25:17.712508
Saurabh-Vishwakarmaa,skipped,,,,,2026-04-05T19:27:13.880170
PedroHDGouveia,skipped,,,,,2026-04-05T19:29:10.488856
Hamobcdev,skipped,,,,,2026-04-05T19:30:43.148486
chadotara,skipped,,,,,2026-04-05T19:30:49.634876
NitaiNijholt,skipped,NL,,0,100,2026-04-05T19:38:29.278381
GregTrifan,skipped,RO,,0,0,2026-04-05T19:40:21.517989
danmccloskey,skipped,,,,,2026-04-05T19:43:16.008273
Jaid,skipped,DE,,0,0,2026-04-05T19:57:41.744288
samyycX,skipped,CN,,25,0,2026-04-05T20:05:25.098569
GiedevGils,skipped,NL,,3,0,2026-04-05T20:10:56.619625
simonappleton,skipped,,,,,2026-04-05T20:12:23.793141
Yusuf-R,skipped,,,,,2026-04-05T20:13:27.437985
ramya-harshinivs26,skipped,,,,,2026-04-05T20:16:59.783278
jjenzz,skipped,GB,,0,0,2026-04-05T20:27:18.085474
fehiepsi,skipped,,,,,2026-04-05T20:29:51.836385
Nayobass,skipped,,,,,2026-04-05T20:33:19.146051
AnthonyZJiang,skipped,GB,,59,1,2026-04-05T20:34:36.569466
kavishgr,skipped,,,,,2026-04-05T20:35:09.066988
huynopro102,skipped,,,,,2026-04-05T23:32:03.317846
IwamotoKogan,skipped,,,,,2026-04-05T23:32:21.598287
harry-upton,skipped,GB,,0,0,2026-04-05T23:32:37.108313
Gtshivanand,skipped,IN,,0,66,2026-04-05T23:32:55.888239
johnwhitington,skipped,GB,,0,100,2026-04-05T23:33:02.509342
HilkiaFA,skipped,,,,,2026-04-05T23:33:20.452995
kimiahossseini,skipped,,,,,2026-04-05T23:33:38.455071
Workbest123,skipped,,,,,2026-04-05T23:33:50.315492
ryanchenstats,error,,,,,2026-04-05T23:33:51.643032
LixvYang,skipped,,,,,2026-04-05T23:34:09.188853
Warkanlock,skipped,IT,,0,0,2026-04-05T23:34:18.154270
raaakibul,skipped,BD,,0,0,2026-04-05T23:34:35.637196
10991478,skipped,,,,,2026-04-05T23:34:41.960949
aungmon72,skipped,,,,,2026-04-05T23:34:53.590391
ramazonqayum05,skipped,,,,,2026-04-05T23:35:11.491604
lvcvsk,scored,AR,0.0374,48,19,2026-04-05T23:35:23.989076
Derpy153,error,,,,,2026-04-05T23:35:25.313461
zer0-Gravitas,skipped,,,,,2026-04-05T23:35:30.999650
lavin-ds,skipped,DE,,0,1,2026-04-05T23:35:45.929596
dayvinh,skipped,,,,,2026-04-05T23:35:51.609421
itsxdamdam,skipped,,,,,2026-04-05T23:36:06.791097
rwhitty,skipped,US,,98,2,2026-04-05T23:36:13.280458
BeastSupplyCol,skipped,,,,,2026-04-05T23:36:22.343040
taojing2002,skipped,,,,,2026-04-05T23:36:25.106969
naveen-nathan,skipped,,,,,2026-04-05T23:36:37.084666
JJWithNoSauce,skipped,,,,,2026-04-05T23:36:55.190660
zhangzewei,skipped,CN,,0,0,2026-04-05T23:37:13.183084
Six-S,skipped,,,,,2026-04-05T23:37:32.471951
r2d2web,skipped,,,,,2026-04-05T23:37:42.081788
catalanska,skipped,ES,,0,0,2026-04-05T23:37:56.613314
albinjoby,skipped,,,,,2026-04-05T23:38:11.819760
Arinz12,skipped,,,,,2026-04-05T23:38:29.755581
felmab,skipped,,,,,2026-04-05T23:38:32.574400
olasunkanmi-oladimeji3,skipped,NG,,3,9,2026-04-05T23:38:50.122705
sudojustin,skipped,,,,,2026-04-05T23:38:56.034147
sk-0520,skipped,,,,,2026-04-05T23:39:02.190197
JaozinArtista,skipped,,,,,2026-04-05T23:39:20.394516
Vanthoff007,skipped,IN,,0,100,2026-04-05T23:39:39.436321
Krunal2778,error,,,,,2026-04-05T23:39:42.150458
codecop,skipped,AT,,0,0,2026-04-05T23:39:45.013738
Hiki0611,skipped,,,,,2026-04-05T23:40:02.761045
AriadnaVelazquez744,skipped,,,,,2026-04-05T23:40:21.314691
haolan0427,skipped,,,,,2026-04-05T23:40:30.894367
blankxinfo,skipped,,,,,2026-04-05T23:40:43.469063
NgHai0501,skipped,,,,,2026-04-05T23:41:01.156582
MetRyan,skipped,,,,,2026-04-05T23:41:16.460089
laiyuanxiang,skipped,,,,,2026-04-05T23:41:22.394365
Sandra-Rocher,skipped,,,,,2026-04-05T23:41:34.975874
HelloHiSay,skipped,,,,,2026-04-05T23:41:41.217318
aboodbdaiwi,skipped,,,,,2026-04-05T23:41:47.814761
ntampakas,skipped,,,,,2026-04-05T23:42:00.082303
egorchecpc,skipped,,,,,2026-04-05T23:42:17.894860
ziegm,skipped,,,,,2026-04-05T23:42:30.520439
sielschoonbaert,skipped,,,,,2026-04-05T23:42:33.281772
yohan020,skipped,KR,,0,100,2026-04-05T23:42:40.571157
barbora-sobolova,skipped,,,,,2026-04-05T23:42:53.312597
Walkito,skipped,,,,,2026-04-05T23:43:11.243089
apateti,skipped,,,,,2026-04-05T23:43:26.312093
Nibbl-z,skipped,,,,,2026-04-05T23:43:39.444299
Cesbaut,skipped,,,,,2026-04-05T23:43:57.889486
JoshGenereux,skipped,US,,0,0,2026-04-05T23:44:17.028934
EthanMarx,skipped,,,,,2026-04-05T23:44:25.940911
rhinoed,skipped,,,,,2026-04-05T23:44:44.365364
Albertojs89,skipped,ES,,0,100,2026-04-05T23:44:57.751009
EzeMoreira,skipped,,,,,2026-04-05T23:45:09.405128
jytauth,error,,,,,2026-04-05T23:45:10.740672
trofima,scored,UA,0.0826,15,46,2026-04-05T23:45:26.819070
Lav20034,skipped,,,,,2026-04-05T23:45:41.486736
aufahuhs,skipped,,,,,2026-04-05T23:45:47.321975
Style3D,skipped,,,,,2026-04-05T23:46:02.217579
SonavAgarwal,skipped,,,,,2026-04-05T23:46:21.078082
MarlonMorari,skipped,,,,,2026-04-05T23:46:39.105089
mfelfelani72,skipped,,,,,2026-04-05T23:46:56.981438
CyberSecuriTim,skipped,,,,,2026-04-05T23:47:06.714885
ashik-billah,skipped,,,,,2026-04-05T23:47:16.319432
Ishfaq95,skipped,,,,,2026-04-05T23:47:28.956546
bchacon-aurigital,skipped,,,,,2026-04-05T23:47:40.824687
riley-jen,error,,,,,2026-04-05T23:47:43.540579
Sayan-01,skipped,,,,,2026-04-05T23:47:58.834735
jenkx60,skipped,NG,,1,1,2026-04-05T23:48:13.960193
MA042024,error,,,,,2026-04-05T23:48:15.290478
nperez0111,skipped,NL,,0,0,2026-04-05T23:48:30.478424
SahilRawat8587,skipped,,,,,2026-04-05T23:48:42.368452
PokaNorbert,skipped,,,,,2026-04-05T23:48:48.969441
vmkmanokumar,error,,,,,2026-04-05T23:48:50.296728
solitdio079,skipped,,,,,2026-04-05T23:48:59.682645
Marco-Kara-G,skipped,,,,,2026-04-05T23:49:05.435756
ChinnamPoojithaSuryaRajeswari,skipped,,,,,2026-04-05T23:49:14.497434
CeMaGo,scored,DE,0.0271,25,6,2026-04-05T23:49:29.631943
dallinbentley,skipped,US,,0,0,2026-04-05T23:49:32.484571
Ifera3,skipped,,,,,2026-04-05T23:49:38.405629
azurite-mf,error,,,,,2026-04-05T23:49:41.117102
Mooshay105,skipped,AU,,0,100,2026-04-05T23:50:00.671624
ShadyLev,skipped,,,,,2026-04-05T23:50:18.586200
RawaaSaif-FAZ,skipped,,,,,2026-04-05T23:50:25.116500
andrii033,skipped,,,,,2026-04-05T23:50:31.913954
mohammad-naimur-rahman,skipped,BD,,0,0,2026-04-05T23:50:49.336383
BGMIXPRO,skipped,,,,,2026-04-05T23:51:03.907934
artsiv-dev,error,,,,,2026-04-05T23:51:06.620725
icebound777,skipped,,,,,2026-04-05T23:51:22.757376
vicradon,skipped,NG,,0,0,2026-04-05T23:51:41.421722
mohamed-ennahdi,skipped,,,,,2026-04-05T23:51:47.776811
arndtclaussen,skipped,,,,,2026-04-05T23:51:53.802929
cactus-tim,skipped,RU,,50,2,2026-04-05T23:52:09.425529
PascalSkylake,skipped,,,,,2026-04-05T23:52:27.365933
dev-goel-blinqio,skipped,,,,,2026-04-05T23:52:36.157549
lukacsi,skipped,,,,,2026-04-05T23:52:54.306809
lucasdanielmedeirs,skipped,,,,,2026-04-05T23:53:09.093014
bacam,skipped,,,,,2026-04-05T23:53:21.528397
Ayries18,skipped,ID,,0,10,2026-04-05T23:53:37.032849
dglazkov,skipped,US,,0,0,2026-04-05T23:53:46.415177
Cadu-ux,skipped,,,,,2026-04-05T23:54:04.230390
NicFragale,scored,US,0.0364,57,43,2026-04-05T23:54:10.964776
abhiram-shaji,skipped,,,,,2026-04-05T23:54:29.747421
ahmadg43,error,,,,,2026-04-05T23:54:31.079689
andresbuten2002,skipped,,,,,2026-04-05T23:54:43.068022
Marszell,skipped,,,,,2026-04-05T23:54:58.322327
mehrdad3301,skipped,IR,,,,2026-04-05T23:55:04.124119
merryldt,skipped,,,,,2026-04-05T23:55:13.391939
YassmineEttaoufik,skipped,,,,,2026-04-05T23:55:23.409109
aagowl,skipped,,,,,2026-04-05T23:55:39.095530
AdamPloof,skipped,,,,,2026-04-05T23:55:57.150936
bartoszwedrychowicz,skipped,,,,,2026-04-05T23:56:14.697077
Vmoralles,skipped,,,,,2026-04-05T23:56:27.024962
silviotmalmeida,skipped,,,,,2026-04-05T23:56:45.754265
sergeykomlev,skipped,AT,,0,0,2026-04-05T23:56:51.492967
AleevRustam,skipped,RU,,0,100,2026-04-05T23:57:01.252656
JorgeMiranda2,skipped,,,,,2026-04-05T23:57:19.738638
juanfrilla,skipped,,,,,2026-04-05T23:57:37.599678
IanBoden,skipped,GB,,0,0,2026-04-05T23:57:40.486573
aluvy,skipped,KR,,100,0,2026-04-05T23:57:53.535337
VictorFil67,skipped,,,,,2026-04-05T23:58:11.648294
Roshini-0812,skipped,,,,,2026-04-05T23:58:23.415132
emoon,skipped,,,,,2026-04-05T23:58:29.443464
PPmmesquita,skipped,,,,,2026-04-05T23:58:35.036688
sylee-skhu,skipped,,,,,2026-04-05T23:58:51.319575
hyunwoomemo,skipped,,,,,2026-04-05T23:59:03.500838
qishenghu,skipped,,,,,2026-04-05T23:59:21.542260
anistouri,skipped,,,,,2026-04-05T23:59:30.064690
0xJem,skipped,,,,,2026-04-05T23:59:35.934363
Ringeal007,skipped,,,,,2026-04-05T23:59:42.388012
Xroserok,skipped,,,,,2026-04-05T23:59:45.271140
emilywest1,skipped,,,,,2026-04-06T00:00:04.004047
MDAhemadKhan1,skipped,,,,,2026-04-06T00:00:10.184271
MigL12,skipped,,,,,2026-04-06T00:00:27.885176
rrenae,error,,,,,2026-04-06T00:00:30.589388
allwavemedia,skipped,,,,,2026-04-06T00:00:33.571481
manjunath3divakar,skipped,,,,,2026-04-06T00:00:39.358160
Maja026,skipped,,,,,2026-04-06T00:00:51.723402
Kendalladams26,skipped,,,,,2026-04-06T00:01:00.727676
SeongGwan-a,skipped,KR,,0,0,2026-04-06T00:01:18.397818
Crystalz03,skipped,,,,,2026-04-06T00:01:25.493048
Abdellatif-E,skipped,,,,,2026-04-06T00:01:28.348557
inkmors,skipped,,,,,2026-04-06T00:01:37.335487
P4T12ICK,skipped,,,,,2026-04-06T00:01:49.846639
Miftahullll,error,,,,,2026-04-06T00:01:51.182927
MatheusGuerraa77,skipped,,,,,2026-04-06T00:02:06.403223
mehdi311,skipped,,,,,2026-04-06T00:02:09.501406
fabiofsjunior,skipped,,,,,2026-04-06T00:02:25.116083
irineulucas,error,,,,,2026-04-06T00:02:26.451193
Kartik-yo,skipped,,,,,2026-04-06T00:02:41.582322
Rjvdragon,skipped,,,,,2026-04-06T00:02:56.013950
theconfusedrtist,error,,,,,2026-04-06T00:02:57.348649
readonly45,skipped,IN,,0,3,2026-04-06T00:03:14.708594
panharithhh,skipped,,,,,2026-04-06T00:03:32.638348
khkhiu,skipped,,,,,2026-04-06T00:03:39.086680
weavely,skipped,,,,,2026-04-06T00:03:45.810323
luizhenriquedu,error,,,,,2026-04-06T00:03:47.136642
breakerzirconia,skipped,,,,,2026-04-06T00:04:02.182493
lony2003,skipped,,,,,2026-04-06T00:04:05.095896
gnicoool,skipped,,,,,2026-04-06T00:04:20.194578
FireRainV,skipped,,,,,2026-04-06T00:04:22.944620
jindama12,skipped,,,,,2026-04-06T00:04:40.994068
Magotgarang,skipped,,,,,2026-04-06T00:04:53.498783
nezia1,skipped,CH,,0,0,2026-04-06T00:05:09.346230
Katharine,skipped,US,,0,0,2026-04-06T00:05:15.401411
eritonld,skipped,,,,,2026-04-06T00:05:28.103683
jashwanth112002,error,,,,,2026-04-06T00:05:29.442611
thallium,skipped,CA,,0,0,2026-04-06T00:05:35.979371
privatedevops,skipped,BG,,,,2026-04-06T00:05:41.711242
pili-bacigaluppi,skipped,,,,,2026-04-06T00:05:59.976662
subomega1,error,,,,,2026-04-06T00:06:01.314412
Bivekich,skipped,,,,,2026-04-06T00:06:24.326072
aditiborkar33,skipped,,,,,2026-04-06T00:06:30.149422
J43pro,error,,,,,2026-04-06T00:06:32.885356
Archytekt77,skipped,,,,,2026-04-06T00:06:51.605722
swatigharat,skipped,IN,,0,2,2026-04-06T00:07:00.338123
dragana-u,skipped,,,,,2026-04-06T00:07:13.193192
mgreminger,skipped,,,,,2026-04-06T00:07:28.310608
fht-epfl,skipped,,,,,2026-04-06T00:07:43.081279
vortezwohl,skipped,CN,,13,0,2026-04-06T00:07:55.306742
SunMax44,skipped,,,,,2026-04-06T00:07:58.292727
dannygauntletai,skipped,,,,,2026-04-06T00:08:13.380794
AnViSe,skipped,,,,,2026-04-06T00:08:24.376355
Olesyaiam,skipped,,,,,2026-04-06T00:08:41.895944
Namakudapin,skipped,,,,,2026-04-06T00:09:01.652084
monicasofiarestrepo,skipped,,,,,2026-04-06T00:09:20.431061
AjnebAlReves,skipped,,,,,2026-04-06T00:09:29.760938
Kayhantzsche,error,,,,,2026-04-06T00:09:32.502774
llistochek,skipped,,,,,2026-04-06T00:09:39.682038
openkmj,skipped,,,,,2026-04-06T00:09:55.074961
AudyardhaNasywa,skipped,,,,,2026-04-06T00:10:07.011849
tomaskallup,skipped,,,,,2026-04-06T00:10:25.815556
hayes-roach,skipped,,,,,2026-04-06T00:10:41.312426
willkim14,skipped,,,,,2026-04-06T00:10:56.223106
EduHenriqs,skipped,,,,,2026-04-06T00:11:15.036827
EdvaldoUFRN,skipped,,,,,2026-04-06T00:11:33.786754
feltdevil16,skipped,,,,,2026-04-06T00:11:40.422647
user797,skipped,,,,,2026-04-06T00:11:46.724577
kirillsaint,skipped,RU,,0,0,2026-04-06T00:12:04.959728
saldanaj97,skipped,US,,0,0,2026-04-06T00:12:18.220996
colinpmillar,skipped,DK,,0,0,2026-04-06T00:12:36.131319
gdpatil39,skipped,,,,,2026-04-06T00:12:50.639685
rawn-10,skipped,,,,,2026-04-06T00:12:56.385247
LetsSmash,skipped,DE,,0,100,2026-04-06T00:13:06.946650
looongtom,skipped,,,,,2026-04-06T00:13:23.360579
rajgit7,skipped,,,,,2026-04-06T00:13:41.049421
Leonid-sql,skipped,,,,,2026-04-06T00:13:46.790692
bijanbina,skipped,,,,,2026-04-06T00:14:04.919015
ebelegu,skipped,,,,,2026-04-06T00:14:07.703116
jp-oll,skipped,,,,,2026-04-06T00:14:20.829988
HimanshuSingh278,skipped,IN,,0,0,2026-04-06T00:14:26.695326
ronishdua,skipped,,,,,2026-04-06T00:14:44.830369
syam595,skipped,DE,,0,0,2026-04-06T00:15:03.351115
JayrajSingh65,skipped,,,,,2026-04-06T00:15:12.544450
rajatagarwal-ibm,skipped,,,,,2026-04-06T00:15:24.344137
hanifdamarjati20,error,,,,,2026-04-06T00:15:25.676120
jihuiyun,skipped,,,,,2026-04-06T00:15:31.693566
Paolino01,skipped,,,,,2026-04-06T00:15:42.176301
APuntay-9R,skipped,,,,,2026-04-06T00:16:00.219447
daruiza,skipped,,,,,2026-04-06T00:16:09.455048
SladjanaDejanovic,skipped,,,,,2026-04-06T00:16:27.342178
HariPrasadYekula,skipped,,,,,2026-04-06T00:23:05.506065
spoofem,error,,,,,2026-04-06T00:23:06.847620
aliahmed-sys,skipped,,,,,2026-04-06T00:23:24.349405
christeredvartsen,skipped,NO,,0,0,2026-04-06T00:23:31.364537
AbhiShaw24,skipped,,,,,2026-04-06T00:23:43.056502
Anshika-Gupta05,skipped,,,,,2026-04-06T00:23:58.036004
costero-e,skipped,,,,,2026-04-06T00:24:16.611859
Pedrazaax,skipped,,,,,2026-04-06T00:24:36.036226
persona7586,skipped,,,,,2026-04-06T00:24:51.857326
bennihtm,skipped,DE,,0,0,2026-04-06T00:25:00.476273
cut-the-freakin-steak,skipped,,,,,2026-04-06T00:25:16.478513
Jafonso-sudo,skipped,,,,,2026-04-06T00:25:22.320017
Masterelking,skipped,,,,,2026-04-06T00:25:40.408653
navaneeth2324,skipped,,,,,2026-04-06T00:25:55.996886
OpaGen,skipped,,,,,2026-04-06T00:26:07.637668
ngoc-quoc-huynh,skipped,,,,,2026-04-06T00:26:15.138959
Ashutosh-Srivastav,skipped,IN,,0,0,2026-04-06T00:26:32.910677
bkieft-usa,skipped,,,,,2026-04-06T00:26:39.413607
Newmarket1234,skipped,,,,,2026-04-06T00:26:45.393023
xuchengustb,skipped,,,,,2026-04-06T00:26:51.597323
mascguy,skipped,US,,0,0,2026-04-06T00:26:54.504396
Sameer146-ai,skipped,,,,,2026-04-06T00:27:11.868198
gabrielvilela12,skipped,,,,,2026-04-06T00:27:30.928146
jrachele,skipped,US,,0,0,2026-04-06T00:27:46.708453
rafsanahmad,skipped,,,,,2026-04-06T00:28:04.538215
EastSword,skipped,,,,,2026-04-06T00:28:19.158316
andrrc,skipped,,,,,2026-04-06T00:28:37.668272
pietrolesci,skipped,GB,,3,3,2026-04-06T00:28:55.635873
przempore,skipped,,,,,2026-04-06T00:29:13.497308
blackcrystall,error,,,,,2026-04-06T00:29:14.824852
RGlossop,skipped,,,,,2026-04-06T00:29:29.975277
Kvrnq,skipped,,,,,2026-04-06T00:29:42.383951
retaycommunity,error,,,,,2026-04-06T00:29:43.748824
VincentGaut,skipped,,,,,2026-04-06T00:29:55.855433
primepalmer,skipped,,,,,2026-04-06T00:30:04.583612
sankar636,skipped,,,,,2026-04-06T00:30:22.075243
Rewinteer,skipped,,,,,2026-04-06T00:30:28.218731
monkemosfinder,error,,,,,2026-04-06T00:30:29.569526
rhiannonlynne,skipped,,,,,2026-04-06T00:30:45.095778
syc2012,skipped,,,,,2026-04-06T00:31:03.536890
AnttiRae,skipped,FI,,0,92,2026-04-06T00:31:18.648191
gfx73,skipped,,,,,2026-04-06T00:31:33.616550
Wartawan88,error,,,,,2026-04-06T00:31:34.968365
Sushma8104,skipped,,,,,2026-04-06T00:31:53.134082
hapo-minhng,error,,,,,2026-04-06T00:31:55.837300
Belev-va,skipped,,,,,2026-04-06T00:32:14.431852
o-nate,skipped,,,,,2026-04-06T00:32:27.361723
kaitokosuge,skipped,,,,,2026-04-06T00:32:37.624855
MichaelKetchel,skipped,,,,,2026-04-06T00:32:46.317401
LinaKind,skipped,,,,,2026-04-06T00:32:58.375694
angusgoody,skipped,GB,,0,0,2026-04-06T00:33:04.661699
fredollinger,skipped,US,,0,0,2026-04-06T00:33:13.856108
chethannachar,skipped,,,,,2026-04-06T00:33:31.344175
hiller994,skipped,,,,,2026-04-06T00:33:49.647516
herbertia,skipped,,,,,2026-04-06T00:33:55.527178
dismiro,skipped,,,,,2026-04-06T00:34:02.101479
poojanOctet,skipped,,,,,2026-04-06T00:34:07.737638
Jodacam,skipped,,,,,2026-04-06T00:34:26.265218
lucasnramos,scored,BR,0.0566,42,7,2026-04-06T00:34:41.454979
sarowish,skipped,TR,,0,100,2026-04-06T00:34:48.302083
lynnkwl,skipped,,,,,2026-04-06T00:34:53.854276
adrianhideki,skipped,BR,,0,0,2026-04-06T00:35:09.337411
DaniilMurzin,scored,RU,0.0416,59,9,2026-04-06T00:35:22.011043
ahmadhashamxis,skipped,,,,,2026-04-06T00:35:33.605337
AlexStepantsov,error,,,,,2026-04-06T00:35:36.300626
storyfeet,skipped,,,,,2026-04-06T00:35:54.338038
hyutube,skipped,,,,,2026-04-06T00:36:01.105877
dimitris-iliou,skipped,,,,,2026-04-06T00:36:10.167003
vipsa8,skipped,,,,,2026-04-06T00:36:16.176941
henrylong719,skipped,AU,,0,0,2026-04-06T00:36:33.672920
jaX10bt,skipped,,,,,2026-04-06T00:36:42.494464
ARAVINDM12,skipped,,,,,2026-04-06T00:36:58.373809
Soninkuwal,skipped,,,,,2026-04-06T00:37:11.031026
sammed-21,skipped,,,,,2026-04-06T00:37:29.283149
einsteintoolkit-updater,error,,,,,2026-04-06T00:37:32.175731
kartikone,skipped,,,,,2026-04-06T00:37:37.909856
poornimagodavarthy,skipped,,,,,2026-04-06T00:37:58.086372
Moaratorium,skipped,US,,0,100,2026-04-06T00:38:17.375497
MaheshKShetty,scored,IN,0.0372,8,5,2026-04-06T00:38:35.589432
v1lling,skipped,,,,,2026-04-06T00:38:41.957608
varsimashviliLuka,skipped,,,,,2026-04-06T00:39:00.709569
HyeJung-Hwang,skipped,,,,,2026-04-06T00:39:12.479050
alanrochagomes,skipped,,,,,2026-04-06T00:39:30.526656
csarvangit,skipped,,,,,2026-04-06T00:39:39.344924
nicholsons,skipped,,,,,2026-04-06T00:39:45.202958
abdul-rozzaq,skipped,UZ,,,,2026-04-06T00:40:03.696763
kcaleb1,skipped,,,,,2026-04-06T00:40:09.404237
SalwynC,skipped,IN,,0,16,2026-04-06T00:40:27.292594
Yacine-27,skipped,,,,,2026-04-06T00:40:44.946857
KaleemNeslit,error,,,,,2026-04-06T00:40:46.273037
Mastan-07,skipped,,,,,2026-04-06T00:41:01.200951
seylitanez,skipped,,,,,2026-04-06T00:41:19.430923
waseemarchiwiz,skipped,,,,,2026-04-06T00:41:28.038120
CatalunyaRefer,skipped,,,,,2026-04-06T00:41:34.307980
galagala56721,error,,,,,2026-04-06T00:41:35.655811
BelalHashem007,skipped,EG,,0,20,2026-04-06T00:41:47.409781
Azhega,skipped,,,,,2026-04-06T00:41:59.063741
yasmina6355,skipped,,,,,2026-04-06T00:42:05.597790
hacklun,skipped,,,,,2026-04-06T00:42:23.403438
HenryHaoson,skipped,,,,,2026-04-06T00:42:35.906128
Ebo007,error,,,,,2026-04-06T00:42:37.256573
tsvetckovdmitriy,skipped,,,,,2026-04-06T00:42:46.055273
mminh6823,skipped,,,,,2026-04-06T00:43:04.131157
kacperpONS,skipped,GB,,0,0,2026-04-06T00:43:09.729336
xiaobokuai,skipped,,,,,2026-04-06T00:43:19.616311
isakpulkki,skipped,,,,,2026-04-06T00:43:29.125810
Gillibald,skipped,DE,,0,0,2026-04-06T00:43:32.011020
1045917067,skipped,CN,,0,0,2026-04-06T00:43:46.854287
MaratAbs,error,,,,,2026-04-06T00:43:48.196725
entgorbunov,skipped,,,,,2026-04-06T00:44:03.122439
Color-Kat,skipped,,,,,2026-04-06T00:44:20.787022
echunjie,skipped,,,,,2026-04-06T00:44:26.636961
agayevhuseyn,skipped,,,,,2026-04-06T00:44:44.995482
gnestlinger,scored,AT,0.0991,25,75,2026-04-06T00:44:57.571439
mxr-tgov-buildbot-prod,error,,,,,2026-04-06T00:45:00.266069
JasLieb,skipped,FR,,0,0,2026-04-06T00:45:19.036139
Shruti-810,skipped,,,,,2026-04-06T00:45:36.716572
Zsomczie,skipped,,,,,2026-04-06T00:45:54.581805
podefteza,skipped,PT,,0,71,2026-04-06T00:46:13.243513
lanzinytt,skipped,,,,,2026-04-06T00:46:25.020452
jeitee,skipped,,,,,2026-04-06T00:46:33.547725
thejondaw,scored,US,0.078,66,34,2026-04-06T00:46:43.340913
Alex-Podgorny,skipped,,,,,2026-04-06T00:46:52.823679
ospfranco,skipped,ES,,0,28,2026-04-06T00:47:08.531864
alfgorowing,error,,,,,2026-04-06T00:47:11.216160
andreidan,skipped,GB,,1,0,2026-04-06T00:47:25.995998
WardaWaseem2812,skipped,,,,,2026-04-06T00:47:43.485102
Simran80051,skipped,CA,,0,31,2026-04-06T00:48:01.727550
lance-gilmore,skipped,,,,,2026-04-06T00:48:08.256399
soham-bentley,error,,,,,2026-04-06T00:48:10.969167
lanseudesu,skipped,,,,,2026-04-06T00:48:24.093077
chlebektomas,error,,,,,2026-04-06T00:48:26.802255
tonytodorov,skipped,BG,,,,2026-04-06T00:48:33.168241
oanderoficial,skipped,,,,,2026-04-06T00:48:52.437037
chRyNaN,skipped,,,,,2026-04-06T00:49:07.163894
R-dawkins,skipped,,,,,2026-04-06T00:49:25.212160
muhjaf,skipped,,,,,2026-04-06T00:49:27.961961
Agatabrete,skipped,,,,,2026-04-06T00:49:46.184350
mdalii69,skipped,,,,,2026-04-06T00:50:05.806746
Emiliaaah,skipped,,,,,2026-04-06T00:50:12.028713
Sr363675,skipped,,,,,2026-04-06T00:50:30.119009
SerhiiSakhno1994,skipped,,,,,2026-04-06T00:50:48.252604
broad-well,skipped,US,,0,0,2026-04-06T00:50:55.373834
Garapov,skipped,,,,,2026-04-06T00:51:12.869709
kinsi55,skipped,DE,,1,0,2026-04-06T00:51:25.329646
furkanarabaci,skipped,NL,,0,5,2026-04-06T00:51:38.017209
wheatandcat,skipped,,,,,2026-04-06T00:51:44.223372
julia271,skipped,,,,,2026-04-06T00:51:49.916216
SCPF-Bot,skipped,,,,,2026-04-06T00:51:57.708014
danielnachun,skipped,,,,,2026-04-06T00:52:09.564359
ddosgouzi,skipped,,,,,2026-04-06T00:52:16.166962
rafsun-riad,skipped,BD,,5,0,2026-04-06T00:52:33.530407
Sakthiganesan91,skipped,,,,,2026-04-06T00:52:51.533697
mike-adeyemi,skipped,,,,,2026-04-06T00:53:01.101616
Carofort,skipped,,,,,2026-04-06T00:53:15.416013
kakkoii1337,skipped,,,,,2026-04-06T00:53:24.213138
Bloxzee,error,,,,,2026-04-06T00:53:25.583229
SpikeSpg,skipped,,,,,2026-04-06T00:53:43.688465
Stardust322,skipped,,,,,2026-04-06T00:54:02.312512
ROBIN-MAX-YT,skipped,,,,,2026-04-06T00:54:14.807798
DaniilRoman,skipped,DE,,0,0,2026-04-06T00:54:32.486694
ashlinlee98,skipped,,,,,2026-04-06T00:54:51.771029
Loc2826,skipped,,,,,2026-04-06T00:55:00.784723
jongchangjick,skipped,,,,,2026-04-06T00:55:18.382595
LucasIsac,skipped,AR,,0,66,2026-04-06T00:55:36.858624
marcinciapa,scored,PL,0.2489,15,79,2026-04-06T00:55:43.842004
bbhhainx,skipped,,,,,2026-04-06T00:55:58.533042
derDeno,skipped,DE,,0,0,2026-04-06T00:56:16.150508
lukinism,skipped,,,,,2026-04-06T00:56:28.375322
HFY2002,skipped,,,,,2026-04-06T00:56:37.515971
0ME9A,skipped,IN,,16,0,2026-04-06T00:56:55.169384
Lavanya-Adhwaitha,skipped,,,,,2026-04-06T00:57:00.805245
Twinsiller,skipped,,,,,2026-04-06T00:57:07.138322
ArnavBallinCode,skipped,IN,,0,100,2026-04-06T00:57:22.923850
Swaraj-PS,skipped,,,,,2026-04-06T00:57:28.598183
JTarasovic,skipped,,,,,2026-04-06T00:57:38.119113
wpAzzrk,skipped,,,,,2026-04-06T00:57:45.145246
MohammadAhmerMalick,skipped,AE,,50,0,2026-04-06T00:58:03.235686
AlekseyTs,skipped,,,,,2026-04-06T00:58:06.316948
kucuryzka,skipped,,,,,2026-04-06T00:58:20.853313
vanndoublen,skipped,,,,,2026-04-06T00:58:33.033972
maryoko,skipped,,,,,2026-04-06T00:58:35.816052
xuzheng465,skipped,,,,,2026-04-06T00:58:51.115186
soundpost1682,skipped,,,,,2026-04-06T00:59:09.555287
Hedbom98,skipped,,,,,2026-04-06T00:59:12.509675
reid-dev,error,,,,,2026-04-06T00:59:13.834860
Chicot471,error,,,,,2026-04-06T00:59:16.535445
Alejandrobermejo16,skipped,,,,,2026-04-06T00:59:29.087699
weathercode1,skipped,,,,,2026-04-06T00:59:34.938987
kevincal1226,skipped,,,,,2026-04-06T00:59:49.946583
angusgastle,skipped,CA,,0,100,2026-04-06T00:59:56.083748
cave59,skipped,,,,,2026-04-06T01:00:01.889749
monodata,skipped,GB,,0,0,2026-04-06T01:00:04.857767
edmar-pereira,skipped,BR,,0,100,2026-04-06T01:00:11.410108
WUYUPENGG,skipped,,,,,2026-04-06T01:00:14.283643
Badbenjamin,skipped,US,,0,0,2026-04-06T01:00:17.209471
Kulolo9218,skipped,,,,,2026-04-06T01:00:25.771320
kfaseela,skipped,DE,,0,0,2026-04-06T01:00:28.691790
Fepara,skipped,,,,,2026-04-06T01:00:46.745064
Stefura,skipped,,,,,2026-04-06T01:01:04.713034
Lihour21,skipped,,,,,2026-04-06T01:01:23.728628
unustudents,skipped,,,,,2026-04-06T01:01:42.105998
Danu-prasetyo,skipped,ID,,0,0,2026-04-06T01:01:56.056583
JhonSP13,skipped,BR,,0,89,2026-04-06T01:02:14.588575
MarketingSimonMaree,skipped,,,,,2026-04-06T01:02:29.533378
Barsheyr,skipped,,,,,2026-04-06T01:02:44.627777
EderCSantana,skipped,,,,,2026-04-06T01:03:02.733674
MaxBorovique,skipped,,,,,2026-04-06T01:03:05.643697
JeanMusenga,skipped,,,,,2026-04-06T01:03:08.506618
koyunkyung,skipped,,,,,2026-04-06T01:03:15.312950
sonnguyen123526,skipped,,,,,2026-04-06T01:03:18.207476
md-rejoyan-islam,scored,BD,0.0692,20,8,2026-04-06T01:03:35.855683
yeon1ee,skipped,,,,,2026-04-06T01:03:51.163336
NandhuKrishhna,skipped,IN,,0,7,2026-04-06T01:04:09.181773
mottzz87,skipped,,,,,2026-04-06T01:04:25.235574
tomyu168,skipped,,,,,2026-04-06T01:04:37.634023
SSR-web-cloud,error,,,,,2026-04-06T01:04:38.967583
arcarreiro,skipped,,,,,2026-04-06T01:04:51.813920
August6676,skipped,,,,,2026-04-06T01:05:04.009757
maheshwaran01m,skipped,,,,,2026-04-06T01:05:22.436570
sudhanshuraj13,scored,IN,0.1072,5,13,2026-04-06T01:05:40.792816
abdulrazzaquememon1,skipped,,,,,2026-04-06T01:05:55.730425
artptz,skipped,,,,,2026-04-06T01:06:07.412157
robert7k,skipped,DE,,6,0,2026-04-06T01:06:14.161339
mujahidul-islam-21,skipped,BD,,0,0,2026-04-06T01:06:31.560019
mattmess1221,skipped,US,,0,0,2026-04-06T01:06:47.112978
niknah,skipped,,,,,2026-04-06T01:06:53.139206
whsMCU,skipped,KR,,0,0,2026-04-06T01:07:02.065800
deadlepricon,skipped,,,,,2026-04-06T01:07:19.944387
aangell98,skipped,ES,,0,100,2026-04-06T01:07:26.875575
gea-ecobricks,skipped,ID,,100,0,2026-04-06T01:07:33.424893
MaximBudko,skipped,RU,,0,11,2026-04-06T01:07:48.976015
DaintyJet,skipped,,,,,2026-04-06T01:08:01.544121
MrHamzaSiddiq,skipped,PK,,0,2,2026-04-06T01:08:07.337392
damianooldoni,skipped,BE,,0,0,2026-04-06T01:08:10.230895
cdanis,skipped,US,,0,0,2026-04-06T01:08:18.865909
altrnate32,skipped,,,,,2026-04-06T01:08:28.030127
Seyam08,skipped,,,,,2026-04-06T01:08:43.947056
Mardino229,skipped,,,,,2026-04-06T01:08:59.287825
Oualimohammed,skipped,,,,,2026-04-06T01:09:02.208722
khoi-bes,error,,,,,2026-04-06T01:09:04.917228
StationChnqoo,skipped,CN,,0,80,2026-04-06T01:09:20.417560
yannherren,skipped,CH,,10,1,2026-04-06T01:09:32.411700
gregorovius,skipped,,,,,2026-04-06T01:09:45.297842
LincolnLedet,skipped,,,,,2026-04-06T01:09:58.049020
mplex,skipped,,,,,2026-04-06T01:10:05.644959
SifraiTeam,skipped,,,,,2026-04-06T01:10:08.425763
ruthengel,skipped,,,,,2026-04-06T01:10:26.009788
stephentoub,skipped,US,,0,0,2026-04-06T01:10:32.039693
Maduab-2003,skipped,,,,,2026-04-06T01:10:43.653950
harunabdullahrakin,skipped,BD,,0,100,2026-04-06T01:10:59.824811
TegarAditya,skipped,ID,,0,0,2026-04-06T01:11:05.718257
Lee-Jinyong,skipped,,,,,2026-04-06T01:11:23.663141
Nolan0027,error,,,,,2026-04-06T01:11:25.000274
lucas-glopes,scored,BR,0.3337,8,92,2026-04-06T01:11:37.486191
Daseraf,skipped,,,,,2026-04-06T01:11:40.345163
Sangi2020,skipped,,,,,2026-04-06T01:11:49.141634
dawidzabrzenski,scored,PL,0.0795,18,6,2026-04-06T01:12:06.943327
suhas3345,skipped,,,,,2026-04-06T01:12:25.837944
HimansuWebCoder,scored,IN,0.0321,26,11,2026-04-06T01:12:44.499570
Amadoutemo,skipped,,,,,2026-04-06T01:12:56.424805
time-less-ness,skipped,US,,3,0,2026-04-06T01:13:03.921704
StephenChi-hi,skipped,,,,,2026-04-06T01:13:19.027135
WebCarreira,scored,PT,0.0309,49,20,2026-04-06T01:13:36.857188
betterwithagency,skipped,,,,,2026-04-06T01:13:43.874204
reemazakout,skipped,,,,,2026-04-06T01:14:01.893407
Alwaysssssss,skipped,,,,,2026-04-06T01:14:04.754554
aaronteamAAR,skipped,NG,,13,0,2026-04-06T01:14:22.413143
Ruellia42,skipped,,,,,2026-04-06T01:14:31.395761
ranggamuktii,skipped,ID,,0,36,2026-04-06T01:14:46.780456
manoharn725,skipped,,,,,2026-04-06T01:15:04.537308
MangowDev,skipped,ES,,0,0,2026-04-06T01:15:19.117629
urquico,skipped,PH,,0,0,2026-04-06T01:15:37.312536
alyssadailey,skipped,,,,,2026-04-06T01:15:55.628384
KarimZaghloul88,error,,,,,2026-04-06T01:15:56.964922
samuelg900,skipped,,,,,2026-04-06T01:16:12.067740
halostatue,scored,CA,0.2543,6,46,2026-04-06T01:16:22.778270
meltechgrp,skipped,NG,,0,14,2026-04-06T01:16:37.972690
sajinreji03,skipped,,,,,2026-04-06T01:16:56.606568
matias-cphatomics,skipped,DK,,0,0,2026-04-06T01:17:02.196999
ElizPery,skipped,,,,,2026-04-06T01:17:20.538896
damencho,skipped,,,,,2026-04-06T01:17:26.497142
jasongarvin,skipped,,,,,2026-04-06T01:17:36.152288
tgds03,skipped,,,,,2026-04-06T01:17:51.886226
viktor1979-19,skipped,,,,,2026-04-06T01:17:58.165549
CatherineGilbert,skipped,,,,,2026-04-06T01:18:08.264349
liulka-oxid,skipped,,,,,2026-04-06T01:18:11.065230
yanhanahan,skipped,,,,,2026-04-06T01:18:17.011947
FelixBian0624,skipped,,,,,2026-04-06T01:18:31.637600
weitecklee,skipped,,,,,2026-04-06T01:18:37.533138
adia-dev,skipped,,,,,2026-04-06T01:18:55.172948
RounitSingh,skipped,,,,,2026-04-06T01:19:13.099051
ANKITADAS205,skipped,,,,,2026-04-06T01:19:30.991376
Tokage2000,skipped,,,,,2026-04-06T01:19:40.318322
sofiiavoitkova,skipped,,,,,2026-04-06T01:19:52.915640
SarahM254,skipped,,,,,2026-04-06T01:20:11.310591
shreyamahalle,skipped,IN,,4,0,2026-04-06T01:20:28.954006
horoserp,skipped,,,,,2026-04-06T01:20:41.628757
Kr4z31n,skipped,,,,,2026-04-06T01:20:56.727883
mwolson,skipped,,,,,2026-04-06T01:21:03.022088
Eward-Nee,skipped,,,,,2026-04-06T01:21:20.819075
ManuelTrappolini,skipped,,,,,2026-04-06T01:21:38.874114
lucasscernadas,skipped,,,,,2026-04-06T01:21:53.460397
azeez-bammeke,skipped,,,,,2026-04-06T01:22:11.438333
sunitaprajapati89,error,,,,,2026-04-06T01:22:14.327101
geoberle,skipped,AT,,0,0,2026-04-06T01:22:17.184311
kelvinbe,skipped,KE,,0,0,2026-04-06T01:22:35.049098
alpetric,skipped,,,,,2026-04-06T01:22:46.872509
rifkias,skipped,ID,,0,0,2026-04-06T01:23:02.377288
GregMBS,scored,US,0.0402,8,23,2026-04-06T01:23:09.446656
r2d2butbetter,skipped,IN,,0,13,2026-04-06T01:23:21.327650
yesnik,skipped,,,,,2026-04-06T01:23:40.143119
Aryanxxpro,error,,,,,2026-04-06T01:23:41.483755
Donaldcpk,skipped,,,,,2026-04-06T01:23:59.088544
martinjohnas,skipped,,,,,2026-04-06T01:24:01.821742
enoch85,skipped,SE,,0,0,2026-04-06T01:24:04.664518
pasqualelembo78,skipped,,,,,2026-04-06T01:24:20.935424
Markiewic,skipped,,,,,2026-04-06T01:24:39.280419
roman-koshchei,skipped,,,,,2026-04-06T01:24:45.778570
chorumlablabeasy,skipped,,,,,2026-04-06T01:25:03.961859
DragN0007,skipped,,,,,2026-04-06T01:25:10.455175
karagi4,skipped,RU,,1,0,2026-04-06T01:25:22.854790
quackjack,skipped,,,,,2026-04-06T01:25:25.768190
ChingWeiLun,skipped,,,,,2026-04-06T01:25:31.772247
Han-Seung-Chan,skipped,KR,,0,0,2026-04-06T01:25:38.066427
kimo33333,skipped,,,,,2026-04-06T01:25:47.107679
EugenySobyanin,skipped,,,,,2026-04-06T01:25:50.009089
ngpeijiun,skipped,,,,,2026-04-06T01:26:08.074118
niejiantao,skipped,,,,,2026-04-06T01:26:11.038988
mniyastk,skipped,,,,,2026-04-06T01:26:29.106197
NyamburaMichelle,skipped,,,,,2026-04-06T01:26:37.999807
korannews,error,,,,,2026-04-06T01:26:39.352633
shirel-m,skipped,,,,,2026-04-06T01:26:49.451140
ryan953,skipped,US,,0,0,2026-04-06T01:26:58.680421
maxvolumedev,skipped,,,,,2026-04-06T01:27:11.038238
frankplus,skipped,IT,,0,0,2026-04-06T01:27:29.293839
urvipatel6101,skipped,,,,,2026-04-06T01:27:46.950974
rezaabedi1365,skipped,IR,,,,2026-04-06T01:27:53.666597
yoshiimika,skipped,,,,,2026-04-06T01:28:09.591114
Swethablake2,error,,,,,2026-04-06T01:28:10.952880
ibuzaru,error,,,,,2026-04-06T01:28:13.677862
Loaizan63,skipped,CO,,0,100,2026-04-06T01:28:23.395439
atm-florianm,skipped,,,,,2026-04-06T01:28:35.968931
reema0814,skipped,,,,,2026-04-06T01:28:38.914962
checkraisefold,skipped,US,,0,0,2026-04-06T01:28:45.321714
macor003,skipped,CO,,7,0,2026-04-06T01:28:54.765019
barbarautjxw,error,,,,,2026-04-06T01:28:57.455295
gurunandan-bhat,skipped,IN,,0,0,2026-04-06T01:29:15.696003
ccornfield,skipped,,,,,2026-04-06T01:29:34.304316
PrAsAnNaRePo,skipped,,,,,2026-04-06T01:29:52.549886
mahalakshmi-vee,skipped,,,,,2026-04-06T01:29:59.036010
cwschilly,skipped,,,,,2026-04-06T01:30:08.066526
pitarac,skipped,,,,,2026-04-06T01:30:23.533013
RattusDong,skipped,,,,,2026-04-06T01:30:35.881067
rancor2,skipped,,,,,2026-04-06T01:30:44.851928
nastykinn,skipped,,,,,2026-04-06T01:30:59.638527
jpwanabe,skipped,,,,,2026-04-06T01:31:14.670378
faiaz8,skipped,,,,,2026-04-06T01:31:20.878152
adobe-bot,skipped,,,,,2026-04-06T01:31:26.559925
masQelec,skipped,,,,,2026-04-06T01:31:33.233239
mumumusf,skipped,,,,,2026-04-06T01:31:51.645418
Thangameena456,skipped,IN,,0,6,2026-04-06T01:31:57.567271
vinithra-r,skipped,,,,,2026-04-06T01:32:09.385325
JustMyriiam,skipped,,,,,2026-04-06T01:32:27.305791
hyojin7338,skipped,,,,,2026-04-06T01:32:37.260171
toxa-dev,skipped,,,,,2026-04-06T01:32:55.658682
Candykush777,error,,,,,2026-04-06T01:32:56.999650
MateuszZalobnik,skipped,,,,,2026-04-06T01:33:15.350020
nulrich,skipped,FR,,0,0,2026-04-06T01:33:27.506343
OverOrion,skipped,,,,,2026-04-06T01:33:39.918358
mayukak,skipped,,,,,2026-04-06T01:33:59.958238
jobonaf,skipped,IT,,0,0,2026-04-06T01:34:18.118696
hpware,skipped,TW,,0,100,2026-04-06T01:34:37.319002
fahara02,skipped,BD,,38,0,2026-04-06T01:34:55.639508
swcanner,skipped,,,,,2026-04-06T01:35:13.355176
EliSchleifer,skipped,,,,,2026-04-06T01:35:16.425661
Romanholz1997,skipped,,,,,2026-04-06T01:35:34.255438
Lux-oleszczuk,skipped,,,,,2026-04-06T01:35:52.318272
TreesforFood,skipped,,,,,2026-04-06T01:35:59.029343
advaita-saha,skipped,IN,,0,0,2026-04-06T01:36:16.973670
syler0x26,skipped,BR,,0,61,2026-04-06T01:36:34.962355
pratzzz2432,skipped,,,,,2026-04-06T01:36:52.621477
AlienSmith,skipped,,,,,2026-04-06T01:37:10.193054
RaphaelP-94,error,,,,,2026-04-06T01:37:12.895291
hakuna77,skipped,,,,,2026-04-06T01:37:22.364855
javmunmay,skipped,,,,,2026-04-06T01:37:40.868096
Hayelalfaisali,skipped,,,,,2026-04-06T01:37:56.552002
nahoula2,skipped,,,,,2026-04-06T01:38:05.454554
jakovlovakovic,skipped,,,,,2026-04-06T01:38:17.454965
hatsenko-kyrylo,skipped,UA,,15,1,2026-04-06T01:38:35.167470
Asnais-gh,skipped,,,,,2026-04-06T01:38:47.134286
cmwaters,skipped,,,,,2026-04-06T01:39:05.691026
sajidshaik7595-saji,skipped,,,,,2026-04-06T01:39:23.754416
inochisa,skipped,,,,,2026-04-06T01:39:35.289468
chmouel,skipped,FR,,100,0,2026-04-06T01:39:41.905730
YSeongwook,skipped,KR,,0,100,2026-04-06T01:39:57.347924
iamstillsoblue,error,,,,,2026-04-06T01:39:58.674643
belivpnbot,error,,,,,2026-04-06T01:40:00.024305
Morshed16,skipped,,,,,2026-04-06T01:40:17.667277
gerasev1992,skipped,RU,,0,100,2026-04-06T01:40:24.289669
verf1CT,skipped,,,,,2026-04-06T01:40:36.696945
ReidS28,skipped,,,,,2026-04-06T01:40:54.859495
Brandhb,skipped,,,,,2026-04-06T01:41:00.809941
mhasoba,skipped,,,,,2026-04-06T01:41:18.617820
nghia64582,skipped,,,,,2026-04-06T01:41:36.690084
gibrandevlab,skipped,,,,,2026-04-06T01:41:54.468884
UCaromel,skipped,,,,,2026-04-06T01:42:06.883369
mainlyjada,skipped,,,,,2026-04-06T01:42:15.837228
PotatoFi,scored,FI,0.1122,38,11,2026-04-06T01:42:32.294928
Leena-fegade1234,skipped,,,,,2026-04-06T01:42:47.861593
wjhopper,skipped,,,,,2026-04-06T01:42:54.103076
Najang06,skipped,,,,,2026-04-06T01:43:12.227749
maundytime,skipped,,,,,2026-04-06T01:43:21.071917
P1ccione,error,,,,,2026-04-06T01:43:22.414658
GuilhermeBauer16,skipped,,,,,2026-04-06T01:43:41.492030
tashrique,scored,US,0.0368,88,12,2026-04-06T01:44:00.570560
pandey2021,skipped,,,,,2026-04-06T01:44:12.412926
rdnff11,skipped,,,,,2026-04-06T01:44:25.173428
jiwoo-01,error,,,,,2026-04-06T01:44:26.513525
itsecworks,skipped,,,,,2026-04-06T01:44:44.224225
RUDRAKSH-7,skipped,,,,,2026-04-06T01:45:02.719334
the-world-at-large,skipped,GR,,5,0,2026-04-06T01:45:08.702064
meiland1,skipped,,,,,2026-04-06T01:45:17.635154
blurred83,error,,,,,2026-04-06T01:45:18.975192
Himanshu0670,skipped,,,,,2026-04-06T01:45:37.874648
Pramoth-N,skipped,,,,,2026-04-06T01:45:55.856245
Aungtayzar,skipped,,,,,2026-04-06T01:46:13.781505
Kalyan190,scored,IN,0.0368,69,31,2026-04-06T01:46:30.052776
facuccinoo,error,,,,,2026-04-06T01:46:32.756945
devonliana,skipped,,,,,2026-04-06T01:46:41.897157
programissis,skipped,,,,,2026-04-06T01:47:00.299778
zyjhtangtang,skipped,CN,,0,0,2026-04-06T01:47:03.138415
Lcdemi,skipped,,,,,2026-04-06T01:47:21.307447
masz-nordic,skipped,PL,,0,0,2026-04-06T01:47:27.106623
leehuchan,skipped,,,,,2026-04-06T01:47:36.224508
theajthakur,skipped,,,,,2026-04-06T01:47:55.058963
bergdort,error,,,,,2026-04-06T01:47:56.392636
Keiji821,skipped,,,,,2026-04-06T01:48:02.912271
Ryoonzz,skipped,ID,,16,4,2026-04-06T01:48:20.777135
J-leaner,error,,,,,2026-04-06T01:48:22.109119
022cse,skipped,,,,,2026-04-06T01:48:34.820586
iamxvijay,error,,,,,2026-04-06T01:48:37.531021
bhavishkl,skipped,,,,,2026-04-06T01:48:55.294476
Ashumani,skipped,,,,,2026-04-06T01:49:12.866175
nathaliehurles7142,error,,,,,2026-04-06T01:49:14.207443
karim-mir,skipped,,,,,2026-04-06T01:49:31.794204
Fallidox,error,,,,,2026-04-06T01:49:33.137953
nandyamit,skipped,,,,,2026-04-06T01:49:51.818365
lowka,skipped,,,,,2026-04-06T01:49:58.705913
dushyanth9652narravula,skipped,,,,,2026-04-06T01:50:16.594264
syllg,skipped,,,,,2026-04-06T01:50:35.646837
HarshSurendran,skipped,,,,,2026-04-06T01:50:54.802886
albers,skipped,DE,,0,0,2026-04-06T01:50:57.663959
jpflores-13,skipped,US,,0,0,2026-04-06T01:51:07.014193
namlp198,skipped,,,,,2026-04-06T01:51:21.746514
bcahtechstuffs,skipped,,,,,2026-04-06T01:51:34.181987
agonzalezpa1,skipped,,,,,2026-04-06T01:51:52.453088
Kamix-08,skipped,PL,,0,41,2026-04-06T01:52:10.885126
Misie05,skipped,,,,,2026-04-06T01:52:22.815392
rahul-webd,skipped,,,,,2026-04-06T01:52:41.095984
Mohith1220,skipped,,,,,2026-04-06T01:52:59.619359
JudithKorth,skipped,,,,,2026-04-06T01:53:08.873748
NicolasJPosey,skipped,,,,,2026-04-06T01:53:14.757256
R-1003,skipped,,,,,2026-04-06T01:53:20.519425
ChrisThorn10,skipped,,,,,2026-04-06T01:53:26.668258
SX-7,skipped,PL,,98,2,2026-04-06T01:53:39.457048
divya989178,error,,,,,2026-04-06T01:53:42.153359
idkman-goob,skipped,,,,,2026-04-06T01:53:50.749033
anujdbgt,skipped,IN,,0,0,2026-04-06T01:54:05.797736
edifirut,error,,,,,2026-04-06T01:54:08.507707
nmhrr,error,,,,,2026-04-06T01:54:11.226817
DiverIntoData,skipped,,,,,2026-04-06T01:54:14.147623
MatheusFreixo,skipped,,,,,2026-04-06T01:54:31.835438
Camilocastellanos1002,skipped,CO,,1,60,2026-04-06T01:54:46.906138
Hinata-Mikami,skipped,JP,,0,100,2026-04-06T01:54:53.393879
TheToolDeveloper,skipped,,,,,2026-04-06T01:54:59.204787
HanMulBit,skipped,,,,,2026-04-06T01:55:11.191747
LeeSeoHyeong1031,skipped,,,,,2026-04-06T01:55:29.295219
LN27100,skipped,,,,,2026-04-06T01:55:48.376452
the-russian-end,skipped,,,,,2026-04-06T01:55:54.760239
AnweshPeddineni,skipped,,,,,2026-04-06T01:56:13.142873
joelchicas,skipped,,,,,2026-04-06T01:56:22.762023
jannsz10,skipped,,,,,2026-04-06T01:56:25.688403
sebasvela11,skipped,,,,,2026-04-06T01:56:37.718818
ilennaj,skipped,,,,,2026-04-06T01:56:54.032340
wwbin,skipped,,,,,2026-04-06T01:56:56.963468
mattjt,skipped,,,,,2026-04-06T01:57:16.662242
E-hub-mugisha,skipped,,,,,2026-04-06T01:57:31.362436
crowlKats,skipped,NL,,0,0,2026-04-06T01:57:40.905832
vamg1994,skipped,,,,,2026-04-06T01:57:58.866879
GitElla404,error,,,,,2026-04-06T01:58:00.198368
5tuxnet,skipped,,,,,2026-04-06T01:58:06.631541
Pocoyo7798,skipped,,,,,2026-04-06T01:58:13.177658
pugazhenthiraman,skipped,,,,,2026-04-06T01:58:30.671102
BodmannJ,error,,,,,2026-04-06T01:58:33.369762
ryanthegentry,skipped,US,,0,0,2026-04-06T01:58:39.264106
Kiranmoy,skipped,,,,,2026-04-06T01:58:54.293779
Titahhikmah,skipped,,,,,2026-04-06T01:59:06.629851
oneiros,skipped,,,,,2026-04-06T01:59:15.777137
OngSoonEe,skipped,,,,,2026-04-06T01:59:21.479318
federicg,scored,CH,0.0421,33,11,2026-04-06T01:59:30.924787
KrongDev,skipped,,,,,2026-04-06T01:59:47.842218
ekaterinailin,skipped,,,,,2026-04-06T01:59:57.549601
JUJUup,scored,CN,0.0243,75,25,2026-04-06T02:00:03.943040
Kushan119,error,,,,,2026-04-06T02:00:05.288432
Reikoarts,skipped,,,,,2026-04-06T02:00:22.788115
Hum-Bao,skipped,,,,,2026-04-06T02:00:32.133802
AlexandraCretu09,skipped,,,,,2026-04-06T02:00:51.326057
RodrigoLima30,skipped,,,,,2026-04-06T02:01:06.405515
NEAR07,scored,ID,0.04,51,13,2026-04-06T02:01:21.826248
UsamaGM,error,,,,,2026-04-06T02:01:23.157342
rithviknishad,skipped,IN,,0,0,2026-04-06T02:01:41.370288
FabienTschanz,skipped,CH,,0,0,2026-04-06T02:01:44.220520
nikolasburk,skipped,DE,,0,0,2026-04-06T02:02:02.918129
Anchel123,skipped,,,,,2026-04-06T02:02:09.250224
druzhininakatya,skipped,,,,,2026-04-06T02:02:15.565400
OrcunColak,skipped,,,,,2026-04-06T02:02:33.666356
zhangsan946,skipped,,,,,2026-04-06T02:02:46.183117
panasetskaya,skipped,,,,,2026-04-06T02:02:58.194407
AlexKurek,skipped,,,,,2026-04-06T02:03:04.475491
WkRafal,skipped,,,,,2026-04-06T02:03:22.412364
Hoseong-Seo,skipped,,,,,2026-04-06T02:03:31.092099
leandrofuccia,skipped,,,,,2026-04-06T02:03:49.798753
alkesh,skipped,,,,,2026-04-06T02:03:55.589690
DatOneGuyL,skipped,,,,,2026-04-06T02:04:13.409624
tambu85,skipped,AT,,0,3,2026-04-06T02:04:22.789952
posy-m,skipped,,,,,2026-04-06T02:04:38.271743
larissadcew,skipped,BR,,1,78,2026-04-06T02:04:57.158279
AttissNgo,skipped,US,,6,0,2026-04-06T02:05:12.245237
RinnHehe,skipped,ID,,0,100,2026-04-06T02:05:28.513183
yws-cg-rock,error,,,,,2026-04-06T02:05:29.853646
haseebx16,skipped,PK,,0,0,2026-04-06T02:05:47.532474
AuriLF,error,,,,,2026-04-06T02:05:50.247596
jamie-lemon,skipped,,,,,2026-04-06T02:06:02.030734
mattenarle10,scored,PH,0.0362,39,34,2026-04-06T02:06:17.713463
okidoki321,skipped,,,,,2026-04-06T02:06:32.706515
Franpee99,skipped,,,,,2026-04-06T02:06:50.672507
bear148,skipped,,,,,2026-04-06T02:07:08.169385
gauthamraj010,skipped,,,,,2026-04-06T02:07:14.456444
kuanmol,skipped,IN,,0,79,2026-04-06T02:07:26.639308
it-all,skipped,US,,0,16,2026-04-06T02:07:36.111347
playingwithbandits,skipped,,,,,2026-04-06T02:07:42.612633
stevenhorsman,skipped,,,,,2026-04-06T02:08:00.867060
Rawan969,skipped,,,,,2026-04-06T02:08:18.327161
lionelschiepers,skipped,BE,,0,100,2026-04-06T02:08:24.630299
dudikeleti,skipped,NL,,11,2,2026-04-06T02:08:36.657621
pesionzhao,skipped,,,,,2026-04-06T02:08:49.019065
esitoxla,skipped,,,,,2026-04-06T02:09:06.692951
tHe-DeVeLoPe-R,skipped,PK,,14,0,2026-04-06T02:09:24.711448
mysticuno,skipped,,,,,2026-04-06T02:09:36.564269
ShalomVanunu,skipped,,,,,2026-04-06T02:09:52.131965
marat569,skipped,,,,,2026-04-06T02:10:04.263274
rifatx,skipped,,,,,2026-04-06T02:10:18.955799
jonthomasson,skipped,US,,0,0,2026-04-06T02:10:33.544668
BorislavRaynov,skipped,,,,,2026-04-06T02:10:40.042478
AIAlphaHunter,skipped,,,,,2026-04-06T02:10:48.660548
marcransome,skipped,GB,,4,0,2026-04-06T02:11:01.223587
MadhavGarg98,skipped,,,,,2026-04-06T02:11:17.087528
mofrim,skipped,DE,,0,0,2026-04-06T02:11:20.421093
BrianHammond,skipped,,,,,2026-04-06T02:11:23.350441
sankarkumarS,skipped,,,,,2026-04-06T02:11:41.662701
Levi-Armstrong,skipped,,,,,2026-04-06T02:11:47.525975
burt-andrew,skipped,,,,,2026-04-06T02:11:53.326094
saintmatthieu,skipped,DE,,0,0,2026-04-06T02:12:04.923354
FibonacciAi,skipped,,,,,2026-04-06T02:12:20.063055
tingerrr,skipped,,,,,2026-04-06T02:12:32.081825
asapunov,skipped,,,,,2026-04-06T02:12:37.952561
AbrahamTartalos,skipped,,,,,2026-04-06T02:12:56.061625
davidherszenhaut,skipped,US,,0,8,2026-04-06T02:13:15.150636
GoodGuySavitar,scored,IN,0.062,28,6,2026-04-06T02:13:33.144693
Ajay-BabuT,skipped,,,,,2026-04-06T02:13:50.841289
Fenkii3,skipped,,,,,2026-04-06T02:14:05.711751
gkdn,skipped,,,,,2026-04-06T02:14:08.575577
cwilliams1123,skipped,,,,,2026-04-06T02:14:17.723758
Alexous-O,skipped,FR,,0,100,2026-04-06T02:14:33.420246
e2molin,skipped,,,,,2026-04-06T02:14:50.765831
apartx,skipped,,,,,2026-04-06T02:15:00.294409
prashant-singh77,skipped,IN,,0,15,2026-04-06T02:15:15.735968
evaalonsoortiz,skipped,,,,,2026-04-06T02:15:28.621781
hqvjet,scored,VN,0.0851,14,86,2026-04-06T02:15:41.772120
LindseySaari,skipped,,,,,2026-04-06T02:15:56.281046
cantoraz,skipped,,,,,2026-04-06T02:16:02.793571
sorru94,skipped,,,,,2026-04-06T02:16:12.165298
jagannath-p-s,skipped,,,,,2026-04-06T02:16:30.618837
razikkhan98,skipped,,,,,2026-04-06T02:16:49.688173
olloz26,skipped,,,,,2026-04-06T02:16:52.442006
Miski77,skipped,,,,,2026-04-06T02:17:07.033784
smartscripts-nl,skipped,,,,,2026-04-06T02:17:16.451061
felipeminuzzi,scored,BR,0.0493,78,22,2026-04-06T02:17:28.909664
bradcline-kc,error,,,,,2026-04-06T02:17:31.606313
gyanl,skipped,IN,,0,0,2026-04-06T02:17:45.080351
rohit-myali,skipped,IN,,3,0,2026-04-06T02:17:51.236717
bschmalhofer,skipped,DE,,0,0,2026-04-06T02:18:09.301313
ArkunleSerein,error,,,,,2026-04-06T02:18:10.635835
AMAN-GUPTA29,skipped,IN,,4,0,2026-04-06T02:18:19.537338
xixi-kitchen,skipped,,,,,2026-04-06T02:18:31.806068
rainx,scored,CN,0.0786,7,45,2026-04-06T02:18:50.151631
1Jayakrishnan,skipped,,,,,2026-04-06T02:19:05.023086
Oviglo,skipped,FR,,0,0,2026-04-06T02:19:17.155503
gAmUssA,skipped,US,,0,0,2026-04-06T02:19:23.181743
Oriassia,skipped,,,,,2026-04-06T02:19:39.206375
Noussaiba073,skipped,,,,,2026-04-06T02:19:44.983754
lesa-telos,error,,,,,2026-04-06T02:19:47.705494
adnan0207,skipped,,,,,2026-04-06T02:20:05.808394
kainhofer,skipped,,,,,2026-04-06T02:20:12.095283
TheBetterLuis,skipped,,,,,2026-04-06T02:20:27.154598
charlesrolandscr17,skipped,,,,,2026-04-06T02:20:39.122326
TanmayUdupa,skipped,IN,,48,0,2026-04-06T02:20:57.603611
Imtiaz246,skipped,,,,,2026-04-06T02:21:15.964351
shubh182002,skipped,,,,,2026-04-06T02:21:33.402504
paulodevtiarg,skipped,,,,,2026-04-06T02:21:51.872161
jitinnair1,skipped,,,,,2026-04-06T02:22:04.139574
ototonho,skipped,,,,,2026-04-06T02:22:16.683893
Nahid-hasan-web,skipped,BD,,5,0,2026-04-06T02:22:34.032566
Tomalt-ops,skipped,,,,,2026-04-06T02:22:40.420471
trakot02,error,,,,,2026-04-06T02:22:41.754851
restjohn,skipped,US,,0,0,2026-04-06T02:22:53.428001
oojacoboo,skipped,US,,0,0,2026-04-06T02:22:56.347789
eden-chang,skipped,,,,,2026-04-06T02:23:14.829932
py241026128,skipped,,,,,2026-04-06T02:23:21.162198
opheliasin,skipped,,,,,2026-04-06T02:23:33.991250
palkan,skipped,US,,0,0,2026-04-06T02:23:45.734647
j-loreaux,skipped,US,,0,0,2026-04-06T02:23:54.681763
matoous,skipped,DE,,1,12,2026-04-06T02:24:14.274613
deeepak00,skipped,,,,,2026-04-06T02:24:32.519889
araujoms,scored,ES,0.0569,5,95,2026-04-06T02:24:42.077853
maxdegers,skipped,FR,,34,0,2026-04-06T02:24:59.965502
JohnnyCena123,skipped,,,,,2026-04-06T02:25:19.840791
OmarGabr0,skipped,,,,,2026-04-06T02:25:38.020918
MothanaDo,skipped,,,,,2026-04-06T02:25:53.172754
ArthurFlag,scored,DE,0.0406,59,5,2026-04-06T02:25:59.311750
cworst,skipped,,,,,2026-04-06T02:26:05.732624
copyleftdev,skipped,,,,,2026-04-06T02:26:20.112708
alonicamaesagrado,skipped,,,,,2026-04-06T02:26:26.309862
jerryshao,skipped,,,,,2026-04-06T02:26:34.992479
Shuyibe48,skipped,,,,,2026-04-06T02:26:52.817350
rageagainsthepc,skipped,,,,,2026-04-06T02:26:58.592440
hridayroy19,skipped,BD,,12,0,2026-04-06T02:27:16.235188
Delnegend,skipped,VN,,14,0,2026-04-06T02:27:32.079415
anav5704,skipped,,,,,2026-04-06T02:27:38.551602
resistor,skipped,,,,,2026-04-06T02:27:56.508350
Saad5840,skipped,,,,,2026-04-06T02:28:05.813212
pranavmodi,skipped,,,,,2026-04-06T02:28:20.555050
xinap,skipped,,,,,2026-04-06T02:28:26.271903
DuongThiHuyen,skipped,,,,,2026-04-06T02:28:32.233200
ajruramadhan25,skipped,,,,,2026-04-06T02:28:50.315844
shubhadip-raj,skipped,,,,,2026-04-06T02:29:08.311858
jair-chaguay,skipped,,,,,2026-04-06T02:29:21.152455
avoss,skipped,,,,,2026-04-06T02:29:29.941209
HCarlos,skipped,,,,,2026-04-06T02:29:48.187562
mehakdhaliwal,skipped,,,,,2026-04-06T02:29:54.041841
TedPittman,skipped,,,,,2026-04-06T02:30:12.885318
labaffa,skipped,,,,,2026-04-06T02:30:22.288282
Radin6,skipped,,,,,2026-04-06T02:30:41.171285
noebloc,skipped,,,,,2026-04-06T02:30:56.360181
qiuosier,skipped,,,,,2026-04-06T02:31:02.683308
PedroHSilva1,skipped,,,,,2026-04-06T02:31:11.770675
osnabrugge,skipped,CA,,0,100,2026-04-06T02:31:19.016130
Dr-Lepic,skipped,,,,,2026-04-06T02:31:34.257129
hongweihao,skipped,,,,,2026-04-06T02:31:49.736697
vincentabolarin,skipped,,,,,2026-04-06T02:32:07.812627
kjl16,error,,,,,2026-04-06T02:32:10.515025
ndemarchis,skipped,US,,0,0,2026-04-06T02:32:25.831018
kshanu12,skipped,,,,,2026-04-06T02:32:43.666266
seffyfisher,skipped,,,,,2026-04-06T02:33:01.479843
yaheaalani0,skipped,,,,,2026-04-06T02:33:20.382046
alveyworld,skipped,,,,,2026-04-06T02:33:36.149973
gasanjuan,skipped,,,,,2026-04-06T02:33:45.034305
ask-lycoris,error,,,,,2026-04-06T02:33:46.367384
vlasenkoigor,skipped,UA,,0,0,2026-04-06T02:34:04.924984
jnc74743,skipped,,,,,2026-04-06T02:34:07.796092
MariMar0112,skipped,,,,,2026-04-06T02:34:22.907681
abhitechgames,skipped,IN,,8,0,2026-04-06T02:34:40.811731
Rifahaziz,skipped,,,,,2026-04-06T02:34:46.655990
neilenns,skipped,,,,,2026-04-06T02:35:09.198148
OL-sergio,skipped,PT,,0,0,2026-04-06T02:35:27.028377
60307390,error,,,,,2026-04-06T02:35:28.367967
happz,skipped,CZ,,0,0,2026-04-06T02:35:34.835634
jwatt-malvacom,skipped,,,,,2026-04-06T02:35:37.589651
thanasisn,skipped,,,,,2026-04-06T02:35:47.166766
Delw1k3,skipped,,,,,2026-04-06T02:35:59.478895
agrawalreva,skipped,US,,0,82,2026-04-06T02:36:12.110528
gabriel-uzquiano,skipped,,,,,2026-04-06T02:36:19.098992
graphql-markdown-bot,error,,,,,2026-04-06T02:36:21.798710
vhsdream,skipped,CA,,0,0,2026-04-06T02:36:24.657465
yomjsty,skipped,,,,,2026-04-06T02:36:42.716038
dyphire,skipped,,,,,2026-04-06T02:36:48.886266
dakie2305,skipped,,,,,2026-04-06T02:37:07.954772
anreysmirnov555,skipped,,,,,2026-04-06T02:37:14.116041
kmabdullatif,error,,,,,2026-04-06T02:37:16.996813
NahuelGil17,skipped,,,,,2026-04-06T02:37:35.614038
normansrgn,skipped,,,,,2026-04-06T02:37:42.051123
Sathiyapramod,scored,IN,0.1036,76,24,2026-04-06T02:37:54.924763
TwentyfiveBTea,skipped,,,,,2026-04-06T02:38:07.503308
shahid123s,skipped,,,,,2026-04-06T02:38:25.120553
Clecle3444,error,,,,,2026-04-06T02:38:27.818413
codeletsensei,skipped,,,,,2026-04-06T02:38:40.282652
JakobBraad,skipped,,,,,2026-04-06T02:38:58.117036
vanshika130,skipped,,,,,2026-04-06T02:39:16.517213
domipiggie,error,,,,,2026-04-06T02:39:19.279749
FireStarBC,skipped,,,,,2026-04-06T02:39:25.094236
Henrique-Kriguer,skipped,,,,,2026-04-06T02:39:42.749963
NataliyaPrimudraya,skipped,,,,,2026-04-06T02:40:00.858564
AlejandroAldana99,skipped,,,,,2026-04-06T02:40:19.399023
Hai14012,skipped,,,,,2026-04-06T02:40:29.304271
geovlazar,skipped,,,,,2026-04-06T02:40:41.345268
jauhien,skipped,,,,,2026-04-06T02:40:50.492220
laviniaaaf,error,,,,,2026-04-06T02:40:51.840544
fercer,skipped,,,,,2026-04-06T02:40:58.234908
MoYaq,skipped,,,,,2026-04-06T02:41:04.573072
lucikelly,skipped,BR,,2,13,2026-04-06T02:41:22.271603
aproli90,skipped,,,,,2026-04-06T02:41:34.164415
FriedRiceNoodles,skipped,CN,,0,0,2026-04-06T02:41:37.054324
abdullahmaajid,skipped,ID,,47,0,2026-04-06T02:41:54.996075
tirokoii,skipped,,,,,2026-04-06T02:42:10.689318
orange-birds,error,,,,,2026-04-06T02:42:12.020329
LeeSiHyeon711,skipped,KR,,0,76,2026-04-06T02:42:30.257489
maddis,skipped,GB,,0,0,2026-04-06T02:42:41.622254
Sir-Dommy,skipped,,,,,2026-04-06T02:42:57.302704
bikewerner,skipped,,,,,2026-04-06T02:43:04.139983
matadyshak,skipped,,,,,2026-04-06T02:43:10.515374
dawanlago,skipped,BR,,5,0,2026-04-06T02:43:25.103309
ibrahiim-100,skipped,,,,,2026-04-06T02:43:43.168598
MsShawnP,skipped,,,,,2026-04-06T02:43:55.140690
jamdhadenikita,skipped,,,,,2026-04-06T02:44:12.736983
blinkov,skipped,TH,,0,0,2026-04-06T02:44:21.670686
Neojan,skipped,,,,,2026-04-06T02:44:28.072122
VadimRevega,skipped,,,,,2026-04-06T02:44:47.546074
MANJIRIDANGRE,skipped,,,,,2026-04-06T02:44:56.276081
padmajanagarajan-earnin,skipped,,,,,2026-04-06T02:45:02.135824
BorisSmorodin,skipped,,,,,2026-04-06T02:45:21.083270
rowan01g,skipped,,,,,2026-04-06T02:45:39.109963
arirangz,skipped,,,,,2026-04-06T02:45:42.010001
gustavoguaragna,skipped,,,,,2026-04-06T02:45:48.599729
BQzAO,skipped,,,,,2026-04-06T02:46:07.197948
victorhgcarvalho,skipped,,,,,2026-04-06T02:46:19.127876
sunil-patil12000,skipped,IN,,1,11,2026-04-06T02:46:37.188454
wesleyeagles,skipped,,,,,2026-04-06T02:46:56.057550
tapeo,skipped,,,,,2026-04-06T02:47:05.155700
CoDeWebPro,skipped,,,,,2026-04-06T02:47:17.037527
Jolieboo,skipped,,,,,2026-04-06T02:47:34.266227
KABA4ELLO,skipped,,,,,2026-04-06T02:47:39.868070
JackStouffer,skipped,,,,,2026-04-06T02:47:52.678738
choiyoorim,skipped,,,,,2026-04-06T02:48:08.919173
Anjali-720,skipped,,,,,2026-04-06T02:48:14.732866
SISTEMAS-TRIBUNAL-ADMINISTRATIVO,skipped,,,,,2026-04-06T02:48:29.633055
IvanTheDeveloper,skipped,ES,,0,2,2026-04-06T02:48:44.276745
firaol-tag,skipped,,,,,2026-04-06T02:48:55.912741
g-raffy,skipped,,,,,2026-04-06T02:49:05.348443
HugoOtth,skipped,,,,,2026-04-06T02:49:14.273094
HarshNegi0927,skipped,,,,,2026-04-06T02:49:20.419114
hhhwhh88,skipped,,,,,2026-04-06T02:49:29.130246
HuyHoang73,skipped,,,,,2026-04-06T02:49:31.958898
sihhub,skipped,KR,,0,3,2026-04-06T02:49:35.080139
dawsers,skipped,,,,,2026-04-06T02:49:44.388651
Mi-aro-101,skipped,,,,,2026-04-06T02:49:46.403397
szymonbasiul,skipped,PL,,96,4,2026-04-06T02:49:59.682758
Mahmoud-Samir-Fathy,skipped,,,,,2026-04-06T02:50:04.115066
MK87543,skipped,,,,,2026-04-06T02:50:05.875518
LiyaGaynutdinova,skipped,,,,,2026-04-06T02:50:16.732820
LeonardoAdami21,skipped,,,,,2026-04-06T02:50:25.863274
ryebytescode,skipped,PH,,0,0,2026-04-06T02:50:34.546195
Nikoti9510,skipped,,,,,2026-04-06T02:50:40.806095
Jendrik0,skipped,,,,,2026-04-06T02:50:43.759322
JustGibas,skipped,LT,,,,2026-04-06T02:50:47.031617
luciano1127,skipped,,,,,2026-04-06T02:50:49.962811
martinpaljak,skipped,EE,,,,2026-04-06T02:51:02.568287
carlosb114093,skipped,,,,,2026-04-06T02:51:07.476889
elielNatHAN1104,error,,,,,2026-04-06T02:51:08.827364
anand-presidio,skipped,IN,,0,0,2026-04-06T02:51:11.775531
lethalgem,skipped,,,,,2026-04-06T02:51:14.696250
JadeMDZ,error,,,,,2026-04-06T02:51:16.054349
Gamborg0101,skipped,,,,,2026-04-06T02:51:17.915117
EpikPotato,error,,,,,2026-04-06T02:51:19.270935
HacCanPhong06,skipped,,,,,2026-04-06T02:51:22.504282
Pecho1974,skipped,,,,,2026-04-06T02:51:29.217074
LanceGladstone,error,,,,,2026-04-06T02:51:30.563273
LissaaMM,skipped,,,,,2026-04-06T02:51:37.326136
LamHueTrung,skipped,,,,,2026-04-06T02:51:48.585528
TanTaiIT,skipped,,,,,2026-04-06T02:51:55.449146
nirishabhattarai1,skipped,,,,,2026-04-06T02:52:06.890937
Oleksii288,skipped,,,,,2026-04-06T02:52:13.447082
shohokuno10,skipped,,,,,2026-04-06T02:52:19.945356
DenialLewis,skipped,TH,,0,81,2026-04-06T02:52:22.213110
Vishu1234-bit,skipped,IN,,0,0,2026-04-06T02:52:35.685308
Tymysy,skipped,,,,,2026-04-06T02:52:40.620095
helenawaldorf,skipped,DE,,0,16,2026-04-06T02:52:41.899713
m-fila,skipped,,,,,2026-04-06T02:52:52.017657
edriestarek218,skipped,,,,,2026-04-06T02:52:55.551361
ongunao,skipped,,,,,2026-04-06T02:53:01.396398
B0cka,skipped,,,,,2026-04-06T02:53:04.256527
FaisalSagheer,skipped,,,,,2026-04-06T02:53:10.597504
h908714124,skipped,DE,,0,0,2026-04-06T02:53:13.066086
RoshiroGaming,error,,,,,2026-04-06T02:53:14.429450
liangguifeng,skipped,,,,,2026-04-06T02:53:26.031611
Uchoacode,skipped,BR,,0,70,2026-04-06T02:53:33.173471
rarguelloF,skipped,ES,,0,0,2026-04-06T02:53:35.005136
Tgoduiem,error,,,,,2026-04-06T02:53:36.535219
CedricHerzog,skipped,,,,,2026-04-06T02:53:45.529642
asaduli,skipped,,,,,2026-04-06T02:53:51.920711
AnumIqbal2211,skipped,,,,,2026-04-06T02:54:04.030103
sirimykland,skipped,NO,,1,1,2026-04-06T02:54:04.821405
audreytam227,error,,,,,2026-04-06T02:54:06.928791
ChimeraChat,skipped,,,,,2026-04-06T02:54:13.807882
Ladislav1976,skipped,,,,,2026-04-06T02:54:15.421891
IDIXANI,skipped,,,,,2026-04-06T02:54:19.994006
L-ux-es,skipped,,,,,2026-04-06T02:54:24.643195
axelmaidana10,skipped,,,,,2026-04-06T02:54:38.608648
sergioandres03,error,,,,,2026-04-06T02:54:41.323933
MilaDavletshina,skipped,,,,,2026-04-06T02:54:43.900270
aisear,skipped,,,,,2026-04-06T02:54:58.146781
JorgeQZ,skipped,,,,,2026-04-06T02:54:59.009301
maxbraudel,skipped,,,,,2026-04-06T02:55:10.822323
KLaszlo24,skipped,,,,,2026-04-06T02:55:16.300294
hrimondal,error,,,,,2026-04-06T02:55:17.651587
TawneeOwl,skipped,,,,,2026-04-06T02:55:26.097162
JasimUllah,skipped,PK,,0,20,2026-04-06T02:55:36.160672
alexturnbull,skipped,,,,,2026-04-06T02:55:44.738029
NOOBincode,skipped,,,,,2026-04-06T02:55:48.267584
sedomu,skipped,,,,,2026-04-06T02:55:54.136114
adipat617,skipped,,,,,2026-04-06T02:56:02.443131
wlstmd,skipped,KR,,2,98,2026-04-06T02:56:12.151655
Emm-Anuel100,scored,NG,0.03,45,42,2026-04-06T02:56:13.972444
robschl,skipped,,,,,2026-04-06T02:56:14.916249
SamuelRDC69,skipped,,,,,2026-04-06T02:56:22.825730
Kim-jae-heon,skipped,,,,,2026-04-06T02:56:29.514776
Destroyed12121,skipped,,,,,2026-04-06T02:56:39.026336
skapinga,error,,,,,2026-04-06T02:56:41.762213
prasetyofmalik,skipped,,,,,2026-04-06T02:56:47.576982
cffj1bonnenouvelle,skipped,,,,,2026-04-06T02:56:54.161259
anikaKn,skipped,,,,,2026-04-06T02:56:57.343453
HudieGit,skipped,,,,,2026-04-06T02:57:09.759197
phongnhat19,skipped,VN,,0,0,2026-04-06T02:57:12.145345
erickim73,skipped,US,,0,54,2026-04-06T02:57:22.282293
bPavan16,skipped,,,,,2026-04-06T02:57:30.868412
tanimoto1996,skipped,,,,,2026-04-06T02:57:40.354997
craigatk,skipped,,,,,2026-04-06T02:57:43.137395
MRasavong,skipped,,,,,2026-04-06T02:57:49.926980
j05uan,skipped,,,,,2026-04-06T02:58:01.233150
mahesh-yelisetty,skipped,,,,,2026-04-06T02:58:08.100201
kilaniBarhoom,skipped,,,,,2026-04-06T02:58:14.053583
SiddheshwarKamble,skipped,,,,,2026-04-06T02:58:16.843757
DavidFirth,skipped,GB,,52,3,2026-04-06T02:58:18.545305
sky-big,skipped,CN,,0,0,2026-04-06T02:58:24.370884
kshitij12345,skipped,,,,,2026-04-06T02:58:27.251774
RuchitraThiyagaraj,skipped,,,,,2026-04-06T02:58:30.208835
AndiCrow,skipped,,,,,2026-04-06T02:58:34.866499
pbnjcub,skipped,,,,,2026-04-06T02:58:37.852271
pssgiasmim,skipped,,,,,2026-04-06T02:58:39.465750
NavinVenkatV,skipped,,,,,2026-04-06T02:58:55.575963
niikmynick,skipped,,,,,2026-04-06T02:58:58.222697
haris-noor-abacus,error,,,,,2026-04-06T02:58:58.296804
vijay8356,skipped,,,,,2026-04-06T02:59:13.633478
SVENmods,skipped,,,,,2026-04-06T02:59:17.173987
felixiwendt,skipped,DE,,0,4,2026-04-06T02:59:25.990601
alexzhiliuk,skipped,,,,,2026-04-06T02:59:32.563963
stoyager01,error,,,,,2026-04-06T02:59:33.924959
sankarmanoj-tt,error,,,,,2026-04-06T02:59:36.671988
adamhannigan,skipped,AU,,0,1,2026-04-06T02:59:44.263830
avila-25,skipped,,,,,2026-04-06T02:59:51.833416
facundominguez,skipped,,,,,2026-04-06T02:59:57.643333
iankusmon,skipped,,,,,2026-04-06T03:00:03.022297
OmarGhorab20,skipped,,,,,2026-04-06T03:00:03.612116
developerBBee,skipped,,,,,2026-04-06T03:00:21.123695
EmmaESD,skipped,,,,,2026-04-06T03:00:21.786404
deseking,skipped,,,,,2026-04-06T03:00:24.585592
Ayhus1,skipped,,,,,2026-04-06T03:00:27.435524
ABrain-One,skipped,,,,,2026-04-06T03:00:32.271358
Martans01T,skipped,,,,,2026-04-06T03:00:33.151031
mbgonicus,skipped,,,,,2026-04-06T03:00:35.181954
ajgarlag,skipped,ES,,0,0,2026-04-06T03:00:51.209112
Raseshlimbad,skipped,IN,,0,43,2026-04-06T03:00:53.043209
corygrant,skipped,US,,0,100,2026-04-06T03:00:59.744088
HieuLecp,skipped,,,,,2026-04-06T03:01:09.780867
Yoo-SH,skipped,KR,,1,99,2026-04-06T03:01:17.990208
DrugsZ,skipped,,,,,2026-04-06T03:01:22.490448
nordic-krch,skipped,PL,,0,0,2026-04-06T03:01:25.595061
Theo-FERRETE,skipped,,,,,2026-04-06T03:01:35.983623
petrasvestartas,skipped,,,,,2026-04-06T03:01:39.153619
Jitralar,skipped,,,,,2026-04-06T03:01:51.877673
abhiramready,skipped,,,,,2026-04-06T03:01:52.403381
onlineque,skipped,,,,,2026-04-06T03:01:55.308464
DaBoss786,skipped,,,,,2026-04-06T03:02:02.012210
sub0101,scored,IN,0.0483,8,5,2026-04-06T03:02:09.999830
martinjonsson01,skipped,,,,,2026-04-06T03:02:19.212589
dylanb7,skipped,,,,,2026-04-06T03:02:20.073791
jerryochura,skipped,,,,,2026-04-06T03:02:26.138439
uditverma-1202,skipped,,,,,2026-04-06T03:02:31.507864
Arwind20,skipped,,,,,2026-04-06T03:02:44.014052
DayoTitiloye-code,skipped,,,,,2026-04-06T03:02:49.491415
loid111,skipped,,,,,2026-04-06T03:03:01.845005
sudheerbhati2453,skipped,,,,,2026-04-06T03:03:07.237925
bancadoithuongh,skipped,,,,,2026-04-06T03:03:07.684615
trsnae,error,,,,,2026-04-06T03:03:08.580478
rinjInTokyo,error,,,,,2026-04-06T03:03:11.287322
foxabbage,skipped,,,,,2026-04-06T03:03:14.062133
fabiiolima,skipped,,,,,2026-04-06T03:03:22.754677
WhiteKINGS-Th,skipped,,,,,2026-04-06T03:03:23.160798
ismailnurudeen,skipped,NG,,0,0,2026-04-06T03:03:40.650202
Changha-dev,scored,KR,0.2824,9,70,2026-04-06T03:03:41.572606
Cerallin,skipped,,,,,2026-04-06T03:03:47.357973
rodriguegaspard,skipped,,,,,2026-04-06T03:03:57.172227
eromeroc97,skipped,,,,,2026-04-06T03:04:03.409081
shlavik,error,,,,,2026-04-06T03:04:04.752824
Ismabinteshafik,skipped,,,,,2026-04-06T03:04:05.254360
agroanalytics,skipped,,,,,2026-04-06T03:04:17.206523
JinchaeKim,skipped,,,,,2026-04-06T03:04:19.779650
shuo-wu,skipped,,,,,2026-04-06T03:04:20.112443
WenchangLu,skipped,,,,,2026-04-06T03:04:34.901639
agnescameron,skipped,,,,,2026-04-06T03:04:35.037249
sreasgop,scored,IN,0.216,34,66,2026-04-06T03:04:45.234773
bobthemighty,skipped,GB,,0,0,2026-04-06T03:04:46.765757
NilzeyX,skipped,,,,,2026-04-06T03:04:57.130760
sutouch08,skipped,,,,,2026-04-06T03:05:02.214082
JiuZ-Chn,skipped,,,,,2026-04-06T03:05:10.418099
Rajas2912,skipped,IN,,0,4,2026-04-06T03:05:19.215098
smeneguz,skipped,,,,,2026-04-06T03:05:20.355084
221910307006,skipped,,,,,2026-04-06T03:05:37.383565
ProtivogaSpriter,skipped,,,,,2026-04-06T03:05:39.183726
Salma0912,skipped,,,,,2026-04-06T03:05:45.285777
DemeulemeesterT,skipped,,,,,2026-04-06T03:05:53.791801
Ih8uSenpai,skipped,,,,,2026-04-06T03:06:03.848497
GeorgeDevidJohn,skipped,CA,,2,1,2026-04-06T03:06:08.325963
liquid-gaming,skipped,,,,,2026-04-06T03:06:10.439071
WatterAH,skipped,,,,,2026-04-06T03:06:24.382063
gulddaggi,skipped,,,,,2026-04-06T03:06:28.803181
tjun,skipped,JP,,0,0,2026-04-06T03:06:36.481971
StewartScottRogers,skipped,US,,0,8,2026-04-06T03:06:47.596883
sQuishy2505,skipped,,,,,2026-04-06T03:06:54.564659
nikoloz-pavlashvili,skipped,,,,,2026-04-06T03:06:56.666683
DarkNightGhTH,skipped,,,,,2026-04-06T03:07:00.323330
alysiahuggins,skipped,,,,,2026-04-06T03:07:12.091920
chrdd,skipped,,,,,2026-04-06T03:07:14.933370
ajayAnthwal,skipped,IN,,0,1,2026-04-06T03:07:30.084149
kirsan07,skipped,,,,,2026-04-06T03:07:32.817268
tigerhareram,skipped,,,,,2026-04-06T03:07:36.205477
naidezhujimo,error,,,,,2026-04-06T03:07:37.542481
saschpe,skipped,DE,,0,0,2026-04-06T03:07:42.215831
SherifWD,skipped,,,,,2026-04-06T03:07:52.962800
MGentieu,skipped,FR,,100,0,2026-04-06T03:07:54.488397
saltas888,skipped,NL,,0,0,2026-04-06T03:08:02.877009
BlueBird-0,skipped,,,,,2026-04-06T03:08:09.529447
micokoch,skipped,US,,7,0,2026-04-06T03:08:15.322055
jhms2111,skipped,,,,,2026-04-06T03:08:27.521871
zeddidragon,skipped,,,,,2026-04-06T03:08:27.824247
sawthiha,skipped,JP,,0,0,2026-04-06T03:08:36.417221
Sloma11,skipped,,,,,2026-04-06T03:08:39.748793
Jezza010,skipped,,,,,2026-04-06T03:08:54.602429
majid-tech,skipped,,,,,2026-04-06T03:08:57.395046
White-Wolf-dv,skipped,,,,,2026-04-06T03:09:03.991685
peesaeung,skipped,,,,,2026-04-06T03:09:13.458185
anthonysapp,skipped,CA,,0,0,2026-04-06T03:09:18.817448
filfreire,skipped,,,,,2026-04-06T03:09:23.664029
Z2Zzy,skipped,,,,,2026-04-06T03:09:30.784818
Oubay10117,skipped,,,,,2026-04-06T03:09:36.448146
Kaisarming,scored,ID,0.3129,70,30,2026-04-06T03:09:36.979411
felixdie,error,,,,,2026-04-06T03:09:39.168712
vidyasagar0405,skipped,,,,,2026-04-06T03:09:48.683749
mtiganik,skipped,EE,,,,2026-04-06T03:09:55.292362
Wodann,skipped,,,,,2026-04-06T03:10:03.333975
Misieeeek,skipped,,,,,2026-04-06T03:10:05.183135
Pradyuman123soft,skipped,,,,,2026-04-06T03:10:21.526914
ARYAN-PURI,skipped,,,,,2026-04-06T03:10:23.187683
dstaroff,skipped,NL,,8,3,2026-04-06T03:10:40.295684
QuaziSamiha,skipped,BD,,0,0,2026-04-06T03:10:41.113547
bugcat9,skipped,CN,,1,6,2026-04-06T03:10:58.095540
nberr,scored,US,0.3097,5,12,2026-04-06T03:10:59.909115
ptitSeb,skipped,FR,,2,1,2026-04-06T03:11:04.071060
knorby,skipped,US,,1,4,2026-04-06T03:11:15.528018
JoseWellington91,skipped,,,,,2026-04-06T03:11:19.017598
PakelGitHubLab,skipped,,,,,2026-04-06T03:11:21.803520
mortewle,skipped,,,,,2026-04-06T03:11:24.561583
Aramayis-Margarita,skipped,,,,,2026-04-06T03:11:24.701655
weasdown,skipped,,,,,2026-04-06T03:11:39.307632
SecretPocketCat,error,,,,,2026-04-06T03:11:40.650961
aushacker,skipped,,,,,2026-04-06T03:11:43.582174
ValdecirDesenv,skipped,,,,,2026-04-06T03:11:49.654509
petersafwat11,skipped,,,,,2026-04-06T03:12:01.678885
gamamoe,skipped,KR,,0,0,2026-04-06T03:12:05.110711
JunedAbbasi,skipped,IN,,0,4,2026-04-06T03:12:13.892190
samuraininja84,skipped,,,,,2026-04-06T03:12:14.486491
jonatantreijs,skipped,,,,,2026-04-06T03:12:16.668227
wendreof,skipped,BR,,0,0,2026-04-06T03:12:32.426211
nancy-kataria,skipped,,,,,2026-04-06T03:12:34.951388
leaneroov,skipped,,,,,2026-04-06T03:12:50.535768
radsocx,skipped,,,,,2026-04-06T03:12:50.812472
hungtrieu07,skipped,,,,,2026-04-06T03:13:08.889358
Gabbys999,skipped,,,,,2026-04-06T03:13:17.670633
thanhtonhuynh,skipped,CA,,0,59,2026-04-06T03:13:35.865390
Fe0li,skipped,,,,,2026-04-06T03:13:38.667924
brizing,skipped,,,,,2026-04-06T03:13:47.831496
Perfi8th,skipped,,,,,2026-04-06T03:13:54.602104
sjonesdev,skipped,US,,0,0,2026-04-06T03:14:09.653570
hammadmuntazir,skipped,,,,,2026-04-06T03:14:28.225848
vvnogueira,skipped,,,,,2026-04-06T03:14:46.941572
tommusrhodus,skipped,GB,,0,1,2026-04-06T03:14:58.786259
lekeny,skipped,,,,,2026-04-06T03:15:01.589792
DreamGallery,skipped,,,,,2026-04-06T03:15:14.308574
saintmatthieu,skipped,DE,,0,0,2026-04-06T03:15:14.308992
masnanda03,error,,,,,2026-04-06T03:15:15.660370
rommex,skipped,,,,,2026-04-06T03:15:21.934413
wu-yun-x,skipped,,,,,2026-04-06T03:15:24.845371
sudocbrown99,error,,,,,2026-04-06T03:15:26.210438
kenziehh,skipped,,,,,2026-04-06T03:15:45.084206
JayyyDee,skipped,,,,,2026-04-06T03:15:51.412072
misha-jatt,skipped,,,,,2026-04-06T03:16:09.647054
Gessmass,skipped,,,,,2026-04-06T03:16:12.595163
Foxstudioss,skipped,,,,,2026-04-06T03:16:18.660758
vedsu,skipped,,,,,2026-04-06T03:16:31.349651
ZhuQiMing-CN,error,,,,,2026-04-06T03:16:32.698151
HildaM,skipped,CN,,0,0,2026-04-06T03:16:42.001715
Matraygo1,skipped,,,,,2026-04-06T03:16:47.861350
snake34475,skipped,,,,,2026-04-06T03:17:03.183272
jnw34,error,,,,,2026-04-06T03:17:05.914012
RobGit-23,error,,,,,2026-04-06T03:17:08.657376
nwizugbesamson,skipped,GB,,30,0,2026-04-06T03:17:26.732282
forenues123,error,,,,,2026-04-06T03:17:28.084250
developer-rahul9888,skipped,,,,,2026-04-06T03:17:45.874299
pettersonPadilha,skipped,,,,,2026-04-06T03:18:04.739502
ShyamsaranRajendran,skipped,,,,,2026-04-06T03:18:23.268686
chmouel,skipped,FR,,100,0,2026-04-06T03:18:23.269476
olekid,skipped,,,,,2026-04-06T03:18:26.028738
vyzigold,skipped,,,,,2026-04-06T03:18:43.709291
dorianmariecom,skipped,FR,,0,100,2026-04-06T03:18:50.575929
ambaradan,skipped,,,,,2026-04-06T03:19:02.717970
jcgohr,skipped,,,,,2026-04-06T03:19:17.939171
dmitry-ivanov,skipped,,,,,2026-04-06T03:19:25.061880
flameshikari,scored,RU,0.0893,13,87,2026-04-06T03:19:32.100459
raquelmarques1995,skipped,,,,,2026-04-06T03:19:50.618107
Valtamus,error,,,,,2026-04-06T03:19:53.360274
Adrianmhl,skipped,,,,,2026-04-06T03:20:05.735097
kaustubhtrivedi5669,error,,,,,2026-04-06T03:20:07.071731
danielcaro05,skipped,,,,,2026-04-06T03:20:19.669030
angeloreale,skipped,BR,,33,0,2026-04-06T03:20:28.945898
tatarco,skipped,,,,,2026-04-06T03:20:35.162937
beyzatastan,skipped,,,,,2026-04-06T03:20:51.474853
apogay37,skipped,,,,,2026-04-06T03:21:00.835350
Riiel-edu,skipped,US,,0,20,2026-04-06T03:21:18.835114
nkthakur48,skipped,IN,,0,1,2026-04-06T03:21:30.656420
xinran-f,skipped,,,,,2026-04-06T03:21:36.538934
AND3SIL4,skipped,,,,,2026-04-06T03:21:54.871695
leopuleo,skipped,IT,,3,0,2026-04-06T03:22:04.615203
stuti524,skipped,,,,,2026-04-06T03:22:07.397490
reasonance-lab,skipped,,,,,2026-04-06T03:22:13.740435
billyedmoore,scored,GB,0.1524,62,38,2026-04-06T03:22:27.014554
flcdrg,skipped,AU,,0,0,2026-04-06T03:22:29.963368
imhasandl,skipped,RU,,0,11,2026-04-06T03:22:47.806676
Mash-ruela,skipped,,,,,2026-04-06T03:22:59.751943
EliphasNUIT,skipped,FR,,0,0,2026-04-06T03:23:06.118974
miccitt,skipped,,,,,2026-04-06T03:23:12.017789
victordiaz74,skipped,,,,,2026-04-06T03:23:27.544505
koltepri,skipped,,,,,2026-04-06T03:23:37.004897
Jakub311,error,,,,,2026-04-06T03:23:38.344925
bnicenboim,skipped,NL,,0,0,2026-04-06T03:23:47.141587
Agaigoubr,skipped,,,,,2026-04-06T03:24:04.656937
Vi-lka,skipped,,,,,2026-04-06T03:24:10.918350
bendauphinee,skipped,CA,,0,27,2026-04-06T03:24:20.554915
LoicGestin,skipped,,,,,2026-04-06T03:24:32.607682
ferenc-csaky,skipped,,,,,2026-04-06T03:24:38.475136
bogusdeck,skipped,,,,,2026-04-06T03:24:56.925314
sejoung,skipped,KR,,0,0,2026-04-06T03:25:14.747400
apache-brown,skipped,,,,,2026-04-06T03:25:20.638615
lipengzhuo,error,,,,,2026-04-06T03:25:21.991230
mwrock,skipped,,,,,2026-04-06T03:25:28.797914
appleyou1995,skipped,,,,,2026-04-06T03:25:38.610948
smknaake,skipped,,,,,2026-04-06T03:25:41.458183
souvick1992,skipped,,,,,2026-04-06T03:25:50.794821
ixl777,skipped,,,,,2026-04-06T03:26:06.405915
udodinho,skipped,NG,,0,0,2026-04-06T03:26:24.072717
mayurathavale18,skipped,IN,,0,0,2026-04-06T03:26:29.793888
nailen1,skipped,,,,,2026-04-06T03:26:41.764857
bidhan085,skipped,,,,,2026-04-06T03:26:56.840244
Krysty218,skipped,,,,,2026-04-06T03:27:14.953904
caendesilva,skipped,,,,,2026-04-06T03:27:20.695919
velo-kim,error,,,,,2026-04-06T03:27:23.436594
nachiketa3299,skipped,KR,,0,0,2026-04-06T03:27:35.516751
RishanaS,skipped,,,,,2026-04-06T03:27:48.005817
prateekreddy,skipped,,,,,2026-04-06T03:28:05.349592
Pr1ZrAk77,skipped,,,,,2026-04-06T03:28:23.269379
Joshi-abhilasha05,skipped,,,,,2026-04-06T03:28:38.779905
Apersant1,skipped,RU,,1,0,2026-04-06T03:28:58.378803
SlimDeluxe,skipped,SI,,,,2026-04-06T03:29:04.654471
EhHhis,skipped,,,,,2026-04-06T03:29:22.462209
marceljhuber,scored,AT,0.0525,15,5,2026-04-06T03:29:31.685040
urumo,skipped,,,,,2026-04-06T03:29:40.948147
mishl-dev,skipped,,,,,2026-04-06T03:29:51.179687
munyaradzichiondegwa,skipped,,,,,2026-04-06T03:30:00.938921
bereczmark,error,,,,,2026-04-06T03:30:03.871828
jcannon-gplates,skipped,AU,,0,0,2026-04-06T03:30:06.784861
msc010312,skipped,,,,,2026-04-06T03:30:16.153100
liangxia,skipped,CN,,0,0,2026-04-06T03:30:19.096828
anshuman654,skipped,IN,,0,20,2026-04-06T03:30:34.232587
pripriti,skipped,,,,,2026-04-06T03:30:43.138036
raczajko,skipped,,,,,2026-04-06T03:30:52.080090
quadratecode,skipped,,,,,2026-04-06T03:30:57.983200
AdersonSilva18,skipped,,,,,2026-04-06T03:31:09.961773
Fitsum1204,skipped,ET,,,,2026-04-06T03:31:24.776722
hyperter96,error,,,,,2026-04-06T03:31:26.139467
lemonbada7z,error,,,,,2026-04-06T03:31:28.889366
ShubhamS06,skipped,,,,,2026-04-06T03:31:46.866488
redata-bot,error,,,,,2026-04-06T03:31:49.617343
al-rasels,skipped,,,,,2026-04-06T03:32:04.993684
mailing-polifinance,skipped,,,,,2026-04-06T03:32:11.238172
qq837606385,skipped,,,,,2026-04-06T03:32:14.073757
Eric-LDo,skipped,,,,,2026-04-06T03:32:32.257158
iamharryda,skipped,,,,,2026-04-06T03:32:50.064589
drakkomaximo,skipped,,,,,2026-04-06T03:33:09.087723
emilylange,skipped,,,,,2026-04-06T03:33:15.155611
dxxidlee,skipped,,,,,2026-04-06T03:33:33.773010
Abdel59370,skipped,,,,,2026-04-06T03:33:39.704445
harunollyo,skipped,BD,,24,0,2026-04-06T03:33:52.544228
AzizanNur,skipped,,,,,2026-04-06T03:34:11.067252
Rojehag,skipped,,,,,2026-04-06T03:34:29.528796
csHugodev,skipped,,,,,2026-04-06T03:34:47.273306
lpantano,skipped,US,,0,0,2026-04-06T03:34:56.552187
23navi,skipped,,,,,2026-04-06T03:35:12.928144
roBerTo391466,skipped,,,,,2026-04-06T03:35:19.184585
Cavvoh,skipped,,,,,2026-04-06T03:35:34.517635
LucasHL7,skipped,,,,,2026-04-06T03:35:49.662290
Saifur43,skipped,BD,,0,0,2026-04-06T03:36:08.004049
Mona20001012,skipped,,,,,2026-04-06T03:36:26.136332
sebastianfis,skipped,,,,,2026-04-06T03:36:34.883914
MrFish1604,skipped,,,,,2026-04-06T03:36:53.594970
Dylan-j33,skipped,,,,,2026-04-06T03:37:08.637018
harshsingh-io,scored,IN,0.1057,70,30,2026-04-06T03:37:15.543859
ltouret,skipped,,,,,2026-04-06T03:37:34.376623
Moein-bsd,skipped,,,,,2026-04-06T03:37:46.477406
itsaFan,skipped,ID,,29,1,2026-04-06T03:38:04.813270
FEDERICOOPRO,error,,,,,2026-04-06T03:38:06.146042
victor-eds,skipped,CA,,0,0,2026-04-06T03:38:08.998633
0xEljh,skipped,SG,,4,3,2026-04-06T03:38:26.011629
JMMourlhou,skipped,FR,,0,100,2026-04-06T03:38:32.341331
baimiyishu13,skipped,,,,,2026-04-06T03:38:50.820003
devmaster-x,skipped,,,,,2026-04-06T03:39:08.623167
koonwill,skipped,,,,,2026-04-06T03:39:22.250141
Scony,skipped,PL,,0,0,2026-04-06T03:39:40.415061
openui54u,scored,NL,0.3385,9,20,2026-04-06T03:39:58.758354
Jonathen-Colon,skipped,,,,,2026-04-06T03:40:08.210565
SamuelDesN,skipped,,,,,2026-04-06T03:40:26.244473
Andrijrbsh,error,,,,,2026-04-06T03:40:27.588395
otterai,skipped,,,,,2026-04-06T03:40:40.597295
MrDaPoyo,skipped,,,,,2026-04-06T03:40:53.391403
NGeri244,skipped,,,,,2026-04-06T03:41:11.411799
bhaire7,skipped,,,,,2026-04-06T03:41:29.522765
sspiegelman,skipped,,,,,2026-04-06T03:41:38.119969
kyu91,skipped,,,,,2026-04-06T03:41:56.220037
egibs,skipped,,,,,2026-04-06T03:42:13.672921
e505431nRIQUEkaRIm,skipped,,,,,2026-04-06T03:42:19.789394
CesaltinoFelix,skipped,,,,,2026-04-06T03:42:43.007298
AlbertSmit7677,skipped,,,,,2026-04-06T03:42:58.191717
aeschi,skipped,DE,,2,0,2026-04-06T03:43:05.135112
DuckyOT,error,,,,,2026-04-06T03:43:06.510576
IremOnart,skipped,,,,,2026-04-06T03:43:24.547498
EmbraceDahlia,skipped,,,,,2026-04-06T03:43:37.723611
pyfunceblebot,error,,,,,2026-04-06T03:43:40.463298
Danliable,skipped,,,,,2026-04-06T03:43:46.774056
ziamohseni,skipped,,,,,2026-04-06T03:43:52.833690
Student-apnacol,skipped,,,,,2026-04-06T03:44:11.025305
levy0157,error,,,,,2026-04-06T03:44:12.384312
paradise-yapper,error,,,,,2026-04-06T03:44:13.759717
Abenezer-Tilahun,skipped,ET,,,,2026-04-06T03:44:29.007152
Firemogle,skipped,,,,,2026-04-06T03:44:35.411961
mypmc,skipped,,,,,2026-04-06T03:44:47.127174
rrtoledo,skipped,GB,,0,0,2026-04-06T03:45:02.259736
Simu-He,skipped,,,,,2026-04-06T03:45:14.289922
xblms,skipped,,,,,2026-04-06T03:45:20.873837
BingyBR,skipped,,,,,2026-04-06T03:45:23.672973
sadraiin,skipped,,,,,2026-04-06T03:45:41.422503
dublUayaychtee,skipped,,,,,2026-04-06T03:45:51.037531
jmgjasongardner,skipped,US,,0,23,2026-04-06T03:46:10.214090
cryptobardx,skipped,GB,,0,0,2026-04-06T03:46:13.393305
adruijter,skipped,,,,,2026-04-06T03:46:30.967256
triAngleOverlord,skipped,,,,,2026-04-06T03:46:47.158211
WoAiXueXiHa,skipped,CN,,0,100,2026-04-06T03:46:53.404069
ShifaaM,error,,,,,2026-04-06T03:46:56.328024
NoltoxGit,skipped,FR,,0,1,2026-04-06T03:47:02.186804
iamdayy,skipped,ID,,0,100,2026-04-06T03:47:18.764010
Titiplex,skipped,,,,,2026-04-06T03:47:31.372127
hcz2000,error,,,,,2026-04-06T03:47:34.129420
ryan-webcoding,skipped,,,,,2026-04-06T03:47:51.802152
1919SaiRam,skipped,,,,,2026-04-06T03:48:04.528176
ManotiSparrow,skipped,,,,,2026-04-06T03:48:19.595866
rjcoll,skipped,,,,,2026-04-06T03:48:34.154685
nweera,skipped,,,,,2026-04-06T03:48:52.577781
AishwaryaA10,skipped,,,,,2026-04-06T03:48:58.995664
andreastocco01,skipped,IT,,99,1,2026-04-06T03:49:17.770610
DanielVF,skipped,US,,0,0,2026-04-06T03:49:36.543022
RHN3,skipped,,,,,2026-04-06T03:49:55.259256
ragafus,skipped,,,,,2026-04-06T03:50:01.134720
rmanzi13,skipped,ES,,1,0,2026-04-06T03:50:07.312628
overlookmotel,skipped,,,,,2026-04-06T03:50:14.476126
nilsdonatantonio,error,,,,,2026-04-06T03:50:15.812309
wvdomingos,skipped,,,,,2026-04-06T03:50:30.803999
goritpukan,skipped,,,,,2026-04-06T03:50:48.675371
Ninjasand886,skipped,,,,,2026-04-06T03:50:51.453084
FrankyTheCatt,skipped,,,,,2026-04-06T03:51:10.230921
PrathamSurati,skipped,,,,,2026-04-06T03:51:22.252879
roshanabey2,skipped,GB,,0,0,2026-04-06T03:51:28.395690
bhanuprasad911,skipped,,,,,2026-04-06T03:51:46.943349
Jearle88,skipped,,,,,2026-04-06T03:51:58.697698
Carecsnay,skipped,,,,,2026-04-06T03:52:17.703169
amshala-teja,skipped,,,,,2026-04-06T03:52:32.287098
guiruppel05,scored,BR,0.413,31,69,2026-04-06T03:52:51.525641
mbwilding,skipped,AU,,15,0,2026-04-06T03:53:04.054517
Vaibhav2154,skipped,IN,,0,100,2026-04-06T03:53:13.612877
spotty118,error,,,,,2026-04-06T03:53:14.955375
JoseMDCloud,skipped,,,,,2026-04-06T03:53:20.925648
ocean520x,skipped,,,,,2026-04-06T03:53:30.249258
acabrera86,skipped,,,,,2026-04-06T03:53:36.206689
Sinavorn,skipped,,,,,2026-04-06T03:53:54.002155
miraeae,skipped,,,,,2026-04-06T03:54:13.047760
Sean-StarLabs,skipped,,,,,2026-04-06T03:54:15.912994
ftptpf,skipped,RU,,2,2,2026-04-06T03:54:25.694212
nickvergessen,skipped,DE,,0,0,2026-04-06T03:54:37.604828
Yus127,skipped,MX,,0,0,2026-04-06T03:54:55.403651
potterwhite,skipped,,,,,2026-04-06T03:55:08.529763
spendler,skipped,,,,,2026-04-06T03:55:17.978472
Nickthecan,skipped,,,,,2026-04-06T03:55:37.554905
oyeaussie,skipped,,,,,2026-04-06T03:55:47.233269
monimatrix,skipped,,,,,2026-04-06T03:55:53.602631
Neshametha,skipped,US,,0,0,2026-04-06T03:56:02.986217
LorenzoMingazzi,skipped,,,,,2026-04-06T03:56:18.388435
hayannn,skipped,KR,,32,2,2026-04-06T03:56:30.744730
murife80,skipped,,,,,2026-04-06T03:56:48.873319
oicjacky,skipped,,,,,2026-04-06T03:57:00.988463
dschult,skipped,,,,,2026-04-06T03:57:10.069736
Forexmd12,error,,,,,2026-04-06T03:57:11.409020
TadeoXool,skipped,,,,,2026-04-06T03:57:26.009705
DrXSolutions7,skipped,,,,,2026-04-06T03:57:33.447343
prashant559,skipped,,,,,2026-04-06T03:57:48.174873
ByeongGyu-Kim,skipped,KR,,4,0,2026-04-06T03:58:05.958676
Sunktum0,skipped,,,,,2026-04-06T03:58:24.277529
noooop,skipped,,,,,2026-04-06T03:58:30.781264
Marod12,skipped,,,,,2026-04-06T03:58:49.782605
leoeugenio16,skipped,,,,,2026-04-06T03:59:08.107074
svc-apix-Bot,error,,,,,2026-04-06T03:59:10.856567
oddballdave,error,,,,,2026-04-06T03:59:13.596409
lieschenlo,skipped,,,,,2026-04-06T03:59:20.784035
codermamtapaswan,error,,,,,2026-04-06T03:59:22.140662
ILikeRobots0,skipped,,,,,2026-04-06T03:59:28.788770
priyanshupatel84,skipped,IN,,0,100,2026-04-06T03:59:38.169993
MaximoQuin,skipped,,,,,2026-04-06T03:59:53.783777
tanav2202,skipped,CA,,20,2,2026-04-06T04:00:06.546520
IsabellaaRamos,skipped,BR,,16,2,2026-04-06T04:00:24.800482
FatimaTabassum743,skipped,,,,,2026-04-06T04:00:42.947069
Gihh31,skipped,,,,,2026-04-06T04:00:57.870434
henriwb,skipped,,,,,2026-04-06T04:01:06.671334
Mishnah7,error,,,,,2026-04-06T04:01:08.021585
sanu-devloper,skipped,IN,,0,100,2026-04-06T04:01:14.593646
rhaeyx,skipped,,,,,2026-04-06T04:01:31.196343
costellocesare,skipped,AR,,15,0,2026-04-06T04:01:48.386618
ByteStorm05,error,,,,,2026-04-06T04:01:49.729460
rameshkanna74,skipped,,,,,2026-04-06T04:02:02.146846
javsalsa,skipped,,,,,2026-04-06T04:02:17.359846
pratikd404,skipped,,,,,2026-04-06T04:02:23.470261
karanxdeveloper,skipped,IN,,0,9,2026-04-06T04:02:41.228199
estebanrdo,skipped,,,,,2026-04-06T04:02:47.282614
lifegpc,skipped,,,,,2026-04-06T04:02:50.224085
elenaquei,skipped,,,,,2026-04-06T04:03:08.574895
a-naskret,error,,,,,2026-04-06T04:03:09.916607
Crashoutv1,error,,,,,2026-04-06T04:03:11.260739
hungnmph07114,skipped,,,,,2026-04-06T04:03:25.942626
e1b22066,skipped,,,,,2026-04-06T04:03:45.910250
cgorantla,skipped,US,,0,0,2026-04-06T04:03:54.887862
lagab-services,skipped,,,,,2026-04-06T04:04:12.921516
muratabur,skipped,GB,,0,0,2026-04-06T04:04:25.145669
CooL16,skipped,,,,,2026-04-06T04:04:40.174780
laurenesco,scored,US,0.0392,36,8,2026-04-06T04:04:55.606638
victortoso,skipped,,,,,2026-04-06T04:05:04.735671
hoaibn-0332,skipped,,,,,2026-04-06T04:05:19.845792
erikjanwestendorp,skipped,,,,,2026-04-06T04:05:23.019029
chaudanghuy,skipped,,,,,2026-04-06T04:05:32.877385
j-ocky,skipped,,,,,2026-04-06T04:05:38.894523
ni8504,skipped,,,,,2026-04-06T04:05:57.648648
IsharaJJ,skipped,,,,,2026-04-06T04:06:12.500032
Hydrateacher,skipped,,,,,2026-04-06T04:06:30.807692
birtona,skipped,,,,,2026-04-06T04:06:45.286719
Randomtanvir,skipped,,,,,2026-04-06T04:07:03.871266
themusecatcher,skipped,CN,,1,97,2026-04-06T04:07:19.498752
bhupidevops,skipped,,,,,2026-04-06T04:07:28.609133
Koren-Brand,error,,,,,2026-04-06T04:07:31.347871
JameelB,skipped,IE,,0,0,2026-04-06T04:07:37.293495
fm6dw,skipped,,,,,2026-04-06T04:07:40.184014
asheliahut,skipped,CA,,0,0,2026-04-06T04:07:51.921548
FeenieRU,skipped,RU,,0,0,2026-04-06T04:08:06.817492
aswinm-007,skipped,,,,,2026-04-06T04:08:25.444484
Niquemenezes,skipped,,,,,2026-04-06T04:08:37.238946
Yoselin07,skipped,,,,,2026-04-06T04:08:46.351693
Mukito,skipped,,,,,2026-04-06T04:09:04.640726
ColeWang,skipped,,,,,2026-04-06T04:09:22.841487
Taurus3301,skipped,,,,,2026-04-06T04:09:31.584147
AshadullaAllGalib,skipped,,,,,2026-04-06T04:09:49.654798
KRISHNA-1505,skipped,,,,,2026-04-06T04:09:59.124460
goosedie,skipped,,,,,2026-04-06T04:10:05.688842
shogo82148,skipped,JP,,0,0,2026-04-06T04:10:18.297591
ArunKumar1314,skipped,,,,,2026-04-06T04:10:35.698889
Phatdeluxe,skipped,US,,0,0,2026-04-06T04:10:38.658275
Talhasalani001,skipped,,,,,2026-04-06T04:10:50.558374
Semporia,skipped,,,,,2026-04-06T04:10:57.291977
HlkL,error,,,,,2026-04-06T04:10:58.635603
OneFeiFan,skipped,,,,,2026-04-06T04:11:11.340790
mengxiaoZzz,skipped,,,,,2026-04-06T04:11:29.378701
quanghuybeeone,skipped,,,,,2026-04-06T04:11:47.194390
mihcodellc,skipped,,,,,2026-04-06T04:11:53.081235
Konstantin-Simakov,skipped,RU,,0,9,2026-04-06T04:12:11.305712
nasrlol,skipped,BE,,0,100,2026-04-06T04:12:24.246892
njugus,skipped,,,,,2026-04-06T04:12:42.250808
matheushfp,skipped,,,,,2026-04-06T04:13:00.443666
delagencia,skipped,,,,,2026-04-06T04:13:06.472603
michaelwestblade,skipped,,,,,2026-04-06T04:13:18.609099
NikhilKashyap7,skipped,,,,,2026-04-06T04:13:37.240185
dsjramesh7,skipped,,,,,2026-04-06T04:13:55.698567
BahadirKuzu,skipped,IT,,0,26,2026-04-06T04:14:14.162490
axely123,skipped,,,,,2026-04-06T04:14:23.215479
teruma-nanami,skipped,,,,,2026-04-06T04:14:37.285000
devikarajeevan,skipped,,,,,2026-04-06T04:14:49.249301
auxfix,skipped,EE,,,,2026-04-06T04:15:06.958497
MarcusJ27,skipped,,,,,2026-04-06T04:15:19.983169
Koras02,skipped,,,,,2026-04-06T04:15:38.519244
rajatnagarr,skipped,IN,,0,0,2026-04-06T04:15:47.635355
Ashitha-2002,skipped,,,,,2026-04-06T04:15:59.584358
sushi057,skipped,,,,,2026-04-06T04:16:18.171775
qingfengzxr,skipped,,,,,2026-04-06T04:16:24.168510
i-novillo,skipped,ES,,1,17,2026-04-06T04:16:36.876745
lazarev-a-auca-2022,skipped,,,,,2026-04-06T04:16:55.055939
MarcosMartinsCarvalho,skipped,,,,,2026-04-06T04:17:10.268455
protobuf-team-bot,error,,,,,2026-04-06T04:17:13.007242
cenekSvoboda,skipped,,,,,2026-04-06T04:17:15.771543
seharris,skipped,,,,,2026-04-06T04:17:25.273989
pavannaiik,skipped,,,,,2026-04-06T04:17:31.723412
HaoEnHsu,skipped,,,,,2026-04-06T04:17:41.185305
Anon2148,skipped,,,,,2026-04-06T04:17:59.916363
khpark9,skipped,,,,,2026-04-06T04:18:12.183174
HoangDat3430,skipped,,,,,2026-04-06T04:18:25.051997
saunder1,skipped,,,,,2026-04-06T04:18:43.813995
svizcarra2805,skipped,,,,,2026-04-06T04:18:49.863671
rajaud,skipped,,,,,2026-04-06T04:18:52.747949
varunlakshmanan11,skipped,US,,0,79,2026-04-06T04:19:11.664301
Jheremy-Conca,skipped,,,,,2026-04-06T04:19:29.596307
SkibidiSigmarizz855,error,,,,,2026-04-06T04:19:30.969136
DenysOvchynnikov,skipped,UA,,0,37,2026-04-06T04:19:49.494055
namit1203,skipped,,,,,2026-04-06T04:20:04.680536
Pxlxr,skipped,,,,,2026-04-06T04:20:13.744094
alistairreay,skipped,GB,,0,0,2026-04-06T04:20:19.664517
Ajitesh-jam,skipped,,,,,2026-04-06T04:20:34.232257
MichenaudMelvin,skipped,,,,,2026-04-06T04:20:44.727738
ChanAlex2357,skipped,,,,,2026-04-06T04:21:01.348957
corbindalles,skipped,,,,,2026-04-06T04:21:10.601414
Viaino,error,,,,,2026-04-06T04:21:12.150887
Freskies,skipped,,,,,2026-04-06T04:21:30.309502
Gabrielfer0113,error,,,,,2026-04-06T04:21:31.662390
sankeawthong,skipped,,,,,2026-04-06T04:21:40.996403
WallaWast,skipped,CA,,0,0,2026-04-06T04:21:59.453265
peter-targett,skipped,,,,,2026-04-06T04:22:05.406406
apalion1493,skipped,MD,,,,2026-04-06T04:22:15.213062
IvanPeraza34,error,,,,,2026-04-06T04:22:16.578206
pokeMike,scored,IN,0.0306,41,19,2026-04-06T04:22:35.258952
aravks,skipped,,,,,2026-04-06T04:22:50.815772
Anurag-Basu,skipped,,,,,2026-04-06T04:23:08.579123
TonioF,skipped,,,,,2026-04-06T04:23:11.512605
Korosi29,skipped,NG,,0,36,2026-04-06T04:23:29.634251
JamesWrigley,skipped,DE,,0,0,2026-04-06T04:23:36.083758
Danielchinasa,skipped,NG,,0,0,2026-04-06T04:23:54.382368
Souvik00,skipped,,,,,2026-04-06T04:24:09.321930
mh-n,skipped,,,,,2026-04-06T04:24:22.758180
nancyowkpt,error,,,,,2026-04-06T04:24:24.116409
marekpng,skipped,,,,,2026-04-06T04:24:43.111518
kklmn,scored,SE,0.0714,8,92,2026-04-06T04:24:50.207142
Joschka-ctrl,skipped,DE,,1,44,2026-04-06T04:25:05.833467
chris-trick,skipped,,,,,2026-04-06T04:25:08.754016
Jordan-Pierce,skipped,US,,0,100,2026-04-06T04:25:15.926437
smartvin,skipped,,,,,2026-04-06T04:25:34.324402
YohanS3W,skipped,,,,,2026-04-06T04:25:40.381107
mrcordova,skipped,US,,0,0,2026-04-06T04:25:58.813230
hannahkc,skipped,,,,,2026-04-06T04:26:01.684343
mperazaravelo,skipped,,,,,2026-04-06T04:26:20.400188
IrinaChikina,skipped,,,,,2026-04-06T04:26:33.323389
toof-jp,skipped,JP,,3,70,2026-04-06T04:26:43.600466
Awei1337,skipped,,,,,2026-04-06T04:26:56.280908
DesaraB,skipped,,,,,2026-04-06T04:27:14.453465
voicis,skipped,,,,,2026-04-06T04:27:23.412169
maneetgoyal,skipped,IN,,0,0,2026-04-06T04:27:42.465856
jdelshad,skipped,,,,,2026-04-06T04:27:57.483284
radioxeth,skipped,,,,,2026-04-06T04:28:16.115915
HexMox,skipped,CN,,0,0,2026-04-06T04:28:30.889709
Khogendrarupini,scored,IN,0.1105,5,17,2026-04-06T04:28:40.153879
L3Gaunt,skipped,,,,,2026-04-06T04:28:49.405137
wata-cosmo,error,,,,,2026-04-06T04:28:52.142239
PJ-568,skipped,,,,,2026-04-06T04:29:01.364481
AdityaZulkarnaen,skipped,,,,,2026-04-06T04:29:19.649669
ssantiagomartinez,skipped,,,,,2026-04-06T04:29:22.617626
g0r1s3,skipped,,,,,2026-04-06T04:29:31.957447
CSD-business,skipped,,,,,2026-04-06T04:29:50.468126
KJ-Sagar,scored,IN,0.0717,5,27,2026-04-06T04:30:06.010874
Rafipilot,skipped,GB,,99,1,2026-04-06T04:30:15.828454
zharifXiaomi3s,skipped,,,,,2026-04-06T04:30:34.964516
lqdev,skipped,,,,,2026-04-06T04:30:49.676365
Aganzz2002,skipped,,,,,2026-04-06T04:31:07.571311
Sanity1207,skipped,KR,,28,1,2026-04-06T04:31:25.964375
Krishaangz,skipped,,,,,2026-04-06T04:31:39.074711
raquel25gp,skipped,,,,,2026-04-06T04:31:48.679029
teja-gtk4,skipped,,,,,2026-04-06T04:31:57.719645
abhinav-tripathi14,skipped,IN,,6,0,2026-04-06T04:32:03.859716
HassanKashif-pro,skipped,,,,,2026-04-06T04:32:22.534718
fjhickernell,skipped,,,,,2026-04-06T04:32:31.938456
Kaushal-2001,skipped,,,,,2026-04-06T04:32:49.468864
DangTung1235789,skipped,,,,,2026-04-06T04:33:08.286033
A2lyn33,skipped,FR,,0,29,2026-04-06T04:33:27.276434
nahommb,skipped,ET,,,,2026-04-06T04:33:44.921632
mihailtudos,skipped,GB,,0,0,2026-04-06T04:34:05.356130
petrix12,skipped,,,,,2026-04-06T04:34:24.431233
canankarakoc,scored,US,0.0433,30,9,2026-04-06T04:34:34.099860
CerDennis,skipped,IT,,0,5,2026-04-06T04:34:49.017483
tedcy,skipped,CN,,0,0,2026-04-06T04:35:07.255801
mathias124,skipped,DK,,0,0,2026-04-06T04:35:25.172016
bravekingzhang,skipped,CN,,0,0,2026-04-06T04:35:31.150888
coraleaf0602,skipped,,,,,2026-04-06T04:35:46.256376
H-Janath,skipped,,,,,2026-04-06T04:36:05.686557
acodekiller,skipped,,,,,2026-04-06T04:36:20.457140
bloodofspring,skipped,JP,,1,85,2026-04-06T04:36:40.077020
clovisf,skipped,BR,,0,0,2026-04-06T04:36:57.798163
mapx-,skipped,,,,,2026-04-06T04:37:03.550187
the-sudipta,skipped,BD,,0,42,2026-04-06T04:37:19.001168
aa209905676,skipped,,,,,2026-04-06T04:37:36.834064
opendp-dev,skipped,,,,,2026-04-06T04:37:42.622833
jayzhiwei,skipped,,,,,2026-04-06T04:37:49.339558
hyeongjin-kim,skipped,,,,,2026-04-06T04:38:08.228523
Alfat1989,skipped,,,,,2026-04-06T04:38:26.814359
Samqiu3,skipped,,,,,2026-04-06T04:38:29.614182
jenniferarnesen,skipped,,,,,2026-04-06T04:38:38.384460
rastislavcore,skipped,,,,,2026-04-06T04:38:56.303482
MartinBiallass,error,,,,,2026-04-06T04:38:59.037679
SrPirson,skipped,,,,,2026-04-06T04:39:14.631532
OFollin,skipped,,,,,2026-04-06T04:39:20.470246
SamedYanik,skipped,,,,,2026-04-06T04:39:38.210934
p4nthera115,skipped,,,,,2026-04-06T04:39:47.664761
khakimofx,skipped,,,,,2026-04-06T04:40:05.176402
PoshX1z,skipped,,,,,2026-04-06T04:40:23.342032
YV99king,skipped,,,,,2026-04-06T04:40:35.998052
euphoriatek,skipped,,,,,2026-04-06T04:40:53.670499
TakedaTakeishi,skipped,,,,,2026-04-06T04:41:02.684012
nghi-truyen,scored,FR,0.1244,7,18,2026-04-06T04:41:18.531069
fractalpriyanka,skipped,,,,,2026-04-06T04:41:37.077119
sonika09,skipped,,,,,2026-04-06T04:41:54.986055
RahulSinghImg,error,,,,,2026-04-06T04:41:56.334527
campbell-m,skipped,,,,,2026-04-06T04:41:59.170833
renehiemstra,skipped,NL,,10,3,2026-04-06T04:42:16.941681
bottych8ck,skipped,,,,,2026-04-06T04:42:32.644499
InsightfulParasite,skipped,US,,0,0,2026-04-06T04:42:35.532668
frendsick,skipped,FI,,0,0,2026-04-06T04:42:42.122358
spark131008,skipped,,,,,2026-04-06T04:43:00.276151
MateuszCeg,skipped,,,,,2026-04-06T04:43:18.764325
Sushanki,skipped,,,,,2026-04-06T04:43:30.740828
Nick-melo,skipped,,,,,2026-04-06T04:43:49.343409
MouhcineR0,skipped,,,,,2026-04-06T04:44:02.935851
SonSon-CG,skipped,,,,,2026-04-06T04:44:20.770355
hyeonseungkang,skipped,,,,,2026-04-06T04:44:38.391959
burakuyanikntt,skipped,,,,,2026-04-06T04:44:50.177391
ethobat,skipped,,,,,2026-04-06T04:45:08.470628
shunyu105096,skipped,,,,,2026-04-06T04:45:26.753671
lukastocker,skipped,DE,,0,0,2026-04-06T04:45:29.705775
Villhard,skipped,,,,,2026-04-06T04:45:48.148681
overc0de,skipped,,,,,2026-04-06T04:45:54.391412
lixu1105,skipped,,,,,2026-04-06T04:46:00.945865
uris173,skipped,UZ,,,,2026-04-06T04:46:16.660819
itzzpoorni,skipped,,,,,2026-04-06T04:46:34.730095
mingrliu,skipped,,,,,2026-04-06T04:46:40.946721
NathanSong,skipped,,,,,2026-04-06T04:46:46.944448
AhmedArafat20,skipped,,,,,2026-04-06T04:47:05.362735
2430148226,skipped,,,,,2026-04-06T04:47:18.538347
sholichan,skipped,,,,,2026-04-06T04:47:36.643611
LeTrungQuan1708,error,,,,,2026-04-06T04:47:39.367195
julienlisita,skipped,FR,,41,2,2026-04-06T04:47:58.002223
swork,skipped,US,,0,0,2026-04-06T04:48:09.842868
MChecaH,skipped,,,,,2026-04-06T04:48:23.048195
yildizkoray,skipped,TR,,0,6,2026-04-06T04:48:35.706286
yuzurihaaa,skipped,MY,,0,0,2026-04-06T04:48:53.402421
AbrahamGalvezV,skipped,,,,,2026-04-06T04:49:11.772779
Aadarsh17,skipped,,,,,2026-04-06T04:49:27.138412
sysmae,skipped,KR,,0,100,2026-04-06T04:49:37.099918
sonnens,skipped,US,,0,0,2026-04-06T04:49:46.115405
mgnauck,error,,,,,2026-04-06T04:49:47.463667
chromagic-development,skipped,,,,,2026-04-06T04:49:54.091790
Oblamo,skipped,,,,,2026-04-06T04:50:03.309173
Log-O,skipped,,,,,2026-04-06T04:50:12.562916
Prime-Volleyball-Club,skipped,,,,,2026-04-06T04:50:18.961954
Henrylixianwei,skipped,,,,,2026-04-06T04:50:33.783366
kimkyungmin12,skipped,,,,,2026-04-06T04:50:48.624187
ChinmayKaitade,skipped,IN,,0,71,2026-04-06T04:51:04.385504
stemcmyk,skipped,,,,,2026-04-06T04:51:13.616162
atomic-kanta-sasaki,skipped,JP,,0,0,2026-04-06T04:51:28.203963
notvember,error,,,,,2026-04-06T04:51:29.562972
Rik-Stokmans,scored,NL,0.0677,57,43,2026-04-06T04:51:45.692388
sepiaroy,skipped,,,,,2026-04-06T04:52:04.411003
mohanreddy3,skipped,,,,,2026-04-06T04:52:22.274245
Blunf,skipped,KR,,0,100,2026-04-06T04:52:29.112162
SamuelG-exe,skipped,,,,,2026-04-06T04:52:38.493186
xingyu0205,skipped,,,,,2026-04-06T04:52:45.100248
LocNguyen2510,skipped,,,,,2026-04-06T04:53:00.719285
Jhamnerx,skipped,,,,,2026-04-06T04:53:16.830704
Wyeels,skipped,BR,,0,100,2026-04-06T04:53:26.774653
brandonkyaw,skipped,GB,,0,0,2026-04-06T04:53:29.563584
SimonMerrett,skipped,,,,,2026-04-06T04:53:44.696277
AdrianS-jpg,skipped,,,,,2026-04-06T04:53:53.444172
vieiro,skipped,ES,,0,0,2026-04-06T04:54:11.334760
MrtinoRG,skipped,DE,,0,5,2026-04-06T04:54:20.272923
tecnologer,skipped,,,,,2026-04-06T04:54:35.413310
cheps55,skipped,,,,,2026-04-06T04:54:50.341810
frmann556,error,,,,,2026-04-06T04:54:51.691105
ImpactConnect,skipped,,,,,2026-04-06T04:55:09.228078
JonathanBout,scored,NL,0.0351,80,20,2026-04-06T04:55:22.059302
lakshdeep-s,skipped,IN,,0,16,2026-04-06T04:55:30.832728
chanjin23,skipped,,,,,2026-04-06T04:55:43.794111
vikernes1981,scored,DE,0.0478,7,49,2026-04-06T04:56:02.510942
Marsrocky,skipped,SG,,2,0,2026-04-06T04:56:20.814463
camgit,skipped,,,,,2026-04-06T04:56:23.604191
cyming3,skipped,,,,,2026-04-06T04:56:38.930167
bigkevmcd,skipped,GB,,0,0,2026-04-06T04:56:57.512478
Tony-Jack2017,error,,,,,2026-04-06T04:57:00.245307
MathisLaveille,skipped,,,,,2026-04-06T04:57:18.876480
oharaAoi,skipped,,,,,2026-04-06T04:57:25.572955
PorterMathews,skipped,,,,,2026-04-06T04:57:38.853325
TanjimulSabbir,scored,BD,0.0939,44,46,2026-04-06T04:57:57.507897
MadnessEvolution,skipped,,,,,2026-04-06T04:58:06.867305
grtetrault,skipped,,,,,2026-04-06T04:58:19.956319
goncer,skipped,,,,,2026-04-06T04:58:37.588350
mikeshort10,skipped,,,,,2026-04-06T04:58:56.892848
weedatom,error,,,,,2026-04-06T04:58:58.251659
KotlinBuild,skipped,,,,,2026-04-06T04:59:01.014806
Henrick-Brb,skipped,BR,,0,34,2026-04-06T04:59:19.407001
DaViDev985,skipped,IT,,0,0,2026-04-06T04:59:22.353391
maxxximgb,skipped,,,,,2026-04-06T04:59:40.494113
samlun123,skipped,,,,,2026-04-06T04:59:59.029269
erikcovarru,error,,,,,2026-04-06T05:00:01.851942
bio-connect-hub,skipped,,,,,2026-04-06T05:00:08.440048
aryaemami59,scored,US,0.0539,62,38,2026-04-06T05:00:21.289742
Ashis32,scored,IN,0.0763,9,42,2026-04-06T05:00:36.991725
Mamypopo,skipped,,,,,2026-04-06T05:00:55.371072
equk,skipped,,,,,2026-04-06T05:01:01.491731
rtsej,skipped,,,,,2026-04-06T05:01:16.658932
Kunnaaallllll,skipped,,,,,2026-04-06T05:01:22.281382
beldeanStefania,skipped,,,,,2026-04-06T05:01:40.327035
rastin-py,skipped,IR,,,,2026-04-06T05:01:58.856510
pragmaticAweds,skipped,,,,,2026-04-06T05:02:11.413687
jeffrm20,skipped,,,,,2026-04-06T05:02:17.302016
JanVDL1975,skipped,,,,,2026-04-06T05:02:26.388682
sezorg,skipped,,,,,2026-04-06T05:02:35.443867
PedroCMotta-oficial,error,,,,,2026-04-06T05:02:36.783400
HJ2345,skipped,,,,,2026-04-06T05:02:55.197997
EricMiddelhove,skipped,,,,,2026-04-06T05:03:13.709363
StLeoX,skipped,,,,,2026-04-06T05:03:16.640799
iexlee,skipped,,,,,2026-04-06T05:03:25.500709
Bhargavi432-max,skipped,,,,,2026-04-06T05:03:44.251542
JoelMarin-upc,skipped,,,,,2026-04-06T05:04:00.416405
getmoin,skipped,CA,,0,34,2026-04-06T05:04:09.604788
mateuszpn,skipped,PL,,24,0,2026-04-06T05:04:21.881979
Marco-Moretti-WS,skipped,,,,,2026-04-06T05:04:27.726966
picored,error,,,,,2026-04-06T05:04:30.471367
areSmA667RCeLo,skipped,,,,,2026-04-06T05:04:36.568274
Seebusch,skipped,AT,,0,0,2026-04-06T05:04:39.523057
ghostaddon,skipped,BR,,0,100,2026-04-06T05:04:46.177411
aaazlkm,skipped,,,,,2026-04-06T05:04:56.166933
rah757,skipped,,,,,2026-04-06T05:05:16.224534
Baz301,error,,,,,2026-04-06T05:05:18.974834
Karim-Mohamed03,skipped,GB,,0,0,2026-04-06T05:05:36.972503
aixingkong,skipped,,,,,2026-04-06T05:05:45.807016
lumin5610,skipped,,,,,2026-04-06T05:05:48.599903
HannaMussa,skipped,,,,,2026-04-06T05:05:57.807587
PSAN1987,skipped,JP,,0,5,2026-04-06T05:06:16.024978
dpb-bah,skipped,,,,,2026-04-06T05:06:18.819143
quokkawoo,error,,,,,2026-04-06T05:06:21.602777
sam77il,skipped,DE,,0,67,2026-04-06T05:06:39.781665
andreasklinger,skipped,AT,,0,7,2026-04-06T05:06:55.292995
WizardStark,skipped,,,,,2026-04-06T05:09:02.194989
bondpy202212,skipped,UA,,0,100,2026-04-06T05:09:08.794320
KrishnaThakur10,skipped,IN,,0,52,2026-04-06T05:09:27.222040
hlg,skipped,,,,,2026-04-06T05:09:36.828101
muhjaf,skipped,,,,,2026-04-06T05:09:36.831266
MinhKhuePhan,skipped,,,,,2026-04-06T05:09:51.852859
BarathVikraman-Sol-CBE,error,,,,,2026-04-06T05:09:54.580760
arsen-arutiunov,skipped,,,,,2026-04-06T05:10:00.444394
Lem0z3n,skipped,,,,,2026-04-06T05:10:15.626820
beMatthew7,skipped,,,,,2026-04-06T05:10:33.642530
maho1203,skipped,,,,,2026-04-06T05:10:45.874882
cabaemima,skipped,,,,,2026-04-06T05:11:00.784112
NIkitaNovikau,skipped,,,,,2026-04-06T05:11:19.631847
AntonioSanj,skipped,,,,,2026-04-06T05:11:28.474259
marianelaalbrigi,skipped,AT,,0,100,2026-04-06T05:11:35.241439
mhauesh,skipped,,,,,2026-04-06T05:11:50.469946
WENSHAO521,skipped,,,,,2026-04-06T05:11:53.374090
silotti,skipped,,,,,2026-04-06T05:12:11.416752
hayley-c,error,,,,,2026-04-06T05:12:14.143513
kirkavirgintanks,error,,,,,2026-04-06T05:12:15.494232
Tyler1201623,error,,,,,2026-04-06T05:12:16.888848
HusainCementwala,skipped,IN,,0,4,2026-04-06T05:12:36.129215
Matias-Stadler,skipped,,,,,2026-04-06T05:12:53.839118
Bharath18sv,skipped,IN,,0,11,2026-04-06T05:13:11.762521
EmpyreanMist,skipped,SE,,0,100,2026-04-06T05:13:25.144698
arefbehboudi,skipped,IR,,,,2026-04-06T05:13:34.781007
ManojChopkarEspire,skipped,,,,,2026-04-06T05:13:37.918825
RomneyDa,skipped,US,,0,0,2026-04-06T05:13:56.367189
amanhigh,skipped,IN,,0,0,2026-04-06T05:14:02.293808
KaustubhTrivedi,scored,IE,0.0528,13,87,2026-04-06T05:14:14.990283
wmadycki,skipped,,,,,2026-04-06T05:14:20.788083
BankTNBD,skipped,TH,,0,18,2026-04-06T05:14:32.833963
memochou1993,skipped,TW,,22,2,2026-04-06T05:14:43.100368
xriss,skipped,,,,,2026-04-06T05:14:49.525603
l-bischof,skipped,,,,,2026-04-06T05:14:52.312292
desislavva,skipped,,,,,2026-04-06T05:15:01.466103
programofktw,skipped,,,,,2026-04-06T05:15:16.867532
nblotti,skipped,,,,,2026-04-06T05:15:26.347890
keisaj9006,skipped,GB,,52,0,2026-04-06T05:15:44.821605
heiliaowang911,error,,,,,2026-04-06T05:15:46.173267
vishnu6281,skipped,,,,,2026-04-06T05:15:55.132898
pranavsai142,skipped,,,,,2026-04-06T05:16:12.788856
mankiratsukh1313,skipped,,,,,2026-04-06T05:16:24.427631
J4tinP,error,,,,,2026-04-06T05:16:25.787614
adamsondamilola,skipped,NG,,2,0,2026-04-06T05:16:43.796059
jfrometa,skipped,,,,,2026-04-06T05:16:59.892842
bennyp3333,skipped,,,,,2026-04-06T05:17:11.385870
MilekOfficial,skipped,,,,,2026-04-06T05:17:17.477464
akhilm13,skipped,,,,,2026-04-06T05:17:32.876804
xiaotan8,skipped,,,,,2026-04-06T05:17:39.624101
FrontierATC,error,,,,,2026-04-06T05:17:42.359198
eric-cerio,skipped,PH,,0,0,2026-04-06T05:17:50.957810
AcengTJ,skipped,,,,,2026-04-06T05:18:09.331527
PavelDusek,skipped,,,,,2026-04-06T05:18:27.005514
CISC,skipped,NO,,6,0,2026-04-06T05:18:36.394026
werther901,skipped,,,,,2026-04-06T05:18:54.916727
Tyluur,skipped,,,,,2026-04-06T05:19:07.920226
salmansayanidev,skipped,,,,,2026-04-06T05:19:26.338184
tomatenforever,skipped,,,,,2026-04-06T05:19:32.765832
wayne-06,error,,,,,2026-04-06T05:19:35.509029
MarcosGorriaran,skipped,,,,,2026-04-06T05:19:54.626750
nabilsuperjowo,skipped,,,,,2026-04-06T05:20:12.562483
emilispy,skipped,,,,,2026-04-06T05:20:21.706259
devmatteini,skipped,IT,,0,62,2026-04-06T05:20:34.713244
braydenb176,skipped,,,,,2026-04-06T05:20:44.257768
esarver,skipped,US,,0,0,2026-04-06T05:21:03.960659
FelixRobb,skipped,,,,,2026-04-06T05:21:16.978498
rzvorak,skipped,,,,,2026-04-06T05:21:29.328905
kimulchan,skipped,,,,,2026-04-06T05:21:44.878911
ayush-saklani,skipped,,,,,2026-04-06T05:21:51.565188
markgoddard,skipped,GB,,0,0,2026-04-06T05:22:09.395688
abid701,skipped,DE,,0,100,2026-04-06T05:22:23.643663
afreud,skipped,,,,,2026-04-06T05:22:29.755778
PavelAC,skipped,,,,,2026-04-06T05:22:48.296668
adamfratino,skipped,,,,,2026-04-06T05:23:06.203922
kennethk-1201,skipped,SG,,0,0,2026-04-06T05:23:24.322552
pisunchukpochuhay,skipped,,,,,2026-04-06T05:23:37.139625
RastislavMadac,skipped,,,,,2026-04-06T05:23:55.573445
JJM3485,skipped,,,,,2026-04-06T05:24:11.272192
p-bray,skipped,,,,,2026-04-06T05:24:29.404153
Hongin-Lim,skipped,,,,,2026-04-06T05:24:35.876222
EX070694,skipped,,,,,2026-04-06T05:24:48.491819
danpizz,skipped,IT,,0,11,2026-04-06T05:24:57.337656
junsgi,skipped,,,,,2026-04-06T05:25:03.980217
askkvar,skipped,,,,,2026-04-06T05:25:13.052685
kLeister07,skipped,,,,,2026-04-06T05:25:31.211092
marcovarrone,skipped,,,,,2026-04-06T05:25:43.239331
Jason3S,skipped,NL,,0,0,2026-04-06T05:25:58.234469
vwxyzh,skipped,,,,,2026-04-06T05:26:16.108596
wuhanwuyanzu123,skipped,,,,,2026-04-06T05:26:28.440629
tanya-christian,skipped,,,,,2026-04-06T05:26:47.429673
popka512,skipped,,,,,2026-04-06T05:26:59.697630
leogail,error,,,,,2026-04-06T05:27:02.451426
manish-jsx,skipped,IN,,7,1,2026-04-06T05:27:20.228408
theapplegates,skipped,,,,,2026-04-06T05:27:38.112883
anatoadd,skipped,,,,,2026-04-06T05:27:45.035391
htetws,skipped,,,,,2026-04-06T05:28:03.402563
lasermtv07,skipped,,,,,2026-04-06T05:28:22.477313
Nicolegreen1991,skipped,,,,,2026-04-06T05:28:37.012074
huzaifa-mern-dev,skipped,,,,,2026-04-06T05:28:54.907283
skibiditoilet123xx,skipped,,,,,2026-04-06T05:29:00.577693
cjulia-5,skipped,,,,,2026-04-06T05:29:06.768200
amuhammed005,skipped,,,,,2026-04-06T05:29:24.591013
maltesermailo,skipped,,,,,2026-04-06T05:29:39.545862
KozinIvan,skipped,RU,,43,0,2026-04-06T05:29:52.223817
sapana05,skipped,,,,,2026-04-06T05:29:57.952653
sahilbaig,skipped,IN,,0,0,2026-04-06T05:30:13.788107
orlando-zh,skipped,,,,,2026-04-06T05:30:23.386013
FragosoQ,skipped,,,,,2026-04-06T05:30:36.527883
nguyenqkhai,skipped,,,,,2026-04-06T05:30:55.129640
Mercerenies,skipped,,,,,2026-04-06T05:31:13.297198
yizirui,skipped,US,,10,0,2026-04-06T05:31:22.665003
jay-sagar,skipped,,,,,2026-04-06T05:31:41.205720
voodoos,skipped,,,,,2026-04-06T05:31:47.705534
danielpkhalil,skipped,,,,,2026-04-06T05:31:57.437634
JSJames86,skipped,,,,,2026-04-06T05:32:15.559549
itskevinshi,skipped,US,,27,0,2026-04-06T05:32:33.338689
asfrgrtgd,skipped,,,,,2026-04-06T05:32:52.073701
Thenu27,skipped,,,,,2026-04-06T05:33:05.450327
eric-heiden,skipped,US,,0,0,2026-04-06T05:33:17.291029
Leow210,skipped,,,,,2026-04-06T05:33:36.005800
MAbbara,skipped,,,,,2026-04-06T05:33:52.074764
fLindahl,skipped,,,,,2026-04-06T05:34:07.770049
Nephery,skipped,CA,,0,0,2026-04-06T05:34:16.753570
Web-Dev-Codi,scored,DE,0.0407,66,27,2026-04-06T05:34:35.714336
blankspacez,skipped,,,,,2026-04-06T05:34:54.099546
Alex2113332,skipped,,,,,2026-04-06T05:35:03.934638
springrain,skipped,,,,,2026-04-06T05:35:10.343676
florin65,skipped,RO,,0,0,2026-04-06T05:35:16.919759
donno2048,skipped,IL,,1,0,2026-04-06T05:35:24.117546
zhouzhou1o,skipped,,,,,2026-04-06T05:35:30.436495
EliasBaten,skipped,,,,,2026-04-06T05:35:39.083979
cisco-xie,skipped,,,,,2026-04-06T05:35:48.604387
glenn-rodgers-sf,error,,,,,2026-04-06T05:35:51.330071
red-0ne,skipped,,,,,2026-04-06T05:35:54.487195
evan-99,skipped,,,,,2026-04-06T05:36:00.179646
sahankavisha,skipped,,,,,2026-04-06T05:36:09.450264
saadtanveer388,skipped,,,,,2026-04-06T05:36:15.130458
danas100,skipped,,,,,2026-04-06T05:36:24.180849
8enmann,skipped,US,,0,0,2026-04-06T05:36:38.916335
maximusosterman,skipped,SE,,0,100,2026-04-06T05:36:51.464804
MannShrestha,skipped,,,,,2026-04-06T05:37:09.622630
Paul-Atreidis,skipped,,,,,2026-04-06T05:37:12.580300
SCChan21,scored,GB,0.0673,10,90,2026-04-06T05:37:26.035982
rwxayheee,skipped,,,,,2026-04-06T05:37:35.368217
fatrifatrifat,skipped,,,,,2026-04-06T05:37:47.789451
Mahmudul107,skipped,BD,,17,0,2026-04-06T05:38:05.403906
HEYAHONG,skipped,,,,,2026-04-06T05:38:08.317915
BradyG318,skipped,,,,,2026-04-06T05:38:27.189520
manman4,scored,JP,0.0441,19,12,2026-04-06T05:38:40.018900
leo-soumyajit,skipped,,,,,2026-04-06T05:38:55.220935
sahrielcahya,skipped,,,,,2026-04-06T05:39:01.018363
wxy31020,skipped,,,,,2026-04-06T05:39:07.180427
3laaOmran,skipped,,,,,2026-04-06T05:39:25.519102
Kevin27954,skipped,,,,,2026-04-06T05:39:37.598159
anand-shete,skipped,,,,,2026-04-06T05:39:56.547397
JELW7G,skipped,,,,,2026-04-06T05:40:05.545913
skyfireitdiy,skipped,,,,,2026-04-06T05:40:11.780307
fscheidt,skipped,,,,,2026-04-06T05:40:21.296397
MariaMsschs,skipped,,,,,2026-04-06T05:40:39.442831
que-liu,skipped,,,,,2026-04-06T05:40:48.129735
Kagekazu,skipped,,,,,2026-04-06T05:40:51.009080
khanhlenhut,skipped,,,,,2026-04-06T05:41:06.365397
MNelubin,skipped,,,,,2026-04-06T05:41:25.042217
Axxlice,skipped,,,,,2026-04-06T05:41:36.821349
EdwardTroccoli,skipped,,,,,2026-04-06T05:41:45.676684
mmommypoko,skipped,,,,,2026-04-06T05:41:57.736197
TranNgocHien253,skipped,,,,,2026-04-06T05:42:13.143270
samukasoares,skipped,BR,,0,0,2026-04-06T05:42:31.444873
nielsvanvelzen,skipped,NL,,1,1,2026-04-06T05:42:49.900700
SAPviswam,skipped,,,,,2026-04-06T05:43:07.982066
MartinMa318,skipped,CN,,0,0,2026-04-06T05:43:14.069917
mynameisariel,skipped,,,,,2026-04-06T05:43:33.184520
mehran6511,skipped,,,,,2026-04-06T05:43:51.621949
al-fontes-jr,error,,,,,2026-04-06T05:43:54.364842
Shrikanth99,skipped,,,,,2026-04-06T05:44:12.102927
roberbotto,skipped,ES,,0,5,2026-04-06T05:44:24.299887
bkrsln,skipped,TR,,0,0,2026-04-06T05:44:41.848182
michvllni,skipped,DE,,0,0,2026-04-06T05:44:44.816798
jbouter,skipped,NL,,0,0,2026-04-06T05:45:03.853373
tuanpa28,skipped,,,,,2026-04-06T05:45:19.124116
kartikkji,skipped,,,,,2026-04-06T05:45:36.719086
mistermaxis,skipped,AR,,2,97,2026-04-06T05:45:52.755951
Sheryx00,skipped,,,,,2026-04-06T05:46:07.811840
dtanzer,skipped,AT,,1,0,2026-04-06T05:46:26.510931
dazoulay-simplicite,error,,,,,2026-04-06T05:46:29.260041
milenakos,skipped,,,,,2026-04-06T05:46:44.828730
joekur312,skipped,,,,,2026-04-06T05:47:03.247994
allforJesus2,skipped,,,,,2026-04-06T05:47:21.511377
leopwq,error,,,,,2026-04-06T05:47:24.236443
n-k-neko,error,,,,,2026-04-06T05:47:26.976717
abdulmannantariq101,skipped,PK,,0,15,2026-04-06T05:47:45.079854
dpangestuw,skipped,,,,,2026-04-06T05:47:58.242139
RCRalph,skipped,,,,,2026-04-06T05:48:09.242799
Blindside-Studios,scored,DE,0.1384,22,78,2026-04-06T05:48:15.821670
mangalamraj,skipped,IN,,9,1,2026-04-06T05:48:31.626528
marionlucas-dev,skipped,,,,,2026-04-06T05:48:49.821101
KaytlynWright16,skipped,,,,,2026-04-06T05:48:52.787521
pankajrampawar,skipped,,,,,2026-04-06T05:49:10.832514
Rxfinha-dev,skipped,,,,,2026-04-06T05:49:29.001032
ersesd,skipped,,,,,2026-04-06T05:49:46.527156
DocktorWindows,skipped,,,,,2026-04-06T05:49:59.032154
Martons00,skipped,,,,,2026-04-06T05:50:14.395610
Miladorable,skipped,,,,,2026-04-06T05:50:26.745928
lsls902,skipped,,,,,2026-04-06T05:50:44.680371
krsinghabhinav,skipped,,,,,2026-04-06T05:51:02.593283
8609ATharvj,skipped,,,,,2026-04-06T05:51:09.249368
ghalse,skipped,ZA,,0,0,2026-04-06T05:51:12.191671
TheSilent451,skipped,,,,,2026-04-06T05:51:19.239079
hetbhagatji09,skipped,,,,,2026-04-06T05:51:37.142052
wanghe-fit2cloud,skipped,CN,,0,0,2026-04-06T05:51:40.113240
ashokchokalingam,skipped,,,,,2026-04-06T05:51:43.121987
Sando2024,error,,,,,2026-04-06T05:51:44.486293
krasnoff,skipped,IL,,0,0,2026-04-06T05:52:03.023731
domindez,skipped,,,,,2026-04-06T05:52:09.338365
Cstandardlib,skipped,,,,,2026-04-06T05:52:24.516652
R4F43LL-D3VB3GINN3R,skipped,,,,,2026-04-06T05:52:34.241125
CMEL123,skipped,,,,,2026-04-06T05:52:52.058763
duzhch,skipped,,,,,2026-04-06T05:53:01.325263
tahabebek,skipped,US,,0,100,2026-04-06T05:53:07.566510
quanghaik2,skipped,,,,,2026-04-06T05:53:25.596026
Ravishekhar7870,skipped,,,,,2026-04-06T05:53:43.786612
mtiberti,skipped,,,,,2026-04-06T05:53:58.340063
SKPHDeemantha,skipped,,,,,2026-04-06T05:54:08.053880
PabloDeLaCruzG,skipped,,,,,2026-04-06T05:54:26.457284
Wanderhappen,skipped,,,,,2026-04-06T05:54:44.275487
p4elkab35t,skipped,CA,,0,0,2026-04-06T05:55:00.620556
er4y-c,skipped,,,,,2026-04-06T05:55:18.242887
pknandi,skipped,BD,,0,0,2026-04-06T05:55:24.364645
aaronfernandes21,skipped,,,,,2026-04-06T05:55:42.275414
javierhonduco,skipped,,,,,2026-04-06T05:55:57.842067
Jeep3r,skipped,,,,,2026-04-06T05:56:03.638261
krismeister,skipped,US,,0,0,2026-04-06T05:56:06.503514
naskavinda,skipped,LK,,0,0,2026-04-06T05:56:18.470617
marincicp,skipped,HR,,,,2026-04-06T05:56:36.835582
georg-stone,error,,,,,2026-04-06T05:56:39.568760
ninakka-nb,skipped,,,,,2026-04-06T05:56:45.493053
fabiofons,skipped,CO,,0,0,2026-04-06T05:57:03.248860
itsPankajRepo,skipped,,,,,2026-04-06T05:57:21.167745
barumau,skipped,FI,,0,100,2026-04-06T05:57:28.427785
reinasas,error,,,,,2026-04-06T05:57:29.771440
demdxx,skipped,,,,,2026-04-06T05:57:47.692081
69iqqq,skipped,,,,,2026-04-06T05:58:00.067308
charleycampbell,error,,,,,2026-04-06T05:58:02.805050
tuuvwaa,error,,,,,2026-04-06T05:58:04.151683
CrispysCode,skipped,,,,,2026-04-06T05:58:19.244107
aiquant5,error,,,,,2026-04-06T05:58:21.988544
VaibhavBomle,skipped,IN,,0,0,2026-04-06T05:58:40.584503
hanhaoyu139,skipped,,,,,2026-04-06T05:58:43.565956
JosefFryk,skipped,CZ,,16,0,2026-04-06T05:59:02.223572
chiajunjie-digipen,skipped,,,,,2026-04-06T05:59:08.234758
AnixF,skipped,,,,,2026-04-06T05:59:25.868592
silviansi,skipped,,,,,2026-04-06T05:59:44.149809
jemhakdog,skipped,,,,,2026-04-06T06:00:02.218271
ThomasPerkins1123,skipped,,,,,2026-04-06T06:00:08.324244
alstjq8251,skipped,,,,,2026-04-06T06:00:21.675030
jasonn0118,skipped,CA,,3,13,2026-04-06T06:00:33.926083
elDiegoGit,skipped,,,,,2026-04-06T06:00:52.269980
ooloth,skipped,CA,,0,0,2026-04-06T06:00:58.101969
Fantazul,error,,,,,2026-04-06T06:00:59.460279
CP-Avances,skipped,,,,,2026-04-06T06:01:14.927782
sagee1125,skipped,,,,,2026-04-06T06:01:20.937477
caranda4,skipped,,,,,2026-04-06T06:01:27.309684
lynetissot,skipped,,,,,2026-04-06T06:01:36.687466
Cybertron-Loki,skipped,,,,,2026-04-06T06:01:55.370956
theotchlx,skipped,,,,,2026-04-06T06:02:13.853638
blandineledoux,skipped,,,,,2026-04-06T06:02:22.510851
pdaoust,skipped,CA,,0,0,2026-04-06T06:02:28.238530
myesteban309595,skipped,,,,,2026-04-06T06:02:46.356300
Dikyherawan,skipped,,,,,2026-04-06T06:03:04.059276
ShivaniBorgude,skipped,,,,,2026-04-06T06:03:20.367865
join2nk,skipped,IN,,9,0,2026-04-06T06:03:32.945189
gabriel-Fernandez-Melendez,skipped,,,,,2026-04-06T06:03:50.571444
taqneem,skipped,,,,,2026-04-06T06:04:05.528141
Ssalazar12,skipped,,,,,2026-04-06T06:04:21.453568
GiugAles,skipped,,,,,2026-04-06T06:04:30.917313
NEKOMARU23,skipped,,,,,2026-04-06T06:04:43.922264
JohannahVoeller,skipped,,,,,2026-04-06T06:04:46.720090
gena41147,skipped,,,,,2026-04-06T06:04:52.907887
hankcs,skipped,,,,,2026-04-06T06:05:06.544128
SrNoelll,skipped,,,,,2026-04-06T06:05:24.243552
Soham-Debnath,skipped,,,,,2026-04-06T06:05:42.234831
ZonitoVFX,skipped,,,,,2026-04-06T06:05:48.771317
cupokki,skipped,KR,,50,1,2026-04-06T06:06:01.564630
KhromenkoDaniel,skipped,,,,,2026-04-06T06:06:20.465680
Trunghieu95tb,skipped,,,,,2026-04-06T06:06:35.335134
jeevanadhan,skipped,,,,,2026-04-06T06:06:53.695776
mukhery,skipped,,,,,2026-04-06T06:07:02.629307
mstasinopoulos,scored,GB,0.0958,37,61,2026-04-06T06:07:21.150907
Jeffrey-F1solutions,skipped,,,,,2026-04-06T06:07:24.022265
Jennieett,skipped,,,,,2026-04-06T06:07:32.833407
richard-vock,skipped,,,,,2026-04-06T06:07:47.778315
herinermaa,error,,,,,2026-04-06T06:07:49.138373
func25,skipped,VN,,20,0,2026-04-06T06:08:07.602875
slim-shady-mf,error,,,,,2026-04-06T06:08:09.171848
phamhoangminh2410it,skipped,,,,,2026-04-06T06:08:26.238007
ivaramcer,error,,,,,2026-04-06T06:08:28.971312
MarkusPalm,skipped,SE,,0,0,2026-04-06T06:08:37.963768
kudaibergenov-b,skipped,,,,,2026-04-06T06:08:44.260372
ewilliams-cloudera,skipped,US,,0,0,2026-04-06T06:08:47.078903
anoleto,error,,,,,2026-04-06T06:08:48.411593
leegayeon0665,skipped,,,,,2026-04-06T06:08:54.321491
FlyPerry,skipped,,,,,2026-04-06T06:09:09.136323
SacredDoggo,skipped,,,,,2026-04-06T06:09:27.303501
iv-yulia,skipped,,,,,2026-04-06T06:09:45.699127
AndreyKonovalenko,skipped,RU,,0,0,2026-04-06T06:10:00.744131
jaX10bt,skipped,,,,,2026-04-06T06:10:00.744474
Kiadtiphong307,skipped,,,,,2026-04-06T06:10:18.196148
DJNiek,skipped,,,,,2026-04-06T06:10:37.432606
jesusSalazar14,skipped,,,,,2026-04-06T06:10:46.811520
MMEnock,skipped,,,,,2026-04-06T06:11:05.337732
acouvreur,skipped,CA,,0,0,2026-04-06T06:11:11.590326
SanyamGarg12,skipped,IN,,100,0,2026-04-06T10:04:46.460692
karthikkrishnakumar,skipped,,,,,2026-04-06T10:04:58.393484
Thecosiek,skipped,,,,,2026-04-06T10:05:16.629301
Adityagupta9,skipped,,,,,2026-04-06T10:05:34.379608
ahmadmcer,skipped,ID,,0,1,2026-04-06T10:05:52.794471
RishuPvt,skipped,,,,,2026-04-06T10:06:11.233184
ALINAabasova,skipped,,,,,2026-04-06T10:06:16.893132
KR-99917,skipped,,,,,2026-04-06T10:06:34.889649
josiahwiebe,scored,CA,0.2597,42,9,2026-04-06T10:06:54.389778
kanaiyathacker1980,skipped,,,,,2026-04-06T10:07:06.331033
arasopraza,skipped,,,,,2026-04-06T10:07:24.272080
ArseniyMirniy,skipped,BG,,,,2026-04-06T10:07:33.635927
afusdev,skipped,,,,,2026-04-06T10:07:42.944409
Stelito05,skipped,,,,,2026-04-06T10:07:48.716279
zanderhavgaard,skipped,DK,,0,100,2026-04-06T10:07:58.381159
JesusSevilla13,skipped,,,,,2026-04-06T10:08:13.568559
Olga1001,skipped,,,,,2026-04-06T10:08:32.555026
Jovana667,skipped,AU,,0,69,2026-04-06T10:08:50.929097
NiklasEi,skipped,,,,,2026-04-06T10:09:03.293512
dswohl,skipped,,,,,2026-04-06T10:09:15.408849
Massolari,skipped,FR,,0,0,2026-04-06T10:09:34.486011
jruots,skipped,,,,,2026-04-06T10:09:52.672818
herki18,skipped,GB,,0,0,2026-04-06T10:09:58.962420
Sanjay119-Kumar,skipped,,,,,2026-04-06T10:10:13.876619
Aayesha-Aayesha,skipped,,,,,2026-04-06T10:10:16.637246
alibombaye,skipped,,,,,2026-04-06T10:10:25.749772
JosefJW,skipped,,,,,2026-04-06T10:10:41.250599
clytie77,skipped,,,,,2026-04-06T10:10:44.618152
brendanjcrowe,skipped,,,,,2026-04-06T10:11:03.245538
jcarpio,skipped,,,,,2026-04-06T10:11:16.186321
xies4,scored,US,0.0445,11,5,2026-04-06T10:11:28.046497
fantasyfuerte,skipped,,,,,2026-04-06T10:11:34.457564
ibeltr,skipped,,,,,2026-04-06T10:11:40.183758
VoloshchukYaroslav,skipped,,,,,2026-04-06T10:11:57.755189
DeroPlayz,skipped,,,,,2026-04-06T10:12:07.285033
cccoolll,skipped,SE,,7,0,2026-04-06T10:12:22.338533
RickyV02,skipped,,,,,2026-04-06T10:12:28.586285
iSathyam31,scored,IN,0.0522,5,27,2026-04-06T10:12:47.617177
Valentina-Maraio,skipped,,,,,2026-04-06T10:13:06.065463
cbrooksking,skipped,,,,,2026-04-06T10:13:12.003480
Prachi-M-Patil,skipped,,,,,2026-04-06T10:13:21.700869
yadav499,skipped,,,,,2026-04-06T10:13:39.616634
sudo-may,skipped,,,,,2026-04-06T10:13:42.486981
Mokshaa-Joshi,skipped,,,,,2026-04-06T10:14:00.210181
SengulIsa,skipped,,,,,2026-04-06T10:14:18.383738
vishnujonnada,skipped,,,,,2026-04-06T10:14:36.553465
Demonis0,skipped,,,,,2026-04-06T10:14:54.414906
P-Sergei-qa,skipped,RU,,0,100,2026-04-06T10:15:04.215502
FabricioCes,skipped,,,,,2026-04-06T10:15:22.145050
neeta-hmcts,error,,,,,2026-04-06T10:15:24.860981
kbnopro,skipped,,,,,2026-04-06T10:15:43.234258
kurokiasahi222,scored,JP,0.1111,5,16,2026-04-06T10:15:58.585617
dujiepeng,skipped,CN,,0,0,2026-04-06T10:16:04.912623
Gaurav72100,skipped,,,,,2026-04-06T10:16:22.439448
darktang3nt69,skipped,,,,,2026-04-06T10:16:28.426388
pnagy-cldr,skipped,,,,,2026-04-06T10:16:31.349222
njituew,skipped,,,,,2026-04-06T10:16:49.550160
rahul-mallah,skipped,SG,,0,0,2026-04-06T10:17:08.340305
boytegar,skipped,,,,,2026-04-06T10:17:26.437245
MuhammedAdil1,skipped,,,,,2026-04-06T10:17:44.390117
hitaloss,skipped,,,,,2026-04-06T10:17:59.994528
Makasevic,skipped,,,,,2026-04-06T10:18:09.318591
carolinarutililima,skipped,BR,,0,0,2026-04-06T10:18:24.278698
hnphat,skipped,,,,,2026-04-06T10:18:39.441349
matthewluallen,skipped,,,,,2026-04-06T10:18:54.671676
LukeSeifert,skipped,,,,,2026-04-06T10:19:03.900284
Oliveva,error,,,,,2026-04-06T10:19:05.230941
Lucas-Ferreira-Work,skipped,,,,,2026-04-06T10:19:10.980657
MyNoteSpace,skipped,,,,,2026-04-06T10:19:19.891119
Tijn2210,error,,,,,2026-04-06T10:19:22.621464
biaprovalero,skipped,,,,,2026-04-06T10:19:28.347946
Ejiro2,skipped,,,,,2026-04-06T10:19:46.224934
mleray,skipped,NL,,0,0,2026-04-06T10:20:03.995991
ianfd,skipped,,,,,2026-04-06T10:20:19.156855
nameofSEOKWONHONG,skipped,,,,,2026-04-06T10:20:37.456376
tsyroid,skipped,,,,,2026-04-06T10:20:47.109067
DrTopa,skipped,,,,,2026-04-06T10:20:53.580686
joe-bor,skipped,,,,,2026-04-06T10:21:05.562119
v1vaGIT,skipped,,,,,2026-04-06T10:21:23.458641
MrBunsy,skipped,GB,,0,0,2026-04-06T10:21:41.431844
bboroin,skipped,,,,,2026-04-06T10:21:47.904961
lukeheath,skipped,US,,0,0,2026-04-06T10:21:56.687135
uGuizim,skipped,,,,,2026-04-06T10:22:14.319756
dedisvoin,skipped,,,,,2026-04-06T10:22:32.482190
Soujnaya,skipped,,,,,2026-04-06T10:22:44.671705
dvvanessastoiber,skipped,,,,,2026-04-06T10:22:47.431493
7PH,skipped,,,,,2026-04-06T10:22:57.116034
peterpham94,skipped,,,,,2026-04-06T10:23:02.975387
roehrtizonov,error,,,,,2026-04-06T10:23:04.695518
ifeanyi23,skipped,,,,,2026-04-06T10:23:22.681312
GOVIND-AVC,skipped,,,,,2026-04-06T10:23:31.426109
Provenr,skipped,,,,,2026-04-06T10:23:41.186650
ankudovychm,skipped,,,,,2026-04-06T10:23:47.660537
Jumps0,skipped,DK,,1,99,2026-04-06T10:23:56.894021
RajSekar-Dola,skipped,,,,,2026-04-06T10:24:15.055250
chyun7114,skipped,,,,,2026-04-06T10:24:27.551431
kyegomez,skipped,US,,0,0,2026-04-06T10:24:36.191002
sh-sahil,skipped,,,,,2026-04-06T10:24:53.966950
Torrescam,skipped,,,,,2026-04-06T10:25:06.304852
NeverBackPing,skipped,,,,,2026-04-06T10:25:25.402368
benterre,skipped,,,,,2026-04-06T10:25:38.045126
jimmielovell,skipped,,,,,2026-04-06T10:25:57.321122
Kshitizkhandel,skipped,,,,,2026-04-06T10:26:15.735917
kirikae1312,skipped,,,,,2026-04-06T10:26:21.625673
Tomtentxt,error,,,,,2026-04-06T10:26:24.353517
bitsondatadev,skipped,US,,0,0,2026-04-06T10:26:41.682882
jorgecga989,skipped,,,,,2026-04-06T10:26:47.863325
jiaming2012,skipped,,,,,2026-04-06T10:27:02.760503
Tarawns,skipped,,,,,2026-04-06T10:27:17.952461
vinyashegde,skipped,,,,,2026-04-06T10:27:32.935228
itclasssl,skipped,LK,,0,100,2026-04-06T10:27:39.235995
KristianFrasson,skipped,BR,,2,53,2026-04-06T10:28:01.999820
jonataserpa,skipped,,,,,2026-04-06T10:28:20.099839
fpekal,skipped,PL,,41,0,2026-04-06T10:28:32.409399
JustusGl,error,,,,,2026-04-06T10:28:35.112420
rychonf,skipped,,,,,2026-04-06T10:28:44.510409
lelemm,skipped,BR,,0,0,2026-04-06T10:28:47.407765
JDTobin,error,,,,,2026-04-06T10:28:50.127753
akhilmanikandan,skipped,,,,,2026-04-06T10:28:58.863891
haidyahmedelsamman,skipped,,,,,2026-04-06T10:29:17.231858
tiankaima,scored,CN,0.0253,36,11,2026-04-06T10:29:32.626209
JulesGGn,error,,,,,2026-04-06T10:29:35.341377
saghul28,skipped,,,,,2026-04-06T10:29:53.500396
Baah-Danso-Kenneth,skipped,,,,,2026-04-06T10:30:05.113896
kartik27chauhan,skipped,,,,,2026-04-06T10:30:17.735123
Jose1277,skipped,,,,,2026-04-06T10:30:30.142396
tchaikov,skipped,,,,,2026-04-06T10:30:42.668567
marc-portier,skipped,BE,,0,0,2026-04-06T10:30:57.395742
jeffborg,skipped,,,,,2026-04-06T10:31:00.302002
barberop,skipped,,,,,2026-04-06T10:31:09.515173
LeeJungBo,skipped,,,,,2026-04-06T10:31:27.687944
su27k-2003,skipped,,,,,2026-04-06T10:31:46.454244
Illusion137,skipped,,,,,2026-04-06T10:31:57.559833
Sadscoops,skipped,,,,,2026-04-06T10:32:09.385387
grannycart,skipped,,,,,2026-04-06T10:32:20.411549
vudangducminh,skipped,,,,,2026-04-06T10:32:32.853622
itsJohnnyGrid,skipped,ID,,0,8,2026-04-06T10:32:38.699859
choumanhussein,skipped,,,,,2026-04-06T10:32:56.796167
bbaiyhaor,skipped,,,,,2026-04-06T10:33:14.656096
LLevy1,skipped,GB,,0,47,2026-04-06T10:33:30.394983
Darchin,skipped,IR,,,,2026-04-06T10:33:48.456784
shdwmtr,skipped,,,,,2026-04-06T10:34:07.666527
CalvinXKY,skipped,,,,,2026-04-06T10:34:13.998896
ranwei-36,skipped,,,,,2026-04-06T10:34:22.745931
templatesfarm,skipped,,,,,2026-04-06T10:34:41.281748
looeesh,skipped,,,,,2026-04-06T10:34:44.195915
b3b00,skipped,FR,,0,0,2026-04-06T10:35:01.976221
acdelgado1019,skipped,,,,,2026-04-06T10:35:11.537458
Soodehb0,skipped,,,,,2026-04-06T10:35:20.469306
matexiang,skipped,,,,,2026-04-06T10:35:39.010347
ojbucao,skipped,,,,,2026-04-06T10:35:44.749958
kudosscience,skipped,GB,,2,28,2026-04-06T10:36:00.418900
RastaDjuss,error,,,,,2026-04-06T10:36:01.756434
jenSadler,skipped,,,,,2026-04-06T10:36:10.790528
hinalkumawatpvt,skipped,,,,,2026-04-06T10:36:17.072420
OumaCavin,skipped,KE,,0,0,2026-04-06T10:36:24.684167
MrHur,skipped,,,,,2026-04-06T10:36:31.367149
kristianh69,skipped,,,,,2026-04-06T10:36:40.474381
pranjalr004,skipped,,,,,2026-04-06T10:36:55.674283
bsmthal,skipped,,,,,2026-04-06T10:37:01.711371
pauljr235,skipped,,,,,2026-04-06T10:37:19.686910
s8foschm,skipped,,,,,2026-04-06T10:37:38.250208
alberburkard268,skipped,,,,,2026-04-06T10:37:44.167273
pzzyf,skipped,,,,,2026-04-06T10:37:50.154015
Uday-Mindstix,error,,,,,2026-04-06T10:37:52.874758
javierspn,error,,,,,2026-04-06T10:37:55.567092
JoshPiper,skipped,GB,,0,0,2026-04-06T10:38:13.709869
Luxsss,skipped,FR,,0,2,2026-04-06T10:38:31.098520
Johnkevincsjk,skipped,IN,,31,0,2026-04-06T10:38:49.141838
ichung08,skipped,,,,,2026-04-06T10:38:57.951466
Aminco6,skipped,,,,,2026-04-06T10:39:07.528640
nbrandolino,error,,,,,2026-04-06T10:39:10.243867
JulianGeis,skipped,,,,,2026-04-06T10:39:19.814382
ghimele,scored,IT,0.0415,15,6,2026-04-06T10:39:37.994236
pstrope,skipped,,,,,2026-04-06T10:39:49.885081
alireza1219,skipped,,,,,2026-04-06T10:39:55.736577
CarlosMtnez,skipped,,,,,2026-04-06T10:40:04.597787
gak,skipped,,,,,2026-04-06T10:40:14.853287
AhlaamK-tap,skipped,,,,,2026-04-06T10:40:17.778187
Ent71,skipped,,,,,2026-04-06T10:40:35.674775
apedriza,skipped,,,,,2026-04-06T10:40:41.482432
yahyavaleo,skipped,PK,,2,98,2026-04-06T10:40:56.991863
Amisha20223,skipped,IN,,2,31,2026-04-06T10:41:15.084501
ade8850,error,,,,,2026-04-06T10:41:17.798885
xiazhvera,skipped,,,,,2026-04-06T10:41:20.737270
megumieren,skipped,CN,,0,86,2026-04-06T10:41:39.244057
vulcan42,skipped,,,,,2026-04-06T10:41:45.508536
Naveen-Maddineni98,skipped,,,,,2026-04-06T10:41:57.624900
JPool11,skipped,,,,,2026-04-06T10:42:12.597451
ClassicCollins,skipped,,,,,2026-04-06T10:42:31.496206
nesbox,scored,PL,0.1105,37,41,2026-04-06T10:42:48.467960
Tadvine,skipped,,,,,2026-04-06T10:47:29.235344
RGHANILOO,skipped,,,,,2026-04-06T10:47:32.329259
CristianR8,skipped,,,,,2026-04-06T10:47:49.843914
gestefania2,skipped,,,,,2026-04-06T10:48:08.051074
SteffenHF,error,,,,,2026-04-06T10:48:10.752250
scottgirling,skipped,GB,,0,100,2026-04-06T10:48:21.526077
pakelcomedy,error,,,,,2026-04-06T10:48:22.880144
alizalas,skipped,,,,,2026-04-06T10:48:37.932172
zyeup,error,,,,,2026-04-06T10:48:40.691961
Quienten,scored,US,0.0558,50,38,2026-04-06T10:48:56.402612
pawankashyapollion,error,,,,,2026-04-06T10:48:59.109433
await-Web,skipped,,,,,2026-04-06T10:49:11.429816
tgelpi-bot,skipped,,,,,2026-04-06T10:49:23.195975
tilsCfqQ,skipped,,,,,2026-04-06T10:49:40.942959
AdamVe,skipped,SE,,14,0,2026-04-06T10:49:56.012540
XoliqberdiyevBehruz,error,,,,,2026-04-06T10:49:58.736504
gloriabee,skipped,,,,,2026-04-06T10:50:16.931130
RN-Akash,skipped,,,,,2026-04-06T10:50:31.960134
taufiqrmadhana,skipped,,,,,2026-04-06T10:50:47.303861
YanVugenfirer,skipped,,,,,2026-04-06T10:51:03.438990
kelly-lin,skipped,,,,,2026-04-06T10:51:16.074289
ciyinzz,skipped,,,,,2026-04-06T10:51:31.169932
ChristonCardoza,skipped,,,,,2026-04-06T10:51:50.725518
Lubomir2024,skipped,,,,,2026-04-06T10:51:59.755193
selainbar,skipped,,,,,2026-04-06T10:52:18.259192
shawnrushefsky,skipped,,,,,2026-04-06T10:52:27.143319
BWibo,skipped,DE,,0,0,2026-04-06T10:52:36.092442
cbernardu,scored,ZA,0.0547,49,8,2026-04-06T10:52:48.377418
miamagdaraog,skipped,,,,,2026-04-06T10:52:57.427681
SamuelOmodele,skipped,,,,,2026-04-06T10:53:16.141976
IotchulindraRai,skipped,NP,,0,0,2026-04-06T10:53:34.236463
boemmels,skipped,DE,,0,0,2026-04-06T10:53:37.097220
KhoshfekrMH,error,,,,,2026-04-06T10:53:38.436888
MarianoIvasiuta26,skipped,AR,,71,0,2026-04-06T10:53:54.050166
Fusl,skipped,,,,,2026-04-06T10:54:11.828187
MattiaPoletto-dev,skipped,,,,,2026-04-06T10:54:29.882254
shoaibismail18,skipped,IN,,4,51,2026-04-06T10:54:48.392810
lozzyiech,error,,,,,2026-04-06T10:54:49.724437
JakeGoodwin22,error,,,,,2026-04-06T10:54:52.404316
Ant2357,skipped,JP,,7,0,2026-04-06T10:55:07.789562
jonasfj,skipped,DK,,0,0,2026-04-06T10:55:26.196058
moonhouse-80san,skipped,KR,,0,100,2026-04-06T10:55:33.029352
onid057,skipped,,,,,2026-04-06T10:55:48.222327
Domenico110398,skipped,,,,,2026-04-06T10:56:00.748718
thelo67,skipped,,,,,2026-04-06T10:56:16.838226
Riddheshdesai,skipped,IN,,5,0,2026-04-06T10:56:34.250958
JamesRyanMartinez,error,,,,,2026-04-06T10:56:35.595178
kosuke-lab,skipped,,,,,2026-04-06T10:56:42.172513
evgeniynet,skipped,,,,,2026-04-06T10:56:51.515899
bogdanioan37,skipped,,,,,2026-04-06T10:57:00.307104
Paul-Ding-wastaken,skipped,,,,,2026-04-06T10:57:17.714120
yana-chyp,skipped,,,,,2026-04-06T10:57:33.485827
TOAkinbode,skipped,,,,,2026-04-06T10:57:52.661907
JulsSal99,skipped,,,,,2026-04-06T10:58:02.000248
kundansingh3488,scored,IN,0.1956,5,41,2026-04-06T10:58:20.908036
MightyEliyah,skipped,JP,,0,1,2026-04-06T10:58:29.672200
deokjin25,skipped,,,,,2026-04-06T10:58:38.742080
Adelia0915,error,,,,,2026-04-06T10:58:40.083347
desfreng,skipped,,,,,2026-04-06T10:58:58.699710
Acadlore,skipped,,,,,2026-04-06T10:59:05.277629
josephdoba,skipped,CA,,7,0,2026-04-06T10:59:20.145872
yohanesgultom,skipped,ID,,0,0,2026-04-06T10:59:35.031945
arnfinn,skipped,,,,,2026-04-06T10:59:49.781548
andrasmaroy,scored,HU,0.0349,58,42,2026-04-06T10:59:57.072751
siunlimited,skipped,,,,,2026-04-06T11:00:03.284571
madamczykhabana,error,,,,,2026-04-06T11:00:04.614922
kakon-ray,skipped,BD,,0,0,2026-04-06T11:00:22.019913
Martyello,skipped,,,,,2026-04-06T11:00:28.846665
rinkuls,skipped,,,,,2026-04-06T11:00:46.605054
sanskaarsayss,skipped,,,,,2026-04-06T11:00:52.327819
shamloudsufi,error,,,,,2026-04-06T11:00:55.036342
krissidibe,skipped,,,,,2026-04-06T11:01:00.985404
june1704,skipped,,,,,2026-04-06T11:01:19.083172
ads303viral,skipped,,,,,2026-04-06T11:01:25.140054
Raventhatfly,skipped,US,,100,0,2026-04-06T11:01:40.837904
tjwalsh1,scored,US,0.2571,11,89,2026-04-06T11:02:00.013325
EricL22,skipped,,,,,2026-04-06T11:02:12.952666
ashamrock,skipped,,,,,2026-04-06T11:02:25.590462
Jeremiah-Xu,skipped,,,,,2026-04-06T11:02:44.276865
benjipeng,skipped,,,,,2026-04-06T11:02:53.272819
igroomgrim,skipped,TH,,0,0,2026-04-06T11:03:05.351479
KristinaKatarina,skipped,,,,,2026-04-06T11:03:23.781154
Kath-Bail,error,,,,,2026-04-06T11:03:26.492913
jacklavelle286,skipped,GB,,13,3,2026-04-06T11:03:44.419510
xyeex,error,,,,,2026-04-06T11:03:47.140530
educarbr11,skipped,,,,,2026-04-06T11:03:55.793652
r-elopre,skipped,,,,,2026-04-06T11:04:13.288241
joyeuse2131,skipped,,,,,2026-04-06T11:04:22.124661
YawenD283,skipped,US,,0,60,2026-04-06T11:04:34.602682
ItsUtkarshhh,skipped,,,,,2026-04-06T11:04:52.827035
Alledanaralle,skipped,ID,,0,41,2026-04-06T11:05:11.069100
Yusufhere,skipped,,,,,2026-04-06T11:05:13.966280
ciaograsso06,skipped,,,,,2026-04-06T11:05:33.031715
CodingCat-1123,error,,,,,2026-04-06T11:05:34.371155
Andrew-Pohl,skipped,,,,,2026-04-06T11:05:46.715907
owal7428,skipped,US,,0,0,2026-04-06T11:05:56.148583
IvanVaniuk,skipped,,,,,2026-04-06T11:06:02.242982
mustafamelihcetin,skipped,TR,,8,1,2026-04-06T11:06:20.999813
eple0329,skipped,,,,,2026-04-06T11:06:39.518778
luskanek,error,,,,,2026-04-06T11:06:40.849329
rustyff12,skipped,,,,,2026-04-06T11:06:59.186429
WORLDTIMEZONI,skipped,,,,,2026-04-06T11:07:10.982833
barthap,skipped,PL,,0,0,2026-04-06T11:07:28.965306
barath-uni,skipped,NL,,0,0,2026-04-06T11:07:43.739774
soumyabratap,skipped,,,,,2026-04-06T11:07:52.727841
jpiron,skipped,,,,,2026-04-06T11:07:58.472578
MrMarble,skipped,,,,,2026-04-06T11:08:07.889501
Wilson30678tw,skipped,,,,,2026-04-06T11:08:16.841462
Hafilu,skipped,,,,,2026-04-06T11:08:31.620184
refatmi,skipped,,,,,2026-04-06T11:08:40.440617
enriquegiraldo,skipped,,,,,2026-04-06T11:08:54.981654
rouault,skipped,FR,,0,0,2026-04-06T11:08:57.826892
JeffMboya,skipped,KE,,0,0,2026-04-06T11:09:12.893562
asan6602,skipped,,,,,2026-04-06T11:09:31.480584
ZhiweiNiepku,skipped,,,,,2026-04-06T11:09:49.798779
KoKoLates,skipped,US,,3,0,2026-04-06T11:09:56.228479
guilhermepadial4,skipped,BR,,56,0,2026-04-06T11:10:14.301792
zamit00,skipped,,,,,2026-04-06T11:10:20.956220
UserRoot-Luca,skipped,IT,,5,0,2026-04-06T11:10:36.560056
chrigw,error,,,,,2026-04-06T11:10:39.274394
ItamarYuran,skipped,,,,,2026-04-06T11:10:57.726961
NeethuNinan,skipped,,,,,2026-04-06T11:11:06.563164
Maryam-Hbab,skipped,,,,,2026-04-06T11:11:24.402014
markriegler,skipped,,,,,2026-04-06T11:11:30.596725
James14669,error,,,,,2026-04-06T11:11:31.931779
jainrishi2001,skipped,IN,,49,4,2026-04-06T11:11:45.105767
Manashvee03,skipped,,,,,2026-04-06T11:11:55.045574
ECX-0,error,,,,,2026-04-06T11:11:56.378533
gcko,scored,TW,0.3635,19,62,2026-04-06T11:12:03.449752
lwebbz,skipped,,,,,2026-04-06T11:12:21.329432
LouisRvlE,skipped,,,,,2026-04-06T11:12:39.186725
OZBM,skipped,,,,,2026-04-06T11:12:45.252676
sedratiaziz,skipped,,,,,2026-04-06T11:13:04.039986
itsmezain,skipped,,,,,2026-04-06T11:13:16.633941
leo-pony,skipped,,,,,2026-04-06T11:13:19.583904
Shrikrishna-jadhavar,skipped,IN,,0,100,2026-04-06T11:13:26.192485
GXKISAME,skipped,,,,,2026-04-06T11:13:43.984608
yeohjk,skipped,,,,,2026-04-06T11:13:59.170907
AndreaGarufi,skipped,,,,,2026-04-06T11:14:05.753903
mangelajo,skipped,ES,,0,0,2026-04-06T11:14:14.440990
flops,skipped,,,,,2026-04-06T11:14:20.422907
rivermemory,skipped,,,,,2026-04-06T11:14:23.185445
LULIPOOP9078,skipped,,,,,2026-04-06T11:14:28.883963
dnacombo,skipped,,,,,2026-04-06T11:14:38.956631
dacav,skipped,,,,,2026-04-06T11:14:53.472169
RohmatHT8,skipped,,,,,2026-04-06T11:15:11.489781
Farepun,skipped,,,,,2026-04-06T11:15:26.597952
Faru584,skipped,,,,,2026-04-06T11:15:32.502844
firatbezir,scored,TR,0.11,71,29,2026-04-06T11:15:42.521005
ShengjunTang,skipped,,,,,2026-04-06T11:15:52.043953
monurajj,skipped,,,,,2026-04-06T11:16:07.095499
GauthierWebDev,scored,FR,0.0684,93,7,2026-04-06T11:16:20.492414
aysh34,skipped,,,,,2026-04-06T11:16:36.489846
shohancs,skipped,,,,,2026-04-06T11:16:54.044317
adriankwiat,skipped,PL,,0,0,2026-04-06T11:16:56.870142
ddaeducation,skipped,,,,,2026-04-06T11:17:15.601806
LoriCabrie26,skipped,,,,,2026-04-06T11:17:21.619403
LeeJuHwan,skipped,KR,,14,0,2026-04-06T11:17:36.567680
enjoy-binbin,skipped,CN,,0,0,2026-04-06T11:17:53.936425
szinn,skipped,,,,,2026-04-06T11:18:01.052342
Anirudhreddy7799,skipped,IN,,0,21,2026-04-06T11:18:19.182140
vigneshk-tw,skipped,,,,,2026-04-06T11:18:25.436943
DocCaio,scored,BR,0.0303,82,18,2026-04-06T11:18:35.487534
dpfka23,skipped,,,,,2026-04-06T11:18:53.297599
eric-gitta-moore,skipped,,,,,2026-04-06T11:19:10.962458
Arielvdd,skipped,,,,,2026-04-06T11:19:29.510284
ericvmai,skipped,US,,0,37,2026-04-06T11:19:44.826765
weg-9000,skipped,,,,,2026-04-06T11:19:57.346100
KevinGonnet,skipped,,,,,2026-04-06T11:20:15.970376
ordu1453,skipped,,,,,2026-04-06T11:20:33.026283
serkor1,scored,DK,0.27,53,47,2026-04-06T11:20:46.221266
teusbenschop,skipped,NL,,0,26,2026-04-06T11:20:52.656680
shapeshed,skipped,,,,,2026-04-06T11:21:11.351368
AbdelwahabEladawy,skipped,EG,,0,5,2026-04-06T11:21:28.879096
Danghor,skipped,,,,,2026-04-06T11:21:35.386669
Sec-ant,skipped,CN,,1,0,2026-04-06T11:21:41.535008
bkryza,skipped,PL,,0,0,2026-04-06T11:21:47.616498
ahmedovv123,skipped,,,,,2026-04-06T11:22:05.970638
Aliexe-code,skipped,,,,,2026-04-06T11:22:21.931893
Henriquehnnm,skipped,BR,,0,100,2026-04-06T11:22:37.582073
czueon,skipped,,,,,2026-04-06T11:22:43.647551
astagi,skipped,,,,,2026-04-06T11:22:52.501555
Thomas101,skipped,GB,,0,0,2026-04-06T11:23:11.328911
kawanypigato,skipped,,,,,2026-04-06T11:23:20.164620
dbmh2023,skipped,,,,,2026-04-06T11:23:23.089813
MarisaR12,skipped,,,,,2026-04-06T11:23:40.791878
nikhilmujeeb,skipped,,,,,2026-04-06T11:23:53.358058
timjackleus,scored,SE,0.0687,20,80,2026-04-06T11:24:00.401232
kwonyonghyun,skipped,,,,,2026-04-06T11:24:09.392773
timvanoostrom,skipped,NL,,25,0,2026-04-06T11:24:18.596879
dsolanovivas,skipped,,,,,2026-04-06T11:24:36.227467
SNMac,skipped,KR,,100,0,2026-04-06T11:24:45.629652
Danzinxit,error,,,,,2026-04-06T11:24:46.968007
federicoburello,skipped,,,,,2026-04-06T11:24:59.000672
analysematchodds,skipped,,,,,2026-04-06T11:25:05.113067
joarau,skipped,NO,,0,1,2026-04-06T11:25:13.897731
elenacamelia465,skipped,,,,,2026-04-06T11:25:19.891300
saurabh-amazoncode-repo,error,,,,,2026-04-06T11:25:21.225785
mnitta220,scored,JP,0.0242,20,28,2026-04-06T11:25:36.879998
bertramwegener,skipped,,,,,2026-04-06T11:25:55.001070
angryninja48,skipped,AU,,0,0,2026-04-06T11:26:00.870561
dvaskkhai,error,,,,,2026-04-06T11:26:02.203572
rebeca1012,skipped,,,,,2026-04-06T11:26:14.364353
Temhr,skipped,,,,,2026-04-06T11:26:20.870189
JuanmaCopia,skipped,ES,,0,0,2026-04-06T11:26:37.099524
SantiagoCalderonLopezUniandes,skipped,,,,,2026-04-06T11:26:55.210324
efogdev,skipped,UA,,0,0,2026-04-06T11:27:12.765455
taker0084,skipped,,,,,2026-04-06T11:27:29.280355
anyars-encarta,skipped,,,,,2026-04-06T11:27:48.159517
helleopd,error,,,,,2026-04-06T11:27:50.866868
luanvu-agilityio,skipped,,,,,2026-04-06T11:28:09.376104
JohnnyVineall,skipped,,,,,2026-04-06T11:28:12.263322
mr-kunal-07,skipped,,,,,2026-04-06T11:28:30.534653
devunis,skipped,,,,,2026-04-06T11:28:46.645216
gauravbatule,skipped,,,,,2026-04-06T11:29:01.684678
cerh2801,skipped,,,,,2026-04-06T11:29:19.746384
aayushyadavz,skipped,IN,,0,80,2026-04-06T11:29:38.293568
warnotte,skipped,,,,,2026-04-06T11:29:50.961292
Vinylango25,skipped,KE,,0,0,2026-04-06T11:30:08.303450
dlareG30,skipped,,,,,2026-04-06T11:30:14.125995
Muhammad834565,skipped,PK,,0,14,2026-04-06T11:30:31.837667
deekshahardaha,skipped,,,,,2026-04-06T11:30:49.711786
manallodhi,skipped,,,,,2026-04-06T11:31:07.405355
Budhathoki356,skipped,AU,,0,1,2026-04-06T11:31:24.084589
spuddybike,skipped,GB,,0,0,2026-04-06T11:31:29.897879
lazyluis,skipped,,,,,2026-04-06T11:31:38.620198
gitbhaveshsharma,skipped,,,,,2026-04-06T11:31:56.292068
NikhilSalv,skipped,IE,,0,0,2026-04-06T11:32:11.551601
julianedwards,skipped,,,,,2026-04-06T11:32:20.320284
xkvk11,skipped,,,,,2026-04-06T11:32:35.152463
titze,skipped,,,,,2026-04-06T11:32:41.060717
TemniyKozhevnik,skipped,,,,,2026-04-06T11:32:55.586136
husseymarcos,scored,AR,0.2064,27,73,2026-04-06T11:33:05.354683
dev-kawser,skipped,BD,,0,0,2026-04-06T11:33:22.919197
Drish-xD,skipped,IN,,10,0,2026-04-06T11:33:29.251510
khadafimuhammadnawwar,skipped,,,,,2026-04-06T11:33:41.315319
cyb3r3,skipped,US,,2,21,2026-04-06T11:33:53.327573
Abbas-Nedal,skipped,,,,,2026-04-06T11:34:09.305582
aadarshkt,skipped,IN,,5,0,2026-04-06T11:34:27.413286
codebymaribel,skipped,AR,,0,57,2026-04-06T11:34:40.041066
Gifsho,skipped,,,,,2026-04-06T11:34:54.839678
StokicMarko,skipped,,,,,2026-04-06T11:35:06.544280
KxllSwxtch,skipped,KR,,0,0,2026-04-06T11:35:24.767890
chanGomez,skipped,US,,1,0,2026-04-06T11:35:30.608939
Eruestani,skipped,GB,,0,0,2026-04-06T11:35:36.454012
dfwcnj,skipped,,,,,2026-04-06T11:35:54.265359
RealProstatus,skipped,RU,,0,24,2026-04-06T11:36:06.277698
k1664,skipped,,,,,2026-04-06T11:36:24.371247
MohammedAldaif,skipped,,,,,2026-04-06T11:36:40.229608
chuongchuongchuong,skipped,,,,,2026-04-06T11:36:46.045740
m9ksh1t,skipped,,,,,2026-04-06T11:37:01.488332
LucyWolf,skipped,,,,,2026-04-06T11:37:07.576259
stanmart,scored,CH,0.2397,5,5,2026-04-06T11:37:23.144391
tanaya2005,skipped,IN,,0,57,2026-04-06T11:37:41.808325
TUSF,skipped,,,,,2026-04-06T11:37:56.857689
Andres6936,skipped,,,,,2026-04-06T11:38:15.122660
Groomon,skipped,,,,,2026-04-06T11:38:24.282383
Pluri45,skipped,,,,,2026-04-06T11:38:39.114780
azriel90github,error,,,,,2026-04-06T11:38:40.456639
JingyaoGu1,skipped,,,,,2026-04-06T11:38:55.782470
sunmatthew,skipped,,,,,2026-04-06T11:39:14.098599
abushahed670,skipped,,,,,2026-04-06T11:39:31.702895
Manu19999,skipped,,,,,2026-04-06T11:39:38.484837
lebadac,skipped,,,,,2026-04-06T11:39:57.153372
jonlundy,skipped,US,,0,0,2026-04-06T11:40:09.594836
syedomer17,skipped,IN,,0,12,2026-04-06T11:40:27.785700
SamyBravy,skipped,,,,,2026-04-06T11:40:46.124486
LukaCatela,skipped,,,,,2026-04-06T11:40:59.096002
Ibrahimkazi18,skipped,,,,,2026-04-06T11:41:17.111926
lotusnoir,skipped,FR,,0,0,2026-04-06T11:41:20.034062
Purinsuh,skipped,,,,,2026-04-06T11:41:29.399607
RIL75,error,,,,,2026-04-06T11:41:30.731706
jamesfwood,skipped,US,,0,0,2026-04-06T11:41:42.509295
brigidgiy,skipped,US,,0,100,2026-04-06T11:41:48.671204
JunJul,skipped,,,,,2026-04-06T11:42:03.824356
mohammad76amani,skipped,,,,,2026-04-06T11:42:21.521067
EncreAtika,skipped,,,,,2026-04-06T11:42:36.619302
decobot,error,,,,,2026-04-06T11:42:39.322440
arunsathiya,skipped,IN,,0,0,2026-04-06T11:42:42.392088
FelixvL,skipped,,,,,2026-04-06T11:42:57.075970
PrittoRuban,scored,IN,0.0736,6,94,2026-04-06T11:43:06.823863
Z3k0off,skipped,,,,,2026-04-06T11:43:12.570150
eshanokpe,skipped,NG,,10,0,2026-04-06T11:43:27.730045
penguin-cmyk,skipped,,,,,2026-04-06T11:43:44.257602
nevinsebastian,skipped,IN,,0,0,2026-04-06T11:44:00.417661
meet-0036,skipped,,,,,2026-04-06T11:44:06.841174
lenikshizik,error,,,,,2026-04-06T11:44:08.176241
rob893,skipped,US,,0,100,2026-04-06T11:44:14.602706
kelseyroche,skipped,,,,,2026-04-06T11:44:17.511976
shamilshiraz,skipped,,,,,2026-04-06T11:44:32.071833
vladyslav-lialkin,scored,UA,0.086,15,52,2026-04-06T11:44:47.899472
embeddedadam,skipped,PL,,26,0,2026-04-06T11:44:56.988650
greythedev,skipped,,,,,2026-04-06T11:45:08.880095
architvasan,skipped,,,,,2026-04-06T11:45:24.315993
Mykal-Steele,scored,TH,0.0351,33,67,2026-04-06T11:45:40.336453
HEE082024KH,error,,,,,2026-04-06T11:45:41.687972
denthu2,skipped,,,,,2026-04-06T11:45:57.879828
XvSvM,skipped,,,,,2026-04-06T11:46:00.810715
collinvandyck,skipped,US,,1,0,2026-04-06T11:46:13.705363
paradoxxxzero,skipped,FR,,0,0,2026-04-06T11:46:29.349328
SuperLlama88888,scored,AU,0.3249,11,89,2026-04-06T11:46:49.349099
pat-pan,skipped,,,,,2026-04-06T11:46:52.110440
k123321141,skipped,,,,,2026-04-06T11:47:04.574052
BWolfgang01,skipped,,,,,2026-04-06T11:47:16.550218
AmalAlbaraiki,skipped,,,,,2026-04-06T11:47:34.588304
mogoweb,skipped,CN,,0,0,2026-04-06T11:47:46.733927
RSojen,skipped,,,,,2026-04-06T11:48:04.866755
ManhattanDoctor,skipped,,,,,2026-04-06T11:48:17.791931
Bumblebee2567,skipped,,,,,2026-04-06T11:48:26.702565
MsIot2425,skipped,,,,,2026-04-06T11:48:33.066925
mskCloud,skipped,,,,,2026-04-06T11:48:48.485669
MestoloPomello,skipped,IT,,0,0,2026-04-06T11:48:54.912553
liyown,skipped,,,,,2026-04-06T11:49:13.310392
ShawnMcGough,skipped,US,,0,0,2026-04-06T11:49:29.059682
tabapayco,skipped,IR,,,,2026-04-06T11:49:47.639802
SamuelJosephs,skipped,,,,,2026-04-06T11:50:05.597008
KonstantsinG,skipped,,,,,2026-04-06T11:50:24.501799
tilakkalliguddi,skipped,IN,,0,20,2026-04-06T11:50:42.445314
joximaran,skipped,,,,,2026-04-06T11:50:48.633551
luisgustavo2007,skipped,,,,,2026-04-06T11:51:06.434262
misolt,skipped,PL,,0,0,2026-04-06T11:51:09.208894
qkm2000,skipped,,,,,2026-04-06T11:51:27.130209
curran,skipped,US,,0,0,2026-04-06T11:51:44.856862
DADDY-IGWE,error,,,,,2026-04-06T11:51:46.194019
Bikatr7,skipped,,,,,2026-04-06T11:51:53.131808
ivan-hc,scored,IT,0.0848,10,64,2026-04-06T11:52:03.322085
ThomasTadesse,skipped,,,,,2026-04-06T11:52:12.450130
NishilBalar,skipped,DE,,11,2,2026-04-06T11:52:21.425430
benetkiewicz,scored,PL,0.0912,5,8,2026-04-06T11:52:39.112917
M-ingS,skipped,,,,,2026-04-06T11:52:54.632091
lemonbw,skipped,,,,,2026-04-06T11:53:13.147421
Fewsrt,skipped,,,,,2026-04-06T11:53:33.475773
Renderson99,skipped,,,,,2026-04-06T11:53:42.931146
Fl4nks,error,,,,,2026-04-06T11:53:45.637389
cdunster,skipped,NL,,0,0,2026-04-06T11:54:03.825730
SamuelRioTz,skipped,,,,,2026-04-06T11:54:22.763600
xxnn-11,skipped,,,,,2026-04-06T11:54:28.806289
BarLen738,skipped,,,,,2026-04-06T11:54:43.905015
antobinary,skipped,CA,,0,0,2026-04-06T11:54:53.693766
Bhavyakochharrr,skipped,,,,,2026-04-06T11:55:08.158602
gmkoeb,skipped,,,,,2026-04-06T11:55:26.466156
AndiSL,skipped,,,,,2026-04-06T11:55:35.066375
KlinovK,skipped,,,,,2026-04-06T11:55:52.711311
Gfinet,skipped,,,,,2026-04-06T11:56:11.074805
SSHAH1518,skipped,,,,,2026-04-06T11:56:28.401617
MikaelVallenet,scored,FR,0.0454,20,32,2026-04-06T11:56:47.227676
ksj0621,skipped,,,,,2026-04-06T11:56:53.063594
Neffriana,error,,,,,2026-04-06T11:56:54.406152
cfang15,skipped,,,,,2026-04-06T11:57:12.777136
MatthewHN,skipped,,,,,2026-04-06T11:57:31.643240
5Noxi,error,,,,,2026-04-06T11:57:32.975991
Kuka0007,skipped,,,,,2026-04-06T11:57:42.587362
Khaminsky,skipped,,,,,2026-04-06T11:57:51.496629
DavidS-ovm,skipped,,,,,2026-04-06T11:57:54.427253
Tecktomi,skipped,CL,,0,100,2026-04-06T11:58:03.798525
ludsrill,skipped,CO,,0,92,2026-04-06T11:58:13.446040
JaziBro,skipped,,,,,2026-04-06T11:58:31.929199
Mstepniak48201,skipped,,,,,2026-04-06T11:58:41.715011
sunmin-oss,skipped,,,,,2026-04-06T11:58:59.997522
no-ppp,skipped,,,,,2026-04-06T11:59:15.224462
ggetz,skipped,US,,0,0,2026-04-06T11:59:33.215106
elysableu,skipped,,,,,2026-04-06T11:59:51.387464
cpmech,scored,AU,0.0569,7,27,2026-04-06T11:59:58.467788
d-khalang,skipped,IT,,20,0,2026-04-06T12:00:13.746799
LukeOlson42,skipped,,,,,2026-04-06T12:00:23.373663
subframe7536,skipped,CN,,0,100,2026-04-06T12:00:29.789980
Muhammad-Asif10710,skipped,,,,,2026-04-06T12:00:47.990043
HitkoDev,skipped,,,,,2026-04-06T12:00:54.325055
Zahral996,skipped,,,,,2026-04-06T12:01:11.643631
yu-gordi,error,,,,,2026-04-06T12:01:14.358957
DariaAspie,error,,,,,2026-04-06T12:01:15.715452
Flyzeh,skipped,,,,,2026-04-06T12:01:34.360203
Meliorasimp,skipped,,,,,2026-04-06T12:01:49.821069
davebanerjee,scored,US,0.029,45,43,2026-04-06T12:02:02.072374
89JBWebb,skipped,,,,,2026-04-06T12:02:20.329389
zeinjaber,skipped,,,,,2026-04-06T12:02:26.065422
Jens-G,skipped,,,,,2026-04-06T12:02:34.945632
mmichie,scored,US,0.5422,18,82,2026-04-06T12:02:41.258311
AdityaKumarThakur12,skipped,,,,,2026-04-06T12:02:59.632223
iboB,skipped,BG,,,,2026-04-06T12:03:09.272691
Alif731,skipped,,,,,2026-04-06T12:03:27.435114
MaxPyvovarov,skipped,UA,,21,0,2026-04-06T12:03:46.827108
jlunn4,skipped,,,,,2026-04-06T12:03:49.623236
Zan1456,skipped,HU,,0,14,2026-04-06T12:03:58.632355
jibranjan,skipped,,,,,2026-04-06T12:04:16.193422
Deepshikha200,skipped,,,,,2026-04-06T12:04:34.143244
IvanMemo,skipped,,,,,2026-04-06T12:04:49.365736
Yeffet,skipped,,,,,2026-04-06T12:05:07.310179
Altermentality,skipped,,,,,2026-04-06T12:05:10.052608
jalal6d6f,skipped,,,,,2026-04-06T12:05:22.546166
DavidMStraub,skipped,DE,,0,0,2026-04-06T12:05:37.587427
jc-bao,skipped,,,,,2026-04-06T12:05:52.766161
kimdahee7,skipped,,,,,2026-04-06T12:06:10.679830
cjgajard,skipped,,,,,2026-04-06T12:06:28.844284
dattrinh0908,skipped,,,,,2026-04-06T12:06:43.479554
jpaolacardenas,skipped,,,,,2026-04-06T12:06:55.238161
KeSilent,error,,,,,2026-04-06T12:06:56.582850
GaLaHyClear,skipped,,,,,2026-04-06T12:07:05.281655
Mbola12,skipped,,,,,2026-04-06T12:07:08.183967
janhviwadhwa,skipped,,,,,2026-04-06T12:07:25.975017
RezhaCozy,skipped,,,,,2026-04-06T12:07:43.650335
Dima163163,skipped,,,,,2026-04-06T12:07:55.726759
Fescobarl,skipped,,,,,2026-04-06T12:08:07.768409
Georgi-Penev,skipped,,,,,2026-04-06T12:08:20.201136
hermanmoulo,error,,,,,2026-04-06T12:08:21.545359
jullienl,scored,FR,0.0237,56,44,2026-04-06T12:08:27.884968
albaintor,skipped,,,,,2026-04-06T12:08:33.888757
LenyPython,scored,PL,0.3192,63,7,2026-04-06T12:08:44.392247
AmrElzohairy,skipped,,,,,2026-04-06T12:09:02.449093
matthiasmohr,skipped,,,,,2026-04-06T12:09:20.845694
AbhishekMali21,skipped,IN,,0,0,2026-04-06T12:09:27.324309
uthrasri,skipped,,,,,2026-04-06T12:09:46.769845
SphenHe,skipped,CN,,2,98,2026-04-06T12:09:56.684592
MoonHeesun,skipped,KR,,0,25,2026-04-06T12:10:06.060170
nigelon11,skipped,,,,,2026-04-06T12:10:15.046922
iamlonelyplanet,skipped,UZ,,,,2026-04-06T12:10:23.785341
Bavoch,skipped,,,,,2026-04-06T12:10:41.975292
dfdevelloper,error,,,,,2026-04-06T12:10:43.306520
tblima26,skipped,,,,,2026-04-06T12:10:57.814129
daviddark13,error,,,,,2026-04-06T12:10:59.159558
KoTuK2306,skipped,RU,,91,0,2026-04-06T12:11:12.215583
Josephvazhae1,error,,,,,2026-04-06T12:11:13.553598
SHIBILA425,skipped,,,,,2026-04-06T12:11:32.467009
fedorov,skipped,US,,1,1,2026-04-06T12:11:39.392122
BinKeinSweater,skipped,,,,,2026-04-06T12:11:45.150421
tristanvong,scored,BE,0.0468,55,45,2026-04-06T12:12:03.575033
MehdiAliQoli,skipped,PK,,0,7,2026-04-06T12:12:21.570334
AswiniChirumamilla,skipped,,,,,2026-04-06T12:12:34.407612
babaiai,skipped,,,,,2026-04-06T12:12:43.909049
najiya1017,skipped,,,,,2026-04-06T12:13:01.862895
m-pru2561,error,,,,,2026-04-06T12:13:03.218830
colouredflower,error,,,,,2026-04-06T12:13:04.567037
dhanvanth342,skipped,,,,,2026-04-06T12:13:16.498656
Sylphar,skipped,,,,,2026-04-06T12:13:19.255470
CreamElDudJafar,skipped,,,,,2026-04-06T12:13:25.732268
sossygebremeskel,skipped,,,,,2026-04-06T12:13:37.470515
bettynjeri001,skipped,KE,,0,27,2026-04-06T12:13:55.297711
Dhyman-Choudhury,skipped,BD,,0,25,2026-04-06T12:14:13.362249
chenbuyi2019,skipped,,,,,2026-04-06T12:14:25.717690
OmairMairaj,skipped,,,,,2026-04-06T12:14:43.349609
JingMatrix,scored,FR,0.0588,25,59,2026-04-06T12:14:53.526195
codegeek004,skipped,,,,,2026-04-06T12:15:03.167530
JPMill,skipped,,,,,2026-04-06T12:15:20.714128
fouryoung,skipped,,,,,2026-04-06T12:15:32.690105
shengyanli1982,skipped,CN,,0,100,2026-04-06T12:15:39.678573
yzhou442,skipped,,,,,2026-04-06T12:15:48.689760
psielta,skipped,,,,,2026-04-06T12:16:07.515891
wensaqt,skipped,,,,,2026-04-06T12:16:26.404625
oliboubanLingoport,skipped,US,,0,0,2026-04-06T12:16:32.187244
cos-bcarrico,error,,,,,2026-04-06T12:16:34.893155
JohnMichaelD,skipped,US,,17,0,2026-04-06T12:16:50.785725
Sheheensyed,skipped,,,,,2026-04-06T12:17:08.542525
BejaouiSamy,skipped,FR,,0,62,2026-04-06T12:17:27.289846
tek,skipped,DE,,0,0,2026-04-06T12:17:45.344396
nvtai24,skipped,VN,,0,100,2026-04-06T12:18:01.081165
syncerpn,skipped,,,,,2026-04-06T12:18:19.306841
vitorwmoutinho,skipped,BR,,0,100,2026-04-06T12:18:25.519962
Bikerader,skipped,,,,,2026-04-06T12:18:38.494204
coolboy0961,skipped,JP,,2,0,2026-04-06T12:18:55.116475
ahmetsenocak23,skipped,,,,,2026-04-06T12:19:13.176679
AtlasBro,skipped,,,,,2026-04-06T12:19:24.848326
rugidocultural,skipped,,,,,2026-04-06T12:19:31.244644
sradevski,skipped,,,,,2026-04-06T12:19:50.026155
rudy-im,skipped,,,,,2026-04-06T12:19:52.981337
JacobHoldowsky,skipped,,,,,2026-04-06T12:20:05.201669
Daryxnet,skipped,,,,,2026-04-06T12:20:23.800906
FedeCappe95,skipped,IT,,1,0,2026-04-06T12:20:39.089401
apdk-jru,skipped,,,,,2026-04-06T12:20:41.888762
CruiseYuGH,skipped,,,,,2026-04-06T12:20:53.990576
luckydog-sunny,skipped,,,,,2026-04-06T12:21:03.461371
riddsep,skipped,,,,,2026-04-06T12:21:21.405984
bitsforpeace,skipped,,,,,2026-04-06T12:21:27.075194
popoiupeer,skipped,,,,,2026-04-06T12:21:42.870520
saroj-17,skipped,,,,,2026-04-06T12:22:01.610887
anthonymutuma,skipped,,,,,2026-04-06T12:22:19.533803
EmekaManuel,skipped,NG,,0,0,2026-04-06T12:22:37.088167
jragjx,error,,,,,2026-04-06T12:22:39.828582
sinsehwan,skipped,,,,,2026-04-06T12:22:57.982340
Pujan-khunt,skipped,,,,,2026-04-06T12:23:16.243459
nnadra,skipped,,,,,2026-04-06T12:23:34.168225
jpassing,skipped,AU,,0,0,2026-04-06T12:23:48.972594
JakobFerdinand,skipped,,,,,2026-04-06T12:23:55.962919
TonyPhipps,skipped,,,,,2026-04-06T12:24:02.641911
aliimranoffwork,skipped,,,,,2026-04-06T12:24:18.172200
vaibhavmehtaa,skipped,,,,,2026-04-06T12:24:33.359295
KaifAli-web,error,,,,,2026-04-06T12:24:36.074992
uekerman,skipped,,,,,2026-04-06T12:24:38.956335
qiang383009517,skipped,,,,,2026-04-06T12:24:51.607498
absurd100,skipped,,,,,2026-04-06T12:24:58.385488
snoopy3921,skipped,,,,,2026-04-06T12:25:16.952656
snehal1402,error,,,,,2026-04-06T12:25:18.481764
Maggie-M94,skipped,,,,,2026-04-06T12:25:25.341098
GPREC-CSE,skipped,,,,,2026-04-06T12:25:31.110007
sw-iot-himanshuparmar1,error,,,,,2026-04-06T12:25:33.827840
hrushw,skipped,,,,,2026-04-06T12:25:40.293162
charchit319,skipped,,,,,2026-04-06T12:25:49.158383
Aeja98,skipped,,,,,2026-04-06T12:26:07.553032
ENZOLEIVA222,skipped,,,,,2026-04-06T12:26:25.484980
ahmadezoji,skipped,TR,,1,0,2026-04-06T12:26:43.684588
licyk,skipped,,,,,2026-04-06T12:26:59.804188
xiaohuidu,skipped,,,,,2026-04-06T12:27:06.150627
Alex100797,skipped,,,,,2026-04-06T12:27:12.251600
elipietrangelo,skipped,,,,,2026-04-06T12:27:19.113450
sohaghamjah,skipped,BD,,0,0,2026-04-06T12:27:36.599286
hosseldin,skipped,EG,,0,0,2026-04-06T12:27:54.300195
hajimin10,skipped,,,,,2026-04-06T12:28:12.150895
Aparna1Gopal,scored,AU,0.0365,18,11,2026-04-06T12:28:27.776914
dkk934,skipped,,,,,2026-04-06T12:28:46.207832
Protogen187,skipped,AT,,0,3,2026-04-06T12:28:52.091652
alexmartinez1000,skipped,,,,,2026-04-06T12:28:58.356769
shidaozhi,skipped,,,,,2026-04-06T12:29:10.397365
zhengdeyi18,skipped,,,,,2026-04-06T12:29:16.957362
Zartan229,skipped,,,,,2026-04-06T12:29:26.600480
coolcrybaby,skipped,,,,,2026-04-06T12:29:42.767661
getDanielDiniz,skipped,,,,,2026-04-06T12:30:01.031320
gcbibek3353,skipped,IN,,3,36,2026-04-06T12:30:19.738845
MDSLuciano,error,,,,,2026-04-06T12:30:21.074508
eonist,skipped,NO,,0,0,2026-04-06T12:30:30.443233
elyerr,skipped,,,,,2026-04-06T12:30:39.743451
MinhAnh1401,skipped,,,,,2026-04-06T12:30:45.550695
mvimal2607,skipped,IN,,0,58,2026-04-06T12:32:13.993454
bruniibs,skipped,,,,,2026-04-06T12:32:23.804224
ShadyFyrix,skipped,,,,,2026-04-06T12:32:41.628977
granicoint,skipped,,,,,2026-04-06T12:32:50.432521
iamkpregmi,skipped,IN,,0,0,2026-04-06T12:33:08.128613
voklink,skipped,,,,,2026-04-06T12:33:22.878892
FatihZee,skipped,,,,,2026-04-06T12:33:41.376970
vladsoloo,skipped,,,,,2026-04-06T12:33:59.274018
redhat-qe-bot,error,,,,,2026-04-06T12:34:02.024650
Cristina-Colcha,skipped,,,,,2026-04-06T12:34:16.624616
fabseven,skipped,,,,,2026-04-06T12:34:22.914141
CRASHRPlatform,error,,,,,2026-04-06T12:34:25.650638
AnupDangi,skipped,IN,,0,21,2026-04-06T12:34:34.764376
mohamedgasteiz,skipped,,,,,2026-04-06T12:34:40.798127
serporion,skipped,,,,,2026-04-06T12:34:55.869513
ADILAHMEDSHAMIM,skipped,,,,,2026-04-06T12:35:13.526187
ekhadley,skipped,,,,,2026-04-06T12:35:25.666275
viiktory,skipped,UA,,0,90,2026-04-06T12:35:41.030241
PeterVasilopoulos,skipped,US,,8,0,2026-04-06T12:35:55.636708
27-Batman,skipped,NP,,0,53,2026-04-06T12:36:13.986303
wen-ye-xwz,skipped,,,,,2026-04-06T12:36:26.041732
tysaiwofc,error,,,,,2026-04-06T12:36:27.449261
fu-ori,skipped,JP,,0,34,2026-04-06T12:36:42.952754
Shiliew1,skipped,,,,,2026-04-06T12:36:48.546474
jeremytammik,skipped,CH,,0,0,2026-04-06T12:37:06.531409
cestpassion,skipped,,,,,2026-04-06T12:37:22.683406
gillibrand,scored,US,0.1357,10,6,2026-04-06T12:37:35.660668
Gaffomdz,skipped,,,,,2026-04-06T12:37:53.851724
dgp1130,skipped,US,,0,0,2026-04-06T12:38:12.086653
Uzyxen,skipped,PL,,0,100,2026-04-06T12:38:18.495907
DominiqueArensman,skipped,,,,,2026-04-06T12:38:27.882584
hang-yu-tufts,skipped,,,,,2026-04-06T12:38:33.488602
tgimond,skipped,,,,,2026-04-06T12:38:42.400185
Venil029,skipped,,,,,2026-04-06T12:39:00.756936
lnwwaveza007,skipped,,,,,2026-04-06T12:39:18.573539
anirudhs1010,skipped,US,,0,5,2026-04-06T12:39:30.179253
mn-42,skipped,,,,,2026-04-06T12:39:36.162357
MarioCaceresAbad,skipped,,,,,2026-04-06T12:39:54.470864
mehulrana5,skipped,,,,,2026-04-06T12:40:12.478925
drz-user,skipped,,,,,2026-04-06T12:40:18.581727
sobrjk,skipped,,,,,2026-04-06T12:40:27.637436
NattyHam,skipped,,,,,2026-04-06T12:40:37.208562
sampathtsk,skipped,,,,,2026-04-06T12:40:52.159377
AyaRadiata,skipped,,,,,2026-04-06T12:41:09.931945
Nole19,skipped,,,,,2026-04-06T12:41:26.072097
turboFei,skipped,,,,,2026-04-06T12:41:32.789778
imachange,scored,JP,0.0495,28,25,2026-04-06T12:41:49.574771
scatkit,error,,,,,2026-04-06T12:41:50.924052
david-mears-2,skipped,GB,,0,0,2026-04-06T12:41:53.899795
wOOL,skipped,,,,,2026-04-06T12:42:05.734137
art-tykh,skipped,,,,,2026-04-06T12:42:14.717092
zofienora,skipped,,,,,2026-04-06T12:42:27.780138
DAebJCL4k,skipped,,,,,2026-04-06T12:42:45.694251
frankwxu,skipped,,,,,2026-04-06T12:42:58.111474
xphil-22,skipped,,,,,2026-04-06T12:43:01.027769
schultetwin1,skipped,US,,0,0,2026-04-06T12:43:18.915333
dom1153,skipped,,,,,2026-04-06T12:43:37.392029
tomasfonta,skipped,AR,,8,0,2026-04-06T12:43:55.238599
ZqOlXN,skipped,,,,,2026-04-06T12:44:13.075842
CraigMyles,skipped,GB,,2,0,2026-04-06T12:44:31.550775
tim-ywliu,skipped,TW,,0,0,2026-04-06T12:44:37.911728
asilvadesigns,skipped,,,,,2026-04-06T12:44:50.064636
dkurowski-materna,error,,,,,2026-04-06T12:44:52.786866
pnlprys,skipped,,,,,2026-04-06T12:45:10.487282
newpee23,skipped,,,,,2026-04-06T12:45:28.370378
NHT020305,skipped,,,,,2026-04-06T12:45:40.693382
RachitSahu26,skipped,,,,,2026-04-06T12:45:58.945064
galasky05,skipped,,,,,2026-04-06T12:46:16.678882
danog,skipped,IT,,5,0,2026-04-06T12:46:26.584073
cpsbro,skipped,,,,,2026-04-06T12:46:43.957495
HashBukhtiar,skipped,CA,,27,0,2026-04-06T12:47:01.978016
DipStax,scored,FR,0.0766,53,22,2026-04-06T12:47:18.428495
andznui,skipped,,,,,2026-04-06T12:47:21.174388
00b7ce,skipped,JP,,46,0,2026-04-06T12:47:39.643913
andrejpavlovic,skipped,CA,,0,0,2026-04-06T12:47:55.098168
scholar-star,skipped,,,,,2026-04-06T12:48:14.116999
Ricardovp21,skipped,,,,,2026-04-06T12:48:37.167277
seheonnn,skipped,,,,,2026-04-06T12:48:55.729536
jiechen0826,skipped,US,,0,0,2026-04-06T12:48:58.664578
williamhgg03,skipped,,,,,2026-04-06T12:49:13.983862
SarthakGajera,skipped,,,,,2026-04-06T12:49:31.841557
LautaroLeall,skipped,,,,,2026-04-06T12:49:39.046161
jinanthony,skipped,,,,,2026-04-06T12:49:53.745234
Jmhomedecor,skipped,,,,,2026-04-06T12:49:59.495986
Adryan-Honorato,skipped,,,,,2026-04-06T12:50:14.266466
fahim-04,skipped,BD,,0,62,2026-04-06T12:50:32.365082
AJarman,skipped,GB,,54,3,2026-04-06T12:50:42.791161
PacchaDavid,skipped,,,,,2026-04-06T12:50:52.556297
shardaborkar,skipped,,,,,2026-04-06T12:51:10.636872
j0rem0rV2,skipped,,,,,2026-04-06T12:51:25.978238
Secastian,skipped,,,,,2026-04-06T12:51:34.859443
prince7858,skipped,,,,,2026-04-06T12:51:43.934999
jacobnicked,scored,CA,0.0544,20,21,2026-04-06T12:51:59.939468
fartmanlikesmen,error,,,,,2026-04-06T12:52:01.281193
davizerass,error,,,,,2026-04-06T12:52:03.983255
Ashis1811,skipped,IN,,0,60,2026-04-06T12:52:22.430741
HunchoThePacker,error,,,,,2026-04-06T12:52:23.776141
zhenliuZJU,skipped,,,,,2026-04-06T12:52:35.806449
MaxH217,error,,,,,2026-04-06T12:52:38.517825
boddy2k,skipped,,,,,2026-04-06T12:52:47.634056
kenlzh1996,skipped,,,,,2026-04-06T12:53:00.467810
Lamiaaa867,skipped,,,,,2026-04-06T12:53:18.319522
designcork,skipped,,,,,2026-04-06T12:53:24.777390
migekun,skipped,,,,,2026-04-06T12:53:42.607045
nicevsnamy,skipped,,,,,2026-04-06T12:54:01.078196
firsi,skipped,,,,,2026-04-06T12:54:18.522598
robotastic,skipped,US,,0,0,2026-04-06T12:54:30.108161
ai4castinghub-admin,skipped,,,,,2026-04-06T12:54:39.313305
Denis-Dudda,skipped,,,,,2026-04-06T12:54:48.569827
saxxas88,skipped,,,,,2026-04-06T12:55:06.639983
hyukjunkim1116,skipped,,,,,2026-04-06T12:55:12.578669
gabrielmania,skipped,,,,,2026-04-06T12:55:21.667457
LarzyyyXD,skipped,,,,,2026-04-06T12:55:40.182058
DreddSoft,skipped,,,,,2026-04-06T12:55:59.313192
riderx,skipped,,,,,2026-04-06T12:56:08.971994
harshavmb,skipped,,,,,2026-04-06T12:56:26.483311
agent17700,error,,,,,2026-04-06T12:56:29.202583
MartinLNoel,skipped,,,,,2026-04-06T12:56:46.716667
jameshsu1125,skipped,TW,,33,4,2026-04-06T12:57:02.679658
Jana-Alrzoog,skipped,,,,,2026-04-06T12:57:17.984038
y3nita,error,,,,,2026-04-06T12:57:20.708958
JothishKamal,skipped,,,,,2026-04-06T12:57:33.047986
j-andrews7,skipped,US,,0,0,2026-04-06T12:57:42.445573
devolusegun,skipped,,,,,2026-04-06T12:57:51.255950
Hire-Hoffee,error,,,,,2026-04-06T12:57:52.586154
kjm541006,skipped,,,,,2026-04-06T12:58:10.895784
A9held,skipped,,,,,2026-04-06T12:58:28.915378
avijitghosh11,error,,,,,2026-04-06T12:58:30.248608
N-Wouda,skipped,,,,,2026-04-06T12:58:40.033110
Yuipoll,skipped,,,,,2026-04-06T12:58:42.876788
Ruchijibhakate,skipped,,,,,2026-04-06T12:58:49.512794
marcbuils,skipped,FR,,0,0,2026-04-06T12:59:04.995832
AdrienDuval,skipped,,,,,2026-04-06T12:59:17.405861
Colifaa,skipped,AR,,4,0,2026-04-06T12:59:29.042455
joshuafontany,skipped,,,,,2026-04-06T12:59:41.523347
mlysaght2017,skipped,FR,,0,0,2026-04-06T12:59:56.265818
aditya-bhuyan,skipped,IN,,0,0,2026-04-06T13:00:10.921313
Misha00025,skipped,RU,,0,100,2026-04-06T13:00:17.398919
ElevateRacing,skipped,,,,,2026-04-06T13:00:27.194049
elgunshukurov,skipped,,,,,2026-04-06T13:00:45.253362
dsak6,skipped,,,,,2026-04-06T13:00:50.947572
LorryAfriyie,skipped,ZA,,3,0,2026-04-06T13:01:09.097645
nikunjcodes,skipped,,,,,2026-04-06T13:01:27.092613
mamcx,skipped,CO,,0,0,2026-04-06T13:01:33.017507
Solene117,skipped,,,,,2026-04-06T13:01:45.718246
Akshaymishra3141,skipped,,,,,2026-04-06T13:02:04.128642
lucashub5,skipped,AR,,14,0,2026-04-06T13:02:22.109906
DevSeldron,skipped,,,,,2026-04-06T13:02:36.966415
alvaroswdn,skipped,ID,,0,41,2026-04-06T13:02:52.377052
JustRedeyes,error,,,,,2026-04-06T13:02:55.093087
Ash0543,skipped,,,,,2026-04-06T13:03:01.155572
Lynmax-OSS,skipped,,,,,2026-04-06T13:03:19.534668
Mifuyuu,skipped,,,,,2026-04-06T13:03:35.571620
BonifacioCalindoro,skipped,,,,,2026-04-06T13:03:41.585270
code-abdulrehman,skipped,PK,,0,71,2026-04-06T13:03:57.355676
lynccc1,skipped,,,,,2026-04-06T13:04:03.816095
paradx,skipped,DE,,0,0,2026-04-06T13:04:12.576282
Mav-Ivan,skipped,,,,,2026-04-06T13:04:30.632596
jctperico1,skipped,,,,,2026-04-06T13:04:42.860223
Javier-Utrera,skipped,,,,,2026-04-06T13:05:01.404383
gracee331,skipped,,,,,2026-04-06T13:05:11.040666
jboca37,skipped,,,,,2026-04-06T13:05:29.721795
semoyl,skipped,,,,,2026-04-06T13:05:47.678122
baiyangzuoshu,skipped,,,,,2026-04-06T13:06:06.093372
2unmini,skipped,,,,,2026-04-06T13:06:12.380773
SHIELD78,error,,,,,2026-04-06T13:06:13.724021
FGFERNAN,skipped,,,,,2026-04-06T13:06:20.946824
airtonix,skipped,,,,,2026-04-06T13:06:38.915741
safierinx-a,skipped,,,,,2026-04-06T13:06:57.336640
techniq,skipped,,,,,2026-04-06T13:07:00.248426
markuskreukniet,skipped,NL,,0,0,2026-04-06T13:07:09.725868
cshenry,skipped,,,,,2026-04-06T13:07:16.411199
angela192,skipped,,,,,2026-04-06T13:07:22.287779
AlgoZenithNITC,skipped,,,,,2026-04-06T13:07:32.151298
Minh2k3,skipped,,,,,2026-04-06T13:07:46.849085
byronBBL,skipped,CN,,0,100,2026-04-06T13:07:58.242815
prophecy-git-testing,skipped,,,,,2026-04-06T13:08:03.876217
leijavaagexo,error,,,,,2026-04-06T13:08:05.213559
Louguiman,skipped,,,,,2026-04-06T13:08:17.078860
nitro-pro-crack-key,error,,,,,2026-04-06T13:08:18.426825
bjoernricks,skipped,DE,,0,0,2026-04-06T13:08:27.964220
noricha-vr,skipped,,,,,2026-04-06T13:08:34.406223
Elghiffari28,skipped,,,,,2026-04-06T13:08:52.578080
KristianMihailov7,skipped,,,,,2026-04-06T13:09:11.034393
jiahuili430,skipped,,,,,2026-04-06T13:09:17.151405
AnaHill,scored,FI,0.2844,94,6,2026-04-06T13:09:33.108339
Queball110,skipped,US,,0,100,2026-04-06T13:09:39.431775
mohcine-khettou,skipped,,,,,2026-04-06T13:09:57.335969
SmoCloud,skipped,,,,,2026-04-06T13:10:07.055074
bencoronard,skipped,TH,,2,31,2026-04-06T13:10:25.664342
brewmanz,skipped,,,,,2026-04-06T13:10:28.758282
QuentinMariat,skipped,,,,,2026-04-06T13:10:35.267773
polatbilal,skipped,TR,,0,100,2026-04-06T13:10:44.829597
rebecabernal,skipped,,,,,2026-04-06T13:11:03.258007
Aliareya,skipped,,,,,2026-04-06T13:11:22.101862
Sachinku94,skipped,,,,,2026-04-06T13:11:40.395894
edsonbjrsensedia,skipped,,,,,2026-04-06T13:11:49.335913
G0ldenDragon,skipped,,,,,2026-04-06T13:12:04.819906
fbaldassarri,skipped,IT,,0,0,2026-04-06T13:12:17.203402
SuhairiSuhaimi,skipped,,,,,2026-04-06T13:12:29.427142
dustin-decker,skipped,US,,0,0,2026-04-06T13:12:41.688271
Francisco-Solano,skipped,,,,,2026-04-06T13:12:59.833690
Wolfe-Jam,skipped,,,,,2026-04-06T13:13:09.616300
eyronjuude,skipped,,,,,2026-04-06T13:13:24.748271
oliver006,skipped,,,,,2026-04-06T13:13:45.896190
pkresoja,skipped,,,,,2026-04-06T13:14:04.515676
zainulnazir,skipped,,,,,2026-04-06T13:14:19.857757
shellyACM,skipped,,,,,2026-04-06T13:14:28.662195
tmshort,skipped,,,,,2026-04-06T13:14:34.604556
alexlarsson,skipped,SE,,0,0,2026-04-06T13:14:40.769664
xinhaiqielan1,skipped,,,,,2026-04-06T13:14:43.727131
Kent-1025,skipped,,,,,2026-04-06T13:14:49.521193
JohnMadhan07,skipped,,,,,2026-04-06T13:15:02.272762
Deznom,skipped,,,,,2026-04-06T13:15:14.279073
wallydevgg,skipped,,,,,2026-04-06T13:15:32.419888
devthejo,skipped,FR,,2,0,2026-04-06T13:15:50.864609
RujulUmrainiya,skipped,,,,,2026-04-06T13:16:09.394363
mrkemak,skipped,,,,,2026-04-06T13:16:12.188586
mohitjc,skipped,,,,,2026-04-06T13:16:30.875893
going-confetti,skipped,DE,,0,5,2026-04-06T13:16:39.652372
dbp-bot,error,,,,,2026-04-06T13:16:42.408101
mhelhali-soufien,skipped,,,,,2026-04-06T13:16:48.130397
David-Salazar-1082,skipped,,,,,2026-04-06T13:17:06.372240
nm2re,skipped,,,,,2026-04-06T13:17:25.052115
JuanFrita,skipped,,,,,2026-04-06T13:17:43.529060
marcelo-mlv,scored,BR,0.2038,19,81,2026-04-06T13:18:02.486208
popshia,skipped,TW,,0,0,2026-04-06T13:18:20.060229
caiolrosa,skipped,,,,,2026-04-06T13:18:37.462676
donaltuohy,skipped,,,,,2026-04-06T13:18:52.741585
edine-noella,skipped,,,,,2026-04-06T13:19:04.805078
skoc10,skipped,,,,,2026-04-06T13:19:17.855198
maxim-eyengue,skipped,,,,,2026-04-06T13:19:36.970102
Mardiat-Iman,skipped,,,,,2026-04-06T13:19:49.322440
sengoku-f,skipped,,,,,2026-04-06T13:19:55.328078
RobertoRDT,skipped,,,,,2026-04-06T13:20:04.849441
Intan3005,skipped,,,,,2026-04-06T13:20:22.729099
Kauan123z456,error,,,,,2026-04-06T13:20:24.076344
BelovSA,skipped,,,,,2026-04-06T13:20:30.218936
YEONGORI,skipped,,,,,2026-04-06T13:20:42.797100
Kunalp1212,skipped,,,,,2026-04-06T13:21:00.857328
rebornay,scored,NG,0.041,6,27,2026-04-06T13:21:18.437351
PARVATHY0810,skipped,,,,,2026-04-06T13:21:36.368599
FilipVuletic-Antic,error,,,,,2026-04-06T13:21:39.171250
saramolchanova,error,,,,,2026-04-06T13:21:40.524517
geozeke,skipped,,,,,2026-04-06T13:21:51.219756
Eschults,skipped,FR,,0,0,2026-04-06T13:22:09.057265
villepaukkunen,skipped,,,,,2026-04-06T13:22:16.936923
lpopedv,skipped,,,,,2026-04-06T13:22:23.279039
ym001,skipped,,,,,2026-04-06T13:22:41.406821
sammy1997776,skipped,,,,,2026-04-06T13:22:44.175657
Lemon-Liu,skipped,,,,,2026-04-06T13:22:50.039027
Manuel-O-12,skipped,,,,,2026-04-06T13:23:08.448268
Darasxs,skipped,,,,,2026-04-06T13:23:26.023423
TownSparrow,skipped,,,,,2026-04-06T13:23:44.008617
yyyy1226,skipped,,,,,2026-04-06T13:23:56.401784
lanaoliveira2020,skipped,,,,,2026-04-06T13:24:14.803932
panitakm,error,,,,,2026-04-06T13:24:17.712867
newyork-times,skipped,,,,,2026-04-06T13:24:23.641310
Ygria,skipped,,,,,2026-04-06T13:24:38.741435
iTuners,skipped,,,,,2026-04-06T13:24:56.784774
anmarmo1,error,,,,,2026-04-06T13:24:59.490844
timothycarambat,skipped,,,,,2026-04-06T13:25:17.058354
zeno-citiulo,skipped,,,,,2026-04-06T13:25:34.818416
jiatingyu,skipped,,,,,2026-04-06T13:25:52.683154
masch,skipped,,,,,2026-04-06T13:25:58.705258
JasAlarcon,skipped,,,,,2026-04-06T13:26:13.568969
PedroTadim,skipped,,,,,2026-04-06T13:26:19.336824
gamba,skipped,,,,,2026-04-06T13:26:31.673167
dsdred,scored,RU,0.0372,10,34,2026-04-06T13:26:46.718015
jobetancur,skipped,CO,,42,0,2026-04-06T13:27:04.683352
mickafa,skipped,,,,,2026-04-06T13:27:11.600486
Shaier,skipped,,,,,2026-04-06T13:27:18.223382
m-sekret,skipped,,,,,2026-04-06T13:27:35.983354
Barugon,skipped,,,,,2026-04-06T13:27:43.182629
hheidstra-prog,skipped,,,,,2026-04-06T13:28:01.062004
DeveloperTiwariji,skipped,,,,,2026-04-06T13:28:19.209945
PhilipU,skipped,,,,,2026-04-06T13:28:26.787356
Karthik-Thota,skipped,,,,,2026-04-06T13:28:42.082383
Adarsh-ShreeNandik,skipped,,,,,2026-04-06T13:28:47.717331
wesleymth,skipped,,,,,2026-04-06T13:29:00.191005
gabrielebnc,scored,IT,0.029,73,27,2026-04-06T13:29:19.084531
arthur791004,skipped,,,,,2026-04-06T13:29:37.102118
AleyMon,skipped,,,,,2026-04-06T13:29:49.224090
rolang,skipped,VN,,0,0,2026-04-06T13:30:03.704686
Bren2010,skipped,US,,0,0,2026-04-06T13:30:21.494553
imix,skipped,,,,,2026-04-06T13:30:36.394199
VuHung1001,error,,,,,2026-04-06T13:30:37.730754
metachris,skipped,AT,,0,0,2026-04-06T13:30:55.288292
mini-min,skipped,,,,,2026-04-06T13:31:01.349317
huynguyenj,skipped,,,,,2026-04-06T13:31:14.821626
Praj-17,skipped,IN,,20,0,2026-04-06T13:31:33.105278
Sphereuz,skipped,,,,,2026-04-06T13:31:42.175127
Alexecz,skipped,,,,,2026-04-06T13:31:49.114964
DimBottom,skipped,,,,,2026-04-06T13:31:58.136270
aravindr001,skipped,IN,,78,0,2026-04-06T13:32:10.592428
aamohd,error,,,,,2026-04-06T13:32:13.313528
VY-1,skipped,,,,,2026-04-06T13:32:30.872307
klaustopher,scored,DE,0.2071,16,10,2026-04-06T13:32:44.014669
ahmedoukhlil,skipped,,,,,2026-04-06T13:33:01.889961
yashcode77,skipped,IN,,16,1,2026-04-06T13:33:14.359272
LegoFigure11,skipped,,,,,2026-04-06T13:33:20.163230
ZeyKra,error,,,,,2026-04-06T13:33:21.498512
shxblx,skipped,,,,,2026-04-06T13:33:40.319667
GoranWall,error,,,,,2026-04-06T13:33:43.037522
quickwayelectric,skipped,,,,,2026-04-06T13:33:48.839797
AllanAcostaM,skipped,,,,,2026-04-06T13:34:03.791493
WIDEROZ,skipped,,,,,2026-04-06T13:34:10.273569
ddcsoftdev,skipped,,,,,2026-04-06T13:34:19.879848
kwade4,skipped,CA,,27,1,2026-04-06T13:34:32.900307
thepablosantos,scored,IE,0.036,44,53,2026-04-06T13:34:51.893125
Prudence-Levison,skipped,,,,,2026-04-06T13:35:06.800288
ranaayushman,skipped,,,,,2026-04-06T13:35:25.221273
DiamondD7,skipped,NZ,,100,0,2026-04-06T13:35:44.247288
janderssonse,skipped,SE,,0,0,2026-04-06T13:35:50.250882
Lyxnx,skipped,GB,,0,100,2026-04-06T13:35:57.601746
poing,skipped,JP,,0,0,2026-04-06T13:36:12.595325
PPJUST,skipped,,,,,2026-04-06T13:36:22.413191
whitenrock,skipped,,,,,2026-04-06T13:36:28.570145
j4-m,skipped,GB,,0,0,2026-04-06T13:36:43.635966
Samprith-Gowda,skipped,,,,,2026-04-06T13:37:01.788438
RedTowerInc,skipped,,,,,2026-04-06T13:37:10.700879
Nifnat,skipped,,,,,2026-04-06T13:37:19.806740
Abba0113,skipped,,,,,2026-04-06T13:37:25.779645
ayushikriplani,skipped,,,,,2026-04-06T13:37:43.477907
neuroticks,skipped,,,,,2026-04-06T13:38:01.849888
Coder1000000-ctrl,skipped,,,,,2026-04-06T13:38:10.974075
Mathilde-J,skipped,FR,,0,0,2026-04-06T13:38:23.438675
meir,scored,NL,0.0987,14,75,2026-04-06T13:38:40.410671
Arnold-In-Tech,skipped,ES,,0,0,2026-04-06T13:38:43.372085
bravebeaver,skipped,,,,,2026-04-06T13:38:49.457344
etnoy,skipped,SE,,0,0,2026-04-06T13:38:58.601771
dtmkeng,skipped,,,,,2026-04-06T13:39:16.152893
Shweta182,skipped,,,,,2026-04-06T13:39:25.120325
chemisovKA,skipped,,,,,2026-04-06T13:39:30.805318
MUX-enjoyer,skipped,,,,,2026-04-06T13:39:49.699249
Ishan-gulkotwar,skipped,,,,,2026-04-06T13:40:01.896618
aryndraa,skipped,,,,,2026-04-06T13:40:20.213841
Kalaww,skipped,,,,,2026-04-06T13:40:37.645955
yorukot,skipped,TW,,1,33,2026-04-06T13:40:56.901673
ihsaan-ullah,scored,FR,0.0383,29,6,2026-04-06T13:41:16.192650
goeminic,skipped,,,,,2026-04-06T13:41:34.332995
Arkadi96,skipped,,,,,2026-04-06T13:41:52.487714
zpuller,skipped,,,,,2026-04-06T13:42:05.531105
capthilo,error,,,,,2026-04-06T13:42:08.259210
loic-rouzaud,skipped,FR,,0,100,2026-04-06T13:42:26.798366
roman-stolar,skipped,,,,,2026-04-06T13:42:32.733577
creativeeyestudio,skipped,,,,,2026-04-06T13:42:49.003528
kwcckw,skipped,MY,,0,0,2026-04-06T13:42:58.269644
SystemError239,skipped,,,,,2026-04-06T13:43:13.730399
manishvenu,skipped,,,,,2026-04-06T13:43:23.765625
DavidHDev,skipped,,,,,2026-04-06T13:43:34.852623
umg-art,skipped,,,,,2026-04-06T13:43:43.564557
m4ttek,skipped,PL,,0,0,2026-04-06T13:43:58.761917
ZyadWKhedr,skipped,,,,,2026-04-06T13:44:17.016535
bbillot1,error,,,,,2026-04-06T13:44:19.736890
strahlermann,skipped,,,,,2026-04-06T13:44:25.619246
VIPigeon,skipped,,,,,2026-04-06T13:44:41.169827
lzy1079655353,error,,,,,2026-04-06T13:44:43.869014
TeejMcSteez,skipped,US,,1,23,2026-04-06T13:45:02.423119
ramiro999,skipped,,,,,2026-04-06T13:45:21.464731
GabrielGmz,skipped,,,,,2026-04-06T13:45:39.223336
latestbob,skipped,NG,,0,0,2026-04-06T13:45:54.091274
pernielsentikaer,skipped,DK,,0,0,2026-04-06T13:45:56.979691
stoth68000,skipped,US,,0,0,2026-04-06T13:45:59.915253
krishnasharma4415,skipped,,,,,2026-04-06T13:46:19.240399
devhassan17,skipped,PK,,0,25,2026-04-06T13:46:37.523509
torrescusa05,skipped,,,,,2026-04-06T13:46:43.785509
younesali0,error,,,,,2026-04-06T13:46:45.129130
CasperJarhult,skipped,,,,,2026-04-06T13:46:53.965849
IgorBiesiada,skipped,,,,,2026-04-06T13:47:12.002198
FJalex-98,skipped,,,,,2026-04-06T13:47:17.991876
Unariginal,skipped,,,,,2026-04-06T13:47:37.301476
nigosto,skipped,BG,,,,2026-04-06T13:47:56.779666
Mateo-Lemercier,scored,FR,0.0399,18,9,2026-04-06T13:48:15.107842
giangvt1,skipped,,,,,2026-04-06T13:48:22.017690
kekoziar,skipped,,,,,2026-04-06T13:48:34.684577
sebriede6,skipped,,,,,2026-04-06T13:48:53.897373
JulioSomarriba,skipped,,,,,2026-04-06T13:49:08.665747
Martand03,skipped,IN,,21,0,2026-04-06T13:49:26.512743
MUSTAFA892,skipped,IN,,0,12,2026-04-06T13:49:41.490277
sergifiUVa,skipped,,,,,2026-04-06T13:49:50.813595
mirotriad,skipped,,,,,2026-04-06T13:49:56.556685
alienstro,skipped,PH,,5,0,2026-04-06T13:50:11.627575
Nahid44332,skipped,,,,,2026-04-06T13:50:29.756313
DuncanRuns,skipped,,,,,2026-04-06T13:50:44.424764
marastadler,skipped,DE,,19,0,2026-04-06T13:50:56.975436
Rei-do-Burguer,skipped,,,,,2026-04-06T13:51:06.341746
4AuUh9U,skipped,,,,,2026-04-06T13:51:24.619376
antonlazurko,skipped,,,,,2026-04-06T13:51:42.786222
whereispolaris,skipped,US,,0,0,2026-04-06T13:51:51.633598
calvernaz,skipped,IE,,5,2,2026-04-06T13:52:09.369374
maheshk01,skipped,,,,,2026-04-06T13:52:27.386053
KraMorK,skipped,,,,,2026-04-06T13:52:36.100443
sgahovey,skipped,,,,,2026-04-06T13:52:53.654429
davidmolinacano,error,,,,,2026-04-06T13:52:56.351246
sun-arlu,skipped,,,,,2026-04-06T13:52:59.127296
abbouformations,skipped,,,,,2026-04-06T13:53:22.391979
BYGX-wcr,skipped,,,,,2026-04-06T13:53:34.415534
yukimarupi,error,,,,,2026-04-06T13:53:35.751813
MopLand,skipped,CN,,4,54,2026-04-06T13:53:45.103474
timrobins2018,skipped,,,,,2026-04-06T13:53:50.965024
SolanaMemeDev,skipped,,,,,2026-04-06T13:53:57.196826
Neilrw86,skipped,,,,,2026-04-06T13:54:15.791072
samuelvitorr,skipped,BR,,0,41,2026-04-06T13:54:33.806886
saint0x,skipped,,,,,2026-04-06T13:54:51.591468
adzm,skipped,,,,,2026-04-06T13:55:06.583827
nichengbuya,skipped,,,,,2026-04-06T13:55:24.782400
ultra-passion-fruit,skipped,,,,,2026-04-06T13:55:43.845591
atrium1983,skipped,,,,,2026-04-06T13:55:58.619352
hzcheng,skipped,,,,,2026-04-06T13:56:16.468895
gjung20,skipped,,,,,2026-04-06T13:56:28.356048
navneet-mkr,skipped,,,,,2026-04-06T13:56:40.273534
Thijs529702,skipped,,,,,2026-04-06T13:56:46.590260
fedegr,skipped,DE,,0,100,2026-04-06T13:56:52.920559
ErfanMalakouti,skipped,IR,,,,2026-04-06T13:57:11.011763
Deazy06,skipped,,,,,2026-04-06T13:57:26.316701
Nerdiyde,skipped,DE,,23,0,2026-04-06T13:57:35.508557
EfratGar,skipped,,,,,2026-04-06T13:57:54.598111
vennDiagramm,skipped,,,,,2026-04-06T13:58:12.925744
patrickthibaudeau,skipped,CA,,0,0,2026-04-06T13:58:30.868702
realkyr,skipped,TH,,0,0,2026-04-06T13:58:46.021774
juanej88,skipped,AU,,0,0,2026-04-06T13:59:01.296196
rajdip-i,skipped,IN,,0,24,2026-04-06T13:59:19.511439
duplixx,skipped,IN,,0,0,2026-04-06T13:59:22.435386
samIRaahmeD6,skipped,,,,,2026-04-06T13:59:37.312309
HALQME,skipped,,,,,2026-04-06T13:59:49.825222
zapta,skipped,,,,,2026-04-06T14:00:08.823746
Kamarprofesor,error,,,,,2026-04-06T14:00:10.163776
tranhuumanh,skipped,,,,,2026-04-06T14:00:28.474282
yannlossouarn,skipped,FR,,0,22,2026-04-06T14:00:40.349770
OhJiKang,skipped,,,,,2026-04-06T14:00:58.237706
whathedogding,skipped,,,,,2026-04-06T14:01:03.971856
Delo95,skipped,,,,,2026-04-06T14:01:13.124228
20HyeonsuLee,skipped,,,,,2026-04-06T14:01:30.944739
Vampire,skipped,DE,,0,0,2026-04-06T14:01:33.793883
ZealRa,skipped,,,,,2026-04-06T14:01:51.468991
NewName4Me,error,,,,,2026-04-06T14:01:52.805141
ConjuringFire,skipped,AU,,0,33,2026-04-06T14:02:11.329759
extrawurst,skipped,,,,,2026-04-06T14:02:17.104270
ambikad04,skipped,IN,,0,39,2026-04-06T14:02:35.421771
Rachhanabaliga28,skipped,,,,,2026-04-06T14:02:53.812364
dbwhdtjr0457,skipped,,,,,2026-04-06T14:03:06.086353
rerere28,skipped,,,,,2026-04-06T14:03:14.813076
SthFromMars,skipped,,,,,2026-04-06T14:03:31.089144
hernanymotoso,skipped,,,,,2026-04-06T14:03:48.765041
saif87211,scored,IN,0.0291,38,39,2026-04-06T14:04:07.852809
Binu-dubey,skipped,,,,,2026-04-06T14:04:25.771119
togglebyte,skipped,,,,,2026-04-06T14:04:45.031592
libertus21,skipped,,,,,2026-04-06T14:05:01.626842
nnminh-sam,skipped,VN,,63,0,2026-04-06T14:05:19.688185
Pablo-Carreras,skipped,,,,,2026-04-06T14:05:25.915706
Prakash-28,skipped,,,,,2026-04-06T14:05:44.038800
JonathanBrunel,skipped,,,,,2026-04-06T14:05:50.464857
Griselandradev,skipped,,,,,2026-04-06T14:06:05.455625
Jackeemkin11,skipped,,,,,2026-04-06T14:06:11.377330
adanguerra1990,skipped,,,,,2026-04-06T14:06:29.128362
LHT082024,skipped,,,,,2026-04-06T14:06:46.734632
erase2004,scored,TW,0.0548,65,15,2026-04-06T14:06:56.735864
Smithomness,skipped,,,,,2026-04-06T14:07:03.511782
hasa1K,skipped,,,,,2026-04-06T14:07:19.019374
SoumyadipOjha,skipped,,,,,2026-04-06T14:07:38.449310
hunty-atu,skipped,IE,,19,3,2026-04-06T14:07:50.697973
biaberganton,skipped,,,,,2026-04-06T14:07:56.689617
tomevs88,skipped,,,,,2026-04-06T14:08:02.359109
shahradbm,skipped,,,,,2026-04-06T14:08:11.986371
ad-code-2425,skipped,,,,,2026-04-06T14:08:29.881436
Maithreyi17,skipped,,,,,2026-04-06T14:08:48.366095
astrochristian,skipped,GB,,0,100,2026-04-06T14:08:55.255767
Uyanide,skipped,,,,,2026-04-06T14:09:10.438130
TabuGit,skipped,,,,,2026-04-06T14:09:16.347697
QuanGiap,skipped,,,,,2026-04-06T14:09:35.220425
eggplants,skipped,JP,,0,0,2026-04-06T14:09:44.747834
woogym,skipped,KR,,3,0,2026-04-06T14:09:50.654395
cootook,skipped,,,,,2026-04-06T14:10:03.869622
richardr1126,skipped,US,,14,0,2026-04-06T14:10:22.615374
alextserepov,skipped,FI,,3,45,2026-04-06T14:10:31.720880
Morpheusmmt,skipped,BR,,0,23,2026-04-06T14:10:47.376504
Anil-Ertan,error,,,,,2026-04-06T14:10:50.094866
365Connected,skipped,,,,,2026-04-06T14:10:52.983759
nyqykk,skipped,CN,,0,0,2026-04-06T14:11:02.492371
DavidLapous,skipped,,,,,2026-04-06T14:11:13.353585
ManuelFranco,skipped,,,,,2026-04-06T14:11:29.103643
Adong-o,skipped,,,,,2026-04-06T14:11:46.972645
patrick-cannon,skipped,,,,,2026-04-06T14:12:05.504413
AleScar1,skipped,,,,,2026-04-06T14:12:23.340077
jaowzy,skipped,,,,,2026-04-06T14:12:41.083998
kye1229,skipped,,,,,2026-04-06T14:12:47.556687
sebhofmann,skipped,DE,,0,0,2026-04-06T14:12:59.328370
zepingwong,skipped,,,,,2026-04-06T14:13:11.845125
miroks404,skipped,,,,,2026-04-06T14:13:18.914738
robinson-97,skipped,,,,,2026-04-06T14:13:37.332942
MennovdLinde,skipped,,,,,2026-04-06T14:13:43.917031
raoni111,skipped,BR,,64,0,2026-04-06T14:14:03.690761
Utrosa,skipped,,,,,2026-04-06T14:14:16.458706
Fukuda097548205980248520795274,skipped,,,,,2026-04-06T14:14:35.671348
mattlawnz,skipped,NZ,,0,0,2026-04-06T14:14:41.737902
JuanLoLuna,skipped,US,,0,0,2026-04-06T14:14:47.729008
douglasnevesdev,error,,,,,2026-04-06T14:14:49.060231
ywang289,skipped,,,,,2026-04-06T14:14:57.834803
Jaseel-trenser,error,,,,,2026-04-06T14:15:00.725793
yonz2,skipped,DE,,17,0,2026-04-06T14:15:09.883114
RyanHSL,skipped,,,,,2026-04-06T14:15:12.841672
ahmadkadri,skipped,,,,,2026-04-06T14:15:15.639811
SamiraMSadat,skipped,,,,,2026-04-06T14:15:24.959209
alonso06,skipped,,,,,2026-04-06T14:15:40.457443
EKonst256,skipped,,,,,2026-04-06T14:15:55.110417
chandra8120,skipped,,,,,2026-04-06T14:16:12.691780
antcordero,skipped,ES,,0,14,2026-04-06T14:16:25.018333
flaviare1s,skipped,,,,,2026-04-06T14:16:37.640027
luigi10082002,skipped,,,,,2026-04-06T14:16:56.497135
salpalgal,skipped,,,,,2026-04-06T14:17:13.993795
artem-lifshits,skipped,ES,,3,0,2026-04-06T14:17:19.843353
klldtest,skipped,,,,,2026-04-06T14:17:29.160458
KonWooKim,skipped,,,,,2026-04-06T14:17:41.866790
MerikeR,skipped,,,,,2026-04-06T14:17:57.012877
vinayakrao28,skipped,,,,,2026-04-06T14:18:12.765025
MadHamster21,skipped,,,,,2026-04-06T14:18:31.013027
ayrat555,skipped,,,,,2026-04-06T14:18:49.108708
stoogoff,skipped,GB,,0,0,2026-04-06T14:19:01.200454
SaraIsaid,skipped,,,,,2026-04-06T14:19:19.298880
jason32456,skipped,,,,,2026-04-06T14:19:31.500567
Grandmaster10,skipped,,,,,2026-04-06T14:19:37.641927
siobaldev,skipped,PH,,0,100,2026-04-06T14:19:47.436614
dhaanish597,skipped,,,,,2026-04-06T14:20:02.476700
mirza-garibovic,skipped,,,,,2026-04-06T14:20:05.499865
moesandarwin1,skipped,,,,,2026-04-06T14:20:24.068114
code4yonglei,skipped,SE,,0,7,2026-04-06T14:20:30.001318
miri-yehezkel,skipped,,,,,2026-04-06T14:20:39.052300
wang-jiahao,skipped,,,,,2026-04-06T14:20:54.940983
tricky647343,error,,,,,2026-04-06T14:20:56.297463
mmMarcinus,skipped,,,,,2026-04-06T14:21:09.422788
mtorromeo,skipped,IT,,0,0,2026-04-06T14:21:16.183597
thekaroe-thailand,skipped,TH,,10,0,2026-04-06T14:21:34.163598
FSA3000,skipped,,,,,2026-04-06T14:21:43.183026
pp-mo,skipped,GB,,0,0,2026-04-06T14:21:46.069367
hemantjodha,skipped,,,,,2026-04-06T14:21:55.681244
mgin14,skipped,,,,,2026-04-06T14:22:14.135530
piotryordanov,skipped,,,,,2026-04-06T14:22:29.431849
edupuninaDev,skipped,EC,,,,2026-04-06T14:22:47.371824
will2023a,skipped,,,,,2026-04-06T14:23:05.881919
seifRashid,skipped,,,,,2026-04-06T14:23:23.958582
vbgl,skipped,,,,,2026-04-06T14:23:26.893607
kotlin-programmer,skipped,,,,,2026-04-06T14:23:29.861218
JindraPatik,skipped,CZ,,92,2,2026-04-06T14:23:47.551870
nalpari,skipped,,,,,2026-04-06T14:24:02.764066
ComputeAce,skipped,,,,,2026-04-06T14:24:20.386512
casekaYce781721,skipped,,,,,2026-04-06T14:24:26.445051
battlmonstr,skipped,,,,,2026-04-06T14:24:35.393088
7103vincent,skipped,,,,,2026-04-06T14:24:41.704219
aftershavetf2,skipped,,,,,2026-04-06T14:24:48.264930
aeciopires,skipped,BR,,1,3,2026-04-06T14:25:06.734161
danut007ro,skipped,,,,,2026-04-06T14:25:09.698007
tonymartech,skipped,,,,,2026-04-06T14:25:18.593397
PedroRosalba,skipped,,,,,2026-04-06T14:25:33.492174
SappSudo,skipped,,,,,2026-04-06T14:25:39.633811
JMarte03,skipped,,,,,2026-04-06T14:25:58.179003
ZirconiaCubed3v2,skipped,,,,,2026-04-06T14:26:04.772319
Carlos-Henrique-Sousa,skipped,,,,,2026-04-06T14:26:17.286395
sparkgenieit,skipped,,,,,2026-04-06T14:26:36.850128
gajalchouhan,skipped,,,,,2026-04-06T14:26:52.504416
TrungNguyen1409,error,,,,,2026-04-06T14:26:53.838205
Dorin-RFL,error,,,,,2026-04-06T14:26:56.545516
MollytheCatLoca,skipped,,,,,2026-04-06T14:27:08.555130
shahid123-hue,skipped,PK,,0,3,2026-04-06T14:27:17.237219
nguyentien4106,skipped,,,,,2026-04-06T14:27:35.392158
kuwairo,skipped,,,,,2026-04-06T14:27:47.459253
rarmatei,skipped,GB,,0,0,2026-04-06T14:28:05.381072
SimplyDilan,error,,,,,2026-04-06T14:28:06.717011
Charizard13,scored,IL,0.0908,52,36,2026-04-06T14:28:17.072315
Darketoff,skipped,,,,,2026-04-06T14:28:29.126272
kkamara,skipped,GB,,7,0,2026-04-06T14:28:39.192242
andimon,skipped,,,,,2026-04-06T14:28:45.662520
Mutaf-Volodymyr,skipped,,,,,2026-04-06T14:28:57.663635
mam10eks,skipped,DE,,0,0,2026-04-06T14:29:09.405844
aspilla,skipped,,,,,2026-04-06T14:29:15.755023
YongHakLee,skipped,,,,,2026-04-06T14:29:28.326814
bnnvgftdr,skipped,,,,,2026-04-06T14:29:34.495779
augustian225,skipped,,,,,2026-04-06T14:29:52.483537
T3mofey,skipped,,,,,2026-04-06T14:30:10.917529
nokeudo,error,,,,,2026-04-06T14:30:13.639316
ShibelAl,skipped,,,,,2026-04-06T14:30:23.163318
66LAVS,skipped,,,,,2026-04-06T14:30:42.000772
blueezadas,error,,,,,2026-04-06T14:30:43.356465
FunniNam3,skipped,,,,,2026-04-06T14:31:01.687148
el-uhu,skipped,,,,,2026-04-06T14:31:19.938297
HayaMurad,skipped,,,,,2026-04-06T14:31:37.788848
manikandang89,skipped,,,,,2026-04-06T14:31:56.033713
terjeofnorway,skipped,NO,,0,36,2026-04-06T14:32:14.196295
Tsoji78,skipped,,,,,2026-04-06T14:32:22.890941
RosesNguyen2911,skipped,,,,,2026-04-06T14:32:41.961925
liamreneroy,skipped,,,,,2026-04-06T14:32:51.358735
alricf,skipped,CA,,19,0,2026-04-06T14:33:06.216059
Ara-ban,skipped,,,,,2026-04-06T14:33:24.656001
cyber5w,skipped,US,,0,100,2026-04-06T14:33:31.184905
pgimalac,skipped,,,,,2026-04-06T14:33:37.401895
JonelPabulayan,skipped,,,,,2026-04-06T14:33:55.686818
nicojokic,error,,,,,2026-04-06T14:33:57.056761
J-spark408,skipped,,,,,2026-04-06T14:34:15.302596
marcosdima,skipped,AR,,95,0,2026-04-06T14:34:33.822494
OleksiiKoshkin,skipped,ES,,0,100,2026-04-06T14:34:43.165425
XxLGTOxX,skipped,,,,,2026-04-06T14:34:57.816830
projectguy100,skipped,,,,,2026-04-06T14:35:04.839293
x-4,error,,,,,2026-04-06T14:35:07.567937
kane270,error,,,,,2026-04-06T14:35:08.916246
MarkJulienHahn,skipped,,,,,2026-04-06T14:35:15.356586
gashupl,skipped,,,,,2026-04-06T14:35:32.730632
saivikassingamsetty,skipped,,,,,2026-04-06T14:35:42.165678
tbogajce,skipped,RS,,,,2026-04-06T14:35:54.179932
FioriniMarco,skipped,FR,,22,0,2026-04-06T14:36:03.254247
Ranking-Topnotch,skipped,NG,,12,0,2026-04-06T14:36:21.347642
sketchide,skipped,,,,,2026-04-06T14:36:28.381883
hau2,skipped,VN,,0,0,2026-04-06T14:36:37.801789
andreyfesunov,skipped,RU,,0,100,2026-04-06T14:36:44.579073
MoKamall,skipped,,,,,2026-04-06T14:36:57.465556
Pirito10,skipped,ES,,98,2,2026-04-06T14:37:10.096347
5balls,skipped,,,,,2026-04-06T14:37:26.114991
LeonardoWlopes,skipped,,,,,2026-04-06T14:37:44.775057
BlakeBr0,skipped,,,,,2026-04-06T14:37:52.360784
jingwebsize,skipped,,,,,2026-04-06T14:38:07.645414
Darshan-Janiwarad,skipped,,,,,2026-04-06T14:38:16.374843
TheBaytur,skipped,,,,,2026-04-06T14:38:34.742715
walterxie,skipped,NZ,,0,0,2026-04-06T14:38:43.802003
SeanQuiben,skipped,,,,,2026-04-06T14:38:59.437280
GyungSikHan,skipped,,,,,2026-04-06T14:39:05.983254
Myeongjun-98,skipped,,,,,2026-04-06T14:39:24.393564
mkennedywaratek,skipped,,,,,2026-04-06T14:39:27.302447
jpmevi,skipped,,,,,2026-04-06T14:39:45.026863
mbissaromoto,error,,,,,2026-04-06T14:39:47.758983
p-jh0,skipped,,,,,2026-04-06T14:40:00.122959
KinLeoapple,skipped,,,,,2026-04-06T14:40:19.151007
mihkuno,skipped,PH,,12,0,2026-04-06T14:40:37.273617
EbenezerKobinaAcquah,skipped,,,,,2026-04-06T14:40:52.246191
muthyo,skipped,,,,,2026-04-06T14:40:58.876808
SmithEcophysLab,scored,US,0.0239,42,27,2026-04-06T14:41:08.362915
codejutsu-desu,error,,,,,2026-04-06T14:41:09.697217
akashrajakku,skipped,IN,,9,0,2026-04-06T14:41:27.866134
BODYsuperman,skipped,,,,,2026-04-06T14:41:33.971718
LHT129,skipped,,,,,2026-04-06T14:41:36.741972
math218,error,,,,,2026-04-06T14:41:39.468758
pftom,skipped,CN,,0,0,2026-04-06T14:41:51.224213
dmitriykara,skipped,,,,,2026-04-06T14:42:09.837628
arizonaQ,skipped,,,,,2026-04-06T14:42:16.239474
cypressious,skipped,DE,,0,0,2026-04-06T14:42:27.972705
MattSA00,skipped,,,,,2026-04-06T14:42:33.638193
thebigestwhale,skipped,,,,,2026-04-06T14:42:39.821803
gkatrakazas,skipped,GR,,11,0,2026-04-06T14:42:58.312815
1eesong,skipped,,,,,2026-04-06T14:43:16.937365
sredniW1234,skipped,,,,,2026-04-06T14:43:35.023022
nicolasandreos,skipped,,,,,2026-04-06T14:43:55.274742
xiaoxi-ij478,skipped,,,,,2026-04-06T14:44:07.382794
DawsonOttinger,skipped,,,,,2026-04-06T14:44:13.050603
Govind1997singh,skipped,,,,,2026-04-06T14:44:30.474141
Ollitod,skipped,,,,,2026-04-06T14:44:45.206912
htutkyaw99,skipped,,,,,2026-04-06T14:45:03.346473
GODOL77,skipped,,,,,2026-04-06T14:45:22.128790
barlowrussell,skipped,,,,,2026-04-06T14:45:28.329676
Goulu20,skipped,,,,,2026-04-06T14:45:43.186886
lb-,skipped,AU,,0,0,2026-04-06T14:45:55.626731
Zorzi23,skipped,,,,,2026-04-06T14:46:10.961070
mlodyjesienin,skipped,,,,,2026-04-06T14:46:27.039159
dnwjd0218,skipped,,,,,2026-04-06T14:46:35.905384
TT3x3,skipped,,,,,2026-04-06T14:46:50.409768
RadenAchmadBobbyS,skipped,ID,,1,36,2026-04-06T14:47:06.601706
viktartse,skipped,,,,,2026-04-06T14:47:12.483341
jzy99,skipped,,,,,2026-04-06T14:47:18.323147
AlebgDev,skipped,,,,,2026-04-06T14:47:37.020418
zakimustaquim,skipped,US,,0,1,2026-04-06T14:47:54.854566
VisionExpo,skipped,,,,,2026-04-06T14:48:04.110595
Errazkin08,skipped,,,,,2026-04-06T14:48:12.923849
musamasalla,skipped,,,,,2026-04-06T14:48:31.057375
Reyganstorm,skipped,RU,,2,0,2026-04-06T14:48:48.910618
marboledacci,skipped,,,,,2026-04-06T14:48:54.659190
MehdiLh,skipped,,,,,2026-04-06T14:49:12.324570
Vishwas-Chakilam,skipped,IN,,0,27,2026-04-06T14:49:31.359397
ashwanidey,skipped,IN,,97,3,2026-04-06T14:49:47.562190
pzagardedukic,skipped,,,,,2026-04-06T14:49:53.528396
melhdemrc,skipped,,,,,2026-04-06T14:50:09.241605
327979420,skipped,,,,,2026-04-06T14:50:15.687441
rebeccaalpert,skipped,,,,,2026-04-06T14:50:21.872746
FoxSensei001,skipped,,,,,2026-04-06T14:50:28.288675
JohnLiberona,skipped,,,,,2026-04-06T14:50:34.614842
BillMuriu,error,,,,,2026-04-06T14:50:35.947469
Lukaisasa4,skipped,,,,,2026-04-06T14:50:41.985336
mario-bermonti,skipped,,,,,2026-04-06T14:50:49.069548
phatch21,skipped,,,,,2026-04-06T14:51:06.095258
lya21Q,skipped,,,,,2026-04-06T14:51:12.405697
miharekar,skipped,SI,,,,2026-04-06T14:51:22.014647
dopaemon,scored,VN,0.0735,19,35,2026-04-06T14:51:31.816896
Sanl2005,skipped,,,,,2026-04-06T14:51:49.856970
AdelinaMoroaca,skipped,,,,,2026-04-06T14:52:01.741524
shreya6tiwary,skipped,,,,,2026-04-06T14:52:07.898653
Faisalkn,skipped,,,,,2026-04-06T14:52:26.462398
elderfieldzeus,scored,PH,0.0336,95,5,2026-04-06T14:52:39.812200
redgreat,skipped,,,,,2026-04-06T14:52:52.016985
3elk,error,,,,,2026-04-06T14:52:53.352579
YadhuNandhana,skipped,,,,,2026-04-06T14:53:11.704137
paulagalindo03,skipped,,,,,2026-04-06T14:53:23.819080
dougxc,skipped,CH,,0,0,2026-04-06T14:53:30.110007
adam323232,skipped,,,,,2026-04-06T14:53:48.030477
disneyXIX,skipped,UA,,0,2,2026-04-06T14:54:00.679031
baranfzz,skipped,,,,,2026-04-06T14:54:06.847477
Emir140,skipped,,,,,2026-04-06T14:54:24.682179
elxanxanlarov,skipped,,,,,2026-04-06T14:54:42.667511
nir9d,skipped,,,,,2026-04-06T14:55:01.739885
Wambeo,skipped,KE,,28,0,2026-04-06T14:55:20.368480
gvzardetto,skipped,,,,,2026-04-06T14:55:26.772438
uriatal,skipped,,,,,2026-04-06T14:55:35.568005
nurmuhammedjs13,error,,,,,2026-04-06T14:55:36.903780
johndpope,skipped,AU,,0,0,2026-04-06T14:55:42.824158
stijnpiron,scored,BE,0.3004,17,29,2026-04-06T14:55:56.762577
Wiaz24,skipped,,,,,2026-04-06T14:56:12.638040
owencraston,skipped,,,,,2026-04-06T14:56:28.848790
Coder-iAm,error,,,,,2026-04-06T14:56:30.193061
danielmaangi,skipped,,,,,2026-04-06T14:56:42.632200
gpadmaj1,skipped,,,,,2026-04-06T14:56:51.542622
rszczotka,skipped,,,,,2026-04-06T14:57:09.590689
dylanhernandez1,skipped,,,,,2026-04-06T14:57:18.819025
MostafaEsmail98,skipped,,,,,2026-04-06T14:57:37.502970
mgazda-splunk,error,,,,,2026-04-06T14:57:40.240883
AlbinTouma,skipped,,,,,2026-04-06T14:57:59.317869
tagor1231,skipped,,,,,2026-04-06T14:58:11.504605
gichangee,skipped,,,,,2026-04-06T14:58:24.561726
SynfulWuulf,skipped,,,,,2026-04-06T14:58:30.312348
zhangxingeng,skipped,,,,,2026-04-06T14:58:45.697105
sharick1201,skipped,KR,,0,100,2026-04-06T14:58:55.677105
nocollier,skipped,,,,,2026-04-06T14:59:11.432900
halladj,skipped,,,,,2026-04-06T14:59:26.425306
souldvn,skipped,,,,,2026-04-06T14:59:45.006388
ckuly,skipped,LT,,,,2026-04-06T14:59:50.717022
will-jj,skipped,,,,,2026-04-06T15:00:09.054479
mikamib,skipped,,,,,2026-04-06T15:00:14.792782
Mopsgamer,scored,DE,0.1517,15,85,2026-04-06T15:00:28.099079
nsfuntionality,skipped,,,,,2026-04-06T15:00:46.646339
cyrilepi,skipped,,,,,2026-04-06T15:01:04.397024
MUVivekanand,skipped,,,,,2026-04-06T15:01:22.449785
ayumi-oxd,skipped,,,,,2026-04-06T15:01:28.485735
Yeetman8793041,skipped,,,,,2026-04-06T15:01:34.407777
Wisecrucian,skipped,,,,,2026-04-06T15:01:49.915262
will1295,skipped,,,,,2026-04-06T15:02:01.898729
nicolamanfredipf,skipped,,,,,2026-04-06T15:02:19.735969
basmilius,skipped,NL,,0,0,2026-04-06T15:02:26.193378
biroka,scored,HU,0.0408,30,26,2026-04-06T15:02:42.483111
ISDelchilov21,skipped,,,,,2026-04-06T15:02:58.674973
jay-cee-begs,skipped,,,,,2026-04-06T15:03:11.692927
akhileshsrini,skipped,,,,,2026-04-06T15:03:30.013683
nils2614,error,,,,,2026-04-06T15:03:31.344260
asdfgh20220610,error,,,,,2026-04-06T15:03:32.707548
AsaiToshiya,scored,JP,0.0269,35,10,2026-04-06T15:03:50.888783
AndresMoncadaL,error,,,,,2026-04-06T15:03:53.616802
mrdannyarmstrong,scored,US,0.1389,5,95,2026-04-06T15:04:09.423428
erik-riklund,skipped,SE,,0,100,2026-04-06T15:04:19.445835
BinduSivaprasad,skipped,SG,,0,0,2026-04-06T15:04:22.398826
pjastrzebskiman,skipped,,,,,2026-04-06T15:04:40.427267
ye-gang-jjang,skipped,KR,,3,0,2026-04-06T15:04:46.390371
enzoLor,skipped,,,,,2026-04-06T15:05:01.296861
zavierethan,skipped,,,,,2026-04-06T15:05:19.328986
TheJade1111,skipped,,,,,2026-04-06T15:05:34.258910
ffiza,scored,AR,0.0431,76,24,2026-04-06T15:05:47.014644
Vigneshkumar-29,skipped,,,,,2026-04-06T15:06:04.852475
hervekalachi,skipped,,,,,2026-04-06T15:06:23.601703
AndyMatt,skipped,,,,,2026-04-06T15:06:41.743918
gerardolenski,skipped,,,,,2026-04-06T15:06:57.678053
orbitturner,skipped,,,,,2026-04-06T15:07:16.287959
ritishroddam,skipped,,,,,2026-04-06T15:07:25.043801
shashankmallu,skipped,,,,,2026-04-06T15:07:34.083204
KaoutarRasmi,error,,,,,2026-04-06T15:07:36.817956
ganeshwadule,skipped,,,,,2026-04-06T15:07:54.259413
jaycheezy,skipped,,,,,2026-04-06T15:08:12.835100
slime4209,skipped,,,,,2026-04-06T15:08:25.182471
GithubDenis5,skipped,,,,,2026-04-06T15:08:40.579266
Unworns,skipped,,,,,2026-04-06T15:08:59.080447
felixwellen,skipped,SE,,46,0,2026-04-06T15:09:05.344938
Tiakc3,skipped,,,,,2026-04-06T15:09:11.366884
Mauznemo,skipped,DE,,0,100,2026-04-06T15:09:22.158061
Salman0x01,skipped,,,,,2026-04-06T15:09:40.687614
ByjereEXT,error,,,,,2026-04-06T15:09:42.038563
ahaoboy,skipped,,,,,2026-04-06T15:09:54.278078
gorazdKuzev12,skipped,,,,,2026-04-06T15:10:12.806645
lsuutari19,skipped,FI,,0,0,2026-04-06T15:10:28.687803
MidniteBlaze,skipped,,,,,2026-04-06T15:10:40.876045
CharlesHenrynoah,skipped,FR,,0,100,2026-04-06T15:10:54.567676
jaafar238,skipped,,,,,2026-04-06T15:11:00.652897
vphuoc04,error,,,,,2026-04-06T15:11:01.988469
sallybato,skipped,BR,,0,100,2026-04-06T15:11:15.083245
msrkreddy0928,skipped,IN,,0,39,2026-04-06T15:11:33.992735
Broderick-Westrope,skipped,,,,,2026-04-06T15:11:52.729814
thesombrecoder18,skipped,,,,,2026-04-06T15:12:10.959748
ArtemMartynow,skipped,,,,,2026-04-06T15:12:29.243185
farhananwarnugraha,skipped,,,,,2026-04-06T15:12:47.574172
pwernette,skipped,,,,,2026-04-06T15:12:59.944664
niscolas,skipped,,,,,2026-04-06T15:13:14.633508
Praveenamanikandan,skipped,,,,,2026-04-06T15:13:17.648616
shreyassks,skipped,IN,,4,0,2026-04-06T15:13:37.332881
azrappp,skipped,,,,,2026-04-06T15:13:50.932503
sarafantofun,skipped,,,,,2026-04-06T15:14:00.120231
Nam-Java,skipped,,,,,2026-04-06T15:14:08.961203
illilili,skipped,,,,,2026-04-06T15:14:27.343753
NobleJake,scored,KR,0.0404,41,43,2026-04-06T15:14:34.393453
cigitbotbackend,error,,,,,2026-04-06T15:14:37.119505
jonathancunanan06,skipped,,,,,2026-04-06T15:14:46.243192
SimoneChiodo,skipped,,,,,2026-04-06T15:15:04.528415
ProgrammerShipon,error,,,,,2026-04-06T15:15:05.868403
lizwithcoffee,skipped,,,,,2026-04-06T15:15:18.067137
KimShenGod,skipped,,,,,2026-04-06T15:15:25.217777
hollyejordan,skipped,,,,,2026-04-06T15:15:38.028121
eralonso,skipped,,,,,2026-04-06T15:15:56.339374
annmonrajijames,scored,IN,0.4162,47,53,2026-04-06T15:16:09.386021
Nolthando21,skipped,,,,,2026-04-06T15:16:27.371312
aymenhamim,skipped,,,,,2026-04-06T15:16:45.305888
Shibukumar12,skipped,,,,,2026-04-06T15:17:03.335502
ali-zargari,skipped,,,,,2026-04-06T15:17:18.644320
ramontrndd,skipped,,,,,2026-04-06T15:17:30.867438
Abdulrahman-Mostafa10,error,,,,,2026-04-06T15:17:32.207623
RomilMovaliya,skipped,,,,,2026-04-06T15:17:50.420620
vishnuthumpudi,skipped,,,,,2026-04-06T15:18:09.290666
donjne,skipped,,,,,2026-04-06T15:18:27.741332
ExcelencCode,skipped,,,,,2026-04-06T15:18:43.626123
imammuhtadi,skipped,ID,,0,0,2026-04-06T15:18:52.519415
2teez,skipped,,,,,2026-04-06T15:19:01.597377
furiousdroid,skipped,,,,,2026-04-06T15:19:04.570419
rickyroynardson,scored,ID,0.0344,36,16,2026-04-06T15:19:23.261951
RYANdouglad,error,,,,,2026-04-06T15:19:24.599230
Truong0111,skipped,,,,,2026-04-06T15:19:39.948398
rrcobb,skipped,US,,0,0,2026-04-06T15:19:54.757545
agouy,skipped,,,,,2026-04-06T15:20:01.144261
kadirchan,skipped,TR,,2,0,2026-04-06T15:20:18.915118
Mr-KunName,skipped,,,,,2026-04-06T15:20:24.728380
Kolimang,skipped,,,,,2026-04-06T15:20:30.979722
un71,error,,,,,2026-04-06T15:20:32.318654
JKorio,error,,,,,2026-04-06T15:20:35.049661
gobigrassland,skipped,,,,,2026-04-06T15:20:43.988933
AngelzME,skipped,,,,,2026-04-06T15:20:59.649897
Prasad-Vanum,skipped,,,,,2026-04-06T15:21:15.223896
cameronsmutz,skipped,,,,,2026-04-06T15:21:33.684700
farnabaz,skipped,,,,,2026-04-06T15:21:42.787572
hemantsharma1498,scored,IN,0.0266,79,11,2026-04-06T15:22:02.233993
EngineersBox,skipped,AU,,0,0,2026-04-06T15:22:20.561723
Aditya3442,error,,,,,2026-04-06T15:22:21.902508
artamisdev,skipped,ES,,2,0,2026-04-06T15:22:27.793264
seyyaw,skipped,DE,,0,0,2026-04-06T15:22:36.499677
Satyamkumarnavneet,skipped,IN,,0,0,2026-04-06T15:22:55.081480
Mao-Deng,skipped,,,,,2026-04-06T15:23:03.840469
jaideraf,scored,BR,0.0372,23,6,2026-04-06T15:23:16.433077
N1GHTM4REPASTA,skipped,,,,,2026-04-06T15:23:22.355317
ygagga,skipped,,,,,2026-04-06T15:23:40.474963
aaronandrei,skipped,,,,,2026-04-06T15:23:49.823358
kartik9436,skipped,,,,,2026-04-06T15:24:08.142455
dcaballe,skipped,US,,0,0,2026-04-06T15:24:11.015819
kalyazin-nik,skipped,,,,,2026-04-06T15:24:31.640319
ErikSzabo,skipped,,,,,2026-04-06T15:24:37.846229
hooksie1,skipped,US,,0,54,2026-04-06T15:24:47.045097
rmfranken,skipped,CH,,4,0,2026-04-06T15:24:55.966982
piever,skipped,IT,,0,0,2026-04-06T15:25:14.246718
ChubarovDanil,skipped,,,,,2026-04-06T15:25:26.558367
Belchenkov,skipped,RU,,0,0,2026-04-06T15:25:44.936573
Arunkumarvp,scored,IN,0.0324,21,5,2026-04-06T15:26:00.516180
404Simon,scored,DE,0.2492,11,8,2026-04-06T15:26:15.933348
polishchenkoviktori,skipped,,,,,2026-04-06T15:26:25.117519
stigus,error,,,,,2026-04-06T15:26:27.851500
AngelMartinez-23,skipped,,,,,2026-04-06T15:26:46.366725
kim-taewoo,skipped,,,,,2026-04-06T15:27:04.737162
ArtemSBulgakov,scored,RU,0.1279,7,10,2026-04-06T15:27:21.052259
S-Yashwanth,skipped,,,,,2026-04-06T15:27:33.189134
rohanmoura,skipped,,,,,2026-04-06T15:27:51.505095
Doreenmongina,skipped,,,,,2026-04-06T15:28:06.878046
arousa7344,error,,,,,2026-04-06T15:28:09.588198
msemina,skipped,RU,,0,0,2026-04-06T15:28:22.383944
wagnerscerqueira,skipped,,,,,2026-04-06T15:28:31.759459
chalermsukchanintorn,skipped,,,,,2026-04-06T15:28:49.726650
shubham0809200,skipped,IN,,0,0,2026-04-06T15:29:08.292741
nuudlman,skipped,US,,5,0,2026-04-06T15:29:17.373442
qzyx,skipped,,,,,2026-04-06T15:29:35.518287
gongfeng98,skipped,,,,,2026-04-06T15:29:45.380783
glaucomp,skipped,,,,,2026-04-06T15:30:03.584745
ayanmirza99,skipped,,,,,2026-04-06T15:30:22.084638
npwtub,skipped,,,,,2026-04-06T15:30:31.001093
irusanov,skipped,BG,,,,2026-04-06T15:30:48.813470
ammonshepherd,skipped,,,,,2026-04-06T15:30:58.015480
khs08280,skipped,,,,,2026-04-06T15:31:15.816931
kkj860710,skipped,,,,,2026-04-06T15:31:34.274843
nkpouto99,skipped,NG,,7,2,2026-04-06T15:31:51.859791
saraimarte,skipped,,,,,2026-04-06T15:32:07.503156
SebastianBuberl,error,,,,,2026-04-06T15:32:10.214981
slavamirniy,skipped,,,,,2026-04-06T15:32:27.902549
chen-yingjie,skipped,,,,,2026-04-06T15:32:30.818691
Numanafsar,skipped,,,,,2026-04-06T15:32:42.730606
DaPaull,error,,,,,2026-04-06T15:32:44.061978
Muhammad-Nafees,scored,PK,0.0363,36,64,2026-04-06T15:32:57.275650
cvzbynek,skipped,,,,,2026-04-06T15:33:06.253555
monoclonalAb,skipped,,,,,2026-04-06T15:33:18.732001
jegorix,skipped,,,,,2026-04-06T15:33:28.159736
RSLBX,skipped,,,,,2026-04-06T15:33:30.913958
noutsaphilippe,skipped,,,,,2026-04-06T15:33:48.844441
iwenyi,skipped,CN,,2,0,2026-04-06T15:34:04.164289
MKSA22S010m,error,,,,,2026-04-06T15:34:05.533029
burlacuv,skipped,,,,,2026-04-06T15:34:14.335230
breiting,skipped,AT,,0,0,2026-04-06T15:34:23.292182
AndreiSorin94,skipped,,,,,2026-04-06T15:34:41.296769
Pasha-27,skipped,,,,,2026-04-06T15:34:53.973575
ilevex0,skipped,BR,,0,28,2026-04-06T15:35:13.088121
ariflogs,skipped,BD,,0,0,2026-04-06T15:35:30.735002
Mastaaa1987,skipped,,,,,2026-04-06T15:35:47.273835
DanielVZ1,skipped,,,,,2026-04-06T15:35:53.550218
JeremieGiffard,skipped,FR,,28,4,2026-04-06T15:36:09.210804
Subhraneel77,skipped,,,,,2026-04-06T15:36:27.812301
Isaac-Elgrably,skipped,,,,,2026-04-06T15:36:39.954747
srbiz,skipped,,,,,2026-04-06T15:36:47.166663
dacohacotool,skipped,,,,,2026-04-06T15:36:53.919713
united16,skipped,,,,,2026-04-06T15:37:12.859784
facurodrij,skipped,AR,,69,3,2026-04-06T15:37:22.669317
rvskr,skipped,,,,,2026-04-06T15:37:35.231264
spaceijun,skipped,,,,,2026-04-06T15:37:53.151706
Phiwamandla-Mkhwanazi,error,,,,,2026-04-06T15:37:54.486360
HindHassan,skipped,,,,,2026-04-06T15:38:00.663687
brent-hill,skipped,US,,0,77,2026-04-06T15:38:13.002303
HE161511-DinhQuangTung,skipped,,,,,2026-04-06T15:38:21.818901
syntaxdesigner01,scored,NG,0.1544,84,16,2026-04-06T15:38:38.174423
leonschoorl,skipped,,,,,2026-04-06T15:38:50.222199
therealriteshkudalkar,skipped,IN,,1,0,2026-04-06T15:39:09.194159
Marcus842,skipped,,,,,2026-04-06T15:39:22.756225
gunajii,skipped,,,,,2026-04-06T15:39:37.877630
prateekmedia,skipped,IN,,0,0,2026-04-06T15:39:47.883868
djwtan,skipped,,,,,2026-04-06T15:40:03.607059
sakshiborkar1503,skipped,,,,,2026-04-06T15:40:19.135958
leesuyong849,skipped,,,,,2026-04-06T15:40:37.439833
deekshithanadikattu,skipped,,,,,2026-04-06T15:40:55.598221
aditya3singh,skipped,,,,,2026-04-06T15:41:10.583122
ngpal,skipped,,,,,2026-04-06T15:41:28.442286
rene,skipped,DE,,0,0,2026-04-06T15:41:47.019215
Anum79,skipped,,,,,2026-04-06T15:42:01.794878
T4nguy01,skipped,,,,,2026-04-06T15:42:20.423254
dev-ajit-mckinsey,error,,,,,2026-04-06T15:42:23.128772
blakecrosley,skipped,US,,0,0,2026-04-06T15:42:38.388454
Wistahm,error,,,,,2026-04-06T15:42:39.745227
marcelatuler,skipped,,,,,2026-04-06T15:42:57.932587
spulick,error,,,,,2026-04-06T15:43:00.618620
simerusm,skipped,,,,,2026-04-06T21:56:38.104636
damar1st,skipped,,,,,2026-04-06T21:56:43.899124
eteridvalishvili,skipped,,,,,2026-04-06T21:56:46.872330
vishniakov-nikolai,skipped,,,,,2026-04-06T21:56:49.803205
sepaugh,skipped,,,,,2026-04-06T21:56:59.440833
kantawit-bor,error,,,,,2026-04-06T21:57:02.145756
LukasJenicek,skipped,,,,,2026-04-06T21:57:14.012382
birdcagemusic,skipped,,,,,2026-04-06T21:57:20.362333
Ayushsingh4,skipped,,,,,2026-04-06T21:57:38.468703
Alexco18,skipped,,,,,2026-04-06T21:57:48.467212
hafsajabeen30,skipped,,,,,2026-04-06T21:58:03.528555
kamleshsolanki-crest,skipped,,,,,2026-04-06T21:58:09.410601
harshdesai07,skipped,IN,,0,100,2026-04-06T21:58:15.881523
lpcisdabest7,skipped,,,,,2026-04-06T21:58:34.204815
ason-aim,skipped,,,,,2026-04-06T21:58:40.396681
okamooo,skipped,,,,,2026-04-06T21:58:58.417072
brendaJK,skipped,,,,,2026-04-06T21:59:15.792294
prasannawankhede,skipped,IN,,0,100,2026-04-06T21:59:22.149329
ceaesdigital2024,skipped,,,,,2026-04-06T21:59:28.613864
Lucas-blancaws,skipped,,,,,2026-04-06T21:59:38.251761
eermac,skipped,,,,,2026-04-06T21:59:44.179810
TarisaTRS,skipped,,,,,2026-04-06T21:59:49.926100
TheAnkushshah,skipped,IN,,0,46,2026-04-06T21:59:56.207973
DevelopementFLP,error,,,,,2026-04-06T21:59:58.913714
marko-nikolic01,skipped,RS,,,,2026-04-06T22:00:15.727424
aan1267,skipped,,,,,2026-04-06T22:00:24.929527
12345amu,skipped,,,,,2026-04-06T22:00:43.054508
shayne,skipped,US,,0,0,2026-04-06T22:01:00.846893
Vijaygavara,skipped,,,,,2026-04-06T22:01:18.729562
Patricia-GraciaGutierrez,error,,,,,2026-04-06T22:01:20.059146
Ankithv007,skipped,,,,,2026-04-06T22:01:26.962285
nas-tabchiche,skipped,,,,,2026-04-06T22:01:42.870084
Zeamanuel-Admasu,skipped,ET,,,,2026-04-06T22:02:01.800760
mathvansoest,skipped,,,,,2026-04-06T22:02:11.101095
brendan-lim8,skipped,,,,,2026-04-06T22:02:27.563734
Donchess1,skipped,,,,,2026-04-06T22:02:46.488840
benwtrent,skipped,,,,,2026-04-06T22:03:04.622717
esp-quyen,skipped,,,,,2026-04-06T22:03:16.991287
Beanlek,skipped,MY,,25,0,2026-04-06T22:03:36.258022
llumetta,skipped,,,,,2026-04-06T22:03:54.491725
kadriudijar,error,,,,,2026-04-06T22:03:57.421747
goodsTime,error,,,,,2026-04-06T22:04:00.120647
amanshoora,error,,,,,2026-04-06T22:04:02.844065
DanielRJohansen,skipped,,,,,2026-04-06T22:04:18.726712
fflorent,skipped,FR,,0,0,2026-04-06T22:04:34.106848
Sathuvbb,error,,,,,2026-04-06T22:04:35.449881
afvillacres,skipped,,,,,2026-04-06T22:04:53.889876
shoutarou123,skipped,,,,,2026-04-06T22:05:12.034508
LeeHanSeong7,skipped,,,,,2026-04-06T22:05:31.010700
Abhinav-navabrind,error,,,,,2026-04-06T22:05:33.809688
cpagac,skipped,,,,,2026-04-06T22:05:49.377365
jenish9222,skipped,,,,,2026-04-06T22:05:55.012776
Sotivoli,skipped,,,,,2026-04-06T22:06:12.959811
nascarsayan,skipped,IN,,0,0,2026-04-06T22:06:28.245701
JasonJi0521,skipped,,,,,2026-04-06T22:06:40.592816
sb-bilal-dev-2,error,,,,,2026-04-06T22:06:43.332073
Markbot-md,skipped,,,,,2026-04-06T22:06:46.319490
alexZJR,skipped,,,,,2026-04-06T22:06:52.426889
thomasmfish,skipped,,,,,2026-04-06T22:06:58.454156
RapidoLaFleche,skipped,,,,,2026-04-06T22:07:17.399589
Oxnack,skipped,,,,,2026-04-06T22:07:35.520491
crdanielbusch,error,,,,,2026-04-06T22:07:36.868099
rising-dancho,skipped,,,,,2026-04-06T22:07:43.441948
TianzeKang2000,skipped,,,,,2026-04-06T22:08:02.016093
skutyborsuk,skipped,,,,,2026-04-06T22:08:08.359923
hongxuchen,skipped,CN,,0,100,2026-04-06T22:08:14.738771
rycolos,skipped,,,,,2026-04-06T22:08:33.365294
cybeth,error,,,,,2026-04-06T22:08:34.705324
st0x0ef,skipped,,,,,2026-04-06T22:08:46.655268
ahanapradhan,skipped,IN,,53,4,2026-04-06T22:08:56.181719
Andrey-true,skipped,,,,,2026-04-06T22:09:13.942058
krutika-kadu,skipped,,,,,2026-04-06T22:09:22.790393
Groupguanfang,skipped,CN,,34,0,2026-04-06T22:09:37.867367
SandakalumSilva,skipped,,,,,2026-04-06T22:09:56.736643
chrisllontop,skipped,,,,,2026-04-06T22:10:02.906002
hinerm,skipped,US,,0,1,2026-04-06T22:10:15.135902
mohammedbalsaniya,skipped,,,,,2026-04-06T22:10:33.552621
DeanLemans,skipped,,,,,2026-04-06T22:10:40.082273
StrakkerII,error,,,,,2026-04-06T22:10:42.788793
alexole,skipped,DE,,0,0,2026-04-06T22:10:48.585044
Lukyord,skipped,TH,,99,1,2026-04-06T22:11:08.230149
Siwon-L,skipped,,,,,2026-04-06T22:11:26.021012
xbvarlik,skipped,TR,,9,0,2026-04-06T22:11:44.148435
nezinomas,skipped,,,,,2026-04-06T22:11:50.666122
destroyertw1207,skipped,,,,,2026-04-06T22:12:08.839613
HammCn,scored,CN,0.0296,35,10,2026-04-06T22:12:24.827806
beau02,skipped,MY,,0,55,2026-04-06T22:12:34.140657
andrewse,skipped,AU,,0,12,2026-04-06T22:12:46.739714
taa1aibekovich,skipped,,,,,2026-04-06T22:12:58.688016
TashaRolland92,skipped,GB,,0,100,2026-04-06T22:13:17.457742
MAVERICK-ASH,skipped,,,,,2026-04-06T22:13:35.499518
BPWCNRZ,skipped,,,,,2026-04-06T22:13:50.811620
Vasiliy174,skipped,,,,,2026-04-06T22:14:03.038182
liwp914,skipped,,,,,2026-04-06T22:14:05.991256
cesar-orlando,skipped,,,,,2026-04-06T22:14:15.938487
rubdos,skipped,BE,,0,0,2026-04-06T22:14:25.178095
Altissimo1,skipped,,,,,2026-04-06T22:14:32.281323
HGS-web,skipped,,,,,2026-04-06T22:14:38.971271
jdbarker17,skipped,,,,,2026-04-06T22:14:57.046260
adaoma11,skipped,BR,,0,9,2026-04-06T22:15:08.850124
ilia-brykin,skipped,,,,,2026-04-06T22:15:25.695720
adityasurap,skipped,US,,0,100,2026-04-06T22:15:37.942318
NouveauVosem,skipped,,,,,2026-04-06T22:15:56.129295
sdrahan,skipped,DE,,0,0,2026-04-06T22:16:13.736190
FaruuZa,skipped,ID,,66,1,2026-04-06T22:16:32.278132
eduranm,skipped,,,,,2026-04-06T22:16:38.207377
glg37,skipped,,,,,2026-04-06T22:16:56.696932
isabella-viana,skipped,,,,,2026-04-06T22:17:14.548567
das-rn-apps,skipped,,,,,2026-04-06T22:17:31.988713
haiku-bot,error,,,,,2026-04-06T22:17:34.712553
nawaz2013,skipped,,,,,2026-04-06T22:17:49.627869
abdulrahamanvrsec,skipped,,,,,2026-04-06T22:18:07.923799
Heiviin,error,,,,,2026-04-06T22:18:09.279153
sontl,skipped,SG,,0,2,2026-04-06T22:18:21.286173
abdulmalek32,skipped,,,,,2026-04-06T22:18:27.023884
Ap7001,skipped,,,,,2026-04-06T22:18:42.173520
iAmMe27,skipped,,,,,2026-04-06T22:18:52.043983
bmdaj,scored,DK,0.0948,11,35,2026-04-06T22:19:07.756629
jimmylagattuta,skipped,,,,,2026-04-06T22:19:23.031796
markbac,skipped,,,,,2026-04-06T22:19:35.942623
mshchts,skipped,,,,,2026-04-06T22:19:53.777345
ankitmail123,skipped,,,,,2026-04-06T22:20:08.385463
sohamOdin,skipped,,,,,2026-04-06T22:20:23.455567
CianCode,skipped,BE,,0,8,2026-04-06T22:20:41.458483
inogues,skipped,,,,,2026-04-06T22:20:53.632999
exeldro,skipped,NL,,9,2,2026-04-06T22:21:00.329950
SaachiNayyer,skipped,IE,,0,0,2026-04-06T22:21:03.282725
Samiran499,skipped,IN,,0,13,2026-04-06T22:21:09.261355
Starx707,skipped,,,,,2026-04-06T22:21:27.985379
denesmor,skipped,,,,,2026-04-06T22:21:46.237038
akirak,skipped,,,,,2026-04-06T22:21:49.091160
sdahdah,skipped,CA,,3,8,2026-04-06T22:22:01.465693
anumitijat3438,skipped,,,,,2026-04-06T22:22:20.761226
UnkoR00T,skipped,,,,,2026-04-06T22:22:39.201044
Coderxrohan,skipped,IN,,0,100,2026-04-06T22:22:54.809596
six-shot,skipped,,,,,2026-04-06T22:23:12.385863
Souchy,skipped,,,,,2026-04-06T22:23:21.979870
roggc,skipped,ES,,0,0,2026-04-06T22:23:39.454233
EyreFree,skipped,,,,,2026-04-06T22:23:57.283002
bebstein-pass,skipped,,,,,2026-04-06T22:24:00.060256
matteof7,skipped,,,,,2026-04-06T22:24:09.540131
QubitPi,error,,,,,2026-04-06T22:24:10.880117
beachespecially,skipped,,,,,2026-04-06T22:24:22.975397
loki5129,skipped,,,,,2026-04-06T22:24:32.750838
LuizHenriqueFN,skipped,,,,,2026-04-06T22:24:51.338408
AnonymousX1025,skipped,,,,,2026-04-06T22:25:13.260565
theEricHoang,scored,US,0.2401,9,58,2026-04-06T22:25:32.345183
xyldyhc,skipped,,,,,2026-04-06T22:25:41.404581
yasminebelmiro,skipped,,,,,2026-04-06T22:25:53.465317
Odilbek-Arziev,skipped,,,,,2026-04-06T22:26:06.611615
Waterpicker,skipped,,,,,2026-04-06T22:26:18.454248
duncanmwanik,scored,KE,0.0406,10,21,2026-04-06T22:26:36.804199
catfooo,skipped,,,,,2026-04-06T22:26:48.678297
juavi-dev,error,,,,,2026-04-06T22:26:50.017053
nosh11,error,,,,,2026-04-06T22:26:51.362456
Nabihah666,skipped,,,,,2026-04-06T22:27:09.212283
yearlongmason,skipped,,,,,2026-04-06T22:27:15.773896
MFYDev,skipped,US,,3,19,2026-04-06T22:27:31.336169
XXGF,skipped,,,,,2026-04-06T22:27:34.532591
fernandofloresg,skipped,MX,,9,0,2026-04-06T22:27:49.554361
Jagansakharkar,scored,IN,0.0307,13,40,2026-04-06T22:28:08.218275
GriekseEi,skipped,,,,,2026-04-06T22:28:18.083224
CristinaFlorea15,skipped,,,,,2026-04-06T22:28:35.652496
IkuroMaira,skipped,FR,,3,97,2026-04-06T22:28:48.316097
Tremaiin23,skipped,,,,,2026-04-06T22:29:06.482114
resultfulness,skipped,,,,,2026-04-06T22:29:18.966162
TeusGouvea,skipped,,,,,2026-04-06T22:29:34.377621
Dzenoo,skipped,,,,,2026-04-06T22:29:52.168046
Vivek15-Devops,skipped,,,,,2026-04-06T22:30:07.319303
olshanskiyvv,skipped,RU,,0,81,2026-04-06T22:30:23.255653
zakaBouj,skipped,DE,,0,100,2026-04-06T22:30:36.031759
lluchs,skipped,DE,,0,0,2026-04-06T22:30:50.970726
catpineapple,skipped,SG,,0,0,2026-04-06T22:30:53.854907
daniilveternov,skipped,,,,,2026-04-06T22:31:00.072430
calebjclark,skipped,US,,0,0,2026-04-06T22:31:12.809049
otaliptus,skipped,,,,,2026-04-06T22:31:24.795256
FrankiFixx,skipped,,,,,2026-04-06T22:31:39.385191
Joho06,skipped,,,,,2026-04-06T22:31:57.275094
Sergey-Engel,error,,,,,2026-04-06T22:32:00.015061
kolbacer,skipped,,,,,2026-04-06T22:32:15.289553
ankushkushwaha,skipped,,,,,2026-04-06T22:32:27.163291
uaxvit,skipped,,,,,2026-04-06T22:32:42.677140
nhtbao101,skipped,,,,,2026-04-06T22:32:59.985558
Marclie,skipped,US,,99,1,2026-04-06T22:33:06.254900
andersonn-roberto,skipped,BR,,0,0,2026-04-06T22:33:21.363471
EfeOzavci,skipped,,,,,2026-04-06T22:33:39.795158
M-Is-Ahmad,skipped,,,,,2026-04-06T22:33:54.823635
thiagocmps,skipped,,,,,2026-04-06T22:34:13.402730
RashedulHasan1994,skipped,,,,,2026-04-06T22:34:28.409645
OnThaCode,skipped,US,,1,17,2026-04-06T22:34:37.617158
knightingal,skipped,,,,,2026-04-06T22:34:49.410262
leo98-cell,error,,,,,2026-04-06T22:34:50.752395
kart1ka,skipped,IN,,0,0,2026-04-06T22:35:06.009160
GoldenAle,skipped,,,,,2026-04-06T22:35:21.193328
threedaymonk,skipped,GB,,0,0,2026-04-06T22:35:36.609360
jeallinew,skipped,,,,,2026-04-06T22:35:42.729772
23clhelle,skipped,,,,,2026-04-06T22:35:45.480497
RahmaSuciWulandari,skipped,,,,,2026-04-06T22:36:03.762618
BheemaReddy07,skipped,,,,,2026-04-06T22:36:19.384833
vycdev,skipped,RO,,1,0,2026-04-06T22:36:31.460935
Jonyrewind,skipped,,,,,2026-04-06T22:36:40.418304
pylapp,scored,FR,0.3401,42,53,2026-04-06T22:36:53.349806
janbodnar,skipped,SK,,,,2026-04-06T22:36:59.725609
NiveditaBSM,skipped,,,,,2026-04-06T22:37:17.968401
fenar,skipped,,,,,2026-04-06T22:37:30.557997
dmitrysamodurov,skipped,,,,,2026-04-06T22:37:33.503009
sbaer,skipped,US,,0,0,2026-04-06T22:37:51.466191
Fzghahvei,skipped,,,,,2026-04-06T22:37:57.099681
Mertfjert,skipped,,,,,2026-04-06T22:38:06.198185
surajsalunkhe,skipped,IN,,0,0,2026-04-06T22:38:23.875335
SkyGrimmS,skipped,UA,,0,3,2026-04-06T22:38:29.704699
asurpbs,skipped,,,,,2026-04-06T22:38:41.979640
Ankushcodenomad,skipped,,,,,2026-04-06T22:38:59.472594
Swarna1804,skipped,,,,,2026-04-06T22:39:17.671166
bkavw5,skipped,,,,,2026-04-06T22:39:36.369376
Elias0428,error,,,,,2026-04-06T22:39:39.085610
bazifahmed,skipped,,,,,2026-04-06T22:39:57.239172
mkandes,skipped,,,,,2026-04-06T22:40:15.350816
PolarTundraa,skipped,,,,,2026-04-06T22:40:18.114348
Efarty,skipped,,,,,2026-04-06T22:40:35.458624
toman,skipped,,,,,2026-04-06T22:40:41.328269
absdsd112,error,,,,,2026-04-06T22:40:42.661134
BramG08,skipped,,,,,2026-04-06T22:41:00.596042
Prateek32177,skipped,,,,,2026-04-06T22:41:03.512850
michavie,scored,AT,0.0245,29,11,2026-04-06T22:41:13.460188
gazjosef,skipped,AU,,3,0,2026-04-06T22:41:23.762174
TimotheusBachinger,skipped,DE,,0,0,2026-04-06T22:41:26.643077
johnjpk,skipped,,,,,2026-04-06T22:41:35.448394
MdAfsarHossain,skipped,BD,,0,0,2026-04-06T22:41:53.064156
123456free796,skipped,,,,,2026-04-06T22:41:59.236925
Aryan8554,error,,,,,2026-04-06T22:42:01.936339
youssef-lr,skipped,,,,,2026-04-06T22:42:08.696123
kodai-160,skipped,,,,,2026-04-06T22:42:27.463261
luzhihuan,skipped,,,,,2026-04-06T22:42:39.646771
Pragat9,skipped,,,,,2026-04-06T22:42:51.355712
sakshisharma78,skipped,,,,,2026-04-06T22:43:09.137014
ajaykorat16,skipped,IN,,0,0,2026-04-06T22:43:24.841749
2021147588,error,,,,,2026-04-06T22:43:26.173698
Pratik1207,skipped,,,,,2026-04-06T22:43:44.179255
Lelouchp,error,,,,,2026-04-06T22:43:45.542530
gulf1324,skipped,,,,,2026-04-06T22:44:00.528408
youhandsome,skipped,,,,,2026-04-06T22:44:12.764391
therealmariolaurianti,skipped,,,,,2026-04-06T22:44:19.140669
xteamlyer,skipped,,,,,2026-04-06T22:44:31.485244
Brian-K-Gathui,skipped,,,,,2026-04-06T22:44:49.080961
faisalazam,skipped,AU,,11,0,2026-04-06T22:45:06.974449
retkowsky,skipped,,,,,2026-04-06T22:45:24.512554
vvnfrnds,skipped,,,,,2026-04-06T22:45:39.444169
shannonbooth,scored,SE,0.3631,77,23,2026-04-06T22:45:46.320453
Mickjitsu,skipped,,,,,2026-04-06T22:45:55.620476
Frosty-Goat,error,,,,,2026-04-06T22:45:56.960857
carenas,skipped,,,,,2026-04-06T22:45:59.883834
Rytterboi,skipped,,,,,2026-04-06T22:46:15.276232
cerramaximiliano,skipped,AR,,99,1,2026-04-06T22:46:21.917654
Y8smineeee,skipped,,,,,2026-04-06T22:46:27.749599
DilanJAG,skipped,,,,,2026-04-06T22:46:45.394085
rizkingrh,skipped,,,,,2026-04-06T22:47:00.512435
JCMisa,skipped,,,,,2026-04-06T22:47:18.153891
PaoloJN,scored,US,0.0407,27,32,2026-04-06T22:47:37.293696
ragutislt,skipped,,,,,2026-04-06T22:47:53.181659
MisterHF,skipped,,,,,2026-04-06T22:48:08.365039
ferrarimarco,skipped,,,,,2026-04-06T22:48:15.677784
Harshad1304,skipped,,,,,2026-04-06T22:48:33.874596
ivano85,skipped,IT,,0,0,2026-04-06T22:48:39.954674
sanusinha2016,skipped,,,,,2026-04-06T22:48:57.405455
joaopedrofontes,skipped,,,,,2026-04-06T22:49:15.367057
gloriousCode,skipped,,,,,2026-04-06T22:49:27.813208
geekiyer,skipped,US,,0,0,2026-04-06T22:49:33.599790
Kittitra,skipped,,,,,2026-04-06T22:49:48.364961
serdnaoiram88,skipped,,,,,2026-04-06T22:49:54.346626
AnitaBakhtiari,skipped,IR,,,,2026-04-06T22:50:09.577969
Microhive,skipped,DK,,0,0,2026-04-06T22:50:27.844305
alca2205,error,,,,,2026-04-06T22:50:30.559430
anishumairaa,skipped,,,,,2026-04-06T22:50:43.511105
jw-xplore,skipped,,,,,2026-04-06T22:51:02.147328
Sohamp1504,skipped,IN,,0,100,2026-04-06T22:51:08.541352
quotex-tualdwechchamin,skipped,,,,,2026-04-06T22:51:26.591093
capanp,skipped,TR,,0,98,2026-04-06T22:51:45.314148
Abuelodelanada,skipped,,,,,2026-04-06T22:51:57.886125
meisterlampe99,skipped,AT,,0,58,2026-04-06T22:52:07.111200
SnowCutieOwO,scored,CN,0.0773,7,93,2026-04-06T22:52:17.316552
Coral-med,error,,,,,2026-04-06T22:52:18.660079
julietwainoi,skipped,,,,,2026-04-06T22:52:36.780840
shehlizah,skipped,PK,,31,1,2026-04-06T22:52:54.689734
alden-ilao,skipped,,,,,2026-04-06T22:53:06.957660
GabiHr,skipped,,,,,2026-04-06T22:53:12.783702
mido-ghanam,skipped,,,,,2026-04-06T22:53:31.461151
evgarthub,skipped,UA,,0,0,2026-04-06T22:53:49.427203
maxchavez88,skipped,,,,,2026-04-06T22:53:55.020197
Rouesvm,scored,MY,0.0404,66,32,2026-04-06T22:54:13.812379
esgon191,skipped,,,,,2026-04-06T22:54:26.405793
Pudrick,skipped,,,,,2026-04-06T22:54:39.300890
utnds,skipped,,,,,2026-04-06T22:54:47.955140
IgnacioGeo,skipped,,,,,2026-04-06T22:54:54.716919
mgueury,skipped,,,,,2026-04-06T22:55:03.691262
MoSwidan,skipped,EG,,100,0,2026-04-06T22:55:13.439287
vedantachari,skipped,IN,,0,27,2026-04-06T22:55:32.460830
solitariusdigital,skipped,AU,,0,0,2026-04-06T22:55:50.685615
3y3,skipped,RU,,0,0,2026-04-06T22:55:59.984717
pfafner,skipped,,,,,2026-04-06T22:56:06.761588
ClementLmn,skipped,FR,,0,0,2026-04-06T22:56:24.799116
YUzushio,skipped,,,,,2026-04-06T22:56:40.014235
Geo99pro,skipped,,,,,2026-04-06T22:56:45.813944
RaihanBR,skipped,,,,,2026-04-06T22:57:04.300549
Tamimkhan7,skipped,BD,,2,1,2026-04-06T22:57:21.926070
Destiny712,skipped,,,,,2026-04-06T22:57:31.035611
LydiaWinnie,skipped,,,,,2026-04-06T22:57:37.388839
andreeascutaru,skipped,,,,,2026-04-06T22:57:55.596093
bhanuprakashnerella1708,skipped,,,,,2026-04-06T22:58:04.544918
skibble-app,skipped,,,,,2026-04-06T22:58:07.358499
RomsMoss25,skipped,,,,,2026-04-06T22:58:26.560717
maundu55,skipped,,,,,2026-04-06T22:58:44.584078
shmileee,skipped,,,,,2026-04-06T22:58:51.427404
andbrocode,skipped,,,,,2026-04-06T22:59:07.064178
Adarshkumar427,skipped,,,,,2026-04-06T22:59:24.904168
smantiv,skipped,CO,,0,98,2026-04-06T22:59:37.352691
marekm4,skipped,,,,,2026-04-06T22:59:47.026145
TrejGun,skipped,,,,,2026-04-06T22:59:52.971467
Meet00732,skipped,,,,,2026-04-06T23:00:11.674848
Skoczowianin,skipped,,,,,2026-04-06T23:00:17.910324
Risa2422,skipped,CA,,0,29,2026-04-06T23:00:36.207866
acristoffers,skipped,,,,,2026-04-06T23:00:54.139414
Nima-Rahimi-Foroushaani,skipped,BE,,75,4,2026-04-06T23:01:00.304347
shivacharan6121,skipped,IN,,12,1,2026-04-06T23:01:18.266235
FranckSowax,skipped,,,,,2026-04-06T23:01:27.639570
Akssh1212,skipped,,,,,2026-04-06T23:01:33.372247
Unlike-learn,skipped,,,,,2026-04-06T23:01:36.240365
jackDeVry,skipped,,,,,2026-04-06T23:01:54.385221
sapayevf,skipped,,,,,2026-04-06T23:02:12.898724
AaronPlave,skipped,,,,,2026-04-06T23:02:30.725065
hoppa7,error,,,,,2026-04-06T23:02:32.064676
Hwangsangjin,skipped,,,,,2026-04-06T23:02:50.186470
ProCodeJH,skipped,,,,,2026-04-06T23:03:08.598745
kilfoyle,skipped,CA,,0,0,2026-04-06T23:03:11.479440
kevintroller,error,,,,,2026-04-06T23:03:14.219309
vk-sigma17,skipped,,,,,2026-04-06T23:03:31.732807
amakarudze,skipped,SE,,70,3,2026-04-06T23:03:38.871660
liehuo0423,error,,,,,2026-04-06T23:03:40.215309
vader-pepe,skipped,,,,,2026-04-06T23:03:48.939013
nicdia,skipped,,,,,2026-04-06T23:03:55.187262
amoghrajesh,skipped,IN,,0,0,2026-04-06T23:04:13.156685
garylanc86,error,,,,,2026-04-06T23:04:15.859292
NicolasLaime,skipped,,,,,2026-04-06T23:04:33.701519
sfc-gh-batur,error,,,,,2026-04-06T23:04:36.431698
aessaputra,skipped,ID,,0,52,2026-04-06T23:04:51.767263
victor456472,skipped,,,,,2026-04-06T23:05:01.328573
MartinBeseda,skipped,CZ,,0,0,2026-04-06T23:05:16.541062
CauaGrigolatto,skipped,,,,,2026-04-06T23:05:22.872840
SandhyaKalai4,skipped,,,,,2026-04-06T23:05:41.414248
Rerro-r,skipped,CL,,0,0,2026-04-06T23:05:47.137148
outdoorbits,skipped,,,,,2026-04-06T23:05:55.069312
AshHipgrave,skipped,GB,,0,8,2026-04-06T23:06:13.341556
guilhermerabeloo,skipped,,,,,2026-04-06T23:06:25.756531
raymo200915,skipped,,,,,2026-04-06T23:06:33.440520
Hanwen808,skipped,CN,,0,100,2026-04-06T23:06:43.130894
zhangzhengit,skipped,,,,,2026-04-06T23:07:00.963001
sgmurphy,skipped,US,,0,0,2026-04-06T23:07:15.476076
UserCardinot,skipped,,,,,2026-04-06T23:07:34.230629
AlexandrBannikov,skipped,,,,,2026-04-06T23:07:49.192832
ecocursos0850,skipped,,,,,2026-04-06T23:08:03.521105
1Dluffy,error,,,,,2026-04-06T23:08:06.236824
Yuan325,skipped,US,,0,0,2026-04-06T23:08:18.660815
AliSafari-IT,skipped,BE,,0,1,2026-04-06T23:08:36.598327
yeonna18k,skipped,,,,,2026-04-06T23:08:54.506747
GigaZelensky,skipped,,,,,2026-04-06T23:09:06.224656
DHARSHANV7,skipped,,,,,2026-04-06T23:09:12.165581
Tetratronic,skipped,,,,,2026-04-06T23:09:30.066139
huangwenchao2000,skipped,,,,,2026-04-06T23:09:36.527800
mgmorey,skipped,US,,6,1,2026-04-06T23:09:43.046550
Nadya-hope20,error,,,,,2026-04-06T23:09:45.755004
gokhankaraoglu,skipped,,,,,2026-04-06T23:10:03.462735
dragooncjw,skipped,CN,,0,0,2026-04-06T23:10:21.184395
kwons0,skipped,KR,,1,16,2026-04-06T23:10:40.578809
JonasMoss,skipped,NO,,0,9,2026-04-06T23:10:53.229885
grego952,skipped,,,,,2026-04-06T23:10:59.487995
klxcoder,skipped,,,,,2026-04-06T23:11:12.069665
bavmin,error,,,,,2026-04-06T23:11:13.423111
liminmsn,skipped,,,,,2026-04-06T23:11:32.205259
cristianersantos,scored,BR,0.0501,8,28,2026-04-06T23:11:47.664490
YanGraim,skipped,,,,,2026-04-06T23:12:05.423119
yoriiis,scored,FR,0.2147,62,7,2026-04-06T23:12:16.183946
TabithaNorth,skipped,,,,,2026-04-06T23:12:28.879435
Kinglake-W,skipped,,,,,2026-04-06T23:12:34.695991
PaulCrossland1,skipped,,,,,2026-04-06T23:12:50.081006
renukatamboli,skipped,,,,,2026-04-06T23:13:08.281932
mazzacolussi,skipped,,,,,2026-04-06T23:13:24.583725
markbirss,skipped,,,,,2026-04-06T23:13:27.599388
joklitjson,skipped,,,,,2026-04-06T23:13:34.069744
i-Veni-Vidi-Vici,skipped,,,,,2026-04-06T23:13:40.504324
ghalasz,skipped,,,,,2026-04-06T23:13:43.299979
dwfau,skipped,,,,,2026-04-06T23:13:52.926822
loosebazooka,skipped,,,,,2026-04-06T23:14:12.489202
Orisakwe-Nwokocha,skipped,,,,,2026-04-06T23:14:18.906285
burrozd,skipped,,,,,2026-04-06T23:14:36.686810
yassinelogtari,skipped,,,,,2026-04-06T23:14:54.461049
alcrivico,skipped,,,,,2026-04-06T23:15:10.215093
thomasR35,skipped,,,,,2026-04-06T23:15:28.979630
mertziya,skipped,TR,,46,0,2026-04-06T23:15:47.835594
JGS-JAVA,skipped,,,,,2026-04-06T23:15:57.229587
robdenbesten,skipped,,,,,2026-04-06T23:16:12.529789
henriquegemignani,skipped,,,,,2026-04-06T23:16:28.170769
r0kra,skipped,UA,,0,72,2026-04-06T23:16:40.531491
Nur-Chowdhury,skipped,,,,,2026-04-06T23:16:58.747783
adrian-ortega,skipped,US,,0,0,2026-04-06T23:17:10.821825
JadenLews,skipped,,,,,2026-04-06T23:17:30.172871
nurflex,skipped,,,,,2026-04-06T23:17:36.479152
LinusLM,skipped,,,,,2026-04-06T23:17:51.234731
Jonorusc,skipped,BR,,100,0,2026-04-06T23:18:04.130314
manikanta-kondeti,skipped,IN,,0,0,2026-04-06T23:18:21.685468
Jana0509,skipped,SG,,0,32,2026-04-06T23:18:40.451464
fakharnia,skipped,IR,,,,2026-04-06T23:18:55.655506
Maxi-Soria,skipped,,,,,2026-04-06T23:19:13.718235
zhaotoday,skipped,,,,,2026-04-06T23:19:25.929070
cuzmyk,skipped,RU,,52,3,2026-04-06T23:19:44.205174
cryprol,error,,,,,2026-04-06T23:19:45.537616
evstod,skipped,,,,,2026-04-06T23:20:04.950174
Nikhilmulay04,skipped,,,,,2026-04-06T23:20:23.048931
NingW101,skipped,,,,,2026-04-06T23:20:25.964537
PinkGranite,skipped,,,,,2026-04-06T23:20:41.575533
tryggvek,error,,,,,2026-04-06T23:20:44.340842
TMKCodes,skipped,FI,,0,0,2026-04-06T23:21:02.081757
patwarymahmud,skipped,,,,,2026-04-06T23:21:19.499992
tux-linux,skipped,CA,,0,0,2026-04-06T23:21:34.834644
sharif-saeed,skipped,,,,,2026-04-06T23:21:52.879859
ymna-ytka,skipped,,,,,2026-04-06T23:21:58.824148
wesleysantosdev,scored,BR,0.0322,31,5,2026-04-06T23:22:17.193085
Nico-Schonfeld,skipped,,,,,2026-04-06T23:22:34.771832
Kamalisk,skipped,,,,,2026-04-06T23:22:40.702500
tundeaoni,skipped,DE,,0,0,2026-04-06T23:22:46.530970
lohanvictor,skipped,,,,,2026-04-06T23:23:04.633669
derskythe,skipped,,,,,2026-04-06T23:23:23.500878
lily-uzh,error,,,,,2026-04-06T23:23:26.212748
Minseo10,skipped,KR,,47,0,2026-04-06T23:23:38.762767
Judy-Choi,skipped,KR,,2,0,2026-04-06T23:23:50.646319
Doanquangthe,error,,,,,2026-04-06T23:23:51.995421
PeterBarilo,skipped,,,,,2026-04-06T23:24:10.437913
Soseta-byte,error,,,,,2026-04-06T23:24:11.777847
jjosafath,error,,,,,2026-04-06T23:24:14.496970
Abhilasha1103,skipped,,,,,2026-04-06T23:24:33.497171
DamoM73,skipped,,,,,2026-04-06T23:24:51.637692
EU6KS1emA,skipped,,,,,2026-04-06T23:25:09.716638
Sgtbermido1,error,,,,,2026-04-06T23:25:11.050423
893mer,skipped,,,,,2026-04-06T23:25:19.944042
Frantisek21,skipped,,,,,2026-04-06T23:25:29.084702
ZD12T4NT,skipped,GB,,0,0,2026-04-06T23:25:47.068327
OceaneBouhineauIRD,error,,,,,2026-04-06T23:25:49.786710
alvarojoseph1999,skipped,,,,,2026-04-06T23:26:07.466953
RafalStanczyszyn234778,skipped,,,,,2026-04-06T23:26:22.546331
snehaapratap,skipped,IN,,0,100,2026-04-06T23:26:35.194717
vuongkienthanh,skipped,VN,,45,0,2026-04-06T23:26:53.695730
randomuserhi,skipped,,,,,2026-04-06T23:27:02.999219
ersujalsharma,skipped,,,,,2026-04-06T23:27:20.326358
Nikhil-Nandagopal,skipped,IN,,0,0,2026-04-06T23:27:32.363595
Jun2-Lee,skipped,,,,,2026-04-06T23:27:47.109586
HybridLabCCA,skipped,,,,,2026-04-06T23:28:01.732520
itssoumodip,skipped,,,,,2026-04-07T08:53:12.532212
Maddychess20,skipped,IN,,0,33,2026-04-07T08:53:31.104541
RichardLeyvaP,skipped,,,,,2026-04-07T08:53:47.465622
MiyaBUI,skipped,,,,,2026-04-07T08:53:53.814175
eddydao,skipped,,,,,2026-04-07T08:53:56.832951
Muratov-Egor,skipped,,,,,2026-04-07T08:54:06.901498
cottiera,skipped,,,,,2026-04-07T08:54:25.726260
TeaS0710,skipped,FR,,0,10,2026-04-07T08:54:44.136313
P-G1977,skipped,,,,,2026-04-07T08:54:59.792210
danielmartin0,skipped,GB,,2,0,2026-04-07T08:55:09.072453
sofyakurilova,error,,,,,2026-04-07T08:55:11.811233
BrianEllwood,skipped,,,,,2026-04-07T08:55:21.891835
PanDaIT03,error,,,,,2026-04-07T08:55:23.247573
anasid01,skipped,,,,,2026-04-07T08:55:35.823635
shabicha,skipped,,,,,2026-04-07T08:55:54.032079
adarsh-sgh,skipped,IN,,4,0,2026-04-07T08:56:07.107431
brandburner,skipped,,,,,2026-04-07T08:56:23.074588
JuanManuelMurilloLopez,skipped,,,,,2026-04-07T08:56:42.085284
nicius2,scored,BR,0.0529,11,44,2026-04-07T08:57:05.397127
Yosiad,skipped,ET,,,,2026-04-07T08:57:23.998713
sameena-dilshad,skipped,,,,,2026-04-07T08:57:39.516500
ksalopl,skipped,,,,,2026-04-07T08:57:48.314555
harryfyjiswalker,skipped,,,,,2026-04-07T08:57:55.268883
DKTBEDWAR,error,,,,,2026-04-07T08:57:56.630193
theller5567,skipped,,,,,2026-04-07T08:58:08.608717
tr0fin0,skipped,BR,,95,4,2026-04-07T08:58:18.561856
empulse-dev,skipped,,,,,2026-04-07T08:58:27.878288
marcoWhoami929,skipped,,,,,2026-04-07T08:58:44.583850
WenXin20,skipped,,,,,2026-04-07T08:58:47.621189
MilaKaraleeva,skipped,,,,,2026-04-07T08:58:59.956961
dholiman,skipped,,,,,2026-04-07T08:59:07.468068
ravendrasingh000,skipped,,,,,2026-04-07T08:59:26.312822
Krisssssssssssssssssssssss,skipped,DE,,0,26,2026-04-07T08:59:44.577190
tremblaythibaultl,skipped,,,,,2026-04-07T09:00:03.559767
choijihye102,skipped,,,,,2026-04-07T09:00:19.153138
seudonam,error,,,,,2026-04-07T09:00:20.486590
gopi-jp,error,,,,,2026-04-07T09:00:23.255267
ashishprajapatiQA,skipped,,,,,2026-04-07T09:00:39.705839
casaout,skipped,CH,,0,0,2026-04-07T09:00:48.884648
Cosiamo,skipped,,,,,2026-04-07T09:01:07.998619
Pavankumar772,skipped,,,,,2026-04-07T09:01:17.847628
ambadran,scored,EG,0.0294,28,17,2026-04-07T09:01:36.505827
duongcoder211,error,,,,,2026-04-07T09:01:37.875782
mserajnik,scored,AT,0.0401,34,48,2026-04-07T09:01:47.897137
OzlamHasanova,skipped,,,,,2026-04-07T09:02:02.967360
shroffm,skipped,,,,,2026-04-07T09:02:09.327550
donnieparka,skipped,,,,,2026-04-07T09:02:24.935077
Lauyoyo,skipped,,,,,2026-04-07T09:02:43.633906
andrea-yamileth,skipped,,,,,2026-04-07T09:03:01.440260
Rice4Dinner2Go,error,,,,,2026-04-07T09:03:02.801369
andrydwis,skipped,ID,,0,0,2026-04-07T09:03:21.732733
JacquelineEIT,skipped,,,,,2026-04-07T09:03:39.977288
vtc92702689,skipped,,,,,2026-04-07T09:03:56.047523
RoukiaMI,error,,,,,2026-04-07T09:03:57.393464
ZitouneMcGregor,skipped,,,,,2026-04-07T09:04:16.444305
moop4896,skipped,,,,,2026-04-07T09:04:34.670927
anurag2787,skipped,IN,,0,8,2026-04-07T09:04:46.769093
techiesanjaypathak,skipped,IN,,0,0,2026-04-07T09:05:04.871614
AbdulRahiman01,skipped,IN,,0,12,2026-04-07T09:05:23.200516
xyx138,skipped,,,,,2026-04-07T09:05:29.648668
lukestonefox,skipped,,,,,2026-04-07T09:05:48.437541
Melissap97,skipped,,,,,2026-04-07T09:06:06.809366
teggno,skipped,CH,,0,0,2026-04-07T09:06:19.548600
Maksym82,skipped,,,,,2026-04-07T09:06:38.034175
bobama123,skipped,,,,,2026-04-07T09:06:52.783395
rodrigoaiz,skipped,,,,,2026-04-07T09:07:11.254822
YukiAtsusaka,skipped,US,,1,11,2026-04-07T09:07:27.025733
monique282,skipped,,,,,2026-04-07T09:07:45.291171
rishu-7549,skipped,IN,,4,0,2026-04-07T09:08:03.116864
norareidy,skipped,,,,,2026-04-07T09:08:05.971139
asssnaw,skipped,,,,,2026-04-07T09:08:18.441448
Levan-dan,skipped,,,,,2026-04-07T09:08:36.072338
perchuts,skipped,,,,,2026-04-07T09:08:45.353915
tninesling,skipped,US,,0,22,2026-04-07T09:09:00.462115
Kak2X,skipped,,,,,2026-04-07T09:09:09.999962
DolphiN1000,skipped,,,,,2026-04-07T09:09:28.847476
rnevarez-cloud,skipped,,,,,2026-04-07T09:09:47.951646
metastable-void,skipped,,,,,2026-04-07T09:10:06.579633
sinanatra,skipped,DE,,0,24,2026-04-07T09:10:19.569829
Dariocastillo94,skipped,,,,,2026-04-07T09:10:28.806355
YanBerdin,skipped,,,,,2026-04-07T09:10:42.018873
qiuxan,skipped,AU,,0,0,2026-04-07T09:10:59.778665
GhostRoman,skipped,UA,,0,50,2026-04-07T09:11:18.538781
Pablomikase,skipped,,,,,2026-04-07T09:11:36.936211
babygrenade,skipped,,,,,2026-04-07T09:11:43.782000
BreakPoints,skipped,,,,,2026-04-07T09:11:46.713767
ev9aBEDy7,skipped,,,,,2026-04-07T09:11:58.814542
Vanderbloff,error,,,,,2026-04-07T09:12:00.167674
DNikolaevAtRocket,skipped,NL,,0,0,2026-04-07T09:12:03.068959
het0814,skipped,CA,,0,56,2026-04-07T09:12:21.598279
ABENEZER-SELESHI,skipped,ET,,,,2026-04-07T09:12:39.432807
los-verdes-1313,skipped,,,,,2026-04-07T09:12:45.273755
caoyuan8,skipped,,,,,2026-04-07T09:12:48.231849
kangbba,skipped,KR,,0,86,2026-04-07T09:13:07.019424
makaranda,skipped,,,,,2026-04-07T09:13:25.511095
midnightXander,skipped,,,,,2026-04-07T09:13:43.664112
vvhieup1,skipped,,,,,2026-04-07T09:13:52.482053
raticn,skipped,,,,,2026-04-07T09:14:05.060542
ianrumac,skipped,HR,,,,2026-04-07T09:14:10.974488
Mengfan-Wei,skipped,CN,,47,3,2026-04-07T09:14:23.305802
erickknsilva,skipped,,,,,2026-04-07T09:14:41.411740
Lai920123,skipped,,,,,2026-04-07T09:14:51.056099
Rishijangir566,skipped,,,,,2026-04-07T09:15:08.708791
Neil-Xu-U,skipped,,,,,2026-04-07T09:15:11.506940
jalmx,skipped,MX,,3,0,2026-04-07T09:15:23.858144
slyang40,skipped,,,,,2026-04-07T09:15:26.610725
DmytrivDev,skipped,,,,,2026-04-07T09:15:44.823334
Saumya82,skipped,,,,,2026-04-07T09:16:02.946706
TahomaSoft,skipped,US,,0,0,2026-04-07T09:16:05.972581
haoge342,skipped,,,,,2026-04-07T09:16:21.585585
SerginhoDom,error,,,,,2026-04-07T09:16:22.925594
JakobM999,skipped,,,,,2026-04-07T09:16:25.830928
SofiaInchausti,skipped,,,,,2026-04-07T09:16:31.963599
explorer-Sanjita,skipped,,,,,2026-04-07T09:16:46.708136
OussamaBenoujja,skipped,,,,,2026-04-07T09:17:05.090219
Kazutadashi,skipped,,,,,2026-04-07T09:17:24.013912
affeldt-aist,skipped,,,,,2026-04-07T09:17:31.334972
BorisMakhalyanov,skipped,,,,,2026-04-07T09:17:40.522278
kelaspajak,skipped,,,,,2026-04-07T09:17:56.736770
BiederneBachstelze,error,,,,,2026-04-07T09:17:59.457756
dcollien,skipped,AU,,0,0,2026-04-07T09:18:11.248911
dnk22,skipped,VN,,26,1,2026-04-07T09:18:26.914260
hamidrgh,skipped,IT,,0,3,2026-04-07T09:18:42.135590
kyp126,skipped,,,,,2026-04-07T09:18:49.305735
William9701,skipped,,,,,2026-04-07T09:19:07.384347
rogerboesch,skipped,CH,,0,3,2026-04-07T09:19:25.912171
varo-vlad,error,,,,,2026-04-07T09:19:28.641294
IryDev,skipped,,,,,2026-04-07T09:19:46.868804
Rowann1,error,,,,,2026-04-07T09:19:49.599544
eriqjaffe,skipped,,,,,2026-04-07T09:20:05.555571
mohamed-chaib,skipped,,,,,2026-04-07T09:20:23.663355
narendradzulqarnain,skipped,,,,,2026-04-07T09:20:42.557535
adrtivv,skipped,,,,,2026-04-07T09:20:48.765900
chaitanyalotake,skipped,,,,,2026-04-07T09:21:07.262397
quanNMHE170597,skipped,,,,,2026-04-07T09:21:25.932062
OpenXE-ERP,error,,,,,2026-04-07T09:21:28.639855
CastagneSenpai,skipped,,,,,2026-04-07T09:21:47.218021
isaactabor21,skipped,,,,,2026-04-07T09:21:53.080414
Davfer20,skipped,,,,,2026-04-07T09:22:07.993611
Shivendra-1710,skipped,,,,,2026-04-07T09:22:26.375412
anushamadalli,skipped,,,,,2026-04-07T09:22:43.968867
sirdeggen,skipped,US,,0,0,2026-04-07T09:22:53.123338
TimSgr,skipped,,,,,2026-04-07T09:23:10.910786
thais-alves-carvalho,skipped,,,,,2026-04-07T09:23:30.026803
suleimannichelle7,error,,,,,2026-04-07T09:23:31.420420
claudiux,scored,FR,0.0396,93,7,2026-04-07T09:23:38.605280
skittlesandtulips,skipped,,,,,2026-04-07T09:23:47.723739
swolchok,skipped,US,,0,0,2026-04-07T09:23:57.035556
blexolonde,skipped,KE,,2,53,2026-04-07T09:24:09.568599
thashibtk,skipped,,,,,2026-04-07T09:24:27.899033
basi,skipped,JP,,0,0,2026-04-07T09:24:30.778332
kawull,skipped,,,,,2026-04-07T09:24:36.650832
ErikaPlachicoff,skipped,,,,,2026-04-07T09:24:55.892592
FKLaben,skipped,FR,,0,7,2026-04-07T09:25:10.938285
snipher-marube,scored,KE,0.1052,5,95,2026-04-07T09:25:24.575745
shirajahmed,skipped,,,,,2026-04-07T09:25:36.989583
AlexiFa,skipped,,,,,2026-04-07T09:25:47.764598
Barvand,skipped,NO,,96,4,2026-04-07T09:25:54.069732
Fariszz,skipped,ID,,0,0,2026-04-07T09:26:12.856391
vbskycn,skipped,,,,,2026-04-07T09:26:22.547915
Mhmdrza-cyber,error,,,,,2026-04-07T09:26:25.287129
floshin,skipped,,,,,2026-04-07T09:26:40.983183
thetoolsmith,skipped,,,,,2026-04-07T09:26:49.750494
Kira94-hkz,error,,,,,2026-04-07T09:26:51.119739
justinecvaa,skipped,,,,,2026-04-07T09:26:57.431197
xenon1919,skipped,IN,,5,4,2026-04-07T09:27:10.205866
nicolecallus,skipped,,,,,2026-04-07T09:27:26.138344
Kristen-NUG,skipped,,,,,2026-04-07T09:27:35.775710
mdmirah,skipped,,,,,2026-04-07T09:27:52.167125
Jnzinhnh,error,,,,,2026-04-07T09:27:53.518732
mabiede,skipped,,,,,2026-04-07T09:27:56.351091
KatlinEpelbaum,skipped,,,,,2026-04-07T09:28:15.019125
PunittoMoti,skipped,,,,,2026-04-07T09:28:30.028775
Fahimansari,skipped,,,,,2026-04-07T09:28:43.204247
coralieerasmus,skipped,,,,,2026-04-07T09:29:01.383268
robinhwcheng09,skipped,,,,,2026-04-07T09:29:08.479347
NikitaVlas,scored,DE,0.0673,46,38,2026-04-07T09:29:24.604513
streamnativebot,skipped,US,,0,1,2026-04-07T09:29:30.490040
JoeCelaster,skipped,,,,,2026-04-07T09:29:48.423674
nsmlhd,error,,,,,2026-04-07T09:29:51.156504
munozsobrado,skipped,,,,,2026-04-07T09:29:58.114967
Trc300online,skipped,,,,,2026-04-07T09:30:13.621387
xianxu,skipped,,,,,2026-04-07T09:30:25.422316
on9dllm,skipped,,,,,2026-04-07T09:30:31.318717
Muhanad-eng,skipped,,,,,2026-04-07T09:30:49.491697
mous9270,skipped,,,,,2026-04-07T09:31:07.695906
samuelmaia1,skipped,BR,,0,13,2026-04-07T09:31:25.443992
PatchyPhoenix,skipped,,,,,2026-04-07T09:31:43.290802
romainmottier,scored,FR,0.0406,19,81,2026-04-07T09:31:49.595907
krissy2023,error,,,,,2026-04-07T09:31:50.935918
akari39,error,,,,,2026-04-07T09:31:52.288835
jumpers775,error,,,,,2026-04-07T09:31:53.630686
SebasGian08,skipped,,,,,2026-04-07T09:32:08.414432
jcamiel,skipped,,,,,2026-04-07T09:32:23.751595
samm9014,skipped,,,,,2026-04-07T09:32:29.461171
molgenis-vip-bot,error,,,,,2026-04-07T09:32:32.209586
TenPeaches,skipped,,,,,2026-04-07T09:32:42.067685
mutyuki,skipped,,,,,2026-04-07T09:33:00.126069
vercelt,skipped,,,,,2026-04-07T09:33:06.032761
findkh,skipped,,,,,2026-04-07T09:33:16.111419
dikshithvishnu,skipped,US,,2,91,2026-04-07T09:33:28.923279
1ruf,skipped,KR,,0,38,2026-04-07T09:33:47.415494
media-store-net,skipped,,,,,2026-04-07T09:34:02.332576
leopoldoxac,skipped,,,,,2026-04-07T09:34:05.326393
auplt,skipped,,,,,2026-04-07T09:34:20.547406
rossc0917,skipped,,,,,2026-04-07T09:34:36.152587
asrodol,skipped,,,,,2026-04-07T09:34:48.797282
TiffanyNwanne,skipped,,,,,2026-04-07T09:34:58.665051
tuichenchuxin,skipped,CN,,5,0,2026-04-07T09:35:11.070686
manofthebees,skipped,,,,,2026-04-07T09:35:29.644129
Chithrapoojary,skipped,,,,,2026-04-07T09:35:48.999156
PsychoPunkSage,skipped,,,,,2026-04-07T09:36:06.933072
ann04ka,skipped,,,,,2026-04-07T09:36:25.812748
Stcwal,skipped,,,,,2026-04-07T09:36:44.929009
FabianIMV,skipped,,,,,2026-04-07T09:36:57.308177
oesi,skipped,,,,,2026-04-07T09:37:15.861459
S-A-T-Y-A,skipped,,,,,2026-04-07T09:37:31.237956
Angelion879,skipped,,,,,2026-04-07T09:37:51.027732
ahmedmdht74,skipped,,,,,2026-04-07T09:38:03.414795
gearnode,skipped,US,,58,0,2026-04-07T09:38:13.190681
kuldeepsahu1105,skipped,IN,,0,0,2026-04-07T09:38:31.266861
kamazheng,skipped,,,,,2026-04-07T09:38:43.323662
helmhotzgang,error,,,,,2026-04-07T09:38:44.688651
jos61404,skipped,,,,,2026-04-07T09:38:57.169387
alvin-ss15,skipped,DE,,0,0,2026-04-07T09:39:06.141423
HamidaBinteAzad,skipped,,,,,2026-04-07T09:39:18.550907
B3IM4R,scored,CO,0.0325,19,16,2026-04-07T09:39:37.057760
mariotaddeucci,skipped,BR,,0,0,2026-04-07T09:39:52.749331
SahilMandhare,skipped,,,,,2026-04-07T09:40:11.231017
SafTheLamb,skipped,,,,,2026-04-07T09:40:27.022727
thanhnt932,skipped,VN,,0,5,2026-04-07T09:40:33.035129
stanlou,skipped,,,,,2026-04-07T09:40:45.266868
anthdr,skipped,,,,,2026-04-07T09:41:03.707407
wauwau0977,scored,CH,0.3738,15,85,2026-04-07T09:41:13.194279
vishhiy,skipped,IN,,0,30,2026-04-07T09:41:25.774498
touhidulemroz,skipped,BD,,0,4,2026-04-07T09:41:37.770275
Bits-Component,skipped,CN,,0,0,2026-04-07T09:41:43.660739
navneet-brar12,skipped,,,,,2026-04-07T09:41:52.809655
calebdoxsey,skipped,,,,,2026-04-07T09:42:10.999229
softwarepioneers,skipped,,,,,2026-04-07T09:42:27.156809
guiflr,skipped,,,,,2026-04-07T09:42:45.428322
LeeSangHyeok0731,skipped,,,,,2026-04-07T09:43:03.177418
HlulaniSibanda,skipped,,,,,2026-04-07T09:43:15.444835
fillbertRiko,error,,,,,2026-04-07T09:43:16.789533
JamiyZeger,skipped,,,,,2026-04-07T09:43:35.056751
SnowZucc,skipped,,,,,2026-04-07T09:43:54.863046
Deglobeal,scored,NG,0.0857,14,6,2026-04-07T09:44:13.397843
prabhoffical,skipped,,,,,2026-04-07T09:44:22.291175
idke64,skipped,,,,,2026-04-07T09:44:40.666344
lhg1106,error,,,,,2026-04-07T09:44:43.389596
JuRacE09,skipped,,,,,2026-04-07T09:45:00.949719
swaddell41,skipped,US,,0,45,2026-04-07T09:45:16.769616
kuronekoalter,skipped,,,,,2026-04-07T09:45:23.025507
ashishkadam0,skipped,IN,,0,0,2026-04-07T09:45:29.041546
khajean202020,skipped,,,,,2026-04-07T09:45:40.894689
BetoWH13,skipped,,,,,2026-04-07T09:45:56.505956
MessiInter,skipped,VN,,100,0,2026-04-07T09:46:15.242277
jorgenmk,skipped,,,,,2026-04-07T09:46:27.277086
asitwas729,scored,KR,0.0391,59,6,2026-04-07T09:46:43.091717
hoanglong1712,skipped,VN,,0,0,2026-04-07T09:47:01.353184
dajaramilc,skipped,,,,,2026-04-07T09:47:16.598787
jay9977,skipped,IN,,3,10,2026-04-07T09:47:34.786995
Nazrul144,skipped,,,,,2026-04-07T09:47:52.798824
emmetdev,skipped,GB,,6,0,2026-04-07T09:48:02.006692
Makutosi,skipped,,,,,2026-04-07T09:48:08.357878
stefanache,skipped,RO,,0,0,2026-04-07T09:48:20.548508
DerekNMartin,skipped,CA,,9,2,2026-04-07T09:48:27.237279
Roo-CS,skipped,,,,,2026-04-07T09:48:40.206756
bkspeechtherapy,skipped,,,,,2026-04-07T09:48:46.386615
fregataa,skipped,KR,,0,0,2026-04-07T09:48:58.693967
tanyasethi-msft,skipped,,,,,2026-04-07T09:49:01.571763
frostyio,skipped,,,,,2026-04-07T09:49:20.013003
HadassaO,skipped,,,,,2026-04-07T09:49:38.252057
Adriana29101988,skipped,,,,,2026-04-07T09:49:57.210612
Aerozol,skipped,,,,,2026-04-07T09:50:00.178197
MrRamire2,skipped,,,,,2026-04-07T09:50:18.296794
adysonmaia,skipped,,,,,2026-04-07T09:50:36.477895
guyarb,skipped,,,,,2026-04-07T09:50:47.471082
markhobson,skipped,,,,,2026-04-07T09:50:59.981444
renerocksai,skipped,AT,,0,0,2026-04-07T09:51:13.413511
Brain-dawg,skipped,,,,,2026-04-07T09:51:25.933735
ianthomas23,skipped,GB,,0,0,2026-04-07T09:51:32.494200
lbk209,skipped,,,,,2026-04-07T09:51:44.957262
turip,skipped,HU,,0,0,2026-04-07T09:51:50.840051
cipherboy,skipped,,,,,2026-04-07T09:52:08.921767
abhivir-42,skipped,GB,,0,35,2026-04-07T09:52:24.382908
kajidevil,skipped,,,,,2026-04-07T09:52:33.300657
Al-Pragliola,skipped,IT,,4,0,2026-04-07T09:52:45.395754
timbeadle,skipped,GB,,0,100,2026-04-07T09:52:55.825247
pravinbhat,skipped,US,,0,0,2026-04-07T09:53:01.697274
dsaha8598,skipped,,,,,2026-04-07T09:53:21.046458
PeterSmallenbroek,error,,,,,2026-04-07T09:53:23.805721
ataturkcu,skipped,TR,,0,100,2026-04-07T09:53:30.356897
Anurag9507,skipped,,,,,2026-04-07T09:53:39.570945
krishnapawar9,skipped,,,,,2026-04-07T09:53:57.944492
ajayraj5,skipped,IN,,0,0,2026-04-07T09:54:00.968248
Shingbb,scored,CN,0.0664,19,56,2026-04-07T09:54:19.247462
Mehdi-Octacom,skipped,,,,,2026-04-07T09:54:22.043712
ItsEricSun,skipped,,,,,2026-04-07T09:54:40.027668
piyushrai007,scored,IN,0.0395,52,6,2026-04-07T09:54:55.726525
jose-pablo-camacho,skipped,,,,,2026-04-07T09:54:58.486977
ApryllForever,skipped,,,,,2026-04-07T09:55:13.891258
pverscha,skipped,BE,,0,0,2026-04-07T09:55:20.273409
YuriiBerezan,skipped,UA,,14,1,2026-04-07T09:55:39.259757
catdog905,error,,,,,2026-04-07T09:55:40.599231
cljohnso,skipped,,,,,2026-04-07T09:55:43.496617
andreibratu,skipped,,,,,2026-04-07T09:56:01.939639
claraharguindey,skipped,ES,,0,0,2026-04-07T09:56:20.228987
wenayy,skipped,,,,,2026-04-07T09:56:23.180088
Hareth2000,skipped,,,,,2026-04-07T09:56:41.439515
iamarghamallick,scored,IN,0.0375,39,12,2026-04-07T09:57:00.269458
zaabsyid,skipped,,,,,2026-04-07T09:57:18.084109
jordles,skipped,,,,,2026-04-07T09:57:34.273328
DLMCW,skipped,,,,,2026-04-07T09:57:40.257437
tomrpl,skipped,FR,,0,0,2026-04-07T09:57:43.272365
ianwu0915,skipped,,,,,2026-04-07T09:58:02.092257
E-phraim,skipped,NG,,0,0,2026-04-07T09:58:17.914158
bingling-sama,skipped,,,,,2026-04-07T09:58:30.895834
Mzey1452,error,,,,,2026-04-07T09:58:32.249251
thddlsgur0105,error,,,,,2026-04-07T09:58:33.588809
cdvelop,skipped,CL,,0,2,2026-04-07T09:58:51.513043
JhiWhoonKang,skipped,,,,,2026-04-07T09:59:07.944458
chendelin1982,skipped,,,,,2026-04-07T09:59:10.903645
TadoTheMiner,error,,,,,2026-04-07T09:59:12.255447
Huginho8,skipped,,,,,2026-04-07T09:59:25.103110
faier-3,skipped,,,,,2026-04-07T09:59:34.306802
santiagoballadares,skipped,DE,,0,0,2026-04-07T09:59:53.616798
Jason-W123,skipped,,,,,2026-04-07T10:00:02.793719
adexlabs,skipped,,,,,2026-04-07T10:00:08.677209
Snorrski,skipped,,,,,2026-04-07T10:00:15.505717
Pedro-Leonii,error,,,,,2026-04-07T10:00:16.878571
frigusgulo,skipped,,,,,2026-04-07T10:00:23.427307
oshrykauraj7,error,,,,,2026-04-07T10:00:24.779761
pdc-kurashina,error,,,,,2026-04-07T10:00:26.127673
wataruw,skipped,,,,,2026-04-07T10:00:35.354115
BmEuzebio,skipped,,,,,2026-04-07T10:00:50.585216
umar-zealtouch,error,,,,,2026-04-07T10:00:53.364302
Shad1001,skipped,,,,,2026-04-07T10:01:09.027643
gquej,skipped,BE,,0,0,2026-04-07T10:01:11.856232
petrosbarreto,skipped,,,,,2026-04-07T10:01:17.737333
LewisLosa,scored,TR,0.0517,21,20,2026-04-07T10:01:33.508732
Mikael-Lovqvist,skipped,SE,,0,2,2026-04-07T10:01:48.912660
Billyherringtonbeliever86,skipped,SE,,3,22,2026-04-07T10:02:04.116576
cleong110,skipped,,,,,2026-04-07T10:02:07.056966
signcla-test-unsigned,error,,,,,2026-04-07T10:02:09.788764
MariiaSam,scored,UA,0.0272,77,9,2026-04-07T10:02:29.604831
potacho,skipped,ES,,0,0,2026-04-07T10:02:38.794616
kleecollage,skipped,,,,,2026-04-07T10:02:55.482505
umeshira,skipped,US,,28,0,2026-04-07T10:03:14.618894
overgrigoriymaksimovskih,skipped,,,,,2026-04-07T10:03:33.876278
Grodriguez1506,skipped,,,,,2026-04-07T10:03:52.294649
jason-orbital,skipped,,,,,2026-04-07T10:03:55.057358
fulprimitiv,skipped,,,,,2026-04-07T10:04:01.047627
maxklenk,skipped,DE,,0,0,2026-04-07T10:04:13.974290
jamesjcai,skipped,US,,2,22,2026-04-07T10:04:30.054472
2023rajshree,skipped,,,,,2026-04-07T10:04:41.894554
MichaelLudwig,skipped,,,,,2026-04-07T10:04:54.838512
nemethgaborradnoti,error,,,,,2026-04-07T10:04:56.201085
Djjagan,skipped,,,,,2026-04-07T10:05:14.846400
thamindumk,skipped,,,,,2026-04-07T10:05:17.814469
jangjesef,skipped,,,,,2026-04-07T10:05:33.053093
sidey79,skipped,,,,,2026-04-07T10:05:35.984769
jordigiam,error,,,,,2026-04-07T10:05:38.721378
jolyne-mangeot,skipped,FR,,0,10,2026-04-07T10:05:57.100688
s33773,skipped,,,,,2026-04-07T10:06:15.425965
NikolaVetnic,skipped,,,,,2026-04-07T10:06:34.138117
BrianKip2000,skipped,,,,,2026-04-07T10:06:43.549411
drowning-cat,skipped,,,,,2026-04-07T10:06:59.344927
bkd259322,skipped,,,,,2026-04-07T10:07:17.516220
jaimecastre,error,,,,,2026-04-07T18:57:15.680189
adriendupuis,skipped,FR,,25,0,2026-04-07T18:57:26.101413
ddanny05,skipped,,,,,2026-04-07T18:57:43.977080
Npepperlinux,skipped,JP,,44,0,2026-04-07T18:57:56.426198
kushalsharma7789,skipped,,,,,2026-04-07T18:58:02.954739
stevenstc,skipped,CO,,0,0,2026-04-07T18:58:15.480914
zenihelvey,skipped,,,,,2026-04-07T18:58:21.605272
nhulox97,skipped,,,,,2026-04-07T18:58:39.608125
jimsyyap,skipped,AU,,0,55,2026-04-07T18:58:58.259656
JoeVan1109,skipped,FR,,0,0,2026-04-07T18:59:13.094951
BayrexR,skipped,,,,,2026-04-07T18:59:22.710915
shafilahaf,skipped,ID,,0,19,2026-04-07T18:59:41.274844
pnci1029,skipped,,,,,2026-04-07T18:59:47.926823
franvazquezz,skipped,,,,,2026-04-07T18:59:59.910536
StefanoMazzuka,skipped,,,,,2026-04-07T19:00:18.531853
Mykhailo-Parm,skipped,DE,,0,27,2026-04-07T19:00:37.166648
jm1060,skipped,,,,,2026-04-07T19:00:55.076591
Nithin23H71A0584,skipped,,,,,2026-04-07T19:01:10.514256
usanro2151,skipped,,,,,2026-04-07T19:01:25.615060
logisticPM,skipped,,,,,2026-04-07T19:01:41.981131
antonioferrigno28,skipped,,,,,2026-04-07T19:02:00.204902
dibyansu06,skipped,,,,,2026-04-07T19:02:19.806664
Cedrickkk,skipped,PH,,0,100,2026-04-07T19:02:33.009200
aidenkoog,skipped,,,,,2026-04-07T19:02:39.696249
matthis-k,skipped,,,,,2026-04-07T19:02:46.443359
bn222,skipped,,,,,2026-04-07T19:02:52.428919
cattifft,skipped,,,,,2026-04-07T19:03:11.369328
kashfiabintae7,skipped,,,,,2026-04-07T19:03:30.180223
jespergra,skipped,SE,,0,100,2026-04-07T19:03:37.217211
oshcherbakovv,skipped,,,,,2026-04-07T19:03:55.617121
iMicknl,skipped,NL,,0,0,2026-04-07T19:04:06.060761
devanxhi27,skipped,,,,,2026-04-07T19:04:12.171087
sarestmar,error,,,,,2026-04-07T19:04:14.916298
fatmakhadidja,skipped,,,,,2026-04-07T19:04:34.763475
jherbel,error,,,,,2026-04-07T19:04:37.540976
edwinkost,skipped,NL,,1,0,2026-04-07T19:04:53.085796
sharook-98,skipped,IN,,0,100,2026-04-07T19:04:59.918053
Vivy33,skipped,,,,,2026-04-07T19:05:06.654716
unioneinc,error,,,,,2026-04-07T19:05:09.419797
ryanfowler,skipped,CA,,0,36,2026-04-07T19:05:30.586605
alsowski,skipped,ES,,0,92,2026-04-07T19:05:49.606419
jelly-cookie,skipped,,,,,2026-04-07T19:06:05.077980
4DRecovery,skipped,,,,,2026-04-07T19:06:14.260865
anastasia3103,skipped,,,,,2026-04-07T19:06:32.046909
AlexiLJ,skipped,,,,,2026-04-07T19:06:38.528060
Filip-L,skipped,,,,,2026-04-07T19:06:44.390634
NotSoGOODalbino,skipped,,,,,2026-04-07T19:06:50.338735
Casmendo,skipped,,,,,2026-04-07T19:06:53.319768
jdratnayake,skipped,LK,,99,1,2026-04-07T19:07:00.710798
JamesHeal,skipped,,,,,2026-04-07T19:07:16.392279
Lailloken,skipped,,,,,2026-04-07T19:07:23.556377
arielll74,skipped,,,,,2026-04-07T19:07:41.906532
OMEN44,skipped,,,,,2026-04-07T19:08:00.507372
m-v-priest,skipped,,,,,2026-04-07T19:08:18.647478
poprih,skipped,JP,,0,0,2026-04-07T19:08:36.360070
B143659,error,,,,,2026-04-07T19:08:37.720084
MUNYANEZA1,skipped,,,,,2026-04-07T19:08:52.955801
memmik,error,,,,,2026-04-07T19:08:55.710761
psskll,skipped,,,,,2026-04-07T19:09:10.485208
glitched-sudhanshu,skipped,,,,,2026-04-07T19:09:29.482202
BClaudiu02,skipped,,,,,2026-04-07T19:09:39.146226
Unsimpable2,skipped,,,,,2026-04-07T19:09:57.489102
emilerenaud,skipped,,,,,2026-04-07T19:10:16.299424
yeon-jae,scored,KR,0.0254,18,21,2026-04-07T19:10:26.985546
Melchyore,skipped,ES,,0,0,2026-04-07T19:10:32.957877
GGadze,skipped,,,,,2026-04-07T19:10:51.047654
Caposto,skipped,,,,,2026-04-07T19:11:07.191725
solidsnk86,skipped,,,,,2026-04-07T19:11:20.220714
Csandoval-dev,skipped,,,,,2026-04-07T19:11:38.578473
aroldanrr,skipped,,,,,2026-04-07T19:11:47.612689
xiaotinghe,skipped,,,,,2026-04-07T19:11:59.667665
jonatanelmaspro2023,error,,,,,2026-04-07T19:12:01.019939
oseias-costa,skipped,,,,,2026-04-07T19:12:19.078196
artemananiev,error,,,,,2026-04-07T19:12:21.794651
babewithmoney,skipped,,,,,2026-04-07T19:12:28.224474
JmJDrWrk,skipped,,,,,2026-04-07T19:12:46.567484
ne-ted,error,,,,,2026-04-07T19:12:47.935640
LKeen6,skipped,,,,,2026-04-07T19:13:05.818831
sakkarose,skipped,,,,,2026-04-07T19:13:15.894274
OrcaMonsta,skipped,,,,,2026-04-07T19:13:34.275115
ecorralro,skipped,,,,,2026-04-07T19:13:52.501704
flavioc,skipped,US,,0,0,2026-04-07T19:14:01.816901
Acaishiba,skipped,,,,,2026-04-07T19:14:16.835313
manjubhargavisekuri,skipped,,,,,2026-04-07T19:14:22.764139
Ferali7,skipped,,,,,2026-04-07T19:14:28.995508
minty-mango,skipped,,,,,2026-04-07T19:14:41.750678
scgagliardi2,skipped,,,,,2026-04-07T19:15:00.313595
brian-mutsetsa,skipped,,,,,2026-04-07T19:15:18.690715
Flugerops,skipped,,,,,2026-04-07T19:15:37.769965
tullyliu,skipped,CN,,4,0,2026-04-07T19:15:47.024444
almizan77,skipped,,,,,2026-04-07T19:16:04.864659
NoOneParticularly,error,,,,,2026-04-07T19:16:07.622326
Kpollock1,skipped,,,,,2026-04-07T19:16:22.627298
giuRa13,skipped,,,,,2026-04-07T19:16:38.396465
callmehai,skipped,,,,,2026-04-07T19:16:45.018241
Jayboi911,skipped,,,,,2026-04-07T19:16:50.921932
kyileiaye2021,skipped,,,,,2026-04-07T19:17:09.045237
Alignof,scored,JP,0.1007,9,16,2026-04-07T19:17:19.124472
JuhaKiili,skipped,FI,,0,0,2026-04-07T19:17:37.984180
Robubers,skipped,,,,,2026-04-07T19:17:52.703645
zimp-wow,skipped,,,,,2026-04-07T19:18:08.673116
cxrvus,skipped,,,,,2026-04-07T19:18:23.939534
BillAndyQ,skipped,,,,,2026-04-07T19:18:42.006730
sailormillet,skipped,CN,,0,0,2026-04-07T19:19:01.201847
primprum,skipped,ID,,0,0,2026-04-07T19:19:07.373803
evanthemann,scored,US,0.0391,77,23,2026-04-07T19:19:14.159240
Raziel7893,skipped,,,,,2026-04-07T19:19:33.325723
Alan-Liang,skipped,,,,,2026-04-07T19:19:51.606700
lobkovilya,skipped,,,,,2026-04-07T19:20:09.879295
Stephen-Lu-Fahai,skipped,,,,,2026-04-07T19:20:16.359050
Varnika2003,skipped,,,,,2026-04-07T19:20:25.787610
Satyam-Sharma-coder,skipped,,,,,2026-04-07T19:20:43.725477
asiful-i-pranto,skipped,,,,,2026-04-07T19:21:00.072953
TorsteinHonsi,skipped,NO,,21,0,2026-04-07T19:21:09.342780
Samilu111,skipped,,,,,2026-04-07T19:21:27.264320
enehizy,skipped,NG,,0,0,2026-04-07T19:21:44.761756
wuminzhe,skipped,,,,,2026-04-07T19:22:03.366383
zan-super-zan,skipped,,,,,2026-04-07T19:22:12.575449
Edgar-Rodrigues,skipped,,,,,2026-04-07T19:22:18.534411
kirbycope,skipped,US,,0,0,2026-04-07T19:22:37.203477
AndyTomickiFind,skipped,,,,,2026-04-07T19:22:43.688317
lastoyster,skipped,,,,,2026-04-07T19:22:55.948770
lucianSP,error,,,,,2026-04-07T19:22:58.684745
mattmelloy,skipped,,,,,2026-04-07T19:23:17.113511
sifraser,skipped,,,,,2026-04-07T19:23:26.076919
Dilshanrawishka,error,,,,,2026-04-07T19:23:27.415741
titubiniamin,skipped,,,,,2026-04-07T19:23:45.437072
teskje,skipped,DE,,0,0,2026-04-07T19:23:54.745270
sahadat722,error,,,,,2026-04-07T19:23:56.139628
konkarah,skipped,KE,,5,0,2026-04-07T19:24:02.312783
nehul017,skipped,,,,,2026-04-07T19:24:17.036714
qlost,skipped,RU,,0,0,2026-04-07T19:24:22.789449
mashharuki,skipped,JP,,0,0,2026-04-07T19:24:28.818746
mering,skipped,,,,,2026-04-07T19:24:34.798041
hsal-odoo,error,,,,,2026-04-07T19:24:37.552573
mrtabaa,skipped,US,,1,96,2026-04-07T19:24:50.445753
yuemori,skipped,,,,,2026-04-07T19:25:08.868210
pjwozny,skipped,,,,,2026-04-07T19:25:18.488092
Bucciamarcia,skipped,,,,,2026-04-07T19:25:33.534494
ColinWangLong,skipped,,,,,2026-04-07T19:25:40.156728
mpkato,skipped,,,,,2026-04-07T19:25:55.496568
soer3n,skipped,,,,,2026-04-07T19:26:02.876112
DonalMe,skipped,,,,,2026-04-07T19:26:05.827775
azam1660,skipped,,,,,2026-04-07T19:26:15.049315
AstroJames,skipped,CA,,0,0,2026-04-07T19:26:33.268840
sbenthall,skipped,US,,0,0,2026-04-07T19:26:46.148657
WVCSergkart,skipped,,,,,2026-04-07T19:26:52.657954
zaid0129,skipped,,,,,2026-04-07T19:27:10.212196
jnvillalba,skipped,AR,,0,0,2026-04-07T19:27:28.859687
RebekkaDDF,error,,,,,2026-04-07T19:27:31.585625
FreddyMSchubert,skipped,DE,,0,100,2026-04-07T19:27:38.333394
atep112-a,error,,,,,2026-04-07T19:27:39.666371
Manasi012,skipped,,,,,2026-04-07T19:27:45.990681
FHobbs8030,skipped,,,,,2026-04-07T19:27:52.408205
binit-7,skipped,,,,,2026-04-07T19:28:10.991013
felipe-marques-dev,error,,,,,2026-04-07T19:28:12.338346
AlexThukynov1,skipped,UA,,2,0,2026-04-07T19:28:30.461176
kaloudis,skipped,,,,,2026-04-07T19:28:33.433698
tianon,skipped,,,,,2026-04-07T19:28:49.078474
danh12004,skipped,,,,,2026-04-07T19:29:07.714947
jul-dan,skipped,FR,,0,0,2026-04-07T19:29:10.744476
simonedcorsi,skipped,,,,,2026-04-07T19:29:28.980182
Kunal8931,skipped,,,,,2026-04-07T19:29:44.642989
2mal3,skipped,,,,,2026-04-07T19:29:51.071858
Constellation,skipped,,,,,2026-04-07T19:30:03.447270
aazka21,skipped,,,,,2026-04-07T19:30:21.584622
MonB003,skipped,,,,,2026-04-07T19:30:39.464145
Raulazerr,skipped,,,,,2026-04-07T19:30:51.692855
abishek12,skipped,NP,,21,0,2026-04-07T19:31:10.303762
imaddouiou,skipped,,,,,2026-04-07T19:31:25.810364
BhftBot,error,,,,,2026-04-07T19:31:28.591563
hajin-chung,skipped,,,,,2026-04-07T19:31:47.294028
survived,skipped,FR,,0,0,2026-04-07T19:31:53.280002
ata-nas,skipped,BG,,,,2026-04-07T19:31:59.451553
IlhamSuandi,skipped,,,,,2026-04-07T19:32:09.548431
matjazonline,skipped,SI,,,,2026-04-07T19:32:24.638886
Raulisr00t,skipped,,,,,2026-04-07T19:32:43.839699
sdg7onado,scored,GB,0.1406,9,54,2026-04-07T19:32:57.201727
fpoussin,skipped,FR,,0,0,2026-04-07T19:33:09.757219
crunchytee,error,,,,,2026-04-07T19:33:11.112407
maxmetalist,skipped,,,,,2026-04-07T19:33:32.583745
Saurav60,skipped,IN,,0,68,2026-04-07T19:33:49.133725
karanmanglani,skipped,,,,,2026-04-07T19:34:04.977454
cv0609,skipped,,,,,2026-04-07T19:34:15.729807
ChrisGVE,skipped,CH,,0,0,2026-04-07T19:34:21.834446
ch-braun,skipped,,,,,2026-04-07T19:34:41.670629
flagg41,skipped,,,,,2026-04-07T19:34:50.710225
psfalak,skipped,,,,,2026-04-07T19:35:05.788043
bobbadshy,skipped,DE,,0,100,2026-04-07T19:35:12.883656
AnstMykh,skipped,,,,,2026-04-07T19:35:19.437090
LeoMendesSnyk,skipped,,,,,2026-04-07T19:35:22.436490
poda49,skipped,,,,,2026-04-07T19:35:34.604849
Eabcglobal,skipped,,,,,2026-04-07T19:35:52.868178
B-Eddie,skipped,,,,,2026-04-07T19:36:10.766143
NathanQingyangXu,skipped,US,,0,0,2026-04-07T19:36:13.813212
te6-in,skipped,KR,,9,2,2026-04-07T19:36:23.325964
Aenao17,skipped,,,,,2026-04-07T19:36:42.389631
Koolkarni-Gayatri,skipped,,,,,2026-04-07T19:36:55.504158
workmatescore2cloud,skipped,,,,,2026-04-07T19:37:07.204594
Mohcine-Ghazouani,skipped,,,,,2026-04-07T19:37:26.465417
Vkbansal90,skipped,,,,,2026-04-07T19:37:38.468386
brendonelkins,skipped,,,,,2026-04-07T19:37:56.581895
patiltushar9820,skipped,IN,,0,0,2026-04-07T19:38:14.934237
abrugaro,skipped,ES,,0,0,2026-04-07T19:38:18.019807
ccchl443,skipped,,,,,2026-04-07T19:38:20.857780
wpscholar,skipped,US,,0,0,2026-04-07T19:38:36.517071
sourabhbhat,skipped,IN,,27,1,2026-04-07T19:38:42.726197
Eyewhy,skipped,,,,,2026-04-07T19:38:52.204149
Raymondwu21,skipped,,,,,2026-04-07T19:38:58.501332
NightFuryXL,skipped,,,,,2026-04-07T19:39:04.299230
suryacp23,skipped,,,,,2026-04-07T19:39:22.322761
rmjstore,skipped,,,,,2026-04-07T19:39:28.429104
seanbeaton,skipped,,,,,2026-04-07T19:39:44.098497
osoth,skipped,,,,,2026-04-07T19:40:02.637581
l4zyc,skipped,,,,,2026-04-07T19:40:21.140443
raoulpadovani,skipped,FR,,0,100,2026-04-07T19:40:37.015417
GeorgyMedvedsky,skipped,,,,,2026-04-07T19:40:56.354381
Kayya1310,error,,,,,2026-04-07T19:40:57.721731
Proddy-0,skipped,,,,,2026-04-07T19:41:16.166420
rzc0d3r,error,,,,,2026-04-07T19:41:17.550759
roselle-luo,skipped,,,,,2026-04-07T19:41:36.025182
c00rni,skipped,CH,,42,0,2026-04-07T19:41:51.883816
javialra97,skipped,FR,,91,3,2026-04-07T19:42:04.636517
SokolovVasia123,skipped,,,,,2026-04-07T19:42:12.113777
pixels2333,skipped,,,,,2026-04-07T19:42:18.220128
EnricoMi,scored,DE,0.0824,32,5,2026-04-07T19:42:25.286385
KadenMK394,skipped,,,,,2026-04-07T19:42:43.977674
Wdam910,skipped,,,,,2026-04-07T19:43:01.518958
LmtITnlv,skipped,,,,,2026-04-07T19:43:13.642875
Newolfdark-cmd,skipped,,,,,2026-04-07T19:43:20.193614
Uk2607,skipped,,,,,2026-04-07T19:43:35.861273
miscco,skipped,DE,,0,0,2026-04-07T19:43:51.937852
Kyften,error,,,,,2026-04-07T19:43:54.669949
Roshan1967,skipped,,,,,2026-04-07T19:44:13.194072
rinogodson,skipped,,,,,2026-04-07T19:44:31.639300
stephanelatil,skipped,,,,,2026-04-07T19:44:38.141944
jhonsoad,scored,BR,0.0345,56,44,2026-04-07T19:44:54.831410
lgerard-pass,skipped,,,,,2026-04-07T19:44:57.640375
Appmaniazar-Projects,skipped,ZA,,0,30,2026-04-07T19:45:14.181141
tenderhate,skipped,,,,,2026-04-07T19:45:25.744532
Tarun-dube,skipped,,,,,2026-04-07T19:45:44.167372
bucket-kim,skipped,US,,0,0,2026-04-07T19:46:01.794147
MirkoAlba,skipped,,,,,2026-04-07T19:46:17.188501
mahad852,skipped,US,,0,0,2026-04-07T19:46:20.209889
ktyubeshi,skipped,JP,,0,0,2026-04-07T19:46:26.008907
Lutonite,skipped,CH,,0,0,2026-04-07T19:46:38.406193
petros0979,skipped,,,,,2026-04-07T19:46:47.833511
Snakybo,skipped,NL,,0,0,2026-04-07T19:46:57.466659
LaySopanha,skipped,,,,,2026-04-07T19:47:15.845496
kubrakaya24,skipped,,,,,2026-04-07T19:47:21.621672
FrankyDB3,error,,,,,2026-04-07T19:47:24.363157
L1m3Kun,scored,KR,0.0301,41,9,2026-04-07T19:47:43.618034
KDworak,skipped,,,,,2026-04-07T19:47:57.049912
alexsio03,skipped,US,,1,0,2026-04-07T19:48:15.728886
deepakmahakale,scored,IN,0.0373,28,10,2026-04-07T19:48:35.148294
azen80,skipped,,,,,2026-04-07T19:48:50.694276
olhaHrb,skipped,,,,,2026-04-07T19:49:09.638671
hoogenbj,skipped,,,,,2026-04-07T19:49:25.598721
postai13,skipped,,,,,2026-04-07T19:49:41.615399
PLXXM29,skipped,,,,,2026-04-07T19:49:56.795628
phodal,skipped,CN,,0,0,2026-04-07T19:50:06.459494
arunas-smala,skipped,,,,,2026-04-07T19:50:15.521447
yofti-makonnen,skipped,,,,,2026-04-07T19:50:18.449452
choppa4745,skipped,,,,,2026-04-07T19:50:33.690950
teahouse15,skipped,,,,,2026-04-07T19:50:48.624539
basith-ahmed,scored,IN,0.0303,34,66,2026-04-07T19:51:04.592979
Olunowoade01,skipped,,,,,2026-04-07T19:51:23.054509
Bubu02,skipped,,,,,2026-04-07T19:51:41.457791
varger137,skipped,,,,,2026-04-07T19:51:59.231389
Soojae,skipped,,,,,2026-04-07T19:52:05.247164
blockchaindevyash,error,,,,,2026-04-07T19:52:07.992567
augustocm1,skipped,,,,,2026-04-07T19:52:23.151146
Akash-seq,skipped,,,,,2026-04-07T19:52:29.327796
fnlckik,skipped,,,,,2026-04-07T19:52:38.989805
Claudi1991,skipped,,,,,2026-04-07T19:52:47.877564
jbessi,skipped,CH,,0,0,2026-04-07T19:53:06.948810
4Min4m,skipped,,,,,2026-04-07T19:53:25.974100
lukastaegert,skipped,DE,,0,0,2026-04-07T19:53:36.241827
CodeWithArnab,skipped,,,,,2026-04-07T19:53:54.465078
stran0262,skipped,,,,,2026-04-07T19:54:00.343550
vlad0alabanov,skipped,,,,,2026-04-07T19:54:06.686336
wnccys,skipped,BR,,42,0,2026-04-07T19:54:19.751892
vcow,skipped,,,,,2026-04-07T19:54:37.749697
eduardoxpinv,skipped,,,,,2026-04-07T19:54:43.918090
nooxx,skipped,,,,,2026-04-07T19:54:56.180956
esraaeliba,skipped,,,,,2026-04-07T19:55:14.897276
MrZihan,scored,SG,0.0351,27,51,2026-04-07T19:55:28.491539
giakoii,skipped,VN,,0,100,2026-04-07T19:55:41.286609
shital8580,skipped,,,,,2026-04-07T19:56:00.407778
trankhanhnam1706,skipped,,,,,2026-04-07T19:56:15.322764
JRoegit,skipped,,,,,2026-04-07T19:56:34.004433
zandanbatzorig,skipped,,,,,2026-04-07T19:56:52.033695
jrreda,skipped,EG,,0,0,2026-04-07T19:57:01.393753
oiintam,skipped,,,,,2026-04-07T19:57:04.286853
spachava753,skipped,,,,,2026-04-07T19:57:19.492975
typh01,skipped,,,,,2026-04-07T19:57:37.586453
Diasichka,skipped,,,,,2026-04-07T19:57:55.511680
mark-tate,skipped,,,,,2026-04-07T19:58:08.827175
holidaySM,skipped,,,,,2026-04-07T19:58:11.771463
rjandaya,skipped,,,,,2026-04-07T19:58:29.807162
eduardoalonsosalazarvega,skipped,,,,,2026-04-07T19:58:45.018518
alexandre-savaris,skipped,BR,,34,0,2026-04-07T19:59:03.359994
jamil314,skipped,BD,,6,0,2026-04-07T19:59:19.688898
brunopc-net,skipped,CA,,90,1,2026-04-07T19:59:32.688834
iahccc,skipped,,,,,2026-04-07T19:59:38.801982
shittyGameDev,error,,,,,2026-04-07T19:59:40.145432
H2Vid,skipped,,,,,2026-04-07T19:59:58.808779
anirudhra,skipped,US,,1,26,2026-04-07T20:00:15.554665
mahenrique94,skipped,,,,,2026-04-07T20:00:21.995955
TristanChaloine,skipped,,,,,2026-04-07T20:00:37.719508
alwaysme85,skipped,,,,,2026-04-07T20:00:53.057729
chiefcll,skipped,US,,0,0,2026-04-07T20:00:58.915521
jugutafur,skipped,,,,,2026-04-07T20:01:16.915380
agustindevc,skipped,,,,,2026-04-07T20:01:34.968513
sunboyallen,skipped,,,,,2026-04-07T20:01:43.785611
gitlovehub,skipped,,,,,2026-04-07T20:02:02.106275
TheosCreation,scored,NZ,0.0744,90,10,2026-04-07T20:02:15.136267
RealHades-AI,skipped,,,,,2026-04-07T20:02:33.923127
LimGeon,skipped,,,,,2026-04-07T20:02:46.234303
allolazard20,error,,,,,2026-04-07T20:02:47.613911
fvolz,skipped,,,,,2026-04-07T20:02:57.270162
JedienlaPasta,skipped,,,,,2026-04-07T20:03:12.917635
Khadija07,skipped,,,,,2026-04-07T20:03:25.922077
Yan-0,skipped,,,,,2026-04-07T20:03:41.232803
tiagomartinhoo,scored,PT,0.0402,46,35,2026-04-07T20:03:57.031115
mkkimlinemcp,skipped,,,,,2026-04-07T20:04:03.183135
Vedant-Gandhi,skipped,IN,,0,0,2026-04-07T20:04:21.339734
Manav66,skipped,IN,,1,0,2026-04-07T20:04:33.774483
dan-rukas,skipped,US,,0,0,2026-04-07T20:04:36.557047
mlfbrown,skipped,,,,,2026-04-07T20:04:45.831095
fido-node,skipped,IL,,0,7,2026-04-07T20:05:03.867512
MandoDeLaMundo,skipped,,,,,2026-04-07T20:05:18.844433
Vitow0,error,,,,,2026-04-07T20:05:20.187791
ChoiAYoung0,skipped,,,,,2026-04-07T20:05:38.632915
lucmarty,skipped,FR,,0,88,2026-04-07T20:05:51.157650
alecxander567,skipped,PH,,0,100,2026-04-07T20:05:57.956252
madjin,skipped,,,,,2026-04-07T20:06:09.762415
rezrah,skipped,GB,,44,1,2026-04-07T20:06:22.536101
Pandenimik,skipped,,,,,2026-04-07T20:06:32.388073
tibor-cernak,skipped,,,,,2026-04-07T20:06:38.192437
gmikerlemos,skipped,,,,,2026-04-07T20:06:40.978569
CRAZYCAT-SH,skipped,,,,,2026-04-07T20:06:50.461602
philippart-s,skipped,,,,,2026-04-07T20:07:07.420194
ginsmart,skipped,,,,,2026-04-07T20:07:16.639094
AliceValentinaTivrea,skipped,,,,,2026-04-07T20:07:25.557257
lava-lake,skipped,,,,,2026-04-07T20:07:28.495550
neffepito,skipped,,,,,2026-04-07T20:07:34.588088
ahmadrizvidev,skipped,,,,,2026-04-07T20:07:52.195163
j-agbaje,skipped,,,,,2026-04-07T20:08:07.623434
Allgm,skipped,,,,,2026-04-07T20:08:25.289927
jeffpaul,skipped,US,,0,0,2026-04-07T20:08:34.547223
rbnj,skipped,,,,,2026-04-07T20:08:37.479960
Komstramast,skipped,,,,,2026-04-07T20:08:55.605684
fmorisan,skipped,AR,,0,10,2026-04-07T20:09:14.302469
icodervivek,skipped,,,,,2026-04-07T20:09:20.682646
Roovin,skipped,,,,,2026-04-07T20:09:36.241911
Valaiscom-AG,skipped,CH,,0,19,2026-04-07T20:09:42.235108
richaq2,skipped,,,,,2026-04-07T20:09:57.224437
travisn,skipped,,,,,2026-04-07T20:10:03.619445
diegoiast,skipped,IL,,0,0,2026-04-07T20:10:22.272376
pricemg,skipped,GB,,0,0,2026-04-07T20:10:34.189087
Miko0000,skipped,,,,,2026-04-07T20:10:52.569784
PedroRuizz,skipped,,,,,2026-04-07T20:11:10.642381
Vitalik13,skipped,,,,,2026-04-07T20:11:19.514316
ADAPT-Chase,skipped,US,,0,0,2026-04-07T20:11:31.075316
fraylopez,skipped,ES,,0,0,2026-04-07T20:11:34.116339
raulmunozagreda,skipped,,,,,2026-04-07T20:11:49.196099
S60infinite,skipped,,,,,2026-04-07T20:11:58.700196
sexfrance,skipped,,,,,2026-04-07T20:12:14.192683
Aoyouxie,skipped,,,,,2026-04-07T20:12:23.726775
I-Am-Solo-Leveling,error,,,,,2026-04-07T20:12:25.064735
SiracencoSerghei,skipped,BE,,99,1,2026-04-07T20:12:35.207091
vpanaia,skipped,IT,,0,88,2026-04-07T20:12:53.989152
zorroxll,skipped,,,,,2026-04-07T20:13:03.187573
C00300786,skipped,,,,,2026-04-07T20:13:09.492469
Mekadrom,skipped,,,,,2026-04-07T20:13:28.014477
flexyzwork,skipped,,,,,2026-04-07T20:13:34.251222
hnanmal,skipped,,,,,2026-04-07T20:13:40.885898
AnexDev1,skipped,ET,,,,2026-04-07T20:13:55.810115
InefableDude,skipped,MX,,0,34,2026-04-07T20:14:14.197283
nysh-work,skipped,,,,,2026-04-07T20:14:20.362715
msusac1,skipped,,,,,2026-04-07T20:14:26.567401
onequbit,skipped,,,,,2026-04-07T20:14:45.998803
IvanJosipovic,skipped,CA,,0,0,2026-04-07T20:15:03.749550
4trastos,skipped,,,,,2026-04-07T20:15:22.133736
AliNajafi1998,skipped,TR,,0,2,2026-04-07T20:15:34.438158
jimrandomh,skipped,,,,,2026-04-07T20:15:40.521064
wspalves,skipped,,,,,2026-04-07T20:15:55.904489
varshini-119,error,,,,,2026-04-07T20:15:57.245080
Finabin,skipped,,,,,2026-04-07T20:16:12.227390
Sandani2000,skipped,,,,,2026-04-07T20:16:31.384640
xxheyhey,error,,,,,2026-04-07T20:16:32.725767
AryaAnish121,skipped,IN,,0,0,2026-04-07T20:16:51.223471
bonny-art,skipped,,,,,2026-04-07T20:17:10.252605
PrithviRajan28,skipped,,,,,2026-04-07T20:17:19.785341
visr,skipped,NL,,0,0,2026-04-07T20:17:22.661492
wingertge,skipped,DE,,0,0,2026-04-07T20:17:35.933143
XterioTech,skipped,,,,,2026-04-07T20:17:45.928380
fushikawaa,skipped,,,,,2026-04-07T20:17:55.010911
Hollman01,skipped,,,,,2026-04-07T20:18:01.004730
mister4004,skipped,,,,,2026-04-07T20:18:19.313310
lxline,skipped,,,,,2026-04-07T20:18:22.248374
AndriyPapirnyk,scored,UA,0.0456,15,85,2026-04-07T20:18:29.578394
troyBORG,skipped,US,,0,0,2026-04-07T20:18:32.530175
RihoSepp31,skipped,,,,,2026-04-07T20:18:50.682733
jbelkerf,skipped,,,,,2026-04-07T20:18:57.011421
Daiana1996,skipped,,,,,2026-04-07T20:19:15.233267
AndresGarciaLv,skipped,,,,,2026-04-07T20:19:33.667786
rayanMer,skipped,,,,,2026-04-07T20:19:52.469001
pedrosalasrojo,skipped,GB,,0,0,2026-04-07T20:20:10.047090
valckeprefab,skipped,,,,,2026-04-07T20:20:16.293724
D0kumu,skipped,KE,,7,0,2026-04-07T20:20:31.168281
sim1984,skipped,,,,,2026-04-07T20:20:40.959570
sharankumarreddyk,skipped,,,,,2026-04-07T20:21:00.050323
sawm97,skipped,ID,,0,0,2026-04-07T20:21:15.163691
RanitBehera,skipped,IN,,0,0,2026-04-07T20:21:18.125924
Oluwatobi2020,skipped,,,,,2026-04-07T20:21:36.278299
Aniruddha521,skipped,,,,,2026-04-07T20:21:51.351856
huutrongdev93,skipped,,,,,2026-04-07T20:22:11.165107
Wang-Ji20,skipped,CN,,34,0,2026-04-07T20:22:29.685771
NikolayBlagoev,skipped,,,,,2026-04-07T20:22:48.277202
selenkarakaya,skipped,GB,,0,66,2026-04-07T20:23:07.811156
Rameez-mehd,skipped,,,,,2026-04-07T20:23:13.848531
IsNeron,skipped,RU,,0,46,2026-04-07T20:23:29.215002
aaronlamz,skipped,,,,,2026-04-07T20:23:42.909783
Arya-Dilipan,skipped,,,,,2026-04-07T20:23:51.818298
soyjavi,skipped,,,,,2026-04-07T20:23:59.069549
xemul,skipped,,,,,2026-04-07T20:24:05.470229
Ghostshadowplays,skipped,,,,,2026-04-07T20:24:12.563213
yuki-tsuruta,skipped,,,,,2026-04-07T20:24:27.795278
mahbubul-shafi,skipped,BD,,0,27,2026-04-07T20:24:45.835381
vmoens,skipped,GB,,0,0,2026-04-07T20:24:58.429472
mcveathuane2,error,,,,,2026-04-07T20:24:59.805582
Manish-Kr-Saw,skipped,,,,,2026-04-07T20:25:15.061096
apilacharya,skipped,NP,,0,10,2026-04-07T20:25:25.065525
eerricc,error,,,,,2026-04-07T20:25:26.406907
cmintert,scored,DE,0.0384,52,48,2026-04-07T20:25:45.408917
Shreeyash-Bengle,skipped,IN,,0,17,2026-04-07T20:26:00.637172
louvang,skipped,,,,,2026-04-07T20:26:18.375403
tsukinoko-kun,skipped,DE,,0,0,2026-04-07T20:26:36.245938
alixdamman,skipped,BE,,0,0,2026-04-07T20:26:39.203917
andrew-bannister,skipped,,,,,2026-04-07T20:26:51.290923
jfoeks,skipped,,,,,2026-04-07T20:27:08.981996
case-1412,skipped,,,,,2026-04-07T20:27:21.244911
MarcoKouyate,skipped,FR,,0,0,2026-04-07T20:27:36.298743
Haihaay,skipped,,,,,2026-04-07T20:27:45.074489
i5anin,scored,RU,0.041,36,64,2026-04-07T20:27:54.760389
MaiBoii,skipped,KR,,21,0,2026-04-07T20:28:10.291583
jorendorff,skipped,US,,0,0,2026-04-07T20:28:19.896497
zlibraryttd,skipped,,,,,2026-04-07T20:28:25.923263
Frandevep,skipped,,,,,2026-04-07T20:28:44.399687
Jackinfire,skipped,,,,,2026-04-07T20:29:03.658556
suroj89,skipped,,,,,2026-04-07T20:29:16.458187
miguelachaotic,scored,ES,0.0949,17,62,2026-04-07T20:29:32.343692
hmeneuvrier,skipped,FR,,0,3,2026-04-07T20:29:41.605288
tupakkatapa,scored,FI,0.1589,95,5,2026-04-07T20:29:55.142485
nanaptr,skipped,,,,,2026-04-07T20:30:13.012154
TUTStatusCheck,skipped,,,,,2026-04-07T20:30:28.652713
vatikalashashank,skipped,,,,,2026-04-07T20:30:46.971373
taynguyen3110,skipped,AU,,0,100,2026-04-07T20:31:06.147301
MahmouudMohamed,skipped,,,,,2026-04-07T20:31:24.971534
FilipeDellaPorta,scored,BR,0.0635,20,80,2026-04-07T20:31:31.790463
alfredo601,skipped,,,,,2026-04-07T20:31:49.843494
llipengda,scored,CN,0.0247,69,31,2026-04-07T20:31:56.212981
devsigner-xyz,skipped,ES,,0,0,2026-04-07T20:32:05.531368
daniyeg,skipped,,,,,2026-04-07T20:32:21.956345
A-JBotero,skipped,,,,,2026-04-07T20:32:31.565575
Maryam-Mehzabin-Zahin,skipped,,,,,2026-04-07T20:32:48.840763
GazuaDev8417,skipped,,,,,2026-04-07T20:33:02.274493
wangbertha,skipped,US,,0,96,2026-04-07T20:33:18.307796
tech-mik,skipped,,,,,2026-04-07T20:33:30.754343
TrgDuyNg,skipped,,,,,2026-04-07T20:33:48.794969
MiauDona,error,,,,,2026-04-07T20:33:50.139574
r0senove,skipped,,,,,2026-04-07T20:34:05.947209
khwan-yyg,skipped,,,,,2026-04-07T20:34:24.775324
baACoon,skipped,,,,,2026-04-07T20:34:43.558723
laura-dietz,skipped,,,,,2026-04-07T20:34:55.544173
SongHayoung,skipped,KR,,0,0,2026-04-07T20:35:08.168487
it-illyria,skipped,,,,,2026-04-07T20:35:27.464800
Tryambak01,skipped,,,,,2026-04-07T20:35:46.235208
irinka-akva,skipped,,,,,2026-04-07T20:35:55.351900
AttulyaAlt,error,,,,,2026-04-07T20:35:58.085782
mt8u,skipped,,,,,2026-04-07T20:36:04.080509
Sachin-Ghosh,skipped,,,,,2026-04-07T20:36:23.693443
ThereseCamK,skipped,NO,,0,0,2026-04-07T20:36:42.250643
matt-dahlgren,skipped,CA,,0,100,2026-04-07T20:36:59.024206
dhonson-lncrna,skipped,,,,,2026-04-07T20:37:17.314490
amergey,skipped,FR,,0,0,2026-04-07T20:37:29.428747
rvd1cvl,error,,,,,2026-04-07T20:37:30.775107
Waelhassan1010,skipped,,,,,2026-04-07T20:37:49.535141
victorleeTG,skipped,,,,,2026-04-07T20:37:52.460294
shashwatrai,skipped,,,,,2026-04-07T20:38:04.734696
Dadadam999,error,,,,,2026-04-07T20:38:06.094437
noahlias,skipped,,,,,2026-04-07T20:38:18.844926
AlexKlo,skipped,,,,,2026-04-07T20:38:31.336289
Arnav-28,skipped,,,,,2026-04-07T20:38:46.905745
dotWee,skipped,CH,,0,0,2026-04-07T20:38:53.394230
SergK,skipped,UA,,0,0,2026-04-07T20:39:08.506008
ExtremeFiretop,scored,CA,0.1469,36,64,2026-04-07T20:39:25.591748
fmaieli,skipped,AR,,0,0,2026-04-07T20:39:41.511895
Muhammad-Shoaib-Official,skipped,,,,,2026-04-07T20:39:59.383400
Doomse,skipped,,,,,2026-04-07T20:40:15.359152
Adib227,skipped,BD,,0,18,2026-04-07T20:40:33.121264
GHolk,scored,TW,0.037,50,8,2026-04-07T20:40:42.433890
Mrutyunjayya8151,skipped,,,,,2026-04-07T20:41:00.417503
az1803,skipped,,,,,2026-04-07T20:41:15.494290
Islam-mohamed-75,skipped,,,,,2026-04-07T20:41:21.560401
RustyShackelford21,skipped,,,,,2026-04-07T20:41:27.967127
youngsic901,skipped,,,,,2026-04-07T20:41:47.093958
janaebyrne,skipped,,,,,2026-04-07T20:42:06.007638
MyBaBB,skipped,US,,3,4,2026-04-07T20:42:20.979861
Lucash00,skipped,,,,,2026-04-07T20:42:33.502415
MarquinhoAmorim,skipped,,,,,2026-04-07T20:42:45.407585
AbduSubhan11,skipped,PK,,0,22,2026-04-07T20:43:03.831567
AdanRubio05,skipped,,,,,2026-04-07T20:43:22.213153
QuentinNeuro,skipped,,,,,2026-04-07T20:43:28.785153
archie0732,skipped,,,,,2026-04-07T20:43:41.719524
joshuacappelli,skipped,,,,,2026-04-07T20:43:54.554736
sweleck,skipped,CH,,0,0,2026-04-07T20:44:00.439920
ZAka06954iC,skipped,,,,,2026-04-07T20:44:06.588415
javaHelper,skipped,,,,,2026-04-07T20:44:12.554410
MiTanda-822,skipped,,,,,2026-04-07T20:44:28.016428
GustavoSilvadeCarvalho,skipped,,,,,2026-04-07T20:44:47.546572
rumsnownsk,skipped,,,,,2026-04-07T20:45:05.728109
DavydaVladyslav,skipped,,,,,2026-04-07T20:45:25.120176
PowerKAT1,skipped,,,,,2026-04-07T20:45:28.233033
Mamisedra,skipped,,,,,2026-04-07T20:45:46.214805
DavidSanru,skipped,ES,,0,53,2026-04-07T20:46:02.202309
gkrenn,skipped,AT,,9,1,2026-04-07T20:46:11.271285
abdollah141,skipped,,,,,2026-04-07T20:46:17.211335
Ayisha-Sulfi,skipped,,,,,2026-04-07T20:46:35.566095
knightmare04-boop,skipped,,,,,2026-04-07T20:46:44.595176
rtizzy,skipped,,,,,2026-04-07T20:46:47.449848
cmb69,skipped,DE,,0,44,2026-04-07T20:46:57.130152
mohanpugaz,error,,,,,2026-04-07T20:46:59.837700
Vetor7,skipped,,,,,2026-04-07T20:47:05.892676
ethansbenjamin,skipped,,,,,2026-04-07T20:47:14.835514
cb-robot,error,,,,,2026-04-07T20:47:17.552881
albertpruis,skipped,,,,,2026-04-07T20:47:26.988958
abanerjee10,skipped,,,,,2026-04-07T20:47:41.737749
glebanazarenko,skipped,,,,,2026-04-07T20:47:59.758274
alexs-mparticle,skipped,,,,,2026-04-07T20:48:02.635404
akramisabtu,error,,,,,2026-04-07T20:48:04.003598
thaJeztah,skipped,NL,,0,0,2026-04-07T20:48:06.916913
KevinDSM,error,,,,,2026-04-07T20:48:09.655597
irevoire,skipped,FR,,0,0,2026-04-07T20:48:22.079675
Martins077-dev,skipped,,,,,2026-04-07T20:48:40.140667
hyungzin0309,skipped,,,,,2026-04-07T20:48:53.130735
thefactus,skipped,GB,,0,0,2026-04-07T20:49:05.383114
me21b172,skipped,,,,,2026-04-07T20:49:23.914809
38diego,skipped,,,,,2026-04-07T20:49:42.683124
Romulo-Franco,skipped,BR,,0,10,2026-04-07T20:49:48.456648
mpru,skipped,AR,,1,0,2026-04-07T20:50:06.529754
cheonhyeonjun1,skipped,,,,,2026-04-07T20:50:24.740368
JEETUKUMAWAT433,skipped,,,,,2026-04-07T20:50:42.362922
24Beast,error,,,,,2026-04-07T20:50:43.711759
LeonardMendicantBias,skipped,,,,,2026-04-07T20:51:01.862013
elBotija,skipped,,,,,2026-04-07T20:51:16.878597
alflokken,skipped,NO,,1,64,2026-04-07T20:51:36.072123
sipunkumarnanda,skipped,,,,,2026-04-07T20:51:45.538541
FaiberHernandez,skipped,,,,,2026-04-07T20:52:00.629605
MaddoxMaila,skipped,ZA,,0,0,2026-04-07T20:52:19.123217
Enriqueescr,skipped,,,,,2026-04-07T20:52:34.405562
Visw3108,skipped,,,,,2026-04-07T20:52:52.249323
rajneeshnext,skipped,,,,,2026-04-07T20:53:07.248551
oliverr0817,error,,,,,2026-04-07T20:53:08.590805
irfanhakim-as,skipped,,,,,2026-04-07T20:53:14.435990
jan-bausch,skipped,,,,,2026-04-07T20:53:32.174023
puandr,skipped,,,,,2026-04-07T20:53:50.348077
ApetMkoyan,skipped,,,,,2026-04-07T20:54:08.208733
sonunegi2050,skipped,,,,,2026-04-07T20:54:13.909529
rothbilly,skipped,CL,,2,4,2026-04-07T20:54:32.572602
aravind-aripaka,error,,,,,2026-04-07T20:54:33.903830
SVAndrey78,skipped,,,,,2026-04-07T20:54:40.813061
GustavoM4tias,skipped,,,,,2026-04-07T20:54:59.345363
pollykriv,skipped,,,,,2026-04-07T20:55:08.050926
hacefresko,skipped,ES,,0,0,2026-04-07T20:55:14.639192
verlineguo,skipped,,,,,2026-04-07T20:55:33.358819
leftatrium2,skipped,CN,,0,6,2026-04-07T20:55:51.366846
LilMark0o,scored,CO,0.0267,23,6,2026-04-07T20:56:06.703413
rosaspace,skipped,,,,,2026-04-07T20:56:22.270288
ApsiV11,error,,,,,2026-04-07T20:56:23.614114
Evgenii2105,skipped,,,,,2026-04-07T20:56:42.584680
chambart,skipped,FR,,0,0,2026-04-07T20:56:48.351537
atuser1-scio,error,,,,,2026-04-07T20:56:49.703978
Manikandan-ven,skipped,,,,,2026-04-07T20:56:55.439973
sungshik,skipped,,,,,2026-04-07T20:57:05.545151
fabianmendozaospina,error,,,,,2026-04-07T20:57:06.880888
inovus-ci,error,,,,,2026-04-07T20:57:09.597500
marius-grigaliunas,skipped,,,,,2026-04-07T20:57:28.103963
avantcontra,skipped,,,,,2026-04-07T20:57:40.778488
balanaguharsha,skipped,,,,,2026-04-07T20:57:58.391897
tetricus-service,error,,,,,2026-04-07T20:58:01.130443
earthboundkid,skipped,,,,,2026-04-07T20:58:07.345895
Claudia06052006,skipped,,,,,2026-04-07T20:58:16.256262
sihingbenni,skipped,,,,,2026-04-07T20:58:22.242686
shivwriter,skipped,,,,,2026-04-07T20:58:31.281031
Door-Juno,skipped,,,,,2026-04-07T20:58:50.569119
pghorpade,skipped,US,,0,0,2026-04-07T20:58:56.436136
marcinJ81,skipped,,,,,2026-04-07T20:59:14.892337
411262506,skipped,,,,,2026-04-07T20:59:20.834906
justinluce,skipped,,,,,2026-04-07T20:59:34.305130
mitsukyo,skipped,PH,,20,1,2026-04-07T20:59:52.581238
huntcsg,skipped,US,,0,0,2026-04-07T21:00:02.320208
ZxKayy,skipped,,,,,2026-04-07T21:00:19.979533
Efrat1011,skipped,,,,,2026-04-07T21:00:38.618027
hussyvel,skipped,BR,,0,0,2026-04-07T21:00:41.601566
ryanmendoza99,skipped,,,,,2026-04-07T21:01:00.165386
adhl-0216,skipped,,,,,2026-04-07T21:01:19.547297
Erzaccc,skipped,,,,,2026-04-07T21:01:32.209647
mijamur,skipped,,,,,2026-04-07T21:01:41.073725
gspinelli01,skipped,,,,,2026-04-07T21:01:46.985942
neodc1,skipped,,,,,2026-04-07T21:01:49.766569
RasmusOtharKirketerp,skipped,DK,,1,0,2026-04-07T21:02:07.889386
barbaraubjgg,skipped,,,,,2026-04-07T21:02:13.654279
Luddo183,skipped,,,,,2026-04-07T21:02:29.180562
GloireDianzenza,skipped,,,,,2026-04-07T21:02:47.169141
k4design,skipped,,,,,2026-04-07T21:02:59.721940
tortilleriaLaFrontera,skipped,,,,,2026-04-07T21:03:05.844133
Stiven275,skipped,,,,,2026-04-07T21:03:24.087567
arduinomaster22,error,,,,,2026-04-07T21:03:25.439558
polkastarterka,skipped,,,,,2026-04-07T21:03:31.961778
ngnam2005,skipped,,,,,2026-04-07T21:03:50.331817
bolexyro,skipped,,,,,2026-04-07T21:04:08.143000
Afrazsajid,skipped,,,,,2026-04-07T21:04:26.760264
valeDelta,skipped,,,,,2026-04-07T21:04:36.148619
franciscafnds,skipped,,,,,2026-04-07T21:04:45.362522
Saniago23,skipped,,,,,2026-04-07T21:04:54.796951
hamdiallam,skipped,,,,,2026-04-07T21:05:13.384009
ocfi,skipped,,,,,2026-04-07T21:05:31.405133
AndresImach,skipped,,,,,2026-04-07T21:05:46.117338
imagedino,skipped,,,,,2026-04-07T21:05:52.273939
tanweersalah,skipped,DE,,0,0,2026-04-07T21:06:10.003768
sarath-menon,skipped,CH,,0,0,2026-04-07T21:06:19.509346
kingkuys2123,scored,PH,0.0714,19,81,2026-04-07T21:06:26.287518
Sonya-bot222,skipped,,,,,2026-04-07T21:06:32.709038
Jaguarundi17,skipped,,,,,2026-04-07T21:06:38.531013
Nokuvimba,skipped,,,,,2026-04-07T21:06:54.149593
thaingocthienlong,skipped,,,,,2026-04-07T21:07:11.940873
atharva91202,skipped,,,,,2026-04-07T21:07:29.898829
GabrielMiranda8,skipped,,,,,2026-04-07T21:07:42.056629
elfurbe,skipped,,,,,2026-04-07T21:07:51.019920
yhuang432,skipped,,,,,2026-04-07T21:07:56.759829
lucasbx33,skipped,,,,,2026-04-07T21:08:15.072823
psafont,skipped,GB,,0,0,2026-04-07T21:08:18.023002
carlosdere23,skipped,,,,,2026-04-07T21:08:24.537255
ypsu,skipped,,,,,2026-04-07T21:08:37.318109
ivansouza,skipped,,,,,2026-04-07T21:08:46.262046
Zin0D,error,,,,,2026-04-07T21:08:47.601749
martind260,skipped,,,,,2026-04-07T21:08:53.344934
hadysameh,skipped,,,,,2026-04-07T21:09:05.159779
Romyleads,skipped,,,,,2026-04-07T21:09:23.231658
rossbridger,skipped,VN,,0,0,2026-04-07T21:09:41.016470
satendrasahu,skipped,,,,,2026-04-07T21:09:59.299437
gh-nomad,skipped,,,,,2026-04-07T21:10:08.778029
aizen200099,error,,,,,2026-04-07T21:10:10.141303
idan-starkware,skipped,,,,,2026-04-07T21:10:12.941622
Ruslan-S-Code,skipped,,,,,2026-04-07T21:10:30.816945
SpeedySaky,skipped,,,,,2026-04-07T21:10:49.565807
renzasprec,skipped,PH,,0,35,2026-04-07T21:11:08.345714
Sahiljain4,skipped,,,,,2026-04-07T21:11:25.981762
Prabesh1sharma,skipped,,,,,2026-04-07T21:11:44.493686
GleberC,skipped,,,,,2026-04-07T21:11:56.379184
benbusby,skipped,,,,,2026-04-07T21:12:06.251244
mumu1244868,skipped,,,,,2026-04-07T21:12:09.054576
clee30,skipped,,,,,2026-04-07T21:12:11.944493
israelmeirsh,skipped,,,,,2026-04-07T21:12:23.878462
rebootedMoon,skipped,KR,,0,62,2026-04-07T21:12:41.819087
MiaReza,error,,,,,2026-04-07T21:12:44.527255
RyuAlvin,skipped,,,,,2026-04-07T21:12:53.992174
ReclipseTheOne,skipped,,,,,2026-04-07T21:13:03.240041
Jonathan0823,scored,ID,0.0773,8,59,2026-04-07T21:13:21.791060
hammasahmed,skipped,,,,,2026-04-07T21:13:39.779113
ashp902,skipped,,,,,2026-04-07T21:13:54.840264
tajgithub24,skipped,,,,,2026-04-07T21:14:10.505816
